
> ui@0.2.0 test:unit
> node --test 'unit/**/*.test.ts'

✔ scratch broadcasts are allowed while mixed and missing recipients are refused (0.422334ms)
✔ saved view filters combine provider, repository and minimum cost (0.09575ms)
✔ tokens parse for every combination (0.502125ms)
✔ generated palettes stay inside the scheme luminance band for any accent (1.043208ms)
✔ photo pixels are clamped into the band (0.488666ms)
✔ text and dim text on chrome glass are AA over every ambient pixel, all five combinations (1.402292ms)
✔ raised glass (menus, palette) is AA over app surfaces; --text survives any backdrop (0.110542ms)
✔ ambientImage: none, a translucent wash, an opaque wallpaper, or the photo (0.261916ms)
✔ API-created minimal automation is editable without assertion/extraction arrays (0.784084ms)
✔ editing an assertion does not mutate the persisted automation snapshot (0.114ms)
✔ save completion belongs to the initiating tab, never the newly active tab (203.966542ms)
✔ runtime variables are scoped to the restored workspace (159.491292ms)
✔ cleared extras serialize explicitly, and gRPC schema/method round trip (85.873542ms)
✔ OAuth completion updates originating inactive tab and keeps later auth edits (106.36025ms)
✔ cancel during asynchronous pre-script prevents HTTP and clears sending (59.262875ms)
✔ closing the initiating tab cancels a pending pre-script (118.492542ms)
✔ replaced execution ignores late pre-script even with the same tab identity (67.995041ms)
✔ environment stays with the execution snapshot while pre-script is pending (31.954708ms)
✔ curl import cannot land in a different workspace after parsing (98.600708ms)
✔ file import retains its workspace while the file is being read (63.723625ms)
✔ an automation start response cannot publish into the next workspace (40.515042ms)
✔ GraphQL introspection cannot publish another tab or edited endpoint schema (141.848959ms)
✔ a loaded GraphQL schema is visible only for the request that owns it (65.603792ms)
✔ opening a saved request never replaces unsaved edits in the active tab (82.577958ms)
✔ a pristine blank tab is reused when opening a saved request (53.794583ms)
✔ history replay rehydrates masked credentials from the saved request, never sends *** (43.625875ms)
✔ automation runs poll deltas and append only the new steps (2089.635292ms)
✔ import creates every item in order and reloads the lists once (49.403041ms)
✔ opening a saved request fetches its full row once and reuses it (51.530417ms)
✔ a restored tab whose saved row is not loaded yet is never repurposed (42.553459ms)
✔ a final run_progress during an in-flight delta GET is latched, not dropped (64.46575ms)
✔ run_progress wakes are coalesced to one delta GET per 250 ms (864.519ms)
✔ api_client_changed patches the loaded workspace and expires others (1577.217667ms)
✔ switching tabs keeps each tab its own response (32.849541ms)
✔ two tabs send concurrently; a background tab’s response is kept, never cancelled (36.641625ms)
✔ cancel only stops the active tab’s send (28.516167ms)
✔ opening a history entry shows its stored response, flagged as from history (43.359375ms)
✔ api_history_appended refetches only a history list someone asked for (perf H1) (728.656542ms)
✔ concurrent script writes preserve newer unrelated variables: console.log('done') (33.130375ms)
✔ concurrent script writes preserve newer unrelated variables: pm.variables.set('a','one') (36.410042ms)
✔ concurrent script writes preserve newer unrelated variables: pm.variables.unset('remove') (43.49075ms)
✔ loadCollections: late response cannot overwrite workspace B (355.616333ms)
✔ saveCollection: completed write returns to caller but cannot publish into workspace B (357.489708ms)
✔ loadCollections: late response cannot overwrite a new A visit (525.5045ms)
✔ saveCollection: completed write returns to caller but cannot publish into a new A visit (485.782875ms)
✔ saveCollection: stale failure does not toast over the new workspace (333.469292ms)
✔ loadEnvironments: late response cannot overwrite workspace B (337.186917ms)
✔ saveEnvironment: completed write returns to caller but cannot publish into workspace B (332.705875ms)
✔ loadEnvironments: late response cannot overwrite a new A visit (484.696792ms)
✔ saveEnvironment: completed write returns to caller but cannot publish into a new A visit (486.927417ms)
✔ saveEnvironment: stale failure does not toast over the new workspace (332.907583ms)
✔ loadAutomations: late response cannot overwrite workspace B (332.168875ms)
✔ saveAutomation: completed write returns to caller but cannot publish into workspace B (334.74025ms)
✔ loadAutomations: late response cannot overwrite a new A visit (483.472291ms)
✔ saveAutomation: completed write returns to caller but cannot publish into a new A visit (484.356458ms)
✔ saveAutomation: stale failure does not toast over the new workspace (334.559084ms)
✔ loadCollections: stale error cannot mark a successfully loaded empty workspace as failed (332.903542ms)
✔ loadRequests: stale error cannot mark a successfully loaded empty workspace as failed (338.470791ms)
✔ loadEnvironments: stale error cannot mark a successfully loaded empty workspace as failed (338.094ms)
✔ late activation cannot clear the new workspace active environment or change its next Send (334.514125ms)
✔ loadAll: old A success cannot overwrite the fresh A visit after A-B-A (332.70175ms)
✔ loadAll: obsolete A failure cannot clear the loading state of a newer A visit (335.310458ms)
✔ lists stay pending until this workspace settles once — a refetch never re-enters "not loaded" (332.5625ms)
✔ a stalled interactive GET rejects with a timeout ApiError (187.251042ms)
✔ a caller abort stays an AbortError (not reported as a timeout) (68.303417ms)
✔ writes and the long lane carry no default deadline (76.109792ms)
✔ authedText: a 401 dispatches the unauthorized event like api.* (49.317167ms)
✔ GraphQL variables: blank → {}, object passes, bad JSON names the line (1.804291ms)
✔ history direct and event invalidations share one snapshot, including duplicate event during fetch (0.619334ms)
✔ history append after fetch began produces exactly one necessary followup (0.126167ms)
✔ history workspace replacement aborts and ignores old response (0.425833ms)
✔ history detail cannot overwrite another selection, workspace, tab or edited draft (0.198917ms)
✔ detail failure preserves draft and clears only its own pending state (0.121791ms)
✔ postman secret and credential-named variables import as Keychain secrets (1.07725ms)
✔ an environment without secrets sends no secret values (0.102584ms)
✔ a small response opens two levels (1.240209ms)
✔ a root array of wide objects does not open every row (bounded mount) (2.226166ms)
✔ a scalar root opens nothing but itself (0.094875ms)
✔ a clicked commit diff stays on the interactive lane (172.885417ms)
✔ history walks and remote git still use the long lane (48.149958ms)
✔ a DB schema load or object open (both can dial) uses the long lane (69.919ms)
✔ empty error responses reject instead of reporting a successful mutation (245.539959ms)
✔ accepted JSON responses retain the updated object (80.967625ms)
✔ genuinely empty accepted and no-content responses resolve without JSON parsing (105.960792ms)
✔ declared text types are always text (1.171875ms)
✔ binary payloads are detected by their decoded bytes (0.330833ms)
✔ persisted tabs never carry plaintext credentials (1.57625ms)
✔ a saved-request tab persists the stored marker, not the typed replacement (0.144417ms)
✔ history replay never sends the literal mask (0.162375ms)
✔ credential-carrying keys mirror the daemon (0.067083ms)
✔ the storage banner is offered only past a size with no limit for that part (1.111667ms)
✔ presets always set a limit (none deletes by default) and sizes read (0.262917ms)
✔ late callbacks from a replaced socket cannot mutate current stream (115.501334ms)
✔ switching request tabs closes the previous relay and clears its console (28.151625ms)
✔ stream console retains a bounded tail and counts discarded messages (15.198292ms)
✔ a message burst updates the console once per animation frame (25.636708ms)
✔ variables resolve in daemon order: built-ins, session, environment, secret, missing (3.273459ms)
✔ variable discovery and highlight segments (0.613542ms)
✔ method and status tones carry words, not only colour (0.422041ms)
✔ collection paths follow the tree order (7.545667ms)
✔ url split and Set-Cookie parsing (0.221833ms)
✔ JSON tree search finds keys and values and opens their ancestors (1.251125ms)
✔ duplicating a request never copies another request’s Keychain marker (0.146667ms)
✔ every user-facing archive goes through ws.requestArchive (3.107333ms)
✔ requestArchive confirms a working agent before archiving (0.290417ms)
✔ SessionView "Save & restart" runs the restart working-guard first (0.10875ms)
✔ a leading @codex routes the turn; the daemon-bound text drops it (0.890458ms)
✔ mid-sentence mentions, emails, handles and other providers never route (0.083375ms)
✔ provider labels read like the mockup chip (0.136334ms)
✔ threads split into Spaces 01–04 and Recent (newest first) (6.982625ms)
✔ the page opens on the remembered thread, else the latest (0.128292ms)
✔ turn kinds map to cards; one card per task; unreferenced thread tasks still show (0.257ms)
✔ memory chip payloads are validated (0.116833ms)
✔ memory chips sit on the reply that follows them; cards land by time (0.216417ms)
✔ timestamps with different precision still order as instants (0.090708ms)
✔ replies of the current session come from the transcript; older providers stay from the index (0.282583ms)
✔ without a session the index is the whole conversation (0.076125ms)
✔ provider inference from a model id (0.13975ms)
✔ the queue holds exactly the tasks whose newest row is needs_you (0.163625ms)
✔ stale frames and slow snapshots never roll the queue back (0.077959ms)
✔ a snapshot drops what left the queue but keeps what arrived while it was in flight (0.068041ms)
✔ per-thread counts (0.068083ms)
✔ tasks group into board columns, newest change first (0.088584ms)
✔ reminders read Scheduled / Delivered (0.0695ms)
✔ upsertNewer ignores stale rows (0.078041ms)
✔ browser progress is read defensively from result.browser (0.093208ms)
✔ keyword lists and load share (0.165541ms)
✔ limit notice text (0.046916ms)
✔ reminder labels (16.45875ms)
✔ thread paging retains rows on failure, retries the same offset and deduplicates (217.984917ms)
✔ refresh invalidates an older page and selected older thread survives refresh (78.249375ms)
✔ selected thread late failure cannot replace a newer selection (27.417458ms)
✔ page find includes an unloaded provider match beyond the first transcript page (109.697333ms)
✔ a late old async provider query cannot replace the current matches (7.257375ms)
✔ remote find failure is visible rather than reporting whole-history absence (5.670084ms)
✔ a failed departed provider cannot report its error in the replacement provider (6.288792ms)
✔ closing find aborts pending provider search and prevents late results (4.87925ms)
✔ boot: the saved workspace's session list goes out with /workspaces, and is used once (perf G3) (275.256833ms)
✔ boot: a saved workspace that no longer exists drops its speculative list (perf G3) (87.752583ms)
✔ the archived probe stops once it found rows, and keeps asking while there are none (perf G7) (1141.67925ms)
✔ late workspace selection cannot publish sessions or restore the old layout (30.769833ms)
✔ concurrent refreshes in one workspace coalesce into one trailing load (34.517375ms)
✔ selection waits for a superseding refresh before restoring saved tabs (39.41875ms)
✔ old History pagination cannot append to a new provider list (16.582125ms)
✔ failed workspace selection clears foreign sessions and retry restores the selected layout (45.215292ms)
✔ archive events synchronize membership in two independent windows (138.412708ms)
✔ workspace changes ask before identity, tabs or persistence are replaced (64.936708ms)
✔ same-workspace selection cancels a pending workspace leave decision (44.654875ms)
✔ a successful workspace leave saves against the original workspace before switching (51.232041ms)
✔ canceling current workspace archive sends no archive request (47.704458ms)
✔ approved workspace archive asks once and selects its fallback (47.65975ms)
✔ an archive response cannot redirect a newer completed workspace selection (69.735583ms)
✔ archiving the last workspace asks once then enters scratch context (34.434125ms)
✔ a selection made while /workspaces is in flight keeps the list and settles it (side-pane guest) (51.294292ms)
✔ a 401 on /auth/me clears the token and asks for login (165.241667ms)
✔ a 5xx / transport failure keeps the token and stays offline (polled) (61.654583ms)
✔ a failed re-boot of a running app keeps the shell up (27.780708ms)
✔ a stalled /meta moves boot to offline instead of spinning forever (S13-05) (16.863333ms)
✔ a stalled /meta on an in-place re-boot keeps the running shell up (S13-304) (47.04625ms)
✔ a late impersonation identity cannot replace a newer sign-in (17.623125ms)
✔ failed impersonation start blocks actions until the current bearer identity is verified (19.94875ms)
✔ failed impersonation stop blocks actions until the current bearer identity is verified (10.4025ms)
✔ impersonation start lives in this tab's sessionStorage, not shared localStorage (S13-07) (8.615ms)
✔ the impersonation bearer stays in this tab — the shared token is never overwritten (S13-303) (9.187459ms)
✔ an expired impersonation (4401 → 401 path) falls back to the admin session (S13-302) (6.898875ms)
✔ a re-boot whose impersonation token expired lands on the admin, not sign-in (S13-302) (32.619334ms)
✔ the insights report frame is script-only: no popups, no same-origin (0.963917ms)
✔ the insights link bridge only honours the frame, http(s), a user gesture and a rate limit (0.229125ms)
✔ plugin frames: messages are source-checked and the slug is validated before framing (0.249125ms)
✔ latestOnly: a superseded ticket is not current and its signal aborts (128.271084ms)
✔ loops: a background poll landing after Pause cannot restore "running" (27.720833ms)
✔ loops: answerQuestion encodes the question id (72.020042ms)
✔ scheduled tasks: the start snapshot landing after the finish one is dropped (24.630209ms)
✔ lazyComponent: a failed prefetch stays silent and the first open retries (22.928875ms)
✔ the Automate chooser lists the overlapping automations that live outside Automate (S20-18) (0.690083ms)
✔ every Automate page offers the chooser beyond its empty state (1.255625ms)
✔ the chooser hides modules the user cannot open, using the sidebar gate (S20-307) (3.749708ms)
✔ loops/LoopDetail del acts on the target named by its confirmation (68.015625ms)
✔ loops/LoopDetail stop acts on the target named by its confirmation (4.908542ms)
✔ run-with-otto/RunDetail cancel acts on the target named by its confirmation (42.371375ms)
✔ run-with-otto/RunDetail openPr acts on the target named by its confirmation (15.448458ms)
✔ proof/ProofPage removePack keeps its confirmed target after navigation (32.587875ms)
✔ proof/ProofPage assemble keeps its confirmed target after navigation (8.956958ms)
✔ proof/ProofPage newPack keeps its confirmed target after navigation (5.321375ms)
✔ workflows/WorkflowsPage stop keeps its confirmed target after navigation (14.739416ms)
✔ reads pass without a confirm (0.567917ms)
✔ DDL, DML and unknown statements need a confirm (0.130917ms)
✔ base64ToBytes round-trips binary data (native fromBase64 when present) (5.664208ms)
✔ the atob fallback decodes identically (4.856792ms)
✔ brandCssVars uses the contract names (same as the server CSS export) (16.230375ms)
✔ resolveToken covers every group, sub-properties and css vars (0.48675ms)
✔ parseTokenRef and tokenRefs mirror the server (0.324916ms)
✔ cssIdent kebab-cases like the Rust exporter (0.093917ms)
✔ contrast: WCAG ratios, levels, ink and on-colour (0.222375ms)
✔ diffTokens reports changed / added / removed with canonical values (0.742708ms)
✔ validateBrandDoc mirrors the server rules (0.571542ms)
✔ normalizeBrandDoc tidies loose values and migrates the Phase 0 scaffold (0.411542ms)
✔ every starter kit validates and has readable primaries (0.51275ms)
✔ editing helpers keep order and pick unique names (0.789292ms)
✔ late annotation read cannot replace another active tab marks (141.359ms)
✔ creating a mark then switching tabs does not append to the new page (28.705583ms)
✔ the script fills only on the credential domain or its subdomains (3.664958ms)
✔ the script refuses a downgrade to plain http off loopback (5.3175ms)
✔ the password and username are JSON-escaped into the script (0.476584ms)
✔ host-side re-check: a redirect during the confirmation blocks the fill (0.435791ms)
✔ eval results are normalised whether quoted or raw (0.7095ms)
✔ the in-page origin check survives a page that poisons String built-ins (S18-307) (0.528667ms)
✔ fitContain letterboxes a wide frame top/bottom and centres it (0.87525ms)
✔ fitContain pillarboxes a tall frame left/right (0.068167ms)
✔ fitContain with a degenerate size draws nothing (0.049167ms)
✔ clientToPage maps through a 2x (retina) frame to CSS px (0.106208ms)
✔ clientToPage handles a downscaled frame (image smaller than the viewport) (0.062917ms)
✔ clientToPage ignores clicks on the letterbox bars (0.07075ms)
✔ clientToPage subtracts the frame offset_top and rejects the bar above it (0.057458ms)
✔ viewportFor clamps to the daemon range and quantises the device scale factor (0.13ms)
✔ viewportFor lowers the scale factor to stay inside the pixel budget (0.092208ms)
✔ viewportChanged ignores 1px wobble but not a dpr change (0.091667ms)
✔ app chords already handled by the global key map pass through (0.0925ms)
✔ browser-convention chords are handled locally (0.064459ms)
✔ Esc releases the keyboard; ⇧Esc is sent to the page as Escape (0.102083ms)
✔ IME / soft-keyboard keystrokes are ignored (text arrives via input/composition) (0.033834ms)
✔ plain typing, editing and copy chords are forwarded (0.043333ms)
✔ modifierMask uses CDP bits (0.043458ms)
✔ virtualKeyCode covers letters, digits, punctuation and named keys (0.0955ms)
✔ keyPayload is the contract key frame: text on keydown only, Enter types \r, chords type nothing (0.062209ms)
✔ coalesce sends the first move at once and the LATEST one per interval (0.139917ms)
✔ coalesce.flush sends the pending move before a click; cancel drops it (0.078167ms)
✔ mergeWheel sums deltas at the latest position; modifier change restarts (0.048334ms)
✔ wheelPixels normalises line and page deltas (0.034834ms)
✔ backoff grows exponentially with a cap and bounded jitter (0.046833ms)
✔ reducer walks connect → live → reconnecting → connecting → live (0.117792ms)
✔ S18-18: accept-then-close servers exhaust the retries instead of looping forever (0.058542ms)
✔ terminal close codes and closed frames end the session without retry (0.051959ms)
✔ the reducer gives up after maxAttempts (0.044625ms)
✔ duplicate connect / stray open / frame-while-not-live are no-ops (0.027875ms)
✔ steady-state frames return the SAME state (no per-frame reactive churn) (0.051292ms)
✔ isStale: a quiet live page is never stale; any non-live socket is (0.032875ms)
✔ input-to-frame latency: first input starts the sample, the next frame ends it (0.037083ms)
✔ meter reports frames in the last second and smooths the latency (0.058708ms)
✔ parseServer ignores junk; buttonName maps DOM buttons (0.079916ms)
✔ safeCursor only lets known CSS cursor keywords through (0.025167ms)
✔ parseBinaryFrame reads the v1 layout: version byte, u32 BE length, JSON header, JPEG (0.117833ms)
✔ parseBinaryFrame drops unknown versions, truncated buffers and bad headers (0.049583ms)
✔ driverFor: agent blocks, another person is "other", me/nobody may drive (0.029667ms)
✔ closed reasons and the SSRF note read as sentences (0.080625ms)
✔ approvalFacts builds where / what / who sees it / as from the held request (0.136292ms)
✔ approvalFacts falls back to the URL host and leaves unknowns out (0.074375ms)
✔ openTab completion cannot enter a different workspace (126.502459ms)
✔ openTab completion cannot enter a new visit to the original workspace (27.989667ms)
✔ openLiveTab completion cannot enter a different workspace (22.582333ms)
✔ openLiveTab completion cannot enter a new visit to the original workspace (47.10725ms)
✔ reader navigation never persists a title obtained from another active tab (16.885333ms)
✔ older reader navigation completing last cannot replace a newer URL (36.397792ms)
✔ overlapping live navigations persist the newest URL even when the first write is slow (22.464375ms)
✔ closing the last active tab invalidates a late reader success before close completes (19.44ms)
✔ closing the last active tab invalidates a late reader failure before close completes (18.739208ms)
✔ closing a background tab leaves the active reader request valid (16.083625ms)
✔ failed active close restores the previous readable content and selection (16.685834ms)
✔ summary cannot cross a workspace transition even at the same URL (83.872625ms)
✔ summary cannot cross a tab transition even at the same URL (61.689791ms)
✔ summary cannot cross a leave-and-return transition even at the same URL (27.999458ms)
✔ superseding a summary aborts its request and preserves the current busy state (27.103042ms)
✔ deselect clears reader loading and error state immediately (17.418125ms)
✔ refSha accepts only full sha256 refs (0.507166ms)
✔ the client digest is the server content address (sha256 of the data-URL text) (3.373375ms)
✔ a 3 MB image goes inline once, then every autosave sends a ref (0.256375ms)
✔ an unresolved ref passes through and is not re-learned as inline (0.079ms)
✔ the file cache defaults to a 64 MB bound (0.052917ms)
✔ the file cache is a byte-bounded LRU: past the cap the oldest sha is refetched (1.439208ms)
✔ a board unmount releases its files unless another open board uses them (0.766917ms)
✔ a failed or mid-flight-released fetch leaves nothing behind (0.919709ms)
✔ a push applies once; saves (dirty → false) never re-apply it (94.989042ms)
✔ a push skipped while dirty is spent, not replayed once the save lands (34.788041ms)
✔ another scene's push, docs without source, and tick 0 are ignored (24.100416ms)
✔ queued, superseded scene writes are dropped; the newest doc is sent (102.843208ms)
✔ drafts staged in one tick collapse into a single PUT (27.287083ms)
✔ a save issued during a restore queues behind it and keeps its draft (28.263042ms)
✔ Excalidraw assist failure retains the exact composer prompt (68.870291ms)
✔ Excalidraw reports accepted content and rejects an empty generation result (16.594541ms)
✔ Mermaid assist failure retains the exact composer prompt (13.048792ms)
✔ Mermaid reports accepted content and rejects an empty generation result (16.065458ms)
✔ D2 assist failure retains the exact composer prompt (16.99175ms)
✔ D2 reports accepted content and rejects an empty generation result (3.470959ms)
✔ Canvas keeps an unaccepted prompt while the request is pending (2.046167ms)
✔ late accepted generation cannot clear another scene or a newer prompt (10.253541ms)
✔ Excalidraw restore applies persisted background and grid before the next save (4.730542ms)
✔ Excalidraw grid-only edit gridModeEnabled schedules a persisted snapshot (4.175459ms)
✔ Excalidraw grid-only edit gridSize schedules a persisted snapshot (28.172792ms)
✔ the allow-list parses trimmed, blank-free ids (1.139834ms)
✔ senders already allowed are not offered again (0.111166ms)
✔ allowing a sender appends once, keeping the others (0.086292ms)
✔ a sender reads as name (id), or the id alone (0.058625ms)
✔ toolLine: commands, files and searches read as verb + target (+ dim detail) (0.988625ms)
✔ toolStatus: no result is running while the session is active, else "none" (0.087292ms)
✔ stepSummary says what a group did, in order, naming a single file (0.325375ms)
✔ pendingTool: the newest call without a result in the last response (0.093709ms)
✔ lastLine: the last non-blank output line, clipped (0.07575ms)
✔ countUnread counts items after the last one seen at the bottom (0.056ms)
✔ askQuestions reads AskUserQuestion input defensively (0.133291ms)
✔ providerName (0.053792ms)
✔ segment: the plan is its own block; the call that wrote it gets no row (0.127875ms)
✔ decorateCodeBlocks: IDE header (label · file · lines · Wrap/Open/Copy), numbered lines, fold, idempotent (0.459875ms)
(node:4125) [DEP0205] DeprecationWarning: `module.register()` is deprecated. Use `module.registerHooks()` instead.
(Use `node --trace-deprecation ...` to show where the warning was created)
✔ foldResponse keeps the first and final message and folds the work between (1.022083ms)
✔ patchStats counts hunk lines only; changedFiles merges per path and treats a Write as new (0.5435ms)
✔ usage sums over a response; the token line names every kind with a tooltip (0.250542ms)
✔ day dividers and paths (16.852125ms)
✔ file references: code spans, prose paths and locations (0.519583ms)
✔ the chat markdown extension: file refs, chips, and URLs left alone (12.575625ms)
✔ linkifyOutput links paths and URLs in escaped command output (0.319708ms)
✔ fence info: language + file name (0.336292ms)
✔ highlightLines tokenizes the whole block and keeps every line self-contained (43.624875ms)
✔ preview parsers: kinds, CSV/TSV, JSON, HTML documents (0.572833ms)
✔ mounted checkpoint loader shows matching-generation membership while progress keeps advancing (62.301792ms)
✔ ⌘W on a non-Agents page never touches the hidden session (410.636167ms)
✔ "Always delete": no dialog, but archive first and delete only after the Undo window (89.020708ms)
✔ Undo inside the window keeps the session (80.487125ms)
✔ ⌘W under "Always delete" goes through the undoable path (40.182542ms)
✔ "Always delete" then ⌘⇧T: the reopened session is never deleted (137.3335ms)
✔ "Always delete" then Archived ▸ Restore: no DELETE (101.866209ms)
✔ "Always delete" then another window restores it: the re-check keeps it (113.201042ms)
✔ a toast held open past the grace period still lets Undo win (145.069959ms)
✔ sessionVerbsApply is Agents-only (4.327417ms)
✔ requestArchive asks for a working row the store has no status for (27.335291ms)
✔ requestArchive: an idle unknown row archives at once; a busy shell never asks (98.896333ms)
✔ requestArchive and confirmRestart ask for a working agent (52.37025ms)
✔ two registration effects re-running in one flush keep both sets (147.866042ms)
✔ a stale unregister never removes the set that replaced it (10.703791ms)
✔ registry.all is memoized: unchanged sources hand back the same array (5.277042ms)
✔ typed text is kept per repo and cleared when emptied (85.67475ms)
✔ a draft that lands with no panel watching is parked once (13.810417ms)
✔ a watched repo gets the reply directly (nothing parked) (15.090167ms)
✔ a reopened composer shares the pending send claim while other sessions remain usable (158.590041ms)
✔ production send keeps a remounted draft and allows only one pending request (89.406791ms)
✔ send is refused while an image upload is still pending (20.3835ms)
✔ renaming retains unknown parameters and TLS shorthand (134.0385ms)
✔ secure URI schemes enable TLS and Mongo passwords leave URI fields (31.413166ms)
✔ explicit field clears preserve unrelated advanced TLS and tunnel settings (8.253875ms)
✔ Mongo URI: an encodable-character password never stays in the visible string (S16-15) (34.79175ms)
✔ Mongo URI: an unencoded `/` in the password never stays visible (S16-307) (29.425125ms)
✔ stableGroupTurns reuses the item object of every unchanged group (1.021917ms)
✔ stableGroupTurns re-groups when a member turn joins or leaves a response (0.109417ms)
✔ md cache: hits return the memo, misses render once, bounds evict oldest (0.171583ms)
✔ indexToRenderItem is memoized per index turn object (0.093833ms)
✔ trimTurnHead only cuts in front of a turn with a known cursor (177.609584ms)
✔ a long live chat is capped and "Load earlier" resumes exactly at the dropped head (72.383208ms)
✔ a scheme change moves the token (the old host:port compare missed it) (0.408166ms)
✔ host and port changes move it; path / case / default port do not (0.089ms)
✔ unparseable input: only an identical string is the same (0.27325ms)
✔ javascript: links are dropped (href and xlink:href, obfuscated too) (11.298ms)
✔ http(s) links and in-document fragments survive (0.121333ms)
✔ event handlers are dropped regardless of element (img onerror payload) (0.061833ms)
✔ config keeps foreignObject labels but forbids active content (0.084375ms)
✔ fails closed when the purifier cannot run (no DOM) (0.080625ms)
✔ hook is installed only for the duration of one sanitize call (4.074166ms)
✔ D2 style rules are scoped to the diagram (1.308625ms)
✔ a string-embedded brace or comment cannot end a rule early (S18-301) (0.299709ms)
✔ a scope-anchored selector cannot hop to the app with ~ or + (S11-311) (0.150084ms)
✔ foreign @font-face / @keyframes names and fetching values are dropped (0.195125ms)
✔ no browser CSS parser → styles dropped (fail closed) (0.067625ms)
✔ styles without a diagram scope class are dropped (0.199833ms)
✔ scope class comes from D2's wrapper <svg> tags only, not a label element (0.066875ms)
✔ serialized style text is entity-decoded for parsing and re-escaped after (0.090666ms)
✔ edits made during a daemon settings save remain unsaved (63.278917ms)
✔ successful import never submits the editor draft: DELETE FROM imported (70.425958ms)
✔ successful import never submits the editor draft: INSERT INTO audit VALUES (1) (46.266083ms)
✔ successful import never submits the editor draft: SELECT * FROM imported; DELETE FROM imported (5.440167ms)
✔ request-save retry adopts the successfully created collection before the failed second step (3.60125ms)
✔ Recovery Refresh retries failed active history from offset zero (6.778583ms)
✔ Recovery Refresh replaces stale first page and retains it on a later error (6.944333ms)
✔ environment save preserves newer typing and the next Save submits that draft (23.83125ms)
✔ environment save completion cannot replace a newly selected environment (13.944834ms)
✔ environment failed save retains its draft for retry (29.470458ms)
✔ environment Save in a former workspace cannot reseed the current draft (9.287292ms)
✔ successful import after a connection change never refreshes another connection metadata (3.732625ms)
✔ environment saved secret rename updates its stored marker while preserving newer unrelated edits (5.348167ms)
✔ environment saved secret rename updates its stored marker while preserving another secret rename (4.868375ms)
✔ request-save sheet does not continue its second mutation after changing workspace (1.581083ms)
✔ guarded import approval remains bound to its captured connection (3.251ms)
✔ canceled import while typed confirmation waits cannot retry after late approval (15.252792ms)
✔ old import completion leaves a replacement table dialog open (18.054458ms)
✔ guarded import retry uses the submitted format/path/table despite pending form edits (6.831666ms)
✔ unmounting Save request while collection creation waits prevents the unsent request mutation (2.089416ms)
✔ environment A-B-A selection during save reconciles the clean value (9.01ms)
✔ environment A-B-A selection during save reconciles the clean secret name (12.034167ms)
✔ Cancel synchronously invalidates Save request before Svelte destruction runs (10.436375ms)
✔ environment A-B-A return preserves actual new typing and reconciles saved secret marker (4.84075ms)
✔ database dialogs + page reach storage only through the guarded helpers (S16-304) (0.604458ms)
✔ scratch close cancel retains the exact tab; discard resolves its stable id (35.055834ms)
✔ automation cancel and failed save retain steps; successful save or discard permits leave (33.148375ms)
✔ automation edits arriving during save keep the editor open (4.81275ms)
✔ tail failures retain the buffer and cursors, clear new count and recover on empty success (43.690333ms)
✔ canceled automation navigation keeps the selected editor and request tab (3.99875ms)
✔ a late tail response cannot revive another topic buffer or failure state (5.241167ms)
✔ schema history fetches two selected bodies, caches revisits and aborts superseded detail (7.872167ms)
(node:4340) ExperimentalWarning: localStorage is not available because --localstorage-file was not provided.
(Use `node --trace-warnings ...` to show where the warning was created)
✔ runManagedStatement: switching connections before refusal never asks to approve B for a write to A (334.229708ms)
✔ runManagedStatement: accepted confirmation retries exactly the origin statement and scope (232.816792ms)
✔ runManagedStatement: declined typed confirmation never retries (184.81775ms)
✔ runManagedStatement: revoking access while confirmation waits prevents the retry (104.320417ms)
✔ runQuery: switching connections before refusal never asks to approve B for a write to A (170.368459ms)
✔ runQuery: accepted confirmation retries exactly the origin statement and scope (121.369333ms)
✔ runQuery: declined typed confirmation never retries (130.137208ms)
✔ runQuery: revoking access while confirmation waits prevents the retry (132.074208ms)
✔ runQuery: Stop during confirmation prevents a late accepted retry (152.815708ms)
✔ agent read-only refusal retains the original production guard after switching to development (172.894167ms)
✔ Stop keeps the query transport alive for native cancel, then aborts only that run (162.801625ms)
✔ a failed cancellation still releases the old HTTP wait (137.636459ms)
✔ a stopped run's late query interrupted cannot alter or prompt for its replacement (146.846916ms)
✔ a stopped run's late write_blocked: production cannot alter or prompt for its replacement (111.849791ms)
✔ Stop during confirmation preserves a replacement run even before cancel responds (116.081375ms)
✔ a stalled cancel reaches its transport deadline and releases the original query (96.034042ms)
✔ Stop by captured ID clears a parked tab and ignores its late result (87.548041ms)
✔ Stop by captured ID clears a parked tab and ignores its late write_blocked: production (175.692625ms)
✔ Stop by captured ID clears a parked tab and ignores its late read_only: writes refused (96.205333ms)
✔ Stop without a retained tab revokes run ownership before delayed cancellation completes (121.006125ms)
✔ walkCanvas: reach order, composite keys ANDed, unconnected cards reported (1.008542ms)
✔ walkCanvas: an edge drawn back into scope flips LEFT/RIGHT (0.106541ms)
✔ toQuery leaves clauses on unjoined cards out of the SQL (0.710917ms)
✔ renameAlias / dropAlias keep every clause consistent (0.195625ms)
✔ FK suggestions: one per unjoined pair, composite keys kept together (0.240334ms)
✔ uniqueAlias sanitizes and suffixes for self-joins (0.118166ms)
✔ bars under the cap are untouched (0.426542ms)
✔ 5,000 bars average into MAX_BARS buckets with range labels (1.569083ms)
✔ min-max decimation keeps spikes and stays near the target (0.661875ms)
✔ pie keeps the 11 largest slices plus Other (0.825375ms)
✔ clip ring: newest first, deduped, pinned entries survive the cap (1.1675ms)
✔ grid state: parked per tab, taken once, dropped on close (0.143083ms)
✔ editor history: memory tier outlives the editor, bounded, forgettable (6.911541ms)
✔ connection kinds map to their SQL dialect (0.439083ms)
✔ MySQL: a backslash-escaped quote does not end the string (14.964958ms)
✔ MySQL and ClickHouse: # starts a comment (1.062375ms)
✔ ClickHouse: a double quote is an identifier, not a string (1.594375ms)
✔ code positions stay completable (5.476458ms)
✔ scope database: plain names, db: paths, Redis keyspaces (19.18525ms)
✔ big integer keys keep every digit and stay unquoted (4.674667ms)
✔ row mutations require direct, unique column provenance and a complete single FROM (79.923292ms)
✔ ClickHouse mutation builders reject nonunique keys while inserts remain available (22.149042ms)
✔ Postgres table and schema names fold only unquoted identifiers (25.391125ms)
✔ Postgres mutation builder quotes the resolved source table, not its unquoted spelling (11.508ms)
✔ trailer lines split from the message (0.887125ms)
✔ ClickHouse native unknown table: title, server suggestion, code chip (0.466375ms)
✔ ClickHouse legacy native text with stack trace still reads cleanly (0.233916ms)
✔ ClickHouse HTTP unknown column with Maybe you meant list (0.145958ms)
✔ ClickHouse syntax error: near token, line/col caret, expected list (0.506042ms)
✔ ClickHouse memory, timeout, auth and readonly (0.17625ms)
✔ ClickHouse mid-stream failure says rows had streamed (E7) (13.961042ms)
✔ ClickHouse network error drops the request URL (0.23025ms)
✔ MySQL unknown column: tagged and legacy shapes, daemon suggestions (0.250458ms)
✔ MySQL syntax, auth, network, pool, timeout (0.241333ms)
✔ Postgres unknown column: server HINT becomes a chip, POSITION a caret (0.215209ms)
✔ Postgres unique violation keeps DETAIL; auth headline (0.085542ms)
✔ Mongo command, write, unreachable — tagged and legacy (1.060125ms)
✔ mongosh script failure: exit code + last error line (0.109209ms)
✔ Redis wrong type, unknown command, auth (0.438959ms)
✔ unrecognised text falls back to its first line (0.113459ms)
✔ offset → line/col and out-of-range positions (0.068042ms)
✔ nearest + applySuggestion (0.231959ms)
✔ column kinds from engine type hints (0.878667ms)
✔ row-number column width depends on the row count only (0.074916ms)
✔ moveColumn reorders display positions (0.370541ms)
✔ header filter: contains, exact, comparisons, NULL (0.132667ms)
✔ search highlight splits a cell around every case-insensitive hit (0.111959ms)
✔ row scan text skips NULLs, lower-cases and clips (0.437917ms)
✔ scanFor builds once per rows array and is reused (0.143458ms)
✔ prebuild fills the search text in time-boxed slices, scanFor finishes the rest (3.713ms)
✔ cancel stops a column prebuild; dropColScans frees all but the kept columns (0.645375ms)
✔ dropScan frees the search text (0.083041ms)
✔ memoFilter / memoSort return the cached view for the same key (tab switch back) (0.224042ms)
✔ lines cover keys and values, including collapsed and past-chunk branches (2.852ms)
✔ vertical flavor draws raw strings and ∅ (0.45625ms)
✔ LineIndex maps flat rows across records (empty records included) and caches lazily (0.235833ms)
✔ reveal opens every ancestor and grows the slices it sits past (0.667416ms)
✔ LineIndex.text: lower-cased, cached per record across searches, budget spills to a rolling cache (0.202ms)
✔ short values match JSON.stringify exactly (compact and pretty) (2.044333ms)
✔ long values render the same clipped cell text as a full stringify (2.837541ms)
✔ a preview never grows past max + 1 characters (6.201792ms)
✔ bounded work: a 50 KB document previews far faster than it serializes (27.623708ms)
✔ the default-size preview is cached per object (0.157041ms)
✔ Mongo editing rejects transformed identities and a later operation in a method chain (219.590583ms)
✔ Mongo editing keeps plain finds, scalar projections and sort/limit controls (50.6435ms)
✔ document edits preserve fields absent from a projected result (94.057959ms)
✔ lossy results clear stale edit targets; row pagination and ordinary marker text remain editable (151.69625ms)
✔ value lists split by line when multi-line, else by comma (0.895ms)
✔ scope options come from database / schema / keyspace roots (0.161375ms)
✔ targets fan out per picked scope; no scope = the default database (0.142958ms)
✔ the confirm phrase is the connection name for one guarded connection, else RUN n (0.162083ms)
✔ summary omits zero counts (0.361709ms)
✔ cluster lines explain the decision (0.146459ms)
✔ a partial answer replaces only its runs and keeps the targets (0.813083ms)
✔ a full answer, another job or no previous job replaces everything (0.089209ms)
✔ storage keys are the database-store-era ones (106.627542ms)
✔ defaults: warm in the background, keep-alive on (5.2265ms)
✔ previously saved prefs are read back (3.690208ms)
✔ setters persist and notify keep-alive subscribers (24.708875ms)
✔ Settings → Appearance reads the prefs module, never the database store (0.207667ms)
✔ a change made in another window is adopted here and fires keep-alive listeners once (S13-11) (3.165708ms)
✔ identifiers: backticks for MySQL/ClickHouse, double quotes for Postgres, quote chars escaped (0.4935ms)
✔ string literals: quotes and backslashes escaped per dialect (0.085209ms)
✔ injection attempts stay inside one literal on every dialect (1.404333ms)
✔ values: numbers bare only when numeric; text columns always quoted (0.12675ms)
✔ LIKE helpers escape wildcards so user text matches literally (0.129666ms)
✔ IN lists: quoted items keep commas; every item escaped (0.420542ms)
✔ operators follow the column type (0.073791ms)
✔ GROUP BY / aggregates / HAVING / ORDER BY / LIMIT — MySQL (0.189625ms)
✔ same model — PostgreSQL (double quotes, native NULLS LAST) (0.088417ms)
✔ same model — ClickHouse (uniqExact, native NULLS LAST) (0.132125ms)
✔ joins qualify every column; multi-column ON; aliases only when they differ (0.115042ms)
✔ incomplete rows are skipped, never emitted half-typed (0.071125ms)
✔ booleans: IS TRUE on MySQL/Postgres, = true on ClickHouse (0.067917ms)
✔ OFFSET without LIMIT: MySQL gets the max-limit idiom (0.068083ms)
✔ validate: loose columns under GROUP BY, with a one-click fix (0.219083ms)
✔ validate: duplicate output names, SUM of text, OFFSET without ORDER BY (0.083708ms)
✔ round trip: build → parse → build is stable on every dialect (0.515584ms)
✔ round trip: contains / starts-with / IN / BETWEEN / NULL come back as builder operators (0.172125ms)
✔ parse: hand-written SQL the builder can hold (0.126083ms)
✔ parse: what the builder cannot hold is refused with a reason (0.5155ms)
✔ list index deletion is refused without an executable mutation: LRANGE k 0 -1 (0.729917ms)
✔ list index deletion is refused without an executable mutation: LRANGE k 40 42 (0.08375ms)
✔ list index deletion is refused without an executable mutation: LRANGE k 4 4 (0.05375ms)
✔ refusing list deletion retains safe edits at the actual LRANGE offset (0.264458ms)
✔ the grid delete flow cannot open or execute a Redis list mutation (53.980834ms)
✔ SREM: a member with a line break is skipped, never split into a second command (1.424834ms)
✔ HDEL (flat HGETALL) and ZREM (WITHSCORES) refuse line-broken names (0.398375ms)
✔ Insert from JSON: a line-broken field or value refuses the whole document (0.495209ms)
✔ a rename that re-emits a line-broken value from the data is refused as a whole (0.531334ms)
(node:4582) ExperimentalWarning: localStorage is not available because --localstorage-file was not provided.
(Use `node --trace-warnings ...` to show where the warning was created)
✔ restore: active connection first, the rest warm 3 at a time without stealing focus (331.581084ms)
✔ restore: a close during the warm-up writes no snapshot (112.868416ms)
✔ restore: "connect on click only" leaves the other tabs idle (89.990292ms)
✔ a tab keeps its uid and its run start time across a reload (118.628333ms)
✔ a daemon restart marks open connections stale and re-warms them (120.614459ms)
(node:4583) ExperimentalWarning: localStorage is not available because --localstorage-file was not provided.
(Use `node --trace-warnings ...` to show where the warning was created)
✔ nothing is released while the total fits the budget (0.672ms)
✔ least-recently-viewed results go first, just enough to fit (0.148333ms)
✔ pinned tabs and small results are never picked (0.092084ms)
✔ size estimate scales with rows, cell payload and batch sets (9.845083ms)
✔ a released stub keeps columns, drops rows and is recognised by identity (0.132334ms)
✔ identifiers, strings and booleans per engine (1.793375ms)
✔ quick-filter chips render per engine (S16-05) (0.618083ms)
✔ boolean chips match boolean cells by value (S16-06) (0.103167ms)
✔ string variables keep backslashes on Postgres (S16-07) (0.096375ms)
✔ Postgres splitter: dollar quotes, # operator, standard strings (S16-14) (0.491667ms)
✔ widgets: obvious writes are flagged at save time (S16-08 UI hint) (0.533167ms)
✔ schema-tree table refs are quoted per engine (S16-301) (0.144959ms)
✔ ClickHouse identifiers escape backslashes like the daemon (S16-305) (0.067958ms)
✔ no local identifier/literal quoters outside sql-dialect.ts (S16-305) (12.616792ms)
✔ export refuses statements that are obvious writes (S16-303) (0.221792ms)
✔ analyzeStatement matches countStatements + extractVars on fixtures (10.142583ms)
✔ analyzeStatement matches on a 200-INSERT paste (the lag report) (1.507458ms)
✔ analyzeStatement matches on randomized buffers (differential) (338.988084ms)
✔ stmtPreview bounds list rows and tooltips (0.289041ms)
✔ MySQL: string defaults are re-emitted as literals on rename (0.8545ms)
✔ MySQL: an empty-string default is kept, not dropped (0.150041ms)
✔ MySQL: expression, timestamp and numeric defaults (0.175375ms)
✔ MySQL: collation and comment are restated; untouched columns emit nothing (0.88975ms)
✔ Postgres and ClickHouse defaults are already expressions (0.490208ms)
✔ defaults: Mongo auto-verticals past 10 columns, SQL never (1.672ms)
✔ stored per-engine prefs merge over the defaults and clamp (0.244083ms)
✔ the new key wins over a leftover legacy value (0.13275ms)
✔ legacy custom threshold: an explicit choice carries to every engine (0.151916ms)
✔ legacy "never" stays never everywhere (0.252209ms)
✔ legacy value equal to the old default takes the new defaults (0.116459ms)
✔ garbage never throws (0.094541ms)
✔ LazyMount hands LoadState `empty`, or the skeleton / error never render (0.739125ms)
✔ LoadState announces loading and errors (0.165667ms)
✔ Skeleton is a labelled status region unless a parent owns the announcement (0.088ms)
✔ Skeleton adds its loading text AFTER the status region mounts (S19-305) (0.078208ms)
✔ every overlay backdrop uses the scrim tokens, defined for each scheme (1.412791ms)
✔ Modal: only a press that began on the backdrop closes; dismissable gates every close path (0.123083ms)
✔ BottomNav "More" sheet is a real dialog (0.186375ms)
✔ motion: one global spin/pulse, and a reduced-motion alternative for .spinner (0.313292ms)
✔ chart palette is the scheme-aware --cat-* set and wraps (1.4515ms)
✔ status-* tokens are not used for text in shared components (0.944834ms)
✔ Modal names its dialog by the visible title and keeps aria-label for locators (0.232708ms)
✔ status words: working states pulse, terminal states say what happened (1.235083ms)
✔ an unknown turn from an event becomes a placeholder at the front (0.198084ms)
✔ running → done merges ids, keeps a known session and asks for the full turn (0.077791ms)
✔ a late "running" never regresses a finished turn (0.058375ms)
✔ conflict carries the side version; failed carries the error (0.070917ms)
✔ mergeTurns: the server copy wins, local-only and locally finished turns survive (24.002291ms)
✔ verified citations open the reference; unverified ones are flagged and inert (0.276459ms)
✔ no provenance → only what the turn itself cites (0.064125ms)
✔ quick actions map to modes; checks never edit, fixes do (0.208958ms)
✔ "3 variants" is a variants run of 3 focused on the selection (3.127708ms)
✔ composer text → refine; n > 1 → variants (clamped to 4); generate intent kept (0.186375ms)
✔ Fix all: an accessibility review becomes an a11y turn quoting its findings (0.185792ms)
✔ variant branches parse; direction names read well (0.134208ms)
✔ variant cards: running, ready, failed, then accepted vs passed (0.202ms)
✔ after a daemon restart (no live turns) cards come from versions + provenance (0.057542ms)
✔ a 👎 posts variant_rejected with the reason chip and direction (0.069334ms)
✔ thread: main turns and runs interleave by time; variant turns fold into their run (0.115875ms)
✔ candidate progress counts toward ≥ 3 signals across ≥ 2 designs (0.060167ms)
✔ salient terms: no stop words, longest first, unique (0.543041ms)
✔ ArtifactView approves the version shown in the confirmation despite live updates (97.01325ms)
✔ brand/BrandEditor approves the version shown in the confirmation despite live updates (6.7275ms)
✔ project renameProject keeps the confirmed project across route changes (5.28775ms)
✔ project archiveProject keeps the confirmed project across route changes (3.346167ms)
✔ Product sendToSwarm does not act after its confirmed story is replaced (29.548958ms)
✔ Product regenerate does not act after its confirmed story is replaced (10.354208ms)
✔ Product question posting does not follow a changed story after consent (3.625333ms)
✔ otto:// URIs parse every selector and reject malformed input (1.021667ms)
✔ links split into Uses / Used in and lineage orders provenance first with citations (0.359458ms)
✔ route parser maps every Design Hall path and falls back to the lobby (0.147834ms)
✔ there are exactly seven studios with unique ids and every format renders (0.108125ms)
✔ project stats, summary and filters (8.740417ms)
✔ epic tree groups implementing artifacts under their epic with per-studio counts (0.271125ms)
✔ signals read as one line from the bounded server payloads (0.169333ms)
✔ small helpers: titles, authors, brand colours and contrast (0.305ms)
✔ a load that raced typing only flags a head that is really newer (S18-303) (0.072917ms)
✔ bursts collapse into one write of the final count (44.763375ms)
✔ an unchanged count is not re-sent; flush writes at once (138.610625ms)
✔ every blocking e2e gate spec exists (a rename must not empty the gate) (0.716542ms)
✔ gate lists respect the project split: desktop-* only at desktop width, none at phone width (0.679584ms)
✔ gateMatcher matches listed files exactly, not by prefix (0.15575ms)
✔ no gate spec self-skips on its gate project (project.name guards) (2.200084ms)
✔ the guard parser catches a foreign project literal and an excluding include-list (0.190125ms)
✔ the gate runs on the real projects (playwright.config has no separate gate project) (0.1495ms)
✔ flaky-check --gate fails on skipped tests and on a pass count below the floor (0.170959ms)
✔ flaky-check names failed tests in the step summary (0.11825ms)
✔ the advisory red-count ratchet fails only when the count rises (0.322167ms)
✔ small docs emit synchronously on every edit (unchanged contract) (1.639833ms)
✔ a burst of edits on a large doc reads and emits the text once (0.164667ms)
✔ flush delivers the latest text now; a later timer is a no-op (0.076125ms)
✔ cancel drops a pending emit (doc switched under a stale binding) (0.058666ms)
✔ shrinking below the threshold emits synchronously and supersedes the pending one (0.07025ms)
✔ requestVarNames keeps varNames(requestTexts) order with body names supplied separately (0.835541ms)
✔ the parsers see the whole contract (sanity) (0.412542ms)
✔ type_name() agrees with the serde tag of every variant (0.273792ms)
✔ every Rust event is in OttoEvent and ws.md; OttoEvent has no stale tags (0.379ms)
✔ ws.md documents no stale event tags (0.095041ms)
✔ each event's fields match its OttoEvent member (names + omitted-when-empty → optional) (0.732084ms)
✔ a token change reconnects /ws/events as a first connect for the new identity (161.407958ms)
✔ a plain first connect does not reset identity caches (36.624ms)
✔ stop() detaches the socket so a quick restart never opens a second one (S13-08) (18.877709ms)
✔ a token change mid-handshake still reconnects (27.884375ms)
✔ a stopped client ignores auth changes (14.442208ms)
✔ a throwing event handler is reported once per type, a malformed frame is ignored (S13-06) (84.762208ms)
✔ events: a document that never opened the page loads no page store and fetches nothing for its events (309.619208ms)
✔ events: with the page open (its store announced), every peeked event reaches the store as before (170.909625ms)
✔ events: an allow-listed payload event still loads its store, so the page sees it on mount (36.895667ms)
✔ runWithOtto: a tick for a run the store holds nothing for, with no list loaded, fetches nothing (12.139917ms)
✔ countOccurrences: case-insensitive, non-overlapping, capped (45.747541ms)
✔ active providers: document order, hidden/detached/inactive skipped, nested dropped (45.357875ms)
✔ an inactive outer provider leaves the nested one active (7.296792ms)
✔ countOccurrences: a pre-lowered row is scanned as is (13.3235ms)
✔ findSkipped: data-find-skip subtrees and CodeMirror gutters / panels are neither counted nor painted (5.695292ms)
✔ releaseFindProviders tells every registered provider to drop its caches (27.0505ms)
✔ no owners → page find (96.579667ms)
✔ focus-owned openFind beats any pane owner (19.759042ms)
✔ nothing focused → highest-ranked visible terminal (29.017166ms)
✔ a header button holding focus still routes to the pane (33.477208ms)
✔ only rank-0 (parked / hidden) owners → page find (8.295416ms)
✔ unregistered owner no longer takes ⌘F (9.242541ms)
✔ a text field / contenteditable outside the terminal keeps ⌘F on the page (28.95575ms)
✔ an xterm textarea is not "a text field elsewhere" (33.930167ms)
✔ an open modal keeps ⌘F on the page (20.808417ms)
✔ a hidden aria-modal dialog (the compact Drawer kept mounted) does not block the pane (8.737083ms)
✔ last click inside the pane (header, terminal) → the pane (15.036209ms)
✔ last click on content beside the pane (loop timeline) → page find (11.14025ms)
✔ the right panel never hands ⌘F to the terminal, even nested in the pane tree (5.255834ms)
✔ the click picks WHICH pane: a lower-ranked pane that was clicked beats an unclicked higher one (5.283459ms)
✔ a find-neutral relay (phone quick-action bar) keeps the last real interaction (6.227166ms)
✔ ranking: a title match beats a keyword-only match (1.2575ms)
✔ ranking: no query lists by frecency, most used first, capped (0.413209ms)
✔ ranking: frecency lifts a used command over an equal fuzzy match (0.123458ms)
✔ frecency boost: bounded and decays with age (0.060125ms)
✔ frecency persistence survives garbage and blocked storage (0.229167ms)
✔ rows: a command-shaped query puts the command first, Ask Otto after (0.196375ms)
✔ rows: free text defaults to Ask Otto even when fuzzy hits exist (0.057166ms)
✔ rows: empty query shows commands only; hits trail with unique keys (0.085833ms)
✔ looksLikeCommand: word prefixes of the title only (0.065416ms)
✔ selection wraps and handles empty lists (0.096542ms)
✔ search hits map to module routes (0.063125ms)
✔ keys: arrows, Enter, ⌘↵, Esc (0.117208ms)
✔ keys: ⌃1–⌃4 switch spaces; ⌃5, ⌘1 and ⌃⇧1 do not (0.069209ms)
✔ keys: IME composition owns every key (0.051375ms)
✔ spaces: defaults are four named, empty, unpinned (0.098333ms)
✔ spaces: round-trip keeps name/workspace/model/thread, drops transient fields (0.226792ms)
✔ spaces: garbage, wrong shapes and out-of-range values normalize (0.139917ms)
✔ spaces: a turn left pending by a closed bar is marked not run (0.115167ms)
✔ threads: capped at MAX_THREAD and patched by id (0.1075ms)
✔ presence: auto docks off Home and while working, is full when open or on Home (0.043083ms)
✔ presence: overlays hide it; prefs pin, dock or turn it off (0.040667ms)
✔ geometry: panel budget clamps to the window top and the 560px cap (0.045292ms)
✔ ranking: "git" puts Go to Git above Open Git panel (whole-word Navigate hit) (0.054ms)
✔ an existing folder passes with the daemon-normalised path — one stat, no listing (S14-306) (0.803125ms)
✔ a file blocks with an inline reason (0.1375ms)
✔ a missing folder blocks (stat 404, confirmed by browse) (0.166083ms)
✔ a daemon without /fs/stat (route 404) falls back to browse (0.175334ms)
✔ busy / forbidden / network failures do not block (the create reports real failures) (0.16125ms)
✔ statPath / browsePath encode the path (0.096208ms)
✔ New Session and the first-run coach pre-check the folder (0.21225ms)
✔ keyboard navigation reaches all entries independently of rendered window (61.42475ms)
✔ selection action respects files and git-only eligibility (7.083084ms)
✔ Back and Forward preserve history until a different folder is opened (0.794958ms)
✔ each breadcrumb targets its exact ancestor including spaces, Unicode, and root (0.130709ms)
✔ shortcut persistence tolerates corrupt data and bounds unique recent folders (0.252875ms)
✔ open tabs fetch immediately, selected first, with at most two requests (135.048792ms)
✔ manual fetch joins background request and always invalidates unchanged refs (25.099625ms)
✔ hidden or unfocused windows defer fetches; closed tabs never start queued work (19.474708ms)
✔ failure backs off despite focus events; manual retry surfaces errors and clears backoff on success (30.41325ms)
✔ restart during an in-flight round does not overlap or revive the stopped timer (28.490459ms)
✔ manual requests share the global two-request limit (26.140459ms)
✔ a failed tab bootstrap can retry when the Git page opens later (63.796916ms)
✔ background fetch queued behind manual work rechecks close, stop, hidden and pause before starting (156.200083ms)
✔ manual caller promotes a queued background fetch and retains its request after tab closure (26.762833ms)
✔ background tabs unused for 15 minutes stop fetching; the selected tab and a reactivated tab continue (39.849166ms)
✔ new commits on top splice onto the immutable tail (0.431ms)
✔ page last sha unknown → full reload (0.061375ms)
✔ a commit above the boundary vanished (deleted branch) → full reload (0.052292ms)
✔ a page commit already in the old tail (reorder) → full reload (0.04475ms)
✔ nothing to splice when the page covers everything held (0.046625ms)
✔ rewinding a same-name ref outside the fresh prefix invalidates the retained tail (113.302ms)
✔ a moved tip displaced from the fresh page also invalidates a spliced tail (34.135292ms)
✔ small lists render whole (find-in-page keeps working) (0.717083ms)
✔ a 20k-row list mounts only the viewport plus overscan, spacers cover the rest (0.11875ms)
✔ the list starting below the fold (negative rel) still renders its head (0.054791ms)
✔ scrolled past the end clamps to the tail and never inverts (0.049625ms)
✔ events union until a refresh takes them (0.760417ms)
✔ an event without paths makes the set unknown, and it stays unknown (0.085417ms)
✔ an empty list (remote refs moved) touches no file (0.190792ms)
✔ a burst past the cap degrades to unknown (0.22225ms)
✔ touches: exact file, parent directory, unknown (0.08125ms)
✔ a change to a shown repo re-reads its local status at once (114.249041ms)
✔ a repo nobody shows is ignored (87.319458ms)
✔ a burst while a read is in flight costs exactly one more read (75.694042ms)
✔ a hidden window waits and reads once when visible again (21.049583ms)
✔ the open diff learns which paths a change touched, unioned across a coalesced burst (23.922ms)
✔ a reopened operation with no unmerged files can continue (0.436541ms)
✔ SwrCache serves fresh, then stale, then drops past max age (0.728042ms)
✔ SwrCache is a bounded LRU (0.074834ms)
✔ invalidatePr drops the repo lists and only that PR (0.12675ms)
✔ a deleted-line comment renders under the deleted row only (0.8225ms)
✔ a new-side (or side-less) comment renders under the new row only (0.107125ms)
✔ outdated and line-less comments go to the file block (0.070959ms)
✔ lineAnchor: deleted → old side, everything else → new side (0.081042ms)
✔ out-of-order selectPrimary keeps the latest repo's status and PRs (170.357209ms)
✔ a stale PR list for a repo that is no longer primary is dropped (34.699458ms)
✔ workspace switch: the older repo list never overwrites the newer one (67.2075ms)
✔ a failed loadRepos is not sticky: the next call retries (19.633375ms)
✔ a detect that resolves before the repo list keeps the detected primary (58.978667ms)
✔ a failed repo load surfaces an error and retries on demand (33.806333ms)
✔ a non-fast-forward 409 is a rejection the user can act on (0.360209ms)
✔ a refused lease is told apart from a plain rejection (0.055084ms)
✔ anything else — auth, network, other 409s — is not a push refusal (0.066541ms)
✔ force retry carries the source and destination captured before the initial push (78.496459ms)
✔ the budget is per section, not per folder (2k branches in 40 folders) (0.615584ms)
✔ collapsed folders cost their header only and hide nothing (0.747833ms)
✔ a small section mounts everything (0.090292ms)
✔ growing the budget reveals more rows (0.0945ms)
✔ inactive branches use their own upstream counts; current branch uses fresh status (0.746625ms)
✔ splitRemoteRef keeps the remote and the slash-bearing branch name (0.853375ms)
✔ deleting upstream/feature-x names and pushes to upstream, never origin (115.73975ms)
✔ discard sends the lines picked BEFORE the confirm and names the count (14.208667ms)
✔ a re-fetch while the discard confirm is open discards nothing (9.311167ms)
✔ a shift-click range picks changed lines only (S15-20) (40.435083ms)
✔ conflict edit round-trips CRLF and treats an empty editor as a deliberate empty block (0.173709ms)
✔ "Apply edit" makes the hand-edited text the resolution (19.306875ms)
✔ taking an EMPTY side records the choice (the checkbox no longer desyncs) (11.1115ms)
✔ Draft sends the selected Source as head and never re-points Source (16.893917ms)
✔ a draft landing after the sheet closed touches nothing (5.694417ms)
✔ Cancel mid-push is inert; mid-draft it asks before discarding (6.180875ms)
✔ confirming "Stop drafting and discard?" stops the drafting session (S20-305) (22.283125ms)
✔ posting a comment with an open edit sends nothing (6.475125ms)
✔ a retry is skipped when the earlier attempt already created the comment (0.22675ms)
✔ a comment declined mid "Post all" is skipped (7.682042ms)
✔ a commit draft landing after unmount opens no confirm and writes nothing (7.434167ms)
✔ bus polls keep refreshing after the timer budget is spent, toasting once (3.63425ms)
✔ merge sends expected_head_sha and explains a moved head (4.164375ms)
✔ row keys never contain NUL (CSS.escape maps it to U+FFFD) (0.450333ms)
✔ PR diff view state carries across a reload for paths that still exist (0.27375ms)
✔ a lazily fetched file never borrows another file’s hunks (53.547ms)
✔ ⌘] / Ctrl+N are left to the app; a bare ] moves to the next file (22.626584ms)
✔ a repo pick from another workspace is dropped when the repo list loads (1.8925ms)
✔ PR numbers parse from every forge URL shape (0.122792ms)
✔ markAction refuses binary and absent files, keeps marker-free text as-is (0.449667ms)
✔ "Mark file resolved" never writes an empty body over a binary or absent file (103.193625ms)
✔ a marker-free text file is marked by staging its bytes (side keep), not recomposed (21.570875ms)
✔ fileIsCrlf reads the whole file, so an empty-sided hunk inherits CRLF (0.146334ms)
✔ local + remote delete sends remote_name on the safe and the forced request (42.601125ms)
✔ the retry guard marks a found copy posted so it stops being postable (6.374666ms)
✔ a push that changed auth.rs drops its viewed mark, composer and expansions (0.23325ms)
✔ pinnedHead prefers the modal’s live read over the parent’s copy (0.05825ms)
✔ amendPublishedAt names where HEAD is published, upstream or not (0.081584ms)
✔ human verification preserves identity and evidence after reload (0.485958ms)
✔ changed criterion and malformed revisions do not display accepted evidence (0.101167ms)
✔ a guest survives more than 30 s of refusals and reconnects (a slow deploy) (0.432458ms)
✔ a guest stops after the retry window (a revoked link is not hammered forever) (0.099084ms)
✔ owners keep the fast ladder forever (0.055833ms)
✔ the share page re-arms the terminal when its access re-check succeeds (0.438666ms)
✔ 100 content-neutral mutations after a pass run no further pass (1.52125ms)
✔ a size change, a relabel or a restyle re-runs the pass (0.288292ms)
✔ width cache hits only while the element signature is unchanged (0.093625ms)
✔ style writer drops same-value writes (0.861042ms)
✔ frontmatter: flat keys, trailing comments and quotes stripped, body split off (0.924125ms)
✔ frontmatter: CRLF + BOM tolerated; no block → whole text is the body (1.011209ms)
✔ parseSection: shortcuts from the Keys column, group/route/id fallbacks (0.600334ms)
✔ extractShortcuts reads every table under the heading, ignores other tables (0.159625ms)
✔ search ranks title over shortcut over summary over body (1.128ms)
✔ key helpers normalise, detect and split chords (0.133958ms)
✔ orderSections: group order, Basics reading order, then sidebar order (0.110042ms)
✔ film manifest: missing/empty is handled, chapters validated and sorted (0.168ms)
✔ History opens working without restarting its PTY (74.256209ms)
✔ History opens running without restarting its PTY (26.561417ms)
✔ History opens idle without restarting its PTY (19.746833ms)
✔ History never unconditionally restarts a stale inactive row whose PTY is now working (6.51175ms)
✔ History Open in Chat updates a warmed Terminal view preference (29.781792ms)
✔ History opens a stale live row through safe resume if its process has since exited (5.228416ms)
✔ History resume completion ignores a destroyed origin (22.703041ms)
✔ History resume completion ignores a new-route origin (21.488917ms)
✔ History resume completion ignores a workspace origin (11.759125ms)
✔ History resume completion ignores a scope origin (4.629959ms)
✔ History resume completion ignores a pending-route origin (5.517708ms)
✔ History resume completion ignores a hash-before-parse origin (10.077791ms)
✔ History import completion after departure does not start a session (4.338667ms)
✔ empty candidate page remains actionable and next request uses scanned cursor (46.076667ms)
✔ a changed filter discards an in-flight continuation and keeps the fresh cursor (25.355208ms)
✔ HomeBox loads every box kind lazily (1.32925ms)
✔ ResultsGrid loads its modal-only children on open (1.323083ms)
✔ CodeEditor keeps language packs and the LSP client out of its static graph (1.216417ms)
✔ service worker serves only hashed /assets/* cache-first and prunes old builds (1.072042ms)
✔ service worker never caches the proxy, plugin UIs or credentialed URLs (0.232125ms)
✔ Otto School (Classrooms) keeps three.js behind a dynamic import (0.798625ms)
✔ host pages load the Needs-you link lazily (it pulls the whole Today store) (0.485542ms)
✔ now() during an in-flight fetch coalesces into one rerun, not a new chain (2.848208ms)
✔ Home pending approvals cannot publish after workspace changes while its poll is busy (103.3515ms)
✔ Home stops displaying old scoped rows immediately on workspace switch (57.313375ms)
✔ user-started sessions count down on the 24-h manual grace, engine ones on 5 min (0.516292ms)
✔ durations read naturally at every scale (0.079ms)
✔ settings override the grace; manual 0 = never suspended, so no hint (0.1265ms)
✔ unset or malformed settings fall back to the daemon defaults (0.382042ms)
✔ defaults mirror the daemon constants in manager.rs (0.661583ms)
✔ production scaling confirms the replica count actually submitted (86.4915ms)
✔ partial replay is a warning with retained evidence and an explicit duplicate-risk retry (28.674209ms)
✔ EC2 approval retains the account and region shown before an asynchronous route change (5.091458ms)
✔ Rds details distinguish the same resource name in different regions (2.928542ms)
✔ Eks details distinguish the same resource name in different regions (2.568875ms)
✔ SQS deletion stays bound to the approved queue and preserves a newly selected queue (27.950458ms)
✔ TableWindow renders small lists whole and windows big ones (134.520167ms)
✔ TableWindow measures the real row height and resets on a new listing (29.765375ms)
✔ podContainers mirrors the daemon (init first, live state + restarts) (83.053375ms)
✔ TableWindow.active gates windowing; a 5000-message peek mounts ≤ 150 rows (SC-08/SC-22) (8.800417ms)
✔ clipLongScalars cuts only >64 KiB strings and keeps untouched subtrees (SC-19) (30.365375ms)
✔ mergeS3Head refreshes the head and keeps the loaded pages (I9) (7.852375ms)
✔ rowAge ticks from created_at, falls back to age_seconds (perf R1) (14.645292ms)
✔ parses the title, headline and headline metrics of a daily summary (4.864459ms)
✔ parses action items: title, metric, current → target, effort, ids and status (1.964834ms)
✔ the Preview body drops the H1 and the parsed Action Plan (0.176792ms)
✔ tolerates format drift: "targets", tag words without ids, "--" separators, no bold (0.518875ms)
✔ falls back cleanly: no H1, no action plan, empty and garbage input (0.867708ms)
✔ metrics ignore action-plan numbers and bare $ rates (0.169125ms)
✔ firstSentence keeps decimals and abbreviations intact (0.088792ms)
✔ parseActionItem with no separators yields just a title (0.182417ms)
✔ parseIndex reads series + ledger and survives junk (0.196ms)
✔ reportMetrics prefers the summary, then the index row (0.130542ms)
✔ delta tones follow whether up is good for the metric (0.087084ms)
✔ item status: ledger + summary words, regressed wins (0.170584ms)
✔ period keys and sibling artifact paths (0.146417ms)
✔ parseSummaryCached returns the same object for the same text (0.207792ms)
✔ onboarding steps are forms: Enter submits, Back/Skip/Browse are type=button (0.597708ms)
✔ password length counts code points (server: chars().count()) (0.089959ms)
✔ a dead daemon reads as "isn’t responding", not the browser’s raw error (0.059625ms)
✔ a failed optional workspace still finishes setup and toasts the error (0.082208ms)
✔ a reload after the root exists resumes the wizard (tab-scoped step) (0.187083ms)
✔ palette handlers ignore IME composition keys (0.700125ms)
✔ History ⌘K resume is registered only when the button would allow it (0.115875ms)
✔ agent-channel UI copy never shows the internal "room" noun (S20-302) (1.1565ms)
✔ an exec session resolved after unmount is deleted, not adopted (96.994334ms)
✔ a mounted view adopts the session (4.203875ms)
✔ autoExec is one-shot: openRow clears it unless the call asks for a shell (0.291709ms)
✔ autoExec is consumed once the Terminal acts on it (S16-306) (0.278958ms)
✔ a live refresh re-reads every paged-in row (1.581ms)
✔ a live refresh never aborts a Load more, nor truncates past the server cap (0.070042ms)
✔ user-driven loads and appends are one page (1.087958ms)
✔ the ring appends in place and keeps the newest `cap` lines (1.37675ms)
✔ a chunk bigger than the cap keeps only its tail (13.183875ms)
✔ the filtered view drops exactly the matches the ring trimmed (0.149458ms)
✔ pending buffer stays capped while the window is hidden (S16-12) (13.9015ms)
✔ a 5k-workload table renders only the rows near the viewport (0.514666ms)
✔ scrolling deep keeps the total height and a bounded slice (0.073333ms)
✔ the expanded detail row shifts every later row by its height (0.077292ms)
✔ the table starting below the fold and empty tables are safe (0.384791ms)
✔ the first cycle ticks at once; a burst inside the gap becomes ONE tick (0.824875ms)
✔ no ticks while hidden; one on return carrying every cluster that cycled (0.110791ms)
✔ a tick that comes due while hidden waits for visibility (0.076083ms)
✔ templates: variables, fill, RESET becomes JSON null (0.817584ms)
✔ path rule mirrors the daemon (0.1315ms)
✔ workload kinds and default port (0.176375ms)
✔ a small list polls every 10 s however slow the load was (0.485792ms)
✔ a big list waits max(30 s, 3 × the last load) (0.097042ms)
✔ the validator prefers the ETag header, else quotes the body version (0.087875ms)
✔ fleet row keys are cluster/ns/workload (+ pod in pod grouping) (0.076208ms)
✔ reuseByKey keeps unchanged objects and returns prev when nothing changed (0.663042ms)
✔ event keys are stable and made unique (0.117542ms)
✔ a conditional GET sends If-None-Match and a 304 resolves notModified (no body read) (112.206166ms)
✔ a conditional GET without a validator is a plain read that returns the body + ETag (55.29125ms)
✔ a conditional GET still throws on an error status (51.760583ms)
✔ per-cluster view state round-trips and repairs malformed fields (0.885208ms)
✔ route grammar: workspace monitor, legacy monitor, fleet and resources (0.157666ms)
✔ keys count only inside the workspace, or with focus on nothing (0.389375ms)
✔ the opt-out covers the letters but not Enter / Escape (0.089417ms)
✔ the shortcut sheet and the Help guide have the same groups, in order (1.459875ms)
✔ every group lists the same chords and actions in both places (0.250375ms)
✔ page-scoped chords that exist in code are on the sheet (0.104709ms)
✔ CodeMirror keeps ⌘D / ⌘[ / ⌘] / ⌘U / ⌘I (0.442291ms)
✔ global chords still work inside CodeMirror (0.08675ms)
✔ ⌘U never fires from a plain text field; ⌘D still splits there (0.066458ms)
✔ nothing focused / page body → the global map handles everything (0.058708ms)
✔ ⌃ never stands in for ⌘ on a Mac — ⌃K/⌃T/⌃W are text editing there (0.735042ms)
✔ isMacPlatform recognises Mac / iOS clients only (0.282291ms)
✔ a draft without a source revision becomes dirty after typing (35.239834ms)
✔ explicit Copy retries the clipboard for an unchanged persisted image (27.281583ms)
✔ keyboard Copy explicitly recopies unchanged content (9.364917ms)
✔ a dirty snip without a decoded image fails persistence without spinning (7.334709ms)
✔ close retains a draft after failed persistence and allows explicit discard (5.933041ms)
✔ close waits for the newest annotation while a previous upload is pending (26.846459ms)
✔ failed publishing preview remains unavailable until a successful retry (8.413333ms)
✔ artifact keep-mine never reloads over a draft when history lookup fails (19.8535ms)
✔ Brand keep-mine retries within one save and preserves edits on retry failure (5.502959ms)
✔ SourceSearch preserves existing results and retries the failed page context (21.171875ms)
✔ an older response that lands last is not current (0.446291ms)
✔ cancel invalidates the in-flight ticket (dispose / unmount) (0.074166ms)
✔ run() drops the superseded result and keeps the latest (0.419583ms)
✔ run() swallows a superseded rejection but propagates the current one (0.233208ms)
✔ latestByKey keeps slots independent (0.124ms)
✔ lazyModule: loads once, queues calls in order, then runs synchronously (2.473875ms)
✔ lazyModule: a failed import drops its calls and retries on the next use (2.650667ms)
✔ lazyModule: peek() sees a module that announced itself under the key, and never imports (1.026042ms)
✔ events: reconnect / restart / periodic events peek page stores instead of loading them (2.292834ms)
✔ events: only allow-listed events load a page store (`.use`) (0.933666ms)
✔ a meta listing carries its truncation flag (0.689542ms)
✔ a bare array (an older daemon) reads as complete (0.078375ms)
✔ the note names how many are shown (0.115375ms)
✔ runs once, then only on events (coalesced), with the safety net while connected (122.621875ms)
✔ socket down → catch-up run, then the fallback cadence; resync refetches (28.99375ms)
✔ socket coming up pushes a pending fallback tick out to the safety net (16.345291ms)
✔ match narrows events; stop unsubscribes and cancels timers (16.680375ms)
✔ a continuous stream still refreshes within maxWaitMs (21.555875ms)
✔ minIntervalMs caps event-driven refetches under churn (23.819125ms)
✔ numeric hidden cadence relaxes while connected (20.317625ms)
✔ no source → a plain poll at fallbackMs (91.268459ms)
✔ LiveRegistry isolates a throwing listener and reports its types (26.758125ms)
✔ maps auth / missing statuses to human causes (0.949958ms)
✔ keeps the daemon message for other statuses, falls back to the code (0.1325ms)
✔ an unreachable daemon (fetch TypeError) reads as such (0.058958ms)
✔ plain errors and junk never render empty (0.057625ms)
✔ the cap named by the engine error wins, else the counters decide (0.429792ms)
✔ a plain resume is offered only while budget remains (0.078625ms)
✔ the extend prefill is current + 50% and always above what is used (0.378292ms)
✔ delayed pause cannot insert an old loop into a new workspace (136.614167ms)
✔ delayed updateLimits cannot insert an old loop into a new workspace (17.691083ms)
✔ closing detail discards queued reruns and late iteration bodies (29.551208ms)
✔ opening B invalidates A immediately while B waits for the single-flight request (11.916292ms)
✔ late verifyCriterion does not reopen a closed detail (16.407958ms)
✔ late answerQuestion does not reopen a closed detail (27.133625ms)
✔ late retryExecutor does not reopen a closed detail (28.083791ms)
(node:5635) [DEP0205] DeprecationWarning: `module.register()` is deprecated. Use `module.registerHooks()` instead.
(Use `node --trace-deprecation ...` to show where the warning was created)
✔ renderMarkdownGfm parses the HTML once and focus-tags pre/table on that tree (6.999583ms)
✔ plain prose still takes a single parse (4.234875ms)
✔ Close Tab with no tab to close closes the pop-out window (117.949291ms)
✔ Close Tab that closed a session tab leaves the window alone (6.332667ms)
✔ closePopoutWindow never closes the main window or a pane (1.42825ms)
✔ a lone burst runs once after the quiet window (0.719584ms)
✔ a steady stream (every 200 ms) still refreshes at least every max-wait (0.195791ms)
✔ old Mission load cannot replace a newer workspace or its loading state (55.416667ms)
✔ late saved-view creation does not clear another workspace form or refresh it (33.26775ms)
✔ every kind names the module it opens in (no dead end) (80.006542ms)
✔ id-only kinds route straight to their row (16.798625ms)
✔ pr source keys split on the last colon and reject junk (8.856334ms)
✔ stop uses the owner cancel endpoint only for running, stoppable kinds (20.088084ms)
✔ every Rust WorkKind has a module, a label, an icon and a filter entry (14.217708ms)
✔ an Otto run opens in Run with Otto and stops through its own cancel (6.440791ms)
✔ Esc closes the top sheet (42.542042ms)
✔ Esc already handled inside the sheet (CodeMirror popup) keeps the modal open (4.081417ms)
✔ a busy (non-dismissable) sheet ignores Esc (3.005917ms)
✔ the Tab trap counts contenteditable editors as focusable (0.253167ms)
✔ script motion is smooth by default and instant under reduced motion (0.413292ms)
✔ reducedMotion never throws without a usable matchMedia (0.0835ms)
✔ native embedded context requires Tauri and an injected host, never query flags (0.880459ms)
✔ native pane geometry rejects hidden or invalid rectangles and clips to viewport (0.111459ms)
✔ native presence excludes hidden pane even while WebKit reports visible and focused (0.067833ms)
✔ layout coalesces during IPC and final hide cannot be overtaken by stale geometry (0.161542ms)
✔ layout continues with newest state after rejected native IPC (0.100916ms)
✔ detached surfaces remain addressable when the host split is narrow (0.112084ms)
✔ native layout scales CSS geometry by page zoom in window logical points (0.537333ms)
✔ overlay focus restoration is cancelled when detach or a new overlay wins the race (0.09575ms)
✔ native menus honor primary window focus after macOS window cycling leaves a stale side flag (4.653916ms)
✔ the shared inbox link says how many things need you (S20-07) (0.372792ms)
✔ every narrower needs-you surface links to the one canonical inbox (0.382625ms)
✔ the agent-to-agent transport is never labelled "Rooms" (the sidebar module owns that noun) (0.725958ms)
✔ mixed batch keeps recovery open and retries only the failed submitted configuration (56.727625ms)
✔ all-success batch opens each session once and closes (15.8495ms)
✔ all-failed batch stays open and can complete on retry (7.509167ms)
✔ workspace-bound failed member waits for its original workspace before retry (16.467042ms)
✔ automation notice routes resolve to the item to open (0.748125ms)
✔ a re-fired notice (same id, refreshed by the daemon) replaces the read copy (120.179167ms)
✔ an identical re-delivery is ignored (42.887292ms)
✔ a new notice is prepended (28.420083ms)
✔ awaiting-input banners only for a session you are not watching (A2) (160.13675ms)
✔ canceling a workspace switch prevents a notification from navigating in the old workspace (57.778875ms)
✔ a notice for another workspace's session switches there and opens it (50.184167ms)
✔ a notice for an archived session offers Unarchive and open (70.585125ms)
✔ a deleted session says so instead of failing silently (10.712166ms)
✔ load() keeps notices ingested while the GET was in flight and queues one trailing reload (30.549375ms)
✔ ensureLoaded() joins the in-flight first load instead of fetching twice (boot perf) (13.671042ms)
✔ identity change: a load answered for the previous identity is dropped, then re-run (S13-02) (49.808875ms)
✔ a failed load with ingested rows settles, keeps the rows and reports the error (15.870459ms)
✔ the bell spins only until a load settles and shows rows + inline Retry on a failed refresh (0.237ms)
✔ OKF verifier mapping and list derive the same advisory trust tier (1.320417ms)
✔ staleness uses an absolute inclusive deadline and verification is independent (1.249875ms)
✔ legacy and absent metadata remain readable, unknown types are accepted (0.230791ms)
✔ editing lifecycle fields preserves nested provenance and body (13.738625ms)
✔ new concept template is v0.2, draft and unverified, with YAML-safe titles (3.525958ms)
✔ ⌥ composing an ASCII symbol (DE ⌥L = @, ⌥5 = [) counts (0.444708ms)
✔ US-layout ⌥ glyphs, letters, arrows and other chords do not (0.090083ms)
✔ the hint shows once, and only while Option is Meta (0.387792ms)
✔ one word of a multi-word title never addresses the session (118.185708ms)
✔ the whole title, the handle, @handle and handle: still address (20.115917ms)
✔ close by a single title word falls through instead of archiving (22.061334ms)
✔ close <whole name> of one idle session archives at once (106.102583ms)
✔ close all / several / a working one / "stop <name>" ask first (41.567792ms)
✔ a provider close never includes background workflow / review agents (S13-04) (13.562959ms)
✔ "delete <name>" resolves by name and asks before a permanent delete (9.559791ms)
✔ a "working" plain shell is not mid-turn: close <name> archives at once (9.067416ms)
✔ scheduled save retains fields typed during PATCH and saves again to the same task (132.996292ms)
✔ scheduled create adopts its new ID while preserving post-submit edits (52.757416ms)
✔ scheduled failed save retains all newer fields (22.697625ms)
✔ scheduled agents navigation uses the form leave decision (16.554667ms)
✔ scheduled workspace navigation uses the form leave decision (126.044625ms)
✔ scheduled clean navigation does not ask, late save cannot close replacement form (70.45375ms)
✔ goal agents navigation preserves criterion and budget drafts (15.789917ms)
✔ goal workspace navigation preserves criterion and budget drafts (5.004083ms)
✔ goal budget-only changes are a draft and clean navigation does not ask (8.4795ms)
✔ late goal launch cannot redirect a replacement workspace (46.562ms)
✔ scheduled create completion cannot replace another workspace list (40.358542ms)
✔ scheduled A-B-A ignores old A success and finally (11.2585ms)
✔ scheduled A-B-A ignores old A failure and finally (51.82925ms)
✔ scheduled reversed same-workspace load cannot replace the latest success (16.1335ms)
✔ goal create after A-B cannot reload a departed context (34.530709ms)
✔ goal create after A-B-A cannot reload a departed context (22.748208ms)
✔ goal A-B-A ignores old list success and finally (28.201375ms)
✔ goal A-B-A ignores old list failure and finally (21.309625ms)
✔ goal reversed same-workspace lists preserve the newer result (15.348375ms)
✔ goal workspace Keep retains A; Discard closes the persistent parent and never resurrects A (6.325958ms)
✔ goal clean workspace leave settles the parent without prompting (32.54575ms)
✔ goal local Cancel calls the real parent once (4.270917ms)
✔ goal discarded pending launch uses actual store without replacing B or redirecting its parent (30.921875ms)
✔ pending workflow save cannot retarget Run to B (63.84875ms)
✔ pending workflow save cannot retarget Run to null (19.15875ms)
✔ Run admission covers validation and releases after validation failure (15.203875ms)
✔ late Run response cannot install under a different workflow (37.273084ms)
✔ late version read cannot replace current drawer or its loading state (28.708375ms)
✔ Restore captures version identity before discard confirmation (14.726666ms)
✔ replacement import fetches global scope, confirms empty visible workspace, and fails closed (4.055458ms)
✔ extended budget survives Resume failure and retry skips repeat PATCH (3.487959ms)
✔ dirty work item selection retains draft and route until discard is accepted (8.528958ms)
✔ mounted tool catalogue batches 1000 decisions and releases refresh work (133.535292ms)
✔ Mission request refresh updates approvals without replacing active draft (6.877375ms)
✔ Mission approve refresh updates approvals without replacing active draft (59.127708ms)
✔ Mission deny refresh updates approvals without replacing active draft (13.383958ms)
✔ Mission refresh begun before Edit cannot overwrite later typing (17.331083ms)
✔ Mission refresh keeps the original edit baseline when server fields change (3.802792ms)
✔ Mission successful Save supersedes an older same-item read (15.749709ms)
✔ Mission Save preserves changes typed after submission and Cancel restores saved values (12.040333ms)
✔ Mission failed Save retains the draft and baseline (4.55625ms)
✔ Mission A-B-A reads retain the newest item visit and seed clean navigation (3.050875ms)
✔ open is first, unknown server actions are hidden (0.713666ms)
✔ the canvas hit's legacy 'Open in Canvas' label still opens (0.105875ms)
✔ a repo hit routes to its repo (0.053042ms)
✔ context names the kind, title, subtitle and id (0.077ms)
✔ search error remains visible and a successful retry clears it (43.83625ms)
✔ superseded search cannot overwrite a newer result or raise its error (5.462708ms)
✔ paneTier maps widths onto full / compact / minimal / micro at the CSS breakpoints (0.400042ms)
✔ an unmeasured pane is full, never a flash of the minimal header (0.063792ms)
✔ tierAtMost orders the tiers widest → narrowest (0.059333ms)
✔ a stored Split preference reads as Chat; unknown values fall back to the default (0.057583ms)
✔ the view toggle flips between the two remaining views (0.046708ms)
✔ cwdLabel shows the last folder of a path (0.125209ms)
✔ paneDetails keeps only the facts that exist, in a stable order (0.431416ms)
✔ the transcript store migrates a stored Split to Chat once and drops the split fraction (252.703125ms)
✔ Home/End set the value's min/max (0.820167ms)
✔ Home/End set the value's min/max on an inverted (leading-edge) separator (0.070833ms)
✔ invert flips the arrows (and RTL mirrors them) (0.085792ms)
✔ an incremental answer prepends only new items and keeps the runs it did not carry (2.373792ms)
✔ the merged ring is capped like the daemon ring (2.676709ms)
✔ only approval events for approvals the feed shows trigger a refresh (0.157875ms)
✔ a daemon restart (new epoch) resets the cursor and items instead of freezing the feed (0.127959ms)
✔ the daemon-side reset flag is honoured even without an epoch to compare (0.081584ms)
✔ failed schedule refresh preserves known cadence and exposes a recoverable error (185.701333ms)
✔ stale schedule failure cannot finish or replace the newer loading state (96.661083ms)
✔ agent list detail fanout is bounded and obsolete queued work is skipped (71.716292ms)
✔ loadSchedules: A then B preserves independent agent results (158.536542ms)
✔ loadSchedules: B then A preserves independent agent results (36.517791ms)
✔ loadSchedules: newer same-agent result survives stale success (45.985625ms)
✔ loadSchedules: newer same-agent result survives stale failure (20.561958ms)
✔ loadRuns: A then B preserves independent agent results (18.642958ms)
✔ loadRuns: B then A preserves independent agent results (17.497125ms)
✔ loadRuns: newer same-agent result survives stale success (64.916458ms)
✔ loadRuns: newer same-agent result survives stale failure (26.391292ms)
✔ Proof filter replacement ignores old success and its loading completion (9.0345ms)
✔ Proof filter replacement ignores old failure and its loading completion (16.915958ms)
✔ Proof workspace A-B-A rejects the first A response and retains final cursor (6.0665ms)
✔ Proof old load-more success cannot publish across filter change (6.539584ms)
✔ Proof old load-more failure cannot publish across filter change (44.842042ms)
✔ Proof close invalidates pending detail success (15.575167ms)
✔ Proof close invalidates pending detail failure (10.198583ms)
✔ Proof detail completion cannot clear an active list spinner (12.868333ms)
✔ Insights queued latest model drains after schedule success (4.585333ms)
✔ Insights queued latest model drains after schedule failure (8.64625ms)
✔ Insights failed queued model stays retryable after successful schedule save (7.914667ms)
✔ Insights provider reset cancels an older debounced model from the prior provider (2.582042ms)
✔ Insights rejected provider preserves its model when rejection is before debounce (2.192291ms)
✔ Insights rejected provider preserves its model when rejection is after debounce (2.047125ms)
✔ Insights Retry debounce state compiles without a nonreactive update warning (89.949875ms)
✔ PAT mint keeps the uncopied secret through repeated submit and clipboard failure until Done (2.838584ms)
✔ AccountPicker exposes pending lookup and an in-place retry without losing drafts or explicit account (3.295708ms)
✔ AccountPicker provider change and unmount reject obsolete lookup publication (2.272333ms)
✔ personal agent list A-B-A keeps newer rows after stale success (60.408542ms)
✔ personal agent list A-B-A keeps newer rows after stale failure (57.953291ms)
✔ personal agent old completion does not clear a newer loading state (75.803458ms)
✔ template retry preserves the first created agent and schedule request key (167.719208ms)
✔ Athena history keeps its response region and rejects a late foreign history (25.501ms)
✔ 100 visited Assistant threads retain only acquired data and reconnect refreshes one view (127.154666ms)
✔ late Assistant fetch and live events cannot revive released history or remove pending sends (207.966583ms)
✔ AgentDocuments navigation keeps dirty drafts and blocks pending-save departure (1.322666ms)
✔ AgentAutonomy navigation keeps dirty drafts and blocks pending-save departure (1.274458ms)
✔ in-flight guard: a due tick never overlaps a pending run (243.937625ms)
✔ failures back off x2 up to maxBackoff, success resets (32.429125ms)
✔ resolving false counts as a failure (23.473416ms)
✔ hidden: pause skips ticks with no timer, and runs once on return (11.685791ms)
✔ hidden: a numeric cadence keeps polling slower while hidden (18.67375ms)
✔ stop aborts the in-flight run and never reschedules (12.830792ms)
✔ an owner signal stops the poller; immediate:false waits one cadence (35.709083ms)
✔ jitter stays within ±fraction (39.460375ms)
✔ mapLimit caps concurrency and keeps order (23.520167ms)
✔ status backoff (Athena / Logs Insights): 1,1,2,2,3,5 then capped at 5 s (0.787333ms)
✔ status backoff: 15 s at every step while the window is hidden (0.088667ms)
✔ adaptive delay (Logs tail): 2 → 4 → 8 → 10 cap, reset to 2 on data (0.077042ms)
✔ adaptive cadence (Kafka tail): 3 → 6 → 12 → 15 cap, reset on new messages (0.08825ms)
✔ effectiveRefreshMs: all-regions mode is floored at 30 s, single region unchanged (0.33ms)
✔ pollWhileVisible honours a `get ms()` getter fed by adaptiveCadence (18.292917ms)
✔ createLimiter(2) (AccountsOverview probe stagger): never more than 2 in flight, all run (78.323792ms)
✔ quiet cadence (Kafka Overview metrics): 4 s, then 8 → 10 s after 3 unchanged samples, snaps back on change (0.213667ms)
✔ at most 8 PRs stay cached, least recently used first out (152.0855ms)
✔ expired entries are swept when another PR is opened (24.37025ms)
✔ the byte budget evicts older PRs; loaded files are charged (64.529ms)
✔ favorites first, then the visible order, mapped + deduped + capped (0.758292ms)
✔ modules the user cannot see (RBAC / hidden) are never warmed (0.073875ms)
✔ plugin routes and unknown ids are skipped (0.067ms)
✔ only a local daemon on a non-phone without Save-Data prefetches (0.189292ms)
✔ resource attribution includes reparented owned WebKit XPCs, excludes foreign coalitions/system WebKit and driver (101.18775ms)
✔ coalition cache reuses stable identities, invalidates reused PIDs, and never keeps an exited owner (15.551042ms)
✔ Chromium keeps descendant attribution without a macOS coalition lookup (13.150208ms)
✔ DiscoveryChat late load cannot replace the newly selected conversation (73.833458ms)
✔ DiscoveryChat late failed send preserves both conversations' drafts (5.971ms)
✔ DiscoveryChat late successful send cannot append A messages to B (4.331833ms)
✔ RefineChat late load cannot replace the newly selected conversation (3.4145ms)
✔ RefineChat late failed send preserves both conversations' drafts (3.216375ms)
✔ RefineChat late successful send cannot append A messages to B (2.529459ms)
✔ a new story always seeds the form (0.69525ms)
✔ a detail replacement keeps unsaved edits and refreshes untouched fields (0.069417ms)
✔ an unedited form follows the server (0.067625ms)
✔ after the user saves, the saved text stays in the form (0.05175ms)
✔ every Overview Jira write is confirmed before it is sent (0.788541ms)
✔ workspace-only loads never read the reactive story selection (178.588792ms)
✔ late draft mutation cannot replace a newly selected story (95.172083ms)
✔ late collection response and loading completion belong to their selection (66.722584ms)
✔ late workspace list response cannot replace the current workspace (82.8515ms)
✔ dirty Product story, tab and view transitions respect Keep editing (80.261583ms)
✔ A to B to A cannot revive a request from the earlier A lifetime (19.13925ms)
✔ S18-01: a Jira title/description write for A never patches B after a switch (42.101875ms)
✔ S18-03: captureSelection goes stale on A → B → A (a re-open is a new owner) (60.621167ms)
✔ import into 50 transcripts from the first page preserves ordinary cursor reachability (199.940666ms)
✔ import into 51 transcripts from the first page preserves ordinary cursor reachability (97.989417ms)
✔ import into 51 transcripts from an older page preserves ordinary cursor reachability (79.455792ms)
✔ import into 100 transcripts from the first page preserves ordinary cursor reachability (67.605875ms)
✔ import into 100 transcripts from an older page preserves ordinary cursor reachability (24.859834ms)
✔ a delayed pre-import page cannot replace the refreshed first page after POST (38.238875ms)
✔ leaving an off-page search reveal restores the ordinary boundary item and cursor (22.47325ms)
✔ real registry unregister stops Product search before its next cursor GET (81.84075ms)
✔ real registry unregister releases retained search rows even when the pending read rejects (84.476334ms)
✔ real asynchronous reveal honors close before expanding, painting or scrolling (110.421875ms)
✔ real asynchronous reveal honors no-results query before expanding, painting or scrolling (59.405667ms)
✔ real asynchronous reveal honors normal reveal before expanding, painting or scrolling (169.607ms)
✔ opening collapsed transcript history transfers only a bounded thin first page (218.501708ms)
✔ expanding a thin transcript fetches its body through the actual Overview handler (134.917042ms)
✔ transcript cache enforces both byte and entry bounds and rehydrates evicted bodies (52.820959ms)
✔ summary pagination stays bounded and older collapsed search reveals the correct body (79.591083ms)
✔ failed body loading can retry without losing the selected summary (45.92375ms)
✔ late transcript body belongs to the original story lifetime (34.235375ms)
✔ an oversized body stays out of the cache and remains downloadable in full (79.401333ms)
✔ Proof list workspace change clears summaries before sidebar loads (153.443ms)
✔ Proof detail cannot publish after its workspace changes (14.452333ms)
✔ Proof identity change invalidates pending summary reads in the same workspace (60.803583ms)
✔ readiness follows registry tool detection for built-in and custom providers (157.553709ms)
✔ context-dependent and legacy unchecked providers remain launchable without claiming readiness (11.641625ms)
✔ late story destinations cannot replace the newly selected account (88.595417ms)
✔ late rfc destinations cannot replace the newly selected account (10.424917ms)
✔ destination retry preserves the typed RFC title and parent (14.2685ms)
✔ story submit binds the exact reviewed body and metadata despite later detail updates (149.69975ms)
✔ rfc submit binds the exact reviewed body and metadata despite later detail updates (9.375625ms)
✔ a preview without a content version binds null identity and the exact empty-body digest (18.652542ms)
✔ publication conflict disables the stale preview until explicit review reload (16.294667ms)
✔ Recap unchanged completed archive polls metadata without retransferring its body (131.786125ms)
✔ Recap summary metadata alone updates without another body request (21.471959ms)
✔ Recap append beyond an older complete page updates metadata without rereading that page (11.906834ms)
✔ Recap partial newest page appends after a missed event, then resumes cheap unchanged checks (8.975875ms)
✔ Recap exact page boundary exposes the next cursor without appending 101 rows or moving the page (8.137958ms)
✔ Recap external draft replacement and removal remain observable after capture stops (11.19025ms)
✔ Recap delayed old body cannot be acknowledged as a newer draft revision (5.710666ms)
✔ Recap explicit refresh still reads body and a closed panel ignores pending body completion (50.762542ms)
✔ Recap revision error retains content and recovery clears error without rereading unchanged body (8.508709ms)
✔ Recap revision failures back off the real visible poller and recovery restores cadence (68.513541ms)
✔ a burst of edits renders only the first (running) and the newest job (3.266167ms)
✔ jobs without isStale keep strict FIFO order (0.261583ms)
✔ a failing job or a throwing isStale never wedges the chain (0.328833ms)
✔ REST DTOs: otto-core structs and their types.ts mirrors agree (2.652541ms)
✔ membership waits for snapshot and fails closed after ten seconds of silence (16.368917ms)
✔ silence deadline resets per server frame rather than rounding to the heartbeat tick (8.778333ms)
✔ a stalled WebSocket handshake reaches disconnected and retries without waiting for open (0.502834ms)
✔ signal parser rejects oversized, malformed and unknown media envelopes (0.622708ms)
✔ ending room while screen permission is pending stops the late stream and publishes nothing (0.522458ms)
✔ presenter permission is required before opening a screen picker (0.084708ms)
✔ late microphone capture cannot reactivate after leaving audio (0.50675ms)
✔ a host generation change invalidates a pending guest picker even if disconnect was missed (0.138125ms)
✔ server coordinator shutdown stops the host microphone and audio context (0.22225ms)
✔ moderation mute then lift cannot revive a picker opened before moderation (0.3925ms)
✔ recap accessor exposes only the host raw live microphone and withdraws muted audio (0.336542ms)
✔ 25 screen source replacements and 25 audio rejoins reuse negotiated sender slots (20.732834ms)
✔ removing a member during a pending video replacement cannot recreate its audio mix (11.861041ms)
✔ revoking a source during pending slot reuse clears the newly attached video track (0.569542ms)
✔ a retained receiver stream binds new source IDs without another ontrack event (13.927625ms)
✔ a binding-only publisher replacement triggers forwarding to another guest (28.015042ms)
✔ offer glare still accepts ICE for the current remote generation (1.87025ms)
✔ initial ignored-offer candidates are not replayed into a different accepted generation (0.351917ms)
✔ negotiation chooses the local description after a pending remote offer changes signaling state (0.278083ms)
✔ local preview demand never subscribes to the publisher through the server (0.183667ms)
✔ revocation stops capture that resolves after the permission picker (1.166ms)
✔ failed source replacement preserves the existing capture (0.43225ms)
✔ revoked permission is rechecked at capture commit and concurrent pickers cannot leak (0.39325ms)
✔ four-presenter host star stays under aggregate video ceiling with one full pin per viewer (0.671458ms)
✔ grid budgets are shared per viewer and hidden sources stop encoding (0.25775ms)
✔ dimensions preserve aspect ratio, never upscale and invalid metadata disables transmission (0.165875ms)
✔ host mixes exclude the recipient, room-muted, departed and locally muted senders (0.830916ms)
✔ source geometry invalidates on resize but not intentional quality downscale (1.054667ms)
✔ encodes bounded mono16k PCM WAV with clamping and duration-preserving downsampling (0.582167ms)
✔ screen difference retains first/changed frames and skips small noise (0.087167ms)
✔ bounded upload queue drops overflow and invalidates queued work when consent epoch changes (0.521916ms)
✔ invites require an explicit secure host and exactly one fragment capability (0.944208ms)
✔ room sockets carry no query credential and use the room endpoint (0.087041ms)
✔ pin is local and a stopped source falls back to the terminal (0.058042ms)
✔ annotation positions account for letterboxing and reject the margins (0.08825ms)
✔ only recognized automatic terminal reports are passive input (0.189083ms)
✔ late annotation events cannot restore cleared or revoked marks (0.20975ms)
✔ closed Rooms view: an event bumps activity and fetches nothing (121.410875ms)
✔ open view appends the event message with no GET, deduped by id (101.708792ms)
✔ unmount evicts all but the selected room; a resync re-reads the tail (82.324875ms)
✔ go() without guards navigates (162.289791ms)
✔ a guard returning false keeps the route; true lets it through (70.389167ms)
✔ a link / typed hash is reverted when a guard declines (43.103542ms)
✔ back() asks the guards; unregistering removes the guard (43.202167ms)
✔ replace() is never guarded (26.965333ms)
✔ room invitation is captured only in memory and removed before route history is recorded (32.8395ms)
✔ openModule resumes a module where it was left; the active module goes home (27.691833ms)
✔ workspace leave decisions run guards without navigating or accepting same-route exemptions (33.494375ms)
✔ a newer route decision invalidates a pending workspace decision (34.177583ms)
✔ a share token survives a reload of the guest page (tab sessionStorage), never in the URL (64.720917ms)
✔ native Back then Forward moves the in-app pointer and keeps forward history (243.224083ms)
✔ a refused native Back is undone with history.go, not by overwriting the entry (36.111125ms)
✔ an approved native Back under a guard lands on the target (16.616166ms)
✔ a new link navigation after Back still truncates forward history (17.016042ms)
✔ ContextMenu key and ⇧F10 open the menu; nothing else does (0.423625ms)
✔ keyboard menu opens at the start edge, mirrored in RTL (0.392208ms)
✔ the menu chord works from a non-editable descendant, not from a field (0.153167ms)
✔ a run with every artifact links to proof, findings, loop and branch (S20-02) (0.74475ms)
✔ a run with nothing to inspect yields no links (0.062667ms)
✔ findings and branch need a repo to resolve (0.058125ms)
✔ the evidence routes resolve to THIS run’s review and branch (S20-301) (0.122917ms)
✔ without a review id there is no findings link (nothing specific to open) (0.055084ms)
✔ older same-query detection cannot overwrite a newer result (114.61425ms)
✔ completed launch in an unmounted workspace cannot reopen its detail (73.845916ms)
✔ old list response cannot replace a newer request in the same workspace (233.17925ms)
✔ launch completion does not switch the store back to a departed workspace (40.694541ms)
✔ late refresh cannot undo a confirmed cancellation (28.762333ms)
✔ workspace change clears detail and rejects late event history (14.925375ms)
✔ checkpoint-only progress merges freshness without clearing loaded pages (216.205542ms)
✔ body cache rejects another version and evicts only bounded retained bodies (18.81425ms)
✔ out-of-order run snapshots do not roll back selected details or checkpoint generation (38.52325ms)
✔ checkpoint pages preserve a row already fetched at a newer revision (6.210208ms)
✔ unchanged nodes (same detail_version + status) keep their object and fields (6.126916ms)
✔ shared node bodies: one request per (run,node) across the step list and the inspector (14.443875ms)
✔ a shared read is aborted only when every consumer that joined it aborted (8.729333ms)
✔ a contiguous live node summary applies in place; anything else refetches (perf W5) (10.890791ms)
✔ shared completed node bodies obey a 16 MiB estimated byte budget (16.139125ms)
✔ oversized shared bodies reach every joined consumer but are not cached (24.267875ms)
✔ shared completed body eviction uses last access rather than insertion order (8.657292ms)
✔ network-path references are external, not relative (1.420417ms)
✔ relative, fragment and query hrefs stay internal (0.217417ms)
✔ http(s) is external; mailto allowed but not external (0.152708ms)
✔ script-ish schemes are refused, even obfuscated (0.194583ms)
✔ data: only as a non-SVG image (0.141084ms)
✔ version cache reuses immutable selected versions with bounded bytes and entries (0.477666ms)
✔ kick-out confirms with the session, the workspace and no-undo; mid-turn says so (0.514709ms)
✔ kick-out: confirmed → delete + walk-out together, then a toast (0.455ms)
✔ kick-out: cancelled → nothing happens; failed delete → the kid walks back (0.134209ms)
✔ no actions for a kid you can’t manage (0.114875ms)
✔ detention archives (with the working hint) while the kid walks to the bench (0.10125ms)
✔ detention: a cancelled guard walks the kid back without an error (0.072959ms)
✔ release unarchives and says the kid is back (0.084458ms)
✔ actor disposal releases unique cloned skeletons and mixer bindings while preserving shared templates (4.184083ms)
✔ every workspace is a classroom door, the current one first (3.002375ms)
✔ status → pose: only real output is typing; an alive-but-quiet process sits idle (0.0785ms)
✔ each provider gets its own kid; unknown providers the custom kid (0.051875ms)
✔ seating is stable: a status change never moves a kid to another desk (0.219375ms)
✔ a room hangs behind its corridor door: back wall on the corridor, door segment on its door (0.105458ms)
✔ engine sessions sit in the back row only while live; viewers cannot manage (0.181417ms)
✔ archived sessions sit on the detention bench (newest first, max 3) (0.165208ms)
✔ complete membership keeps overflow sessions actionable while geometry stays capped (0.340375ms)
✔ roomSummary reads like a door sign (0.158375ms)
✔ a full grid of desks, each with a chair, and one door each side of the wall (0.710375ms)
✔ no furniture footprint lands on a walkway (0.510959ms)
✔ lanePath only walks axis-aligned along lanes and aisles (0.242917ms)
✔ busy kids never leave their desks; idle kids do wander, and come back (13.942042ms)
✔ a wandering kid hurries back when its session wakes up (1.25875ms)
✔ the headmaster checks on the kid that needs you first (0.680917ms)
✔ kick-out walks the kid out of the door; detention walks it to the bench (0.511917ms)
✔ restore puts a kicked kid back at its desk (the delete failed) (0.097709ms)
✔ reduced motion: nobody wanders, the headmaster stays at the board, kicks are instant (1.6925ms)
✔ every clip life asks for is in the asset contract (38.5735ms)
✔ an unanswered "needs you" frees the kid to wander after BORED_MS; a fresh one keeps the hand up (28.454167ms)
✔ hidden documents abort screen reads, suppress late feeds, and resume one nonoverlapping batch (3.202625ms)
✔ a poller created while hidden waits for reveal and still caps each batch at twelve (1.300292ms)
✔ abort terminates pending worker and ignores late messages (80.700916ms)
✔ elapsed deadline terminates a script that never replies (32.851042ms)
✔ oversized input rejects before any worker message (12.542667ms)
✔ postMessage clone failure terminates and settles exactly once (14.270416ms)
✔ messageerror terminates and success cleans its worker (29.8865ms)
✔ already aborted script creates no worker (48.416959ms)
✔ pre-script keeps pm request/header and variable behavior (0.942959ms)
✔ console bursts stop retaining entries at the script output budget (2.657792ms)
✔ oversized log text is rejected before retention (0.216875ms)
✔ post-script test bursts share bounded output collection (1.613ms)
✔ post-script keeps passed and failed pm tests plus chaining (0.201084ms)
✔ write set records explicit same-value writes and unsets but not reads (0.12475ms)
✔ writes never overlap and the last one sends the latest state (2.872708ms)
✔ a failed write does not wedge the queue (0.378583ms)
✔ BACKGROUND_SOURCES mirrors the Rust BACKGROUND_SESSION_SOURCES exactly (1.20575ms)
✔ the inlined scratch id matches sessionScope (0.204541ms)
✔ isForeground / isShownKind follow the daemon rule (0.267584ms)
✔ bucketSessions: one pass reproduces every sidebar list (6.710292ms)
✔ bucketSessions on 2,360 rows stays well under a frame (17.347667ms)
✔ shownListQuery always asks for the foreground rows + channel tickets (0.401875ms)
✔ idChunks splits at the daemon cap of 64 (0.16575ms)
✔ applyOrder puts unknown ids on top newest-first, then known in order, ignores dead ids (20.397042ms)
✔ reorder pulls from and reinserts at to; unknown ids unchanged (0.112125ms)
✔ applyOrder with an empty order equals recency sort (0.086542ms)
✔ applyTokenOrder: most tokens first, unused sessions keep recent order after (0.151292ms)
✔ image upload cannot cross terminal ownership after switch (101.587167ms)
✔ image upload cannot cross terminal ownership after disconnect (64.817542ms)
✔ image upload cannot cross terminal ownership after readonly (35.05ms)
✔ an image still owned by its connected writable terminal is pasted once (30.757167ms)
✔ in a workspace, scratch sessions the store holds for the sidebar are out of scope (0.670084ms)
✔ a scratch session opened as a tab here is on screen, so it is in scope (0.081375ms)
✔ with no workspace selected, scratch sessions are all there is (0.05425ms)
✔ applyStatusPatches: one pass, one new array, untouched rows keep identity (0.758917ms)
✔ applyStatusPatches: same array when nothing applies (0.237209ms)
✔ applyStatusPatches: a burst keeps only the newest stamp per id (Map semantics) (0.433667ms)
✔ staleStatusIds: drops unknown terminal ids, keeps loaded and live ones (0.21625ms)
✔ canDropExited: held by a tab, a pane or an in-flight fetch → stays (0.229834ms)
✔ token counts read compactly (0.477167ms)
✔ cost is an estimate with sensible floors (10.084833ms)
✔ the label puts tokens first and cost second; no usage → null (0.083916ms)
✔ run history is off unless a positive window is stored, floored like the daemon (0.434625ms)
✔ changing the window keeps every other stored retention field (0.414208ms)
✔ section ids are unique and labels are sentence case (0.51ms)
✔ access gates: ungated for members, admin sections for settings admins, root-only groups (0.126167ms)
✔ filter matches label, keywords and group, ranking label prefixes first (1.99775ms)
✔ every section page titles itself from the registry (3.19725ms)
✔ sections backed by root-only handlers are gated on root, not settings:admin (0.126208ms)
✔ root-only handlers ↔ root-gated sections (S17-303) (0.325ms)
✔ failed first listing retains attempted state until explicit retry (142.843375ms)
✔ transfer polling waits through finalizing and returns completed bytes (30.388708ms)
✔ pagination reaches the final omitted change and downloads retain complete source bytes (131.044792ms)
✔ identical 50k-line JSON produces no false changed lines or full-file render (91.611042ms)
✔ distant sparse changes retain equal interior lines within a fixed allocation budget (219.660917ms)
✔ distant substitutions inside 50k repeated lines preserve the unchanged common run (64.136042ms)
✔ bounded repeated-line traceback reconstructs both sources after insertions (51.317667ms)
✔ bounded repeated-line traceback reconstructs both sources after deletions (27.303917ms)
✔ bounded repeated-line traceback reconstructs both sources after reordering (38.872291ms)
✔ actual template render inputs are bounded for disjoint large sources (50.568042ms)
✔ actual template render inputs are bounded for empty-before large sources (17.443458ms)
✔ actual template render inputs are bounded for unlimited-context large sources (29.620958ms)
✔ every sidebar module routes to its own page chunk (1.623125ms)
✔ the shell imports no module page statically (1.598458ms)
✔ mermaid, sql-formatter and qrcode are never imported statically (66.431917ms)
✔ the shell chunk evaluates no page-owned store, handler file or the ui-commands catalog (perf F2) (16.897584ms)
✔ the entry chunk never carries the mock-API fixtures (perf F10) (6.719167ms)
✔ the right activity panel loads each tab on demand (perf G1) (2.74625ms)
✔ patchSessionIn keeps the array when the id is absent or the patch is a no-op (0.739208ms)
✔ rafCoalesce applies only the latest move per frame, and flush applies it now (0.1585ms)
✔ loadFrecency parses once per stored string and recordUsage never edits the shared map (0.180291ms)
✔ capNotices drops the oldest read notices first, unread only past the cap (175.431792ms)
✔ ingest keeps at most NOTICE_CAP notices (48.172042ms)
✔ plain chords split modifier glyphs into separate keys (0.966917ms)
✔ a range stays one readable chip (0.089542ms)
✔ alternatives get a plain separator, not a "U / " key (0.061916ms)
✔ isEmbedSearch: only embed=1 marks the side pane document (0.602625ms)
✔ routeOf strips the hash prefix in every spelling (0.133ms)
✔ paneKey groups routes by the sidebar entry that owns them (0.096458ms)
✔ paneKey matches the sidebar highlight (activeNavId) for every route shape (0.081625ms)
✔ clampShare keeps the split within 25–75% and both panes above the floor (0.082875ms)
✔ fitsTwoPanes needs room for two minimum-width panes and the divider (0.051416ms)
✔ leading/side share convert both ways for both placements (0.089208ms)
✔ leadingFromPointer is logical: mirrored in RTL (0.0545ms)
✔ nudgeLeading: arrows step (visually), Home/End limits, Enter resets (0.078083ms)
✔ saved state: round-trips, clamps, and never restores a one-time route (0.521083ms)
✔ embedSrc: same page, embed flag, no window identity, the route in the hash (0.105125ms)
✔ embeddedKeyTarget: window verbs go to the host, pane verbs stay (0.072917ms)
✔ sideMenuTarget: only a focused pane takes the pane-scoped menu items (0.048333ms)
✔ readGuestMsg validates everything the host acts on (0.246458ms)
✔ readHostMsg validates what the pane acts on (0.08275ms)
✔ targetOrigin: the real origin, or * for an opaque one (0.039084ms)
✔ no favorites: no Favorites section, shipped section order (2.014209ms)
✔ favorites come first, in the saved order, and leave their own sections (0.231708ms)
✔ a section emptied by favorites disappears; a user order still applies inside Favorites (0.087583ms)
✔ favorites respect RBAC, features and plugins: an unavailable favorite is skipped (0.153958ms)
✔ favorites + hidden: hidden favorites vanish outside edit mode, stay listed while editing (5.701417ms)
✔ duplicate favorite ids render once (0.086625ms)
✔ section order: saved first, unknown / duplicate / favorites ignored, missing appended in default order (0.102708ms)
✔ moveAmong: swaps with the nearest present neighbour, null at the ends (0.110291ms)
✔ reorderAmong: drag lands before the target going up, after it going down (0.076708ms)
✔ insertFavorite: appends, inserts before a target, never duplicates (7.063375ms)
✔ site brand @latest resolves the same version as export (69.230167ms)
✔ site brand @approved resolves the same version as export (9.667875ms)
✔ site brand @v3 resolves the same version as export (7.753791ms)
✔ brand content beyond inline cap loads the exact resolved version (11.597959ms)
(node:7001) [DEP0205] DeprecationWarning: `module.register()` is deprecated. Use `module.registerHooks()` instead.
(Use `node --trace-deprecation ...` to show where the warning was created)
✔ site.css is byte-identical to the Rust crate copy (the export ships the same stylesheet) (2.814333ms)
✔ the catalog: ~25 section blocks across every family, all renderable (14.045917ms)
✔ the renderer escapes copy and sanitizes links and images (0.245667ms)
✔ hidden sections stay in the document but never reach the export (0.10875ms)
✔ 3D embeds show the artifact (poster, version, policy) or a stand-in card (0.152792ms)
✔ brand kits (otto-brand/1 and the legacy typography shape) become --brand-* tokens and theme slots (0.96825ms)
✔ tone and contrast follow the brand colours (0.138292ms)
✔ the validator gates structure, ids, blocks, enums and unsafe URLs (0.302584ms)
✔ six starter templates, all valid, readable ids, brand tokens only (5.023ms)
✔ document ops never mutate their input and keep ids unique (7.840166ms)
✔ "From your library" copies carry provenance as a derived_from reference (0.40075ms)
✔ parseSite reads empty and legacy docs, and reports invalid ones (0.147292ms)
✔ audit flags low contrast, off-brand colours and missing text alternatives (0.160917ms)
✔ the co-design selection payload names the node and stays under the assist cap (0.204917ms)
✔ SD-17: ops path-copy — untouched pages, sections and blocks keep their identity (0.391583ms)
✔ S18-23: section classes built from doc fields cannot break out of the class attribute (0.2275ms)
✔ one group per name with variants in display order (no ×3 rows) (6.962792ms)
✔ sync states: unknown until bodies are read, then in sync or drifted (0.35825ms)
✔ bundled version drift marks the library copy drifted (0.135583ms)
✔ provider-only copies compare against the first provider (0.067333ms)
✔ filters: search, category, source, drifted-only; counts (0.200792ms)
✔ namesNeedingBodies lists only provider copies that have something to compare to (0.119833ms)
✔ normalizeBody ignores line endings and trailing whitespace only (0.062917ms)
✔ parseFrontmatter reads scalars, block scalars and lists (0.273417ms)
✔ a leaked block-scalar marker is not a description (0.077667ms)
✔ parseFrontmatter without frontmatter returns the whole text (0.116458ms)
✔ file deletion confirmation keeps the skill shown in the question (90.184375ms)
✔ save completing after selecting another skill cannot replace its body or files (5.186625ms)
✔ review stop confirmation never targets a newly selected review (5.217209ms)
✔ review fixer completion cannot replace a newly selected review (18.611625ms)
✔ skills-eval/SkillsEvalPage: a late workspace list cannot publish into the new workspace (14.399167ms)
✔ skills-lab/SkillReviewPanel: a late workspace list cannot publish into the new workspace (7.260042ms)
✔ library replacement and removal cannot switch targets while confirmation is open (11.2915ms)
✔ provider comparison cannot cache old text under a different selected skill (4.78675ms)
✔ unchanged save acknowledges only submitted text while newer typing stays dirty (2.739459ms)
✔ GoldenTasksView list completion keeps workspace ownership (3.117792ms)
✔ MatrixView list completion keeps workspace ownership (3.928375ms)
✔ matrix stop confirmation cannot cancel the next matrix (2.610584ms)
✔ creating golden task after workspace switch cannot close the new form or publish old task (2.6865ms)
✔ annosHash is stable for equal states and changes on any edit (upload skip key) (0.494792ms)
✔ an unchanged annotation list makes zero uploads (0.478958ms)
✔ only a state that differs from the last save uploads (0.131583ms)
✔ a real change is detected (geometry, text and order) (0.10475ms)
✔ MAX_PANES is the user decision (15, not 6) (3.66825ms)
✔ insertBeside: left/up put node in a, right/down in b, axis col vs row (0.717458ms)
✔ removeLeaf collapses the parent and keeps the sibling subtree key and frac (4.332833ms)
✔ swapLeaves swaps sessions, not keys (0.180084ms)
✔ moveLeaf same key / unknown target is identity (2.123458ms)
✔ moveLeaf removes then inserts (3 leaves stay 3, new position) (0.153666ms)
✔ setFrac clamps to 0.1 and 0.9 (0.111625ms)
✔ fromLegacy n=1..4 shapes and fractions (0.126459ms)
✔ toLegacy(fromLegacy(x)) round-trips panes+axis for n=1,2 and panes for n=3,4 (0.566292ms)
✔ parseLayout: null → null tree; garbage → null (0.40525ms)
✔ parseLayout: v1 → fromLegacy (0.254125ms)
✔ parseLayout: v2 with a dead leaf drops it and collapses (0.549583ms)
✔ parseLayout: v2 with a missing focused → null focused (0.086291ms)
✔ parseLayout: leaves beyond MAX_PANES are trimmed (4.583ms)
✔ applyPreset cols/rows for n=2..15: every leaf share is 1/n and depth ≤ ⌈log₂ n⌉ (5.469417ms)
✔ applyPreset one-two-below / one-two-beside shapes (0.207042ms)
✔ applyPreset grid column count 2/3/4 at n=4/9/15 (0.395167ms)
✔ replaceSession maps every matching leaf, removes on null, dedupes a replaced leaf whose target already exists (0.395541ms)
✔ retain returns the same object when nothing changes (0.281709ms)
✔ applyTileOrder: known first in order, unknown appended, dead ids skipped (0.397708ms)
✔ reorderIds pulls from and reinserts at to; unknown ids unchanged (0.079792ms)
✔ neighbour on a 2×2 rect map (right/left/down/up + null at the edge) and cross-axis overlap preference (1.068ms)
✔ storyStage: product stages map to one label/tone; done is success, not accent (0.85775ms)
✔ sessionState: live states map to one label/tone (0.649792ms)
✔ sessionState: needs-you is amber and wins over live states only (0.108375ms)
✔ sessionState: resumable exits are suspended, never amber; plain exits end (0.09825ms)
✔ sessionState: non-zero exit code is failed; zero follows resumability (0.0655ms)
✔ sessionState: stale stops working/running claims from pulsing (0.053542ms)
✔ isResumable mirrors the sidebar rule (0.044834ms)
✔ runStatus normalises every module vocabulary (0.156667ms)
✔ runStatus keeps unknown words readable and neutral (0.08675ms)
✔ envTone: prod danger, staging warning, dev neutral (0.127875ms)
✔ suspendedNote says why and when a session went dormant (A4) (0.115625ms)
✔ restartSummaryText reports kept vs suspended sessions, or nothing (0.080084ms)
✔ token references parse and label (Brand Kit name grammar) (0.859083ms)
✔ resolveColor goes through the kit resolver and falls back instead of breaking the render (0.385583ms)
✔ resolveMaterial: explicit field > preset default > renderer default (0.224792ms)
✔ applyMaterialPreset clears what the preset owns and keeps colour/opacity (0.443958ms)
✔ web budget readout (0.101833ms)
✔ easing curves start at 0, end at 1 and keep their shape (0.140083ms)
✔ stateTiming defaults, clamps and honours reduced motion (0.087084ms)
✔ statePoses = base document + that state’s overrides (0.427792ms)
✔ lerpPose tweens transforms, colours, opacity and visibility (0.317875ms)
✔ one pass yields per-agent live/done/active and swarm totals (1.7235ms)
✔ no runs → empty stats (0.100209ms)
✔ initial application hooks need no runtime; an opt-in import connects the same hooks (105.293958ms)
✔ opt-out creates no clock, span, queue or export; disabling drops in-flight work (23.572625ms)
✔ queue is bounded, exports are batched and failures do not grow an offline backlog (23.942292ms)
✔ navigation and request spans share W3C context, and arbitrary fields never leave (10.26375ms)
✔ one flush at a time; consent revocation aborts delivery and invalidates old spans (13.089125ms)
✔ failed transport spans coexist with successful calls without invented HTTP status (6.607667ms)
✔ production HTTP wrapper omits a nonexistent response status on rejection (68.788583ms)
✔ configuration fetch retries a temporary failure and never reactivates after disposal (13.014542ms)
✔ hiding a view during paint discards render and navigation instead of recording timeout latency (6.368542ms)
✔ disposal during pending config cannot activate collection (7.324292ms)
✔ disposal during pending runtime cannot activate collection (4.882ms)
✔ a newer disabled configuration wins over a pending runtime import (5.972417ms)
✔ actual HTTP producer conforms to the shared ingest contract without exporting route identities (123.316417ms)
✔ stale daemon identity with a reachable API cannot mutate, signal or delete a fixture (134.405ms)
✔ replacement during config retrieval cannot receive the disable mutation or lose its data (18.946583ms)
✔ one compact in flight per window; the focused pane goes first (1.37925ms)
✔ a repeated request while queued or in flight is one compact (0.089666ms)
✔ panes that left the screen are dropped, not run (0.080917ms)
✔ a pane that declines at run time frees the slot at once (0.066041ms)
✔ a lost reply frees the slot after the timeout; cancel frees it at once (0.099291ms)
✔ pauses once above HIGH and resumes once below LOW (1.030458ms)
✔ normal output below HIGH never sends flow frames (0.156417ms)
✔ a slow drain re-sends pause as a keep-alive (server auto-resumes after 2 s) (0.087125ms)
✔ no pause is sent while the socket is closed; a new stream starts unpaused (0.122625ms)
✔ hasCursorOrErase: redraws yes, plain appended output no (0.129333ms)
✔ withInOrderReset prefixes RIS and keeps the snapshot bytes (0.091083ms)
✔ WriteQueue slices ≤ WRITE_SLICE, keeps ≤ WRITE_INFLIGHT inside xterm, and loses nothing (38.294625ms)
✔ WriteQueue: xterm throwing un-counts the slice and keeps draining (0.147208ms)
✔ input over a big queue sends resync BEFORE the resume its drop triggers, and drops only the queue (0.305709ms)
✔ scrollback depths: 2k default for embeds, 4000 (the daemon depth) only where a primary pane asks for it (0.806125ms)
✔ credit: offer, grant, then no pause frames however big the backlog (0.2525ms)
✔ credit: binary snapshots are offered only on request (perf 01 N3: never to the room relay) (17.364958ms)
✔ resize-with-grid compact (perf 01 N6): a widened visible agent pane sends ONE grid-carrying scrollback (1.357917ms)
✔ credit: acks are cumulative, every CREDIT_ACK_STEP consumed, credited bytes only (0.661208ms)
✔ credit: a small granted window acks every window/4 (never waits on a remainder) (0.077084ms)
✔ credit: dropped bytes are acked (resync on input sends resync first) (0.116ms)
✔ credit: a new socket reverts to pause mode and bytes from the old stream never ack (0.079417ms)
✔ credit: client backlog is bounded by the window independent of send rate (577.146458ms)
✔ tui clean-up: one repaint after a burst goes quiet, not one per frame (0.32675ms)
✔ tui clean-up: a never-quiet spinner is cleaned ~1×/s (was 5×/s) (0.1095ms)
✔ hold: consumed bytes are not acked while held; release acks the total once (0.114542ms)
✔ hold: release with nothing consumed, or before a grant, sends no ack (0.037917ms)
✔ hold: a dropped queue while held is acked on release (the daemon owes one snapshot) (0.057875ms)
✔ RollingStats keeps the last N and reports nearest-rank percentiles (0.50075ms)
✔ KeyLatency splits one keystroke into wire, parse and paint (0.13ms)
✔ KeyLatency ignores output with no keystroke pending, and reset drops a sample (0.058ms)
✔ ProbeClock pairs acks with their probe and forgets stale ones (0.089292ms)
✔ HUD formatting (0.077833ms)
✔ park: take returns the parked value once and cancels its TTL (1.1075ms)
✔ park: LRU cap evicts (and disposes) the oldest parked engine (0.148333ms)
✔ park: TTL disposes an engine nobody came back for (0.081667ms)
✔ park: re-parking a session disposes the older engine; a stale close cannot evict the newer one (0.077666ms)
✔ park: bounds are the documented ones (0.927292ms)
✔ park → adopt keeps the credit stream: acks continue on the same tag through re-pointed sinks (1.35975ms)
✔ snapshotApplies: attach/resync rebuild; a held optional compact is skipped (0.331333ms)
✔ park: a byte budget evicts the oldest engines past it, keeping the newest (perf 01 N2) (0.322834ms)
✔ park: the default budget holds ~5 worst-case (4000 × 200) engines, all PARK_CAP typical ones (0.347917ms)
✔ a new grid is sent and, in a TUI pane, compacted (0.79875ms)
✔ A→B→A: same final grid but a local reflow still asks for a snapshot (0.084333ms)
✔ nothing changed anywhere: no send, no snapshot (1.307917ms)
✔ a forced sync re-sends the same grid without a snapshot unless the buffer reflowed (0.111792ms)
✔ plain shells never compact (their scrollback reflows natively) (0.075583ms)
✔ a wider grid compacts (the widen-leaves-a-void case) (0.135708ms)
✔ a narrower grid, or a row change of at most 2, does not compact (0.086125ms)
✔ more than 2 rows either way compacts; an unknown previous grid compacts (0.058583ms)
✔ A→B→A still compacts with grids given (nothing sent, buffer reflowed) (0.058541ms)
✔ relative paths, source basenames and locations from actual CLI output (2.957625ms)
✔ quoted and markdown paths with spaces retain full destinations (0.964125ms)
✔ URL overlap, punctuation, task names, hosts and command schemes (0.439208ms)
✔ OSC8 dispatch permits only HTTP(S) and local file targets (0.393292ms)
✔ wrapped logical paths map inclusive ranges across terminal rows (2.812333ms)
✔ wide Unicode and surrogate pairs do not shift file ranges (5.354542ms)
✔ dot segments preserve filesystem symlink semantics until daemon canonicalization (2.361834ms)
✔ unquoted rooted path with spaces wins over a misleading relative suffix (0.187625ms)
✔ Codex parenthesized cyan hardwrap retains whole target on either row without linking indent (0.850167ms)
✔ Claude bold edge-filled relative path joins slash continuation from cursor-addressed next row (2.324791ms)
✔ hardwrap recognition does not combine separate files, styles, or unrelated prose (0.886083ms)
✔ rooted spaced paths stop at sentence punctuation and a subsequent explicit root (0.300708ms)
✔ mixed soft and hard wraps preserve the original absolute prefix on all three rows (1.103333ms)
✔ painted trailing spaces do not make an incomplete path edge-filled (0.374167ms)
✔ a divider in a last row that shrank from 3 tiles to 2 still moves (0.730709ms)
✔ a stored row SHORTER than the live one never leaks an old weight into a drag (0.08025ms)
✔ liveTracks returns copies (editing never mutates the stored weights) (0.093208ms)
✔ TiledView edits start from the rendered weights, not the raw stored arrays (0.222542ms)
✔ the persistent container is the polite live region (1.059417ms)
✔ only an error toast has its own live role; every toast reads atomically (0.193667ms)
✔ Native light: --accent-text >= 4.5:1 on surfaces and the accent tint (0.580959ms)
✔ Native light: --control-border >= 3:1 on --bg / --surface / --surface-2 (0.081958ms)
✔ Native dark: --accent-text >= 4.5:1 on surfaces and the accent tint (0.065041ms)
✔ Pro Dark: --accent-text >= 4.5:1 on surfaces and the accent tint (0.048209ms)
✔ Warm light: --accent-text >= 4.5:1 on surfaces and the accent tint (0.328166ms)
✔ Warm light: --control-border >= 3:1 on --bg / --surface / --surface-2 (0.149958ms)
✔ Warm dark: --accent-text >= 4.5:1 on surfaces and the accent tint (0.132708ms)
✔ Native light: every text token >= 4.5:1 on every ground and accent tint (1.111166ms)
✔ Native light: Rail count badges >= 4.5:1 (0.308375ms)
✔ Native dark: every text token >= 4.5:1 on every ground and accent tint (0.98675ms)
✔ Native dark: Rail count badges >= 4.5:1 (0.091166ms)
✔ Pro Dark: every text token >= 4.5:1 on every ground and accent tint (0.085041ms)
✔ Pro Dark: Rail count badges >= 4.5:1 (0.042042ms)
✔ Warm light: every text token >= 4.5:1 on every ground and accent tint (0.055916ms)
✔ Warm light: Rail count badges >= 4.5:1 (0.025334ms)
✔ Warm dark: every text token >= 4.5:1 on every ground and accent tint (0.058125ms)
✔ Warm dark: Rail count badges >= 4.5:1 (0.039375ms)
✔ Native light: semantic tones >= 4.5:1 on every ground and their own -soft tint (0.450875ms)
✔ Native light: Switch off/on parts >= 3:1 (WCAG 1.4.11) (0.106083ms)
✔ Native dark: semantic tones >= 4.5:1 on every ground and their own -soft tint (0.55225ms)
✔ Native dark: Switch off/on parts >= 3:1 (WCAG 1.4.11) (0.0385ms)
✔ Pro Dark: semantic tones >= 4.5:1 on every ground and their own -soft tint (0.179375ms)
✔ Pro Dark: Switch off/on parts >= 3:1 (WCAG 1.4.11) (0.021417ms)
✔ Warm light: semantic tones >= 4.5:1 on every ground and their own -soft tint (0.183625ms)
✔ Warm light: Switch off/on parts >= 3:1 (WCAG 1.4.11) (0.020666ms)
✔ Warm dark: semantic tones >= 4.5:1 on every ground and their own -soft tint (0.170708ms)
✔ Warm dark: Switch off/on parts >= 3:1 (WCAG 1.4.11) (0.019375ms)
✔ the global :focus-visible ring uses --accent-text (0.647167ms)
✔ effectiveResult: full result only while the block is still an elided preview (75.6925ms)
✔ fetchToolResult hits the tool route once per step and retries after a failure (41.315125ms)
✔ reconnect resyncs leased views only, never a cached closed session or workspace (99.198708ms)
✔ closing a pending GET prevents late touch and state publication (98.684583ms)
✔ two panes share one load and releasing one leaves the other live (36.282375ms)
✔ hidden document never resyncs or resumes a leased session (17.649083ms)
✔ resync storms bound reads to two and one trailing request per source (54.741041ms)
✔ inactive cache is bounded without deleting drafts or active older pages (23.056583ms)
✔ separate windows never release each other leases (39.853792ms)
✔ hidden pane release does not evict or abort its sibling lease on return (14.893917ms)
✔ identity reset revokes in-flight reads and clears bodies without deleting a draft (16.630541ms)
✔ existing unscoped draft is migrated once and survives the new storage namespace (30.682125ms)
✔ busy folds retry only while visible and never touch after the failed read (14.936708ms)
✔ closing a subagent read releases loading and ignores a late failure after reopening (29.797917ms)
✔ releasing a large reader does not traverse or serialize its retained body (41.541834ms)
✔ parent Reload preserves accounting for retained child bodies (22.372875ms)
✔ subagent bodies are replaced whole (raw state), never mutated in place (14.14875ms)
✔ disjoint reconnect retains a reachable earlier cursor (old earlier=false) (17.530125ms)
✔ disjoint reconnect retains a reachable earlier cursor (old earlier=true) (21.642708ms)
✔ returning to live following releases paged history and keeps its recovery cursor (49.948583ms)
✔ live following bounds payload bytes as well as turn count (62.136583ms)
✔ collapsing 100 inspected subagents releases bodies while their parent stays mounted (15.782083ms)
✔ paging a 1200-turn child keeps its retained/render input window bounded (16.067333ms)
✔ collapse revokes a pending child read without affecting its mounted parent (12.427958ms)
✔ active child-body count is shared across parents and admission recovers after collapse (16.046208ms)
✔ two child consumers share a body and only final collapse releases it (13.09225ms)
✔ a permanently oversized child turn gives no impossible retry (13.137625ms)
✔ concurrent child expansion reserves capacity before fetching response bodies (17.433875ms)
✔ shared child byte budget credits replacement pages and preserves a refused destination for retry (13.240333ms)
✔ adaptive child page reduction keeps every older and newer turn reachable (41.371041ms)
✔ a late collapsed read cannot publish over or release its reopened child reservation (12.886625ms)
✔ keepalive and recovery stay passive after an explicit active-view touch (13.744791ms)
✔ alias: a network failure suspends it, retries the GET on 127.0.0.1, and a health probe re-enables it (175.273583ms)
✔ alias: suspend on socket loss, resume probes at once, re-arm clears the suspension (74.428958ms)
✔ a non-GET is never replayed on the other host after a network failure (42.425541ms)
✔ lanes: long paths, api.long and an ambient bg scope reach the alias; plain calls stay interactive (35.449375ms)
✔ bg cap holds ACROSS documents (Web Locks): 2 per document, 3 app-wide (121.957833ms)
✔ poll: the first run and a manual now() are interactive; cadence and event ticks are background (45.472459ms)
✔ createLimiter: a shared gate across independent callers, abortable while queued (23.010458ms)
✔ catalog: well-formed, unique names, known risks, headless only on reads (0.599459ms)
✔ every catalog command has exactly one handler, under its module (0.578875ms)
✔ every registered handler is in the catalog (0.078958ms)
✔ uiCommands/index.ts registers every handler module (eager import or lazy names) (1.445292ms)
✔ shell-side uiCommands stay light: no handler file or catalog JSON statically imported by index.ts (0.205625ms)
✔ frames: commands are normalised and validated (0.216875ms)
✔ frames: deadlines, labels, provider names, result cap (4.963667ms)
✔ reveal: scroll by the nearest edge, and leave a tall, partly visible target alone (0.239458ms)
✔ esc escapes every HTML-significant character (0.3985ms)
✔ token cells lead with tokens and end with the cost (10.391416ms)
✔ the report is one self-contained, escaped HTML document (1.094416ms)
✔ empty tables say so, and own-scope reports are labelled (1.111834ms)
✔ failed report refresh cannot export a previous window as the current report (116.599416ms)
✔ a report awaiting replacement cannot export the prior session scope (27.319958ms)
✔ Remove from all workspaces confirms, and Cancel writes nothing (37.138584ms)
✔ confirmed removal writes every workspace (9.015584ms)
✔ setting a role everywhere does not ask (19.513375ms)
✔ carrySeed maps previous positions onto the new node order by path (0.895167ms)
✔ applySeed keeps carried nodes and places a new node beside its neighbour (0.156458ms)
✔ ordinary Enter cannot create while the current switcher lookup is pending (62.133875ms)
✔ ordinary Enter cannot create after the current switcher lookup failed (6.372792ms)
✔ a switcher result from the previous vault cannot populate the current vault (9.813166ms)
✔ successful empty current lookup allows deliberate Enter creation (5.8305ms)
✔ Down during a pending lookup still lets Enter open the first arriving result (3.806875ms)
✔ successful multiple switcher results retain bounded keyboard movement (48.18525ms)
✔ Down during pending empty lookup does not prevent deliberate creation after success (5.91325ms)
✔ refine does not dispatch after the before-snapshot outlives its workspace (18.584625ms)
✔ refine result cannot adopt a previous workspace session (8.095458ms)
✔ docs start response cannot select the old run in a newly selected vault (6.639125ms)
✔ resolving one docs run cannot replace a newly selected run (9.870583ms)
✔ only notes over 64 KB leave the main thread (0.386708ms)
✔ the placeholder is the escaped plain body, marked busy (0.207167ms)
✔ a timed-out worker render never re-runs on the main thread (S18-305) (0.060875ms)
✔ preview at the same path belongs to the newly selected vault (67.381875ms)
✔ delayed preview never reads the old path in another vault (15.212167ms)
✔ preview refreshes after the content generation changes (8.260583ms)
✔ structured properties preserve unknown YAML fields, comments and the exact body (4.565958ms)
✔ blank values remove a property and malformed frontmatter is refused (1.571333ms)
✔ tag refresh failure keeps the last good tags available (189.945875ms)
✔ switcher transport failure remains distinguishable from an empty lookup (39.188208ms)
✔ backlink refresh failure retains current note links and exposes retry state (26.127ms)
✔ backlink pending and stale failure stay with the current note request (23.160791ms)
✔ switching notes clears old backlinks before the new read and never restores old errors (29.806917ms)
✔ backlink refresh resets the visible window and allows rehydrating edited sources (31.035208ms)
✔ failed save retains draft, conflict and current tab on navigation (21.706667ms)
✔ last dirty tab stays open when saving fails (24.310833ms)
✔ scan completion refreshes a clean open note even when counts are unchanged (19.264875ms)
✔ scan completion preserves local draft and flags the external change (25.168959ms)
✔ navigation awaits the in-flight save and drains edits typed during it (23.026666ms)
✔ vault switching retains a dirty note if the save fails (18.790375ms)
✔ refresh only requests visible branches and invalidates collapsed children (19.234334ms)
✔ collapse during a refresh is preserved when pending directory results arrive (16.351834ms)
✔ reopening a still-loading branch ignores the older directory response (16.523375ms)
✔ transient busy 409 keeps the draft, raises no conflict banner and retries (722.077375ms)
✔ an equal status poll keeps the status object (graph effects key off it) (27.154875ms)
✔ own save skips the backlinks reload and the note re-read when links are unchanged (26.217125ms)
✔ own save re-reads the note once when its link set changed (24.276041ms)
✔ S18-20: a poll read issued before an autosave never reverts the editor after it (19.557667ms)
✔ S18-21: navigation blocked by a conflict says why (18.872917ms)
✔ S18-22: agent-staged text is never written as a recovery draft (473.794666ms)
✔ completed OKF toggle never selects its old vault over the current one (18.059791ms)
✔ rename response cannot rename another vault tabs at the same path (20.684334ms)
✔ create note response cannot navigate the newly selected vault (17.568625ms)
✔ clearing search invalidates an earlier pending response and busy state (17.93425ms)
✔ noteKind recognises OKF types case/separator-insensitively and rejects plain notes (0.553083ms)
✔ plain and reserved notes get no structured model (0.1855ms)
✔ frontmatter owners/status/environments/dependencies become header facts and cards (1.493958ms)
✔ cards fall back to the body section (bullets and first table column, wikilinks reduced) (0.486042ms)
✔ sectionLines ignores headings inside code fences (0.074041ms)
✔ API endpoint operation comes from resource; repo hints from a path resource (0.277958ms)
✔ asList flattens scalars, comma strings, object lists and maps (0.1185ms)
✔ name matching is normalised and ignores too-short hints (0.10575ms)
✔ repo matching by path, basename and remote slug (0.213416ms)
✔ workload kinds map to resource-table routes; previews strip markup (0.198875ms)
✔ visible directory requests are bounded to four and old nodes are immutable (0.828834ms)
✔ stale navigation never mutates a previously shown nested node (0.404584ms)
✔ a stale collapsed branch refreshes preserved open descendants on reopening (0.146042ms)
✔ the file extension wins over the content (0.552334ms)
✔ content sniffing per language (1.173542ms)
✔ effectiveLanguage: auto resolves, an explicit override sticks (1.605167ms)
✔ every language maps to a CodeEditor key and an extension (0.393959ms)
✔ svg behind an xml prologue and comments is still svg, in linear time (5.213334ms)
✔ json: pretty prints and keeps the trailing-newline policy (0.810458ms)
✔ json: an error reports a line and column and changes nothing (0.407916ms)
✔ json: error position parsing across engine message formats (0.402167ms)
✔ yaml: normalises and reports parse errors with a line (21.057667ms)
✔ sql: formats and keeps :name, {name} and {{name}} placeholders intact (92.54875ms)
✔ html: indents block elements, keeps <pre>/<script> verbatim, idempotent (0.612417ms)
✔ xml: pretty prints, keeps attributes, CDATA and comments, flags mismatches (0.229667ms)
✔ html: tolerant of stray end tags and implicit closes (0.075083ms)
✔ csv: round-trips quotes, delimiters and embedded newlines (0.302209ms)
✔ markdown/toml/code: conservative whitespace normalisation, idempotent (0.480458ms)
✔ canFormat covers the text languages but not images (0.057833ms)
✔ sql: all three syntaxes, counts and first index (1.814333ms)
✔ sql: skips literals, comments, casts and keys — same as the DB editor (0.189125ms)
✔ non-sql: only {name} / {{name}}, including inside JSON strings (0.149625ms)
✔ fill: substitutes known non-empty values, leaves the rest (0.125ms)
✔ previewKind maps languages to renderers (0.4195ms)
✔ lineColAt is 1-based and counts newlines (0.380667ms)
✔ parseJsonWithPos parses or reports a position (0.191583ms)
✔ csvView caps rows, pads width, drops trailing blank row (0.087791ms)
✔ svgDataUrl encodes markup (0.055542ms)
✔ format completion cannot replace the newly selected file or later keystrokes (62.176792ms)
✔ reload confirmation cannot discard a newly selected file (13.2495ms)
✔ image upload cannot insert an old workspace asset into a different workspace (9.056166ms)
✔ unchanged editor still receives its format result (11.963417ms)
✔ Workbench revision wrapper transmits bounded limit and exclusive cursor without changing direct revision URLs (55.269292ms)
✔ History requests one bounded exclusive page and replaces the rendered window (15.057334ms)
✔ History superseded success cannot publish rows, error, or loading (8.149375ms)
✔ History superseded failure cannot publish rows, error, or loading (4.924417ms)
✔ History A-B-A navigation rejects the first A response (6.236458ms)
✔ History restore approval stays bound to the selected revision (4.416875ms)
✔ History changed document cancels pending restore approval before mutation (11.653333ms)
✔ History old restore completion cannot replace a newly selected document (3.499334ms)
✔ History actual destroy callback cancels pending restore approval (3.511042ms)
✔ History A-B-A visit cancels earlier restore approval (4.803583ms)
✔ History navigation goes back without retaining prior page rows (3.317375ms)
✔ create finishing after workspace switch cannot add an old doc to the new workspace (81.760166ms)
✔ metadata and restore completions remain with their originating workspace (40.243375ms)
✔ remote reload cannot overwrite edits made while its response is pending (14.358458ms)
✔ failed initial list preserves persisted tabs for Retry (17.580167ms)
✔ trash does not discard a dirty buffer after its save failed (15.1285ms)
✔ ordinary reload and same-workspace create still publish (15.655542ms)
✔ a remote change while dirty cancels the pending autosave and holds later ones (985.574625ms)
✔ content saves carry if_hash; a 409 raises the banner instead of an error (22.601459ms)
✔ an event with our own hash (or an older rev) is ignored (14.813375ms)
✔ a save to a trashed doc says so instead of the "changed elsewhere" banner (S18-307) (14.050542ms)
✔ explicit zero survives save while use-default retains agent retry policy (0.514458ms)
✔ default event uses a supported canonical identifier (14.566666ms)
✔ editing cron destinations preserves cursor and extension settings (0.234167ms)
✔ event filters and cleared destinations round trip (0.733042ms)
✔ use default clears legacy nested policies without removing step parameters (0.100834ms)
✔ workflow approval loads the full exact pending gate preview (51.708667ms)
✔ workflow approval rejects a different detail version and supports Retry (13.786333ms)
✔ departed run cannot adopt a late approval preview (10.763125ms)
✔ Product approve submits the displayed preview identity, not the latest summary (11.809875ms)
✔ Product deny submits the displayed preview identity, not the latest summary (8.475417ms)
✔ Product approval cannot submit without a successfully displayed preview (7.836292ms)
✔ stale Product approval conflict invalidates the displayed identity before another click (7.870375ms)
✔ ordinary non-Product approvals keep their existing request shape (8.540916ms)
✔ completed await:false node discovers a later summarizer and retains captured history (0.743583ms)
✔ reload resolves associations and retries from durable output on older runs (0.201292ms)
✔ review cancellation and fallback override suspended session lifecycle (0.075875ms)
✔ Suggest never pre-fills outward or fake values (0.586459ms)
✔ the example is placeholder-only and lists the destinations (0.131208ms)
✔ placeholder values are found by path, real values pass (0.081292ms)
✔ result destinations mirror the engine (0.914292ms)
✔ workflow version wrapper requests bounded summaries and an exclusive cursor, leaving full detail separate (45.381375ms)
✔ workflow version drawer keeps one bounded window and can page to the oldest version across a new save (27.452208ms)
✔ version drawer rejects stale failure/finally and retries the exact failed older page (13.688875ms)
ℹ tests 1823
ℹ suites 0
ℹ pass 1823
ℹ fail 0
ℹ cancelled 0
ℹ skipped 0
ℹ todo 0
ℹ duration_ms 15924.104042
