
> ui@0.2.0 test:unit
> node --test 'unit/**/*.test.ts'

✔ scratch broadcasts are allowed while mixed and missing recipients are refused (0.482333ms)
✔ saved view filters combine provider, repository and minimum cost (0.166958ms)
✔ tokens parse for every combination (0.495083ms)
✔ generated palettes stay inside the scheme luminance band for any accent (1.108042ms)
✔ photo pixels are clamped into the band (0.505042ms)
✔ text and dim text on chrome glass are AA over every ambient pixel, all five combinations (1.627458ms)
✔ raised glass (menus, palette) is AA over app surfaces; --text survives any backdrop (0.147709ms)
✔ ambientImage: none, a translucent wash, an opaque wallpaper, or the photo (1.409084ms)
✔ API-created minimal automation is editable without assertion/extraction arrays (0.728459ms)
✔ editing an assertion does not mutate the persisted automation snapshot (0.09475ms)
✔ save completion belongs to the initiating tab, never the newly active tab (249.961417ms)
✔ runtime variables are scoped to the restored workspace (149.149666ms)
✔ cleared extras serialize explicitly, and gRPC schema/method round trip (156.368625ms)
✔ OAuth completion updates originating inactive tab and keeps later auth edits (36.387917ms)
✔ cancel during asynchronous pre-script prevents HTTP and clears sending (97.294833ms)
✔ closing the initiating tab cancels a pending pre-script (46.673292ms)
✔ replaced execution ignores late pre-script even with the same tab identity (72.037291ms)
✔ environment stays with the execution snapshot while pre-script is pending (100.074375ms)
✔ curl import cannot land in a different workspace after parsing (59.127458ms)
✔ file import retains its workspace while the file is being read (103.545417ms)
✔ an automation start response cannot publish into the next workspace (118.942917ms)
✔ GraphQL introspection cannot publish another tab or edited endpoint schema (171.614666ms)
✔ a loaded GraphQL schema is visible only for the request that owns it (109.271583ms)
✔ opening a saved request never replaces unsaved edits in the active tab (104.14975ms)
✔ a pristine blank tab is reused when opening a saved request (137.719584ms)
✔ history replay rehydrates masked credentials from the saved request, never sends *** (124.952833ms)
✔ automation runs poll deltas and append only the new steps (2110.346125ms)
✔ import creates every item in order and reloads the lists once (35.966541ms)
✔ opening a saved request fetches its full row once and reuses it (45.534458ms)
✔ a restored tab whose saved row is not loaded yet is never repurposed (59.036625ms)
✔ a final run_progress during an in-flight delta GET is latched, not dropped (82.692417ms)
✔ run_progress wakes are coalesced to one delta GET per 250 ms (836.231917ms)
✔ api_client_changed patches the loaded workspace and expires others (1552.101667ms)
✔ switching tabs keeps each tab its own response (44.333625ms)
✔ two tabs send concurrently; a background tab’s response is kept, never cancelled (53.001417ms)
✔ cancel only stops the active tab’s send (40.808958ms)
✔ opening a history entry shows its stored response, flagged as from history (37.44775ms)
✔ api_history_appended refetches only a history list someone asked for (perf H1) (685.4365ms)
✔ concurrent script writes preserve newer unrelated variables: console.log('done') (31.68625ms)
✔ concurrent script writes preserve newer unrelated variables: pm.variables.set('a','one') (34.196875ms)
✔ concurrent script writes preserve newer unrelated variables: pm.variables.unset('remove') (26.987709ms)
✔ loadCollections: late response cannot overwrite workspace B (347.803ms)
✔ saveCollection: completed write returns to caller but cannot publish into workspace B (365.484625ms)
✔ loadCollections: late response cannot overwrite a new A visit (481.784208ms)
✔ saveCollection: completed write returns to caller but cannot publish into a new A visit (511.620666ms)
✔ saveCollection: stale failure does not toast over the new workspace (365.055542ms)
✔ loadEnvironments: late response cannot overwrite workspace B (329.964584ms)
✔ saveEnvironment: completed write returns to caller but cannot publish into workspace B (362.8725ms)
✔ loadEnvironments: late response cannot overwrite a new A visit (519.417042ms)
✔ saveEnvironment: completed write returns to caller but cannot publish into a new A visit (514.3065ms)
✔ saveEnvironment: stale failure does not toast over the new workspace (347.394667ms)
✔ loadAutomations: late response cannot overwrite workspace B (372.066667ms)
✔ saveAutomation: completed write returns to caller but cannot publish into workspace B (362.938708ms)
✔ loadAutomations: late response cannot overwrite a new A visit (517.034875ms)
✔ saveAutomation: completed write returns to caller but cannot publish into a new A visit (494.0595ms)
✔ saveAutomation: stale failure does not toast over the new workspace (367.010875ms)
✔ loadCollections: stale error cannot mark a successfully loaded empty workspace as failed (369.283292ms)
✔ loadRequests: stale error cannot mark a successfully loaded empty workspace as failed (364.987542ms)
✔ loadEnvironments: stale error cannot mark a successfully loaded empty workspace as failed (364.797875ms)
✔ late activation cannot clear the new workspace active environment or change its next Send (369.651542ms)
✔ loadAll: old A success cannot overwrite the fresh A visit after A-B-A (364.233834ms)
✔ loadAll: obsolete A failure cannot clear the loading state of a newer A visit (364.125875ms)
✔ lists stay pending until this workspace settles once — a refetch never re-enters "not loaded" (366.185583ms)
✔ a stalled interactive GET rejects with a timeout ApiError (167.843167ms)
✔ a caller abort stays an AbortError (not reported as a timeout) (166.694875ms)
✔ writes and the long lane carry no default deadline (85.163875ms)
✔ authedText: a 401 dispatches the unauthorized event like api.* (29.129875ms)
✔ GraphQL variables: blank → {}, object passes, bad JSON names the line (1.977875ms)
✔ history direct and event invalidations share one snapshot, including duplicate event during fetch (1.110208ms)
✔ history append after fetch began produces exactly one necessary followup (0.284583ms)
✔ history workspace replacement aborts and ignores old response (0.897ms)
✔ history detail cannot overwrite another selection, workspace, tab or edited draft (0.449375ms)
✔ detail failure preserves draft and clears only its own pending state (0.137708ms)
✔ postman secret and credential-named variables import as Keychain secrets (0.840958ms)
✔ an environment without secrets sends no secret values (0.140375ms)
✔ a small response opens two levels (0.756292ms)
✔ a root array of wide objects does not open every row (bounded mount) (3.838334ms)
✔ a scalar root opens nothing but itself (0.070125ms)
✔ a clicked commit diff stays on the interactive lane (190.331667ms)
✔ history walks and remote git still use the long lane (128.251ms)
✔ a DB schema load or object open (both can dial) uses the long lane (40.753916ms)
✔ empty error responses reject instead of reporting a successful mutation (254.392917ms)
✔ accepted JSON responses retain the updated object (88.343416ms)
✔ genuinely empty accepted and no-content responses resolve without JSON parsing (99.792875ms)
✔ declared text types are always text (0.563416ms)
✔ binary payloads are detected by their decoded bytes (0.141375ms)
✔ persisted tabs never carry plaintext credentials (0.784ms)
✔ a saved-request tab persists the stored marker, not the typed replacement (0.10225ms)
✔ history replay never sends the literal mask (0.151875ms)
✔ credential-carrying keys mirror the daemon (0.066125ms)
✔ the storage banner is offered only past a size with no limit for that part (16.837333ms)
✔ presets always set a limit (none deletes by default) and sizes read (0.573541ms)
✔ late callbacks from a replaced socket cannot mutate current stream (102.660667ms)
✔ switching request tabs closes the previous relay and clears its console (25.76175ms)
✔ stream console retains a bounded tail and counts discarded messages (17.995958ms)
✔ a message burst updates the console once per animation frame (42.615042ms)
✔ variables resolve in daemon order: built-ins, session, environment, secret, missing (0.798334ms)
✔ variable discovery and highlight segments (0.564584ms)
✔ method and status tones carry words, not only colour (0.162958ms)
✔ collection paths follow the tree order (6.057875ms)
✔ url split and Set-Cookie parsing (0.199625ms)
✔ JSON tree search finds keys and values and opens their ancestors (0.285416ms)
✔ duplicating a request never copies another request’s Keychain marker (0.104167ms)
✔ every user-facing archive goes through ws.requestArchive (1.297458ms)
✔ requestArchive confirms a working agent before archiving (0.302583ms)
✔ SessionView "Save & restart" runs the restart working-guard first (0.439125ms)
✔ a leading @codex routes the turn; the daemon-bound text drops it (1.57325ms)
✔ mid-sentence mentions, emails, handles and other providers never route (0.26725ms)
✔ provider labels read like the mockup chip (0.389041ms)
✔ threads split into Spaces 01–04 and Recent (newest first) (1.205041ms)
✔ the page opens on the remembered thread, else the latest (0.128666ms)
✔ turn kinds map to cards; one card per task; unreferenced thread tasks still show (0.247917ms)
✔ memory chip payloads are validated (0.073459ms)
✔ memory chips sit on the reply that follows them; cards land by time (0.146292ms)
✔ timestamps with different precision still order as instants (0.07275ms)
✔ replies of the current session come from the transcript; older providers stay from the index (0.246584ms)
✔ without a session the index is the whole conversation (0.069458ms)
✔ provider inference from a model id (0.136833ms)
✔ the queue holds exactly the tasks whose newest row is needs_you (0.153083ms)
✔ stale frames and slow snapshots never roll the queue back (0.068875ms)
✔ a snapshot drops what left the queue but keeps what arrived while it was in flight (0.066958ms)
✔ per-thread counts (0.070833ms)
✔ tasks group into board columns, newest change first (0.082ms)
✔ reminders read Scheduled / Delivered (0.048792ms)
✔ upsertNewer ignores stale rows (0.076ms)
✔ browser progress is read defensively from result.browser (0.203042ms)
✔ keyword lists and load share (0.163459ms)
✔ limit notice text (0.071916ms)
✔ reminder labels (13.251542ms)
✔ thread paging retains rows on failure, retries the same offset and deduplicates (264.112291ms)
✔ refresh invalidates an older page and selected older thread survives refresh (63.34975ms)
✔ selected thread late failure cannot replace a newer selection (81.299916ms)
✔ page find includes an unloaded provider match beyond the first transcript page (189.184542ms)
✔ a late old async provider query cannot replace the current matches (7.183791ms)
✔ remote find failure is visible rather than reporting whole-history absence (5.710709ms)
✔ a failed departed provider cannot report its error in the replacement provider (21.796625ms)
✔ closing find aborts pending provider search and prevents late results (4.773791ms)
✔ boot: the saved workspace's session list goes out with /workspaces, and is used once (perf G3) (317.205583ms)
✔ boot: a saved workspace that no longer exists drops its speculative list (perf G3) (103.3945ms)
✔ the archived probe stops once it found rows, and keeps asking while there are none (perf G7) (1181.878ms)
✔ late workspace selection cannot publish sessions or restore the old layout (41.403792ms)
✔ concurrent refreshes in one workspace coalesce into one trailing load (33.243709ms)
✔ selection waits for a superseding refresh before restoring saved tabs (66.144125ms)
✔ old History pagination cannot append to a new provider list (9.644208ms)
✔ failed workspace selection clears foreign sessions and retry restores the selected layout (41.031166ms)
✔ archive events synchronize membership in two independent windows (91.972417ms)
✔ workspace changes ask before identity, tabs or persistence are replaced (82.214958ms)
✔ same-workspace selection cancels a pending workspace leave decision (120.430792ms)
✔ a successful workspace leave saves against the original workspace before switching (106.102ms)
✔ canceling current workspace archive sends no archive request (45.081333ms)
✔ approved workspace archive asks once and selects its fallback (37.895333ms)
✔ an archive response cannot redirect a newer completed workspace selection (44.525917ms)
✔ archiving the last workspace asks once then enters scratch context (27.907584ms)
✔ a selection made while /workspaces is in flight keeps the list and settles it (side-pane guest) (93.498917ms)
✔ a 401 on /auth/me clears the token and asks for login (189.086709ms)
✔ a 5xx / transport failure keeps the token and stays offline (polled) (46.341125ms)
✔ a failed re-boot of a running app keeps the shell up (25.337792ms)
✔ a stalled /meta moves boot to offline instead of spinning forever (S13-05) (20.866417ms)
✔ a stalled /meta on an in-place re-boot keeps the running shell up (S13-304) (14.656ms)
✔ a late impersonation identity cannot replace a newer sign-in (9.459208ms)
✔ failed impersonation start blocks actions until the current bearer identity is verified (9.18925ms)
✔ failed impersonation stop blocks actions until the current bearer identity is verified (10.92ms)
✔ impersonation start lives in this tab's sessionStorage, not shared localStorage (S13-07) (7.173584ms)
✔ the impersonation bearer stays in this tab — the shared token is never overwritten (S13-303) (67.253042ms)
✔ an expired impersonation (4401 → 401 path) falls back to the admin session (S13-302) (9.965917ms)
✔ a re-boot whose impersonation token expired lands on the admin, not sign-in (S13-302) (13.247584ms)
✔ the insights report frame is script-only: no popups, no same-origin (1.293208ms)
✔ the insights link bridge only honours the frame, http(s), a user gesture and a rate limit (0.416042ms)
✔ plugin frames: messages are source-checked and the slug is validated before framing (0.519459ms)
✔ latestOnly: a superseded ticket is not current and its signal aborts (214.629041ms)
✔ loops: a background poll landing after Pause cannot restore "running" (37.798542ms)
✔ loops: answerQuestion encodes the question id (25.163375ms)
✔ scheduled tasks: the start snapshot landing after the finish one is dropped (11.781375ms)
✔ lazyComponent: a failed prefetch stays silent and the first open retries (8.012417ms)
✔ the Automate chooser lists the overlapping automations that live outside Automate (S20-18) (1.378458ms)
✔ every Automate page offers the chooser beyond its empty state (1.558333ms)
✔ the chooser hides modules the user cannot open, using the sidebar gate (S20-307) (4.299ms)
✔ loops/LoopDetail del acts on the target named by its confirmation (44.576458ms)
✔ loops/LoopDetail stop acts on the target named by its confirmation (31.568292ms)
✔ run-with-otto/RunDetail cancel acts on the target named by its confirmation (4.517791ms)
✔ run-with-otto/RunDetail openPr acts on the target named by its confirmation (3.044792ms)
✔ proof/ProofPage removePack keeps its confirmed target after navigation (8.644458ms)
✔ proof/ProofPage assemble keeps its confirmed target after navigation (39.625791ms)
✔ proof/ProofPage newPack keeps its confirmed target after navigation (5.705875ms)
✔ workflows/WorkflowsPage stop keeps its confirmed target after navigation (16.474625ms)
✔ reads pass without a confirm (0.539417ms)
✔ DDL, DML and unknown statements need a confirm (0.135375ms)
✔ base64ToBytes round-trips binary data (native fromBase64 when present) (5.011209ms)
✔ the atob fallback decodes identically (2.608375ms)
✔ brandCssVars uses the contract names (same as the server CSS export) (1.373542ms)
✔ resolveToken covers every group, sub-properties and css vars (0.38225ms)
✔ parseTokenRef and tokenRefs mirror the server (0.302875ms)
✔ cssIdent kebab-cases like the Rust exporter (0.082375ms)
✔ contrast: WCAG ratios, levels, ink and on-colour (0.21575ms)
✔ diffTokens reports changed / added / removed with canonical values (0.249292ms)
✔ validateBrandDoc mirrors the server rules (0.44825ms)
✔ normalizeBrandDoc tidies loose values and migrates the Phase 0 scaffold (0.356375ms)
✔ every starter kit validates and has readable primaries (0.448375ms)
✔ editing helpers keep order and pick unique names (0.565083ms)
✔ late annotation read cannot replace another active tab marks (147.306084ms)
✔ creating a mark then switching tabs does not append to the new page (37.664ms)
✔ the script fills only on the credential domain or its subdomains (0.61125ms)
✔ the script refuses a downgrade to plain http off loopback (0.1455ms)
✔ the password and username are JSON-escaped into the script (0.13775ms)
✔ host-side re-check: a redirect during the confirmation blocks the fill (0.104541ms)
✔ eval results are normalised whether quoted or raw (0.091875ms)
✔ the in-page origin check survives a page that poisons String built-ins (S18-307) (0.179791ms)
✔ fitContain letterboxes a wide frame top/bottom and centres it (0.925583ms)
✔ fitContain pillarboxes a tall frame left/right (0.076ms)
✔ fitContain with a degenerate size draws nothing (0.050958ms)
✔ clientToPage maps through a 2x (retina) frame to CSS px (0.107291ms)
✔ clientToPage handles a downscaled frame (image smaller than the viewport) (0.064625ms)
✔ clientToPage ignores clicks on the letterbox bars (0.148291ms)
✔ clientToPage subtracts the frame offset_top and rejects the bar above it (0.074416ms)
✔ viewportFor clamps to the daemon range and quantises the device scale factor (0.137875ms)
✔ viewportFor lowers the scale factor to stay inside the pixel budget (0.109042ms)
✔ viewportChanged ignores 1px wobble but not a dpr change (0.096875ms)
✔ app chords already handled by the global key map pass through (0.101833ms)
✔ browser-convention chords are handled locally (0.059583ms)
✔ Esc releases the keyboard; ⇧Esc is sent to the page as Escape (0.264417ms)
✔ IME / soft-keyboard keystrokes are ignored (text arrives via input/composition) (0.179667ms)
✔ plain typing, editing and copy chords are forwarded (0.091ms)
✔ modifierMask uses CDP bits (0.067291ms)
✔ virtualKeyCode covers letters, digits, punctuation and named keys (0.196667ms)
✔ keyPayload is the contract key frame: text on keydown only, Enter types \r, chords type nothing (0.1435ms)
✔ coalesce sends the first move at once and the LATEST one per interval (0.372042ms)
✔ coalesce.flush sends the pending move before a click; cancel drops it (0.201458ms)
✔ mergeWheel sums deltas at the latest position; modifier change restarts (0.121292ms)
✔ wheelPixels normalises line and page deltas (0.076333ms)
✔ backoff grows exponentially with a cap and bounded jitter (0.09475ms)
✔ reducer walks connect → live → reconnecting → connecting → live (0.210542ms)
✔ S18-18: accept-then-close servers exhaust the retries instead of looping forever (0.122708ms)
✔ terminal close codes and closed frames end the session without retry (0.102333ms)
✔ the reducer gives up after maxAttempts (0.135292ms)
✔ duplicate connect / stray open / frame-while-not-live are no-ops (0.176083ms)
✔ steady-state frames return the SAME state (no per-frame reactive churn) (0.19075ms)
✔ isStale: a quiet live page is never stale; any non-live socket is (0.09625ms)
✔ input-to-frame latency: first input starts the sample, the next frame ends it (0.092208ms)
✔ meter reports frames in the last second and smooths the latency (0.154125ms)
✔ parseServer ignores junk; buttonName maps DOM buttons (0.198333ms)
✔ safeCursor only lets known CSS cursor keywords through (0.105291ms)
✔ parseBinaryFrame reads the v1 layout: version byte, u32 BE length, JSON header, JPEG (0.280667ms)
✔ parseBinaryFrame drops unknown versions, truncated buffers and bad headers (0.0885ms)
✔ driverFor: agent blocks, another person is "other", me/nobody may drive (0.047125ms)
✔ closed reasons and the SSRF note read as sentences (0.111708ms)
✔ approvalFacts builds where / what / who sees it / as from the held request (0.160917ms)
✔ approvalFacts falls back to the URL host and leaves unknowns out (0.113459ms)
✔ openTab completion cannot enter a different workspace (111.994208ms)
✔ openTab completion cannot enter a new visit to the original workspace (30.311917ms)
✔ openLiveTab completion cannot enter a different workspace (37.508208ms)
✔ openLiveTab completion cannot enter a new visit to the original workspace (32.303458ms)
✔ reader navigation never persists a title obtained from another active tab (17.28775ms)
✔ older reader navigation completing last cannot replace a newer URL (20.912291ms)
✔ overlapping live navigations persist the newest URL even when the first write is slow (52.556042ms)
✔ closing the last active tab invalidates a late reader success before close completes (29.982667ms)
✔ closing the last active tab invalidates a late reader failure before close completes (37.405167ms)
✔ closing a background tab leaves the active reader request valid (14.470125ms)
✔ failed active close restores the previous readable content and selection (15.731167ms)
✔ summary cannot cross a workspace transition even at the same URL (116.442042ms)
✔ summary cannot cross a tab transition even at the same URL (52.792292ms)
✔ summary cannot cross a leave-and-return transition even at the same URL (24.951208ms)
✔ superseding a summary aborts its request and preserves the current busy state (38.849834ms)
✔ deselect clears reader loading and error state immediately (29.845208ms)
✔ refSha accepts only full sha256 refs (0.49325ms)
✔ the client digest is the server content address (sha256 of the data-URL text) (4.372875ms)
✔ a 3 MB image goes inline once, then every autosave sends a ref (0.549666ms)
✔ an unresolved ref passes through and is not re-learned as inline (0.178125ms)
✔ the file cache defaults to a 64 MB bound (0.117542ms)
✔ the file cache is a byte-bounded LRU: past the cap the oldest sha is refetched (1.645584ms)
✔ a board unmount releases its files unless another open board uses them (0.662792ms)
✔ a failed or mid-flight-released fetch leaves nothing behind (0.903375ms)
✔ a push applies once; saves (dirty → false) never re-apply it (116.581041ms)
✔ a push skipped while dirty is spent, not replayed once the save lands (30.266708ms)
✔ another scene's push, docs without source, and tick 0 are ignored (51.935375ms)
✔ queued, superseded scene writes are dropped; the newest doc is sent (149.484917ms)
✔ drafts staged in one tick collapse into a single PUT (42.977917ms)
✔ a save issued during a restore queues behind it and keeps its draft (36.439084ms)
✔ Excalidraw assist failure retains the exact composer prompt (98.788625ms)
✔ Excalidraw reports accepted content and rejects an empty generation result (4.871833ms)
✔ Mermaid assist failure retains the exact composer prompt (7.262708ms)
✔ Mermaid reports accepted content and rejects an empty generation result (25.044875ms)
✔ D2 assist failure retains the exact composer prompt (24.9575ms)
✔ D2 reports accepted content and rejects an empty generation result (5.477958ms)
✔ Canvas keeps an unaccepted prompt while the request is pending (19.893542ms)
✔ late accepted generation cannot clear another scene or a newer prompt (3.817708ms)
✔ Excalidraw restore applies persisted background and grid before the next save (10.158209ms)
✔ Excalidraw grid-only edit gridModeEnabled schedules a persisted snapshot (4.264459ms)
✔ Excalidraw grid-only edit gridSize schedules a persisted snapshot (21.438041ms)
✔ the allow-list parses trimmed, blank-free ids (0.689417ms)
✔ senders already allowed are not offered again (0.102125ms)
✔ allowing a sender appends once, keeping the others (0.085042ms)
✔ a sender reads as name (id), or the id alone (0.057334ms)
✔ toolLine: commands, files and searches read as verb + target (+ dim detail) (1.73325ms)
✔ toolStatus: no result is running while the session is active, else "none" (0.256333ms)
✔ stepSummary says what a group did, in order, naming a single file (0.391916ms)
✔ pendingTool: the newest call without a result in the last response (0.09975ms)
✔ lastLine: the last non-blank output line, clipped (0.083208ms)
✔ countUnread counts items after the last one seen at the bottom (0.061291ms)
✔ askQuestions reads AskUserQuestion input defensively (0.144875ms)
✔ providerName (0.062792ms)
✔ segment: the plan is its own block; the call that wrote it gets no row (0.14425ms)
✔ decorateCodeBlocks: IDE header (label · file · lines · Wrap/Open/Copy), numbered lines, fold, idempotent (0.463334ms)
(node:67521) [DEP0205] DeprecationWarning: `module.register()` is deprecated. Use `module.registerHooks()` instead.
(Use `node --trace-deprecation ...` to show where the warning was created)
✔ foldResponse keeps the first and final message and folds the work between (1.033166ms)
✔ patchStats counts hunk lines only; changedFiles merges per path and treats a Write as new (0.558ms)
✔ usage sums over a response; the token line names every kind with a tooltip (0.250625ms)
✔ day dividers and paths (13.169625ms)
✔ file references: code spans, prose paths and locations (0.499875ms)
✔ the chat markdown extension: file refs, chips, and URLs left alone (16.339584ms)
✔ linkifyOutput links paths and URLs in escaped command output (0.315959ms)
✔ fence info: language + file name (0.336ms)
✔ highlightLines tokenizes the whole block and keeps every line self-contained (38.055667ms)
✔ preview parsers: kinds, CSV/TSV, JSON, HTML documents (0.397416ms)
✔ mounted checkpoint loader shows matching-generation membership while progress keeps advancing (86.024417ms)
✔ ⌘W on a non-Agents page never touches the hidden session (641.641125ms)
✔ "Always delete": no dialog, but archive first and delete only after the Undo window (108.692292ms)
✔ Undo inside the window keeps the session (155.601083ms)
✔ ⌘W under "Always delete" goes through the undoable path (79.252583ms)
✔ "Always delete" then ⌘⇧T: the reopened session is never deleted (131.500583ms)
✔ "Always delete" then Archived ▸ Restore: no DELETE (124.017625ms)
✔ "Always delete" then another window restores it: the re-check keeps it (143.484333ms)
✔ a toast held open past the grace period still lets Undo win (145.678292ms)
✔ sessionVerbsApply is Agents-only (0.238625ms)
✔ requestArchive asks for a working row the store has no status for (41.814333ms)
✔ requestArchive: an idle unknown row archives at once; a busy shell never asks (116.726167ms)
✔ requestArchive and confirmRestart ask for a working agent (33.165792ms)
✔ two registration effects re-running in one flush keep both sets (163.868458ms)
✔ a stale unregister never removes the set that replaced it (31.471458ms)
✔ registry.all is memoized: unchanged sources hand back the same array (12.247291ms)
✔ typed text is kept per repo and cleared when emptied (107.443ms)
✔ a draft that lands with no panel watching is parked once (11.858708ms)
✔ a watched repo gets the reply directly (nothing parked) (5.351834ms)
✔ a reopened composer shares the pending send claim while other sessions remain usable (210.182208ms)
✔ production send keeps a remounted draft and allows only one pending request (80.785583ms)
✔ send is refused while an image upload is still pending (86.081291ms)
✔ renaming retains unknown parameters and TLS shorthand (105.404625ms)
✔ secure URI schemes enable TLS and Mongo passwords leave URI fields (78.696167ms)
✔ explicit field clears preserve unrelated advanced TLS and tunnel settings (6.351292ms)
✔ Mongo URI: an encodable-character password never stays in the visible string (S16-15) (39.724875ms)
✔ Mongo URI: an unencoded `/` in the password never stays visible (S16-307) (14.664333ms)
✔ stableGroupTurns reuses the item object of every unchanged group (0.981083ms)
✔ stableGroupTurns re-groups when a member turn joins or leaves a response (0.100916ms)
✔ md cache: hits return the memo, misses render once, bounds evict oldest (0.156333ms)
✔ indexToRenderItem is memoized per index turn object (0.083334ms)
✔ trimTurnHead only cuts in front of a turn with a known cursor (193.346375ms)
✔ a long live chat is capped and "Load earlier" resumes exactly at the dropped head (161.06275ms)
✔ a scheme change moves the token (the old host:port compare missed it) (0.501292ms)
✔ host and port changes move it; path / case / default port do not (0.095375ms)
✔ unparseable input: only an identical string is the same (0.082209ms)
✔ javascript: links are dropped (href and xlink:href, obfuscated too) (1.57575ms)
✔ http(s) links and in-document fragments survive (0.166958ms)
✔ event handlers are dropped regardless of element (img onerror payload) (0.111625ms)
✔ config keeps foreignObject labels but forbids active content (0.32325ms)
✔ fails closed when the purifier cannot run (no DOM) (0.258ms)
✔ hook is installed only for the duration of one sanitize call (1.191708ms)
✔ D2 style rules are scoped to the diagram (1.667083ms)
✔ a string-embedded brace or comment cannot end a rule early (S18-301) (0.318041ms)
✔ a scope-anchored selector cannot hop to the app with ~ or + (S11-311) (0.178917ms)
✔ foreign @font-face / @keyframes names and fetching values are dropped (0.176625ms)
✔ no browser CSS parser → styles dropped (fail closed) (0.072125ms)
✔ styles without a diagram scope class are dropped (0.2225ms)
✔ scope class comes from D2's wrapper <svg> tags only, not a label element (0.065084ms)
✔ serialized style text is entity-decoded for parsing and re-escaped after (0.082ms)
✔ edits made during a daemon settings save remain unsaved (60.181042ms)
✔ successful import never submits the editor draft: DELETE FROM imported (181.076708ms)
✔ successful import never submits the editor draft: INSERT INTO audit VALUES (1) (7.407167ms)
✔ successful import never submits the editor draft: SELECT * FROM imported; DELETE FROM imported (43.974083ms)
✔ request-save retry adopts the successfully created collection before the failed second step (3.95625ms)
✔ Recovery Refresh retries failed active history from offset zero (15.302833ms)
✔ Recovery Refresh replaces stale first page and retains it on a later error (15.48925ms)
✔ environment save preserves newer typing and the next Save submits that draft (37.615375ms)
✔ environment save completion cannot replace a newly selected environment (7.043ms)
✔ environment failed save retains its draft for retry (6.75975ms)
✔ environment Save in a former workspace cannot reseed the current draft (34.314167ms)
✔ successful import after a connection change never refreshes another connection metadata (3.48775ms)
✔ environment saved secret rename updates its stored marker while preserving newer unrelated edits (68.307583ms)
✔ environment saved secret rename updates its stored marker while preserving another secret rename (5.232916ms)
✔ request-save sheet does not continue its second mutation after changing workspace (1.652375ms)
✔ guarded import approval remains bound to its captured connection (3.222333ms)
✔ canceled import while typed confirmation waits cannot retry after late approval (37.912709ms)
✔ old import completion leaves a replacement table dialog open (11.486291ms)
✔ guarded import retry uses the submitted format/path/table despite pending form edits (4.309291ms)
✔ unmounting Save request while collection creation waits prevents the unsent request mutation (1.729ms)
✔ environment A-B-A selection during save reconciles the clean value (5.045958ms)
✔ environment A-B-A selection during save reconciles the clean secret name (17.487417ms)
✔ Cancel synchronously invalidates Save request before Svelte destruction runs (8.415625ms)
✔ environment A-B-A return preserves actual new typing and reconciles saved secret marker (4.859833ms)
✔ database dialogs + page reach storage only through the guarded helpers (S16-304) (0.704625ms)
✔ scratch close cancel retains the exact tab; discard resolves its stable id (119.737459ms)
✔ automation cancel and failed save retain steps; successful save or discard permits leave (13.929042ms)
✔ automation edits arriving during save keep the editor open (19.927042ms)
✔ tail failures retain the buffer and cursors, clear new count and recover on empty success (44.305208ms)
✔ canceled automation navigation keeps the selected editor and request tab (3.928708ms)
✔ a late tail response cannot revive another topic buffer or failure state (9.467375ms)
✔ schema history fetches two selected bodies, caches revisits and aborts superseded detail (14.939125ms)
(node:67535) ExperimentalWarning: localStorage is not available because --localstorage-file was not provided.
(Use `node --trace-warnings ...` to show where the warning was created)
✔ runManagedStatement: switching connections before refusal never asks to approve B for a write to A (570.561583ms)
✔ runManagedStatement: accepted confirmation retries exactly the origin statement and scope (135.722791ms)
✔ runManagedStatement: declined typed confirmation never retries (263.867709ms)
✔ runManagedStatement: revoking access while confirmation waits prevents the retry (144.710959ms)
✔ runQuery: switching connections before refusal never asks to approve B for a write to A (141.615958ms)
✔ runQuery: accepted confirmation retries exactly the origin statement and scope (127.957125ms)
✔ runQuery: declined typed confirmation never retries (170.168958ms)
✔ runQuery: revoking access while confirmation waits prevents the retry (102.047417ms)
✔ runQuery: Stop during confirmation prevents a late accepted retry (160.906625ms)
✔ agent read-only refusal retains the original production guard after switching to development (183.457083ms)
✔ Stop keeps the query transport alive for native cancel, then aborts only that run (221.510625ms)
✔ a failed cancellation still releases the old HTTP wait (119.004ms)
✔ a stopped run's late query interrupted cannot alter or prompt for its replacement (111.103375ms)
✔ a stopped run's late write_blocked: production cannot alter or prompt for its replacement (107.279958ms)
✔ Stop during confirmation preserves a replacement run even before cancel responds (213.65425ms)
✔ a stalled cancel reaches its transport deadline and releases the original query (136.460042ms)
✔ Stop by captured ID clears a parked tab and ignores its late result (109.353875ms)
✔ Stop by captured ID clears a parked tab and ignores its late write_blocked: production (119.185041ms)
✔ Stop by captured ID clears a parked tab and ignores its late read_only: writes refused (132.126458ms)
✔ Stop without a retained tab revokes run ownership before delayed cancellation completes (78.6245ms)
✔ walkCanvas: reach order, composite keys ANDed, unconnected cards reported (0.960709ms)
✔ walkCanvas: an edge drawn back into scope flips LEFT/RIGHT (0.118291ms)
✔ toQuery leaves clauses on unjoined cards out of the SQL (0.332542ms)
✔ renameAlias / dropAlias keep every clause consistent (0.18225ms)
✔ FK suggestions: one per unjoined pair, composite keys kept together (0.16775ms)
✔ uniqueAlias sanitizes and suffixes for self-joins (0.099333ms)
✔ bars under the cap are untouched (0.432291ms)
✔ 5,000 bars average into MAX_BARS buckets with range labels (2.711667ms)
✔ min-max decimation keeps spikes and stays near the target (0.819875ms)
✔ pie keeps the 11 largest slices plus Other (0.59125ms)
✔ clip ring: newest first, deduped, pinned entries survive the cap (0.948875ms)
✔ grid state: parked per tab, taken once, dropped on close (0.106167ms)
✔ editor history: memory tier outlives the editor, bounded, forgettable (1.840584ms)
✔ connection kinds map to their SQL dialect (0.382375ms)
✔ MySQL: a backslash-escaped quote does not end the string (3.744417ms)
✔ MySQL and ClickHouse: # starts a comment (0.665875ms)
✔ ClickHouse: a double quote is an identifier, not a string (0.415625ms)
✔ code positions stay completable (1.163083ms)
✔ scope database: plain names, db: paths, Redis keyspaces (25.470833ms)
✔ big integer keys keep every digit and stay unquoted (21.697584ms)
✔ row mutations require direct, unique column provenance and a complete single FROM (79.703542ms)
✔ ClickHouse mutation builders reject nonunique keys while inserts remain available (40.328542ms)
✔ Postgres table and schema names fold only unquoted identifiers (8.097084ms)
✔ Postgres mutation builder quotes the resolved source table, not its unquoted spelling (19.210167ms)
✔ trailer lines split from the message (2.069875ms)
✔ ClickHouse native unknown table: title, server suggestion, code chip (0.747083ms)
✔ ClickHouse legacy native text with stack trace still reads cleanly (0.215042ms)
✔ ClickHouse HTTP unknown column with Maybe you meant list (0.266167ms)
✔ ClickHouse syntax error: near token, line/col caret, expected list (2.155625ms)
✔ ClickHouse memory, timeout, auth and readonly (3.748667ms)
✔ ClickHouse mid-stream failure says rows had streamed (E7) (13.552875ms)
✔ ClickHouse network error drops the request URL (0.268584ms)
✔ MySQL unknown column: tagged and legacy shapes, daemon suggestions (0.279125ms)
✔ MySQL syntax, auth, network, pool, timeout (0.519792ms)
✔ Postgres unknown column: server HINT becomes a chip, POSITION a caret (0.529667ms)
✔ Postgres unique violation keeps DETAIL; auth headline (0.209625ms)
✔ Mongo command, write, unreachable — tagged and legacy (2.220625ms)
✔ mongosh script failure: exit code + last error line (0.296833ms)
✔ Redis wrong type, unknown command, auth (0.739625ms)
✔ unrecognised text falls back to its first line (0.166875ms)
✔ offset → line/col and out-of-range positions (0.105333ms)
✔ nearest + applySuggestion (0.241667ms)
✔ column kinds from engine type hints (1.527791ms)
✔ row-number column width depends on the row count only (0.128208ms)
✔ moveColumn reorders display positions (0.720125ms)
✔ header filter: contains, exact, comparisons, NULL (0.411833ms)
✔ search highlight splits a cell around every case-insensitive hit (0.511625ms)
✔ row scan text skips NULLs, lower-cases and clips (0.530958ms)
✔ scanFor builds once per rows array and is reused (0.167209ms)
✔ prebuild fills the search text in time-boxed slices, scanFor finishes the rest (1.190125ms)
✔ cancel stops a column prebuild; dropColScans frees all but the kept columns (0.595625ms)
✔ dropScan frees the search text (0.078125ms)
✔ memoFilter / memoSort return the cached view for the same key (tab switch back) (3.569292ms)
✔ lines cover keys and values, including collapsed and past-chunk branches (1.892709ms)
✔ vertical flavor draws raw strings and ∅ (2.988667ms)
✔ LineIndex maps flat rows across records (empty records included) and caches lazily (5.213417ms)
✔ reveal opens every ancestor and grows the slices it sits past (0.7075ms)
✔ LineIndex.text: lower-cased, cached per record across searches, budget spills to a rolling cache (0.223916ms)
✔ short values match JSON.stringify exactly (compact and pretty) (2.42675ms)
✔ long values render the same clipped cell text as a full stringify (2.29975ms)
✔ a preview never grows past max + 1 characters (11.0085ms)
✔ bounded work: a 50 KB document previews far faster than it serializes (28.308042ms)
✔ the default-size preview is cached per object (0.14175ms)
✔ Mongo editing rejects transformed identities and a later operation in a method chain (173.008ms)
✔ Mongo editing keeps plain finds, scalar projections and sort/limit controls (111.609542ms)
✔ document edits preserve fields absent from a projected result (21.602167ms)
✔ lossy results clear stale edit targets; row pagination and ordinary marker text remain editable (159.78475ms)
✔ value lists split by line when multi-line, else by comma (0.7325ms)
✔ scope options come from database / schema / keyspace roots (0.120667ms)
✔ targets fan out per picked scope; no scope = the default database (0.126292ms)
✔ the confirm phrase is the connection name for one guarded connection, else RUN n (0.142ms)
✔ summary omits zero counts (0.077542ms)
✔ cluster lines explain the decision (0.072584ms)
✔ a partial answer replaces only its runs and keeps the targets (0.753667ms)
✔ a full answer, another job or no previous job replaces everything (0.088333ms)
✔ storage keys are the database-store-era ones (66.475375ms)
✔ defaults: warm in the background, keep-alive on (5.340167ms)
✔ previously saved prefs are read back (4.012833ms)
✔ setters persist and notify keep-alive subscribers (15.995583ms)
✔ Settings → Appearance reads the prefs module, never the database store (0.228083ms)
✔ a change made in another window is adopted here and fires keep-alive listeners once (S13-11) (68.142459ms)
✔ identifiers: backticks for MySQL/ClickHouse, double quotes for Postgres, quote chars escaped (2.474584ms)
✔ string literals: quotes and backslashes escaped per dialect (0.2665ms)
✔ injection attempts stay inside one literal on every dialect (20.21825ms)
✔ values: numbers bare only when numeric; text columns always quoted (0.558ms)
✔ LIKE helpers escape wildcards so user text matches literally (0.78225ms)
✔ IN lists: quoted items keep commas; every item escaped (0.644916ms)
✔ operators follow the column type (0.15275ms)
✔ GROUP BY / aggregates / HAVING / ORDER BY / LIMIT — MySQL (7.43725ms)
✔ same model — PostgreSQL (double quotes, native NULLS LAST) (1.77625ms)
✔ same model — ClickHouse (uniqExact, native NULLS LAST) (0.401333ms)
✔ joins qualify every column; multi-column ON; aliases only when they differ (0.489875ms)
✔ incomplete rows are skipped, never emitted half-typed (0.217541ms)
✔ booleans: IS TRUE on MySQL/Postgres, = true on ClickHouse (0.181125ms)
✔ OFFSET without LIMIT: MySQL gets the max-limit idiom (0.165125ms)
✔ validate: loose columns under GROUP BY, with a one-click fix (1.554917ms)
✔ validate: duplicate output names, SUM of text, OFFSET without ORDER BY (0.166541ms)
✔ round trip: build → parse → build is stable on every dialect (1.254834ms)
✔ round trip: contains / starts-with / IN / BETWEEN / NULL come back as builder operators (2.292917ms)
✔ parse: hand-written SQL the builder can hold (0.361042ms)
✔ parse: what the builder cannot hold is refused with a reason (0.272333ms)
✔ list index deletion is refused without an executable mutation: LRANGE k 0 -1 (0.728542ms)
✔ list index deletion is refused without an executable mutation: LRANGE k 40 42 (0.1ms)
✔ list index deletion is refused without an executable mutation: LRANGE k 4 4 (0.053833ms)
✔ refusing list deletion retains safe edits at the actual LRANGE offset (0.256292ms)
✔ the grid delete flow cannot open or execute a Redis list mutation (62.611958ms)
✔ SREM: a member with a line break is skipped, never split into a second command (0.562542ms)
✔ HDEL (flat HGETALL) and ZREM (WITHSCORES) refuse line-broken names (0.156208ms)
✔ Insert from JSON: a line-broken field or value refuses the whole document (0.178458ms)
✔ a rename that re-emits a line-broken value from the data is refused as a whole (0.174875ms)
(node:67596) ExperimentalWarning: localStorage is not available because --localstorage-file was not provided.
(Use `node --trace-warnings ...` to show where the warning was created)
✔ restore: active connection first, the rest warm 3 at a time without stealing focus (433.114166ms)
✔ restore: a close during the warm-up writes no snapshot (93.865167ms)
✔ restore: "connect on click only" leaves the other tabs idle (85.967ms)
✔ a tab keeps its uid and its run start time across a reload (152.60175ms)
✔ a daemon restart marks open connections stale and re-warms them (92.827ms)
(node:67597) ExperimentalWarning: localStorage is not available because --localstorage-file was not provided.
(Use `node --trace-warnings ...` to show where the warning was created)
✔ nothing is released while the total fits the budget (0.849291ms)
✔ least-recently-viewed results go first, just enough to fit (0.184959ms)
✔ pinned tabs and small results are never picked (0.101ms)
✔ size estimate scales with rows, cell payload and batch sets (14.420208ms)
✔ a released stub keeps columns, drops rows and is recognised by identity (0.245208ms)
✔ identifiers, strings and booleans per engine (0.90475ms)
✔ quick-filter chips render per engine (S16-05) (0.224083ms)
✔ boolean chips match boolean cells by value (S16-06) (0.077458ms)
✔ string variables keep backslashes on Postgres (S16-07) (0.082833ms)
✔ Postgres splitter: dollar quotes, # operator, standard strings (S16-14) (0.472917ms)
✔ widgets: obvious writes are flagged at save time (S16-08 UI hint) (0.52975ms)
✔ schema-tree table refs are quoted per engine (S16-301) (0.138292ms)
✔ ClickHouse identifiers escape backslashes like the daemon (S16-305) (0.0675ms)
✔ no local identifier/literal quoters outside sql-dialect.ts (S16-305) (16.164458ms)
✔ export refuses statements that are obvious writes (S16-303) (0.188708ms)
✔ analyzeStatement matches countStatements + extractVars on fixtures (3.712125ms)
✔ analyzeStatement matches on a 200-INSERT paste (the lag report) (1.851125ms)
✔ analyzeStatement matches on randomized buffers (differential) (384.536458ms)
✔ stmtPreview bounds list rows and tooltips (0.273625ms)
✔ MySQL: string defaults are re-emitted as literals on rename (1.7345ms)
✔ MySQL: an empty-string default is kept, not dropped (0.16675ms)
✔ MySQL: expression, timestamp and numeric defaults (0.185458ms)
✔ MySQL: collation and comment are restated; untouched columns emit nothing (0.133625ms)
✔ Postgres and ClickHouse defaults are already expressions (1.188041ms)
✔ defaults: Mongo auto-verticals past 10 columns, SQL never (0.714042ms)
✔ stored per-engine prefs merge over the defaults and clamp (0.1005ms)
✔ the new key wins over a leftover legacy value (0.051708ms)
✔ legacy custom threshold: an explicit choice carries to every engine (0.057875ms)
✔ legacy "never" stays never everywhere (0.0545ms)
✔ legacy value equal to the old default takes the new defaults (0.051708ms)
✔ garbage never throws (0.074875ms)
✔ LazyMount hands LoadState `empty`, or the skeleton / error never render (0.583167ms)
✔ LoadState announces loading and errors (0.171417ms)
✔ Skeleton is a labelled status region unless a parent owns the announcement (0.085875ms)
✔ Skeleton adds its loading text AFTER the status region mounts (S19-305) (0.076333ms)
✔ every overlay backdrop uses the scrim tokens, defined for each scheme (0.922708ms)
✔ Modal: only a press that began on the backdrop closes; dismissable gates every close path (0.078125ms)
✔ BottomNav "More" sheet is a real dialog (0.1315ms)
✔ motion: one global spin/pulse, and a reduced-motion alternative for .spinner (0.261958ms)
✔ chart palette is the scheme-aware --cat-* set and wraps (0.483917ms)
✔ status-* tokens are not used for text in shared components (0.656333ms)
✔ Modal names its dialog by the visible title and keeps aria-label for locators (0.337625ms)
✔ status words: working states pulse, terminal states say what happened (0.765875ms)
✔ an unknown turn from an event becomes a placeholder at the front (0.176375ms)
✔ running → done merges ids, keeps a known session and asks for the full turn (0.072416ms)
✔ a late "running" never regresses a finished turn (0.052708ms)
✔ conflict carries the side version; failed carries the error (0.067666ms)
✔ mergeTurns: the server copy wins, local-only and locally finished turns survive (6.5165ms)
✔ verified citations open the reference; unverified ones are flagged and inert (0.255209ms)
✔ no provenance → only what the turn itself cites (0.066959ms)
✔ quick actions map to modes; checks never edit, fixes do (0.318083ms)
✔ "3 variants" is a variants run of 3 focused on the selection (0.194208ms)
✔ composer text → refine; n > 1 → variants (clamped to 4); generate intent kept (0.186875ms)
✔ Fix all: an accessibility review becomes an a11y turn quoting its findings (0.16925ms)
✔ variant branches parse; direction names read well (0.13125ms)
✔ variant cards: running, ready, failed, then accepted vs passed (0.3695ms)
✔ after a daemon restart (no live turns) cards come from versions + provenance (0.081875ms)
✔ a 👎 posts variant_rejected with the reason chip and direction (0.174667ms)
✔ thread: main turns and runs interleave by time; variant turns fold into their run (0.201541ms)
✔ candidate progress counts toward ≥ 3 signals across ≥ 2 designs (0.0975ms)
✔ salient terms: no stop words, longest first, unique (0.784833ms)
✔ ArtifactView approves the version shown in the confirmation despite live updates (74.854ms)
✔ brand/BrandEditor approves the version shown in the confirmation despite live updates (7.255708ms)
✔ project renameProject keeps the confirmed project across route changes (13.7615ms)
✔ project archiveProject keeps the confirmed project across route changes (3.375375ms)
✔ Product sendToSwarm does not act after its confirmed story is replaced (11.034417ms)
✔ Product regenerate does not act after its confirmed story is replaced (3.401542ms)
✔ Product question posting does not follow a changed story after consent (15.499292ms)
✔ otto:// URIs parse every selector and reject malformed input (4.081875ms)
✔ links split into Uses / Used in and lineage orders provenance first with citations (2.707667ms)
✔ route parser maps every Design Hall path and falls back to the lobby (0.156208ms)
✔ there are exactly seven studios with unique ids and every format renders (0.496083ms)
✔ project stats, summary and filters (16.103209ms)
✔ epic tree groups implementing artifacts under their epic with per-studio counts (0.275791ms)
✔ signals read as one line from the bounded server payloads (0.170917ms)
✔ small helpers: titles, authors, brand colours and contrast (0.322958ms)
✔ a load that raced typing only flags a head that is really newer (S18-303) (0.075ms)
✔ bursts collapse into one write of the final count (45.357791ms)
✔ an unchanged count is not re-sent; flush writes at once (126.513583ms)
✔ every blocking e2e gate spec exists (a rename must not empty the gate) (0.731917ms)
✔ gate lists respect the project split: desktop-* only at desktop width, none at phone width (0.224917ms)
✔ gateMatcher matches listed files exactly, not by prefix (0.902333ms)
✔ no gate spec self-skips on its gate project (project.name guards) (5.168417ms)
✔ the guard parser catches a foreign project literal and an excluding include-list (0.552166ms)
✔ the gate runs on the real projects (playwright.config has no separate gate project) (0.440292ms)
✔ flaky-check --gate fails on skipped tests and on a pass count below the floor (0.422041ms)
✔ flaky-check names failed tests in the step summary (0.300458ms)
✔ the advisory red-count ratchet fails only when the count rises (0.684ms)
✔ small docs emit synchronously on every edit (unchanged contract) (0.837ms)
✔ a burst of edits on a large doc reads and emits the text once (0.140125ms)
✔ flush delivers the latest text now; a later timer is a no-op (0.074834ms)
✔ cancel drops a pending emit (doc switched under a stale binding) (0.057792ms)
✔ shrinking below the threshold emits synchronously and supersedes the pending one (0.562542ms)
✔ requestVarNames keeps varNames(requestTexts) order with body names supplied separately (0.606958ms)
✔ failed rating refreshes the durable pending state before allowing retry (73.569ms)
✔ rating response after disposal cannot publish or refresh the old view (10.482208ms)
✔ a poll started before a rating response cannot restore its stale score (4.053042ms)
✔ a current successful rating reloads the latest report rather than its response snapshot (9.581833ms)
✔ out-of-order rating replies still reload after the final write completes (3.632958ms)
✔ the parsers see the whole contract (sanity) (0.4175ms)
✔ type_name() agrees with the serde tag of every variant (0.387583ms)
✔ every Rust event is in OttoEvent and ws.md; OttoEvent has no stale tags (0.416042ms)
✔ ws.md documents no stale event tags (0.093916ms)
✔ each event's fields match its OttoEvent member (names + omitted-when-empty → optional) (1.520333ms)
✔ a token change reconnects /ws/events as a first connect for the new identity (112.464417ms)
✔ a plain first connect does not reset identity caches (39.101625ms)
✔ stop() detaches the socket so a quick restart never opens a second one (S13-08) (46.98325ms)
✔ a token change mid-handshake still reconnects (54.58ms)
✔ a stopped client ignores auth changes (20.171459ms)
✔ a throwing event handler is reported once per type, a malformed frame is ignored (S13-06) (20.897667ms)
✔ events: a document that never opened the page loads no page store and fetches nothing for its events (294.365375ms)
✔ events: with the page open (its store announced), every peeked event reaches the store as before (221.803ms)
✔ events: an allow-listed payload event still loads its store, so the page sees it on mount (49.992042ms)
✔ runWithOtto: a tick for a run the store holds nothing for, with no list loaded, fetches nothing (12.809833ms)
✔ countOccurrences: case-insensitive, non-overlapping, capped (89.962167ms)
✔ active providers: document order, hidden/detached/inactive skipped, nested dropped (12.856167ms)
✔ an inactive outer provider leaves the nested one active (8.3975ms)
✔ countOccurrences: a pre-lowered row is scanned as is (14.518291ms)
✔ findSkipped: data-find-skip subtrees and CodeMirror gutters / panels are neither counted nor painted (10.124958ms)
✔ releaseFindProviders tells every registered provider to drop its caches (11.723583ms)
✔ no owners → page find (113.365042ms)
✔ focus-owned openFind beats any pane owner (23.807292ms)
✔ nothing focused → highest-ranked visible terminal (10.678833ms)
✔ a header button holding focus still routes to the pane (9.513208ms)
✔ only rank-0 (parked / hidden) owners → page find (8.2155ms)
✔ unregistered owner no longer takes ⌘F (10.421542ms)
✔ a text field / contenteditable outside the terminal keeps ⌘F on the page (40.746125ms)
✔ an xterm textarea is not "a text field elsewhere" (13.351792ms)
✔ an open modal keeps ⌘F on the page (10.946625ms)
✔ a hidden aria-modal dialog (the compact Drawer kept mounted) does not block the pane (16.20325ms)
✔ last click inside the pane (header, terminal) → the pane (10.296917ms)
✔ last click on content beside the pane (loop timeline) → page find (10.276667ms)
✔ the right panel never hands ⌘F to the terminal, even nested in the pane tree (9.653209ms)
✔ the click picks WHICH pane: a lower-ranked pane that was clicked beats an unclicked higher one (13.54175ms)
✔ a find-neutral relay (phone quick-action bar) keeps the last real interaction (33.520417ms)
✔ ranking: a title match beats a keyword-only match (0.732667ms)
✔ ranking: no query lists by frecency, most used first, capped (0.460333ms)
✔ ranking: frecency lifts a used command over an equal fuzzy match (0.160292ms)
✔ frecency boost: bounded and decays with age (0.065417ms)
✔ frecency persistence survives garbage and blocked storage (0.2565ms)
✔ rows: a command-shaped query puts the command first, Ask Otto after (0.218417ms)
✔ rows: free text defaults to Ask Otto even when fuzzy hits exist (0.058ms)
✔ rows: empty query shows commands only; hits trail with unique keys (0.095625ms)
✔ looksLikeCommand: word prefixes of the title only (0.070333ms)
✔ selection wraps and handles empty lists (0.103875ms)
✔ search hits map to module routes (0.063875ms)
✔ keys: arrows, Enter, ⌘↵, Esc (0.43ms)
✔ keys: ⌃1–⌃4 switch spaces; ⌃5, ⌘1 and ⌃⇧1 do not (0.205416ms)
✔ keys: IME composition owns every key (0.107417ms)
✔ spaces: defaults are four named, empty, unpinned (0.212416ms)
✔ spaces: round-trip keeps name/workspace/model/thread, drops transient fields (0.408666ms)
✔ spaces: garbage, wrong shapes and out-of-range values normalize (0.131333ms)
✔ spaces: a turn left pending by a closed bar is marked not run (0.122208ms)
✔ threads: capped at MAX_THREAD and patched by id (0.093167ms)
✔ presence: auto docks off Home and while working, is full when open or on Home (0.044209ms)
✔ presence: overlays hide it; prefs pin, dock or turn it off (0.046333ms)
✔ geometry: panel budget clamps to the window top and the 560px cap (0.046625ms)
✔ ranking: "git" puts Go to Git above Open Git panel (whole-word Navigate hit) (0.058292ms)
✔ an existing folder passes with the daemon-normalised path — one stat, no listing (S14-306) (0.764375ms)
✔ a file blocks with an inline reason (0.133333ms)
✔ a missing folder blocks (stat 404, confirmed by browse) (0.162833ms)
✔ a daemon without /fs/stat (route 404) falls back to browse (0.097417ms)
✔ busy / forbidden / network failures do not block (the create reports real failures) (0.134791ms)
✔ statPath / browsePath encode the path (0.053709ms)
✔ New Session and the first-run coach pre-check the folder (0.242ms)
✔ keyboard navigation reaches all entries independently of rendered window (106.334083ms)
✔ selection action respects files and git-only eligibility (5.523417ms)
✔ Back and Forward preserve history until a different folder is opened (0.730083ms)
✔ each breadcrumb targets its exact ancestor including spaces, Unicode, and root (0.123959ms)
✔ shortcut persistence tolerates corrupt data and bounds unique recent folders (0.243958ms)
✔ open tabs fetch immediately, selected first, with at most two requests (117.126416ms)
✔ manual fetch joins background request and always invalidates unchanged refs (38.788667ms)
✔ hidden or unfocused windows defer fetches; closed tabs never start queued work (78.934334ms)
✔ failure backs off despite focus events; manual retry surfaces errors and clears backoff on success (31.164208ms)
✔ restart during an in-flight round does not overlap or revive the stopped timer (33.822834ms)
✔ manual requests share the global two-request limit (30.301833ms)
✔ a failed tab bootstrap can retry when the Git page opens later (80.945833ms)
✔ background fetch queued behind manual work rechecks close, stop, hidden and pause before starting (176.924791ms)
✔ manual caller promotes a queued background fetch and retains its request after tab closure (15.637583ms)
✔ background tabs unused for 15 minutes stop fetching; the selected tab and a reactivated tab continue (43.426416ms)
✔ new commits on top splice onto the immutable tail (0.427833ms)
✔ page last sha unknown → full reload (0.069167ms)
✔ a commit above the boundary vanished (deleted branch) → full reload (0.059042ms)
✔ a page commit already in the old tail (reorder) → full reload (0.05025ms)
✔ nothing to splice when the page covers everything held (0.056334ms)
✔ rewinding a same-name ref outside the fresh prefix invalidates the retained tail (176.96225ms)
✔ a moved tip displaced from the fresh page also invalidates a spliced tail (38.839333ms)
✔ small lists render whole (find-in-page keeps working) (0.700375ms)
✔ a 20k-row list mounts only the viewport plus overscan, spacers cover the rest (0.119875ms)
✔ the list starting below the fold (negative rel) still renders its head (0.057875ms)
✔ scrolled past the end clamps to the tail and never inverts (0.052292ms)
✔ events union until a refresh takes them (0.733084ms)
✔ an event without paths makes the set unknown, and it stays unknown (0.081875ms)
✔ an empty list (remote refs moved) touches no file (0.067041ms)
✔ a burst past the cap degrades to unknown (0.154375ms)
✔ touches: exact file, parent directory, unknown (0.067125ms)
✔ a change to a shown repo re-reads its local status at once (174.432584ms)
✔ a repo nobody shows is ignored (49.510042ms)
✔ a burst while a read is in flight costs exactly one more read (23.909ms)
✔ a hidden window waits and reads once when visible again (26.131ms)
✔ the open diff learns which paths a change touched, unioned across a coalesced burst (51.072875ms)
✔ a reopened operation with no unmerged files can continue (0.360417ms)
✔ SwrCache serves fresh, then stale, then drops past max age (5.733666ms)
✔ SwrCache is a bounded LRU (0.0875ms)
✔ invalidatePr drops the repo lists and only that PR (0.142625ms)
✔ a deleted-line comment renders under the deleted row only (1.399917ms)
✔ a new-side (or side-less) comment renders under the new row only (0.155208ms)
✔ outdated and line-less comments go to the file block (0.081375ms)
✔ lineAnchor: deleted → old side, everything else → new side (0.080041ms)
✔ out-of-order selectPrimary keeps the latest repo's status and PRs (166.581583ms)
✔ a stale PR list for a repo that is no longer primary is dropped (74.57075ms)
✔ workspace switch: the older repo list never overwrites the newer one (45.913459ms)
✔ a failed loadRepos is not sticky: the next call retries (62.885583ms)
✔ a detect that resolves before the repo list keeps the detected primary (43.830084ms)
✔ a failed repo load surfaces an error and retries on demand (59.905834ms)
✔ a non-fast-forward 409 is a rejection the user can act on (0.358625ms)
✔ a refused lease is told apart from a plain rejection (0.057958ms)
✔ anything else — auth, network, other 409s — is not a push refusal (0.059291ms)
✔ force retry carries the source and destination captured before the initial push (112.009167ms)
✔ the budget is per section, not per folder (2k branches in 40 folders) (0.683834ms)
✔ collapsed folders cost their header only and hide nothing (0.453167ms)
✔ a small section mounts everything (0.100042ms)
✔ growing the budget reveals more rows (0.096167ms)
✔ inactive branches use their own upstream counts; current branch uses fresh status (0.651667ms)
✔ splitRemoteRef keeps the remote and the slash-bearing branch name (0.806042ms)
✔ deleting upstream/feature-x names and pushes to upstream, never origin (143.750375ms)
✔ discard sends the lines picked BEFORE the confirm and names the count (20.826ms)
✔ a re-fetch while the discard confirm is open discards nothing (11.008625ms)
✔ a shift-click range picks changed lines only (S15-20) (24.008875ms)
✔ conflict edit round-trips CRLF and treats an empty editor as a deliberate empty block (0.151833ms)
✔ "Apply edit" makes the hand-edited text the resolution (2.299125ms)
✔ taking an EMPTY side records the choice (the checkbox no longer desyncs) (1.922417ms)
✔ Draft sends the selected Source as head and never re-points Source (3.638834ms)
✔ a draft landing after the sheet closed touches nothing (2.839583ms)
✔ Cancel mid-push is inert; mid-draft it asks before discarding (2.622375ms)
✔ confirming "Stop drafting and discard?" stops the drafting session (S20-305) (10.243125ms)
✔ posting a comment with an open edit sends nothing (21.64ms)
✔ a retry is skipped when the earlier attempt already created the comment (0.227ms)
✔ a comment declined mid "Post all" is skipped (9.420625ms)
✔ a commit draft landing after unmount opens no confirm and writes nothing (4.079041ms)
✔ bus polls keep refreshing after the timer budget is spent, toasting once (2.595459ms)
✔ merge sends expected_head_sha and explains a moved head (2.1975ms)
✔ row keys never contain NUL (CSS.escape maps it to U+FFFD) (0.19925ms)
✔ PR diff view state carries across a reload for paths that still exist (0.126083ms)
✔ a lazily fetched file never borrows another file’s hunks (33.592125ms)
✔ ⌘] / Ctrl+N are left to the app; a bare ] moves to the next file (13.128792ms)
✔ a repo pick from another workspace is dropped when the repo list loads (2.190042ms)
✔ PR numbers parse from every forge URL shape (0.113625ms)
✔ markAction refuses binary and absent files, keeps marker-free text as-is (0.455875ms)
✔ "Mark file resolved" never writes an empty body over a binary or absent file (91.669917ms)
✔ a marker-free text file is marked by staging its bytes (side keep), not recomposed (31.32425ms)
✔ fileIsCrlf reads the whole file, so an empty-sided hunk inherits CRLF (0.402625ms)
✔ local + remote delete sends remote_name on the safe and the forced request (51.628084ms)
✔ the retry guard marks a found copy posted so it stops being postable (6.427875ms)
✔ a push that changed auth.rs drops its viewed mark, composer and expansions (0.252792ms)
✔ pinnedHead prefers the modal’s live read over the parent’s copy (0.054666ms)
✔ amendPublishedAt names where HEAD is published, upstream or not (0.088667ms)
✔ human verification preserves identity and evidence after reload (0.407542ms)
✔ changed criterion and malformed revisions do not display accepted evidence (0.079542ms)
✔ a guest survives more than 30 s of refusals and reconnects (a slow deploy) (0.465542ms)
✔ a guest stops after the retry window (a revoked link is not hammered forever) (0.0895ms)
✔ owners keep the fast ladder forever (0.053125ms)
✔ the share page re-arms the terminal when its access re-check succeeds (0.478459ms)
✔ 100 content-neutral mutations after a pass run no further pass (0.662917ms)
✔ a size change, a relabel or a restyle re-runs the pass (0.132458ms)
✔ width cache hits only while the element signature is unchanged (0.071791ms)
✔ style writer drops same-value writes (0.908667ms)
✔ frontmatter: flat keys, trailing comments and quotes stripped, body split off (0.8105ms)
✔ frontmatter: CRLF + BOM tolerated; no block → whole text is the body (0.457167ms)
✔ parseSection: shortcuts from the Keys column, group/route/id fallbacks (0.49725ms)
✔ extractShortcuts reads every table under the heading, ignores other tables (0.677125ms)
✔ search ranks title over shortcut over summary over body (2.277291ms)
✔ key helpers normalise, detect and split chords (0.15975ms)
✔ orderSections: group order, Basics reading order, then sidebar order (0.124833ms)
✔ film manifest: missing/empty is handled, chapters validated and sorted (0.188292ms)
✔ History opens working without restarting its PTY (57.691583ms)
✔ History opens running without restarting its PTY (9.530166ms)
✔ History opens idle without restarting its PTY (14.89825ms)
✔ History never unconditionally restarts a stale inactive row whose PTY is now working (13.678208ms)
✔ History Open in Chat updates a warmed Terminal view preference (8.838375ms)
✔ History opens a stale live row through safe resume if its process has since exited (5.037542ms)
✔ History resume completion ignores a destroyed origin (7.358084ms)
✔ History resume completion ignores a new-route origin (4.30325ms)
✔ History resume completion ignores a workspace origin (17.5975ms)
✔ History resume completion ignores a scope origin (7.846875ms)
✔ History resume completion ignores a pending-route origin (11.215083ms)
✔ History resume completion ignores a hash-before-parse origin (4.176833ms)
✔ History import completion after departure does not start a session (3.9275ms)
✔ empty candidate page remains actionable and next request uses scanned cursor (55.263459ms)
✔ a changed filter discards an in-flight continuation and keeps the fresh cursor (27.401416ms)
✔ HomeBox loads every box kind lazily (1.228875ms)
✔ ResultsGrid loads its modal-only children on open (1.616375ms)
✔ CodeEditor keeps language packs and the LSP client out of its static graph (1.86425ms)
✔ service worker serves only hashed /assets/* cache-first and prunes old builds (0.381042ms)
✔ service worker never caches the proxy, plugin UIs or credentialed URLs (0.616583ms)
✔ Otto School (Classrooms) keeps three.js behind a dynamic import (5.900167ms)
✔ host pages load the Needs-you link lazily (it pulls the whole Today store) (0.809833ms)
✔ now() during an in-flight fetch coalesces into one rerun, not a new chain (3.613875ms)
✔ Home pending approvals cannot publish after workspace changes while its poll is busy (84.99575ms)
✔ Home stops displaying old scoped rows immediately on workspace switch (28.045834ms)
✔ user-started sessions count down on the 24-h manual grace, engine ones on 5 min (0.504958ms)
✔ durations read naturally at every scale (0.076459ms)
✔ settings override the grace; manual 0 = never suspended, so no hint (0.121875ms)
✔ unset or malformed settings fall back to the daemon defaults (0.367333ms)
✔ defaults mirror the daemon constants in manager.rs (1.364667ms)
✔ production scaling confirms the replica count actually submitted (93.099458ms)
✔ partial replay is a warning with retained evidence and an explicit duplicate-risk retry (5.820917ms)
✔ EC2 approval retains the account and region shown before an asynchronous route change (5.119792ms)
✔ Rds details distinguish the same resource name in different regions (33.869625ms)
✔ Eks details distinguish the same resource name in different regions (2.988125ms)
✔ SQS deletion stays bound to the approved queue and preserves a newly selected queue (11.138709ms)
✔ TableWindow renders small lists whole and windows big ones (231.399833ms)
✔ TableWindow measures the real row height and resets on a new listing (8.80875ms)
✔ podContainers mirrors the daemon (init first, live state + restarts) (35.335709ms)
✔ TableWindow.active gates windowing; a 5000-message peek mounts ≤ 150 rows (SC-08/SC-22) (17.535375ms)
✔ clipLongScalars cuts only >64 KiB strings and keeps untouched subtrees (SC-19) (15.785292ms)
✔ mergeS3Head refreshes the head and keeps the loaded pages (I9) (12.151875ms)
✔ rowAge ticks from created_at, falls back to age_seconds (perf R1) (11.91525ms)
✔ parses the title, headline and headline metrics of a daily summary (4.024167ms)
✔ parses action items: title, metric, current → target, effort, ids and status (0.435833ms)
✔ the Preview body drops the H1 and the parsed Action Plan (0.141791ms)
✔ tolerates format drift: "targets", tag words without ids, "--" separators, no bold (0.439583ms)
✔ falls back cleanly: no H1, no action plan, empty and garbage input (0.824167ms)
✔ metrics ignore action-plan numbers and bare $ rates (0.290042ms)
✔ firstSentence keeps decimals and abbreviations intact (0.273417ms)
✔ parseActionItem with no separators yields just a title (0.433542ms)
✔ parseIndex reads series + ledger and survives junk (0.481542ms)
✔ reportMetrics prefers the summary, then the index row (0.28025ms)
✔ delta tones follow whether up is good for the metric (0.174042ms)
✔ item status: ledger + summary words, regressed wins (0.403625ms)
✔ period keys and sibling artifact paths (0.334583ms)
✔ parseSummaryCached returns the same object for the same text (0.536916ms)
✔ onboarding steps are forms: Enter submits, Back/Skip/Browse are type=button (0.59975ms)
✔ password length counts code points (server: chars().count()) (0.085959ms)
✔ a dead daemon reads as "isn’t responding", not the browser’s raw error (0.058375ms)
✔ a failed optional workspace still finishes setup and toasts the error (0.10125ms)
✔ a reload after the root exists resumes the wizard (tab-scoped step) (0.560375ms)
✔ palette handlers ignore IME composition keys (1.639125ms)
✔ History ⌘K resume is registered only when the button would allow it (0.145291ms)
✔ agent-channel UI copy never shows the internal "room" noun (S20-302) (1.701833ms)
✔ an exec session resolved after unmount is deleted, not adopted (121.0565ms)
✔ a mounted view adopts the session (22.417958ms)
✔ autoExec is one-shot: openRow clears it unless the call asks for a shell (0.390042ms)
✔ autoExec is consumed once the Terminal acts on it (S16-306) (0.293166ms)
✔ a live refresh re-reads every paged-in row (0.412042ms)
✔ a live refresh never aborts a Load more, nor truncates past the server cap (0.06075ms)
✔ user-driven loads and appends are one page (0.046833ms)
✔ the ring appends in place and keeps the newest `cap` lines (5.005916ms)
✔ a chunk bigger than the cap keeps only its tail (21.574084ms)
✔ the filtered view drops exactly the matches the ring trimmed (0.127792ms)
✔ pending buffer stays capped while the window is hidden (S16-12) (23.815959ms)
✔ a 5k-workload table renders only the rows near the viewport (0.557958ms)
✔ scrolling deep keeps the total height and a bounded slice (0.073334ms)
✔ the expanded detail row shifts every later row by its height (0.074ms)
✔ the table starting below the fold and empty tables are safe (0.3825ms)
✔ the first cycle ticks at once; a burst inside the gap becomes ONE tick (0.765834ms)
✔ no ticks while hidden; one on return carrying every cluster that cycled (0.109584ms)
✔ a tick that comes due while hidden waits for visibility (0.079458ms)
✔ templates: variables, fill, RESET becomes JSON null (2.015334ms)
✔ path rule mirrors the daemon (0.237417ms)
✔ workload kinds and default port (0.202584ms)
✔ a small list polls every 10 s however slow the load was (0.510833ms)
✔ a big list waits max(30 s, 3 × the last load) (0.072083ms)
✔ the validator prefers the ETag header, else quotes the body version (0.065709ms)
✔ fleet row keys are cluster/ns/workload (+ pod in pod grouping) (0.065958ms)
✔ reuseByKey keeps unchanged objects and returns prev when nothing changed (0.48325ms)
✔ event keys are stable and made unique (0.08725ms)
✔ a conditional GET sends If-None-Match and a 304 resolves notModified (no body read) (95.82475ms)
✔ a conditional GET without a validator is a plain read that returns the body + ETag (35.579792ms)
✔ a conditional GET still throws on an error status (49.364875ms)
✔ per-cluster view state round-trips and repairs malformed fields (7.779458ms)
✔ route grammar: workspace monitor, legacy monitor, fleet and resources (0.164375ms)
✔ keys count only inside the workspace, or with focus on nothing (0.385333ms)
✔ the opt-out covers the letters but not Enter / Escape (0.09475ms)
✔ the shortcut sheet and the Help guide have the same groups, in order (1.36275ms)
✔ every group lists the same chords and actions in both places (0.2205ms)
✔ page-scoped chords that exist in code are on the sheet (0.097458ms)
✔ CodeMirror keeps ⌘D / ⌘[ / ⌘] / ⌘U / ⌘I (0.416ms)
✔ global chords still work inside CodeMirror (0.074875ms)
✔ ⌘U never fires from a plain text field; ⌘D still splits there (4.822208ms)
✔ nothing focused / page body → the global map handles everything (0.102ms)
✔ ⌃ never stands in for ⌘ on a Mac — ⌃K/⌃T/⌃W are text editing there (0.080709ms)
✔ isMacPlatform recognises Mac / iOS clients only (0.128458ms)
✔ a draft without a source revision becomes dirty after typing (27.50575ms)
✔ explicit Copy retries the clipboard for an unchanged persisted image (23.862542ms)
✔ keyboard Copy explicitly recopies unchanged content (8.53825ms)
✔ a dirty snip without a decoded image fails persistence without spinning (12.298583ms)
✔ close retains a draft after failed persistence and allows explicit discard (7.905583ms)
✔ close waits for the newest annotation while a previous upload is pending (6.1415ms)
✔ failed publishing preview remains unavailable until a successful retry (9.919792ms)
✔ artifact keep-mine never reloads over a draft when history lookup fails (21.367584ms)
✔ Brand keep-mine retries within one save and preserves edits on retry failure (5.430958ms)
✔ SourceSearch preserves existing results and retries the failed page context (5.996042ms)
✔ an older response that lands last is not current (0.583625ms)
✔ cancel invalidates the in-flight ticket (dispose / unmount) (0.082959ms)
✔ run() drops the superseded result and keeps the latest (0.465583ms)
✔ run() swallows a superseded rejection but propagates the current one (0.2755ms)
✔ latestByKey keeps slots independent (0.182875ms)
✔ lazyModule: loads once, queues calls in order, then runs synchronously (1.720958ms)
✔ lazyModule: a failed import drops its calls and retries on the next use (1.720917ms)
✔ lazyModule: peek() sees a module that announced itself under the key, and never imports (0.207583ms)
✔ events: reconnect / restart / periodic events peek page stores instead of loading them (2.157375ms)
✔ events: only allow-listed events load a page store (`.use`) (0.743ms)
✔ a meta listing carries its truncation flag (0.704334ms)
✔ a bare array (an older daemon) reads as complete (0.079167ms)
✔ the note names how many are shown (0.109209ms)
✔ runs once, then only on events (coalesced), with the safety net while connected (107.469708ms)
✔ socket down → catch-up run, then the fallback cadence; resync refetches (42.790042ms)
✔ socket coming up pushes a pending fallback tick out to the safety net (32.894041ms)
✔ match narrows events; stop unsubscribes and cancels timers (19.273ms)
✔ a continuous stream still refreshes within maxWaitMs (29.234541ms)
✔ minIntervalMs caps event-driven refetches under churn (29.228917ms)
✔ numeric hidden cadence relaxes while connected (20.444292ms)
✔ no source → a plain poll at fallbackMs (17.297625ms)
✔ LiveRegistry isolates a throwing listener and reports its types (20.255167ms)
✔ maps auth / missing statuses to human causes (0.475417ms)
✔ keeps the daemon message for other statuses, falls back to the code (0.08675ms)
✔ an unreachable daemon (fetch TypeError) reads as such (0.054542ms)
✔ plain errors and junk never render empty (0.055709ms)
✔ the cap named by the engine error wins, else the counters decide (0.456792ms)
✔ a plain resume is offered only while budget remains (0.0665ms)
✔ the extend prefill is current + 50% and always above what is used (0.386167ms)
✔ delayed pause cannot insert an old loop into a new workspace (84.005833ms)
✔ delayed updateLimits cannot insert an old loop into a new workspace (18.273583ms)
✔ closing detail discards queued reruns and late iteration bodies (43.434834ms)
✔ opening B invalidates A immediately while B waits for the single-flight request (13.341708ms)
✔ late verifyCriterion does not reopen a closed detail (20.276042ms)
✔ late answerQuestion does not reopen a closed detail (33.204458ms)
✔ late retryExecutor does not reopen a closed detail (18.383667ms)
(node:67729) [DEP0205] DeprecationWarning: `module.register()` is deprecated. Use `module.registerHooks()` instead.
(Use `node --trace-deprecation ...` to show where the warning was created)
✔ renderMarkdownGfm parses the HTML once and focus-tags pre/table on that tree (12.646042ms)
✔ plain prose still takes a single parse (6.110458ms)
✔ Close Tab with no tab to close closes the pop-out window (104.510208ms)
✔ Close Tab that closed a session tab leaves the window alone (7.520541ms)
✔ closePopoutWindow never closes the main window or a pane (0.752709ms)
✔ a lone burst runs once after the quiet window (1.408ms)
✔ a steady stream (every 200 ms) still refreshes at least every max-wait (0.232291ms)
✔ old Mission load cannot replace a newer workspace or its loading state (36.14275ms)
✔ late saved-view creation does not clear another workspace form or refresh it (7.208917ms)
✔ every kind names the module it opens in (no dead end) (52.421291ms)
✔ id-only kinds route straight to their row (7.685083ms)
✔ pr source keys split on the last colon and reject junk (3.859417ms)
✔ stop uses the owner cancel endpoint only for running, stoppable kinds (4.764666ms)
✔ every Rust WorkKind has a module, a label, an icon and a filter entry (6.783125ms)
✔ an Otto run opens in Run with Otto and stops through its own cancel (5.136334ms)
✔ Esc closes the top sheet (30.615167ms)
✔ Esc already handled inside the sheet (CodeMirror popup) keeps the modal open (21.673833ms)
✔ a busy (non-dismissable) sheet ignores Esc (8.449667ms)
✔ the Tab trap counts contenteditable editors as focusable (0.807708ms)
✔ script motion is smooth by default and instant under reduced motion (0.406958ms)
✔ reducedMotion never throws without a usable matchMedia (0.0765ms)
✔ native embedded context requires Tauri and an injected host, never query flags (0.816ms)
✔ native pane geometry rejects hidden or invalid rectangles and clips to viewport (0.109667ms)
✔ native presence excludes hidden pane even while WebKit reports visible and focused (0.068084ms)
✔ layout coalesces during IPC and final hide cannot be overtaken by stale geometry (0.140291ms)
✔ layout continues with newest state after rejected native IPC (0.090084ms)
✔ detached surfaces remain addressable when the host split is narrow (0.104666ms)
✔ native layout scales CSS geometry by page zoom in window logical points (0.584083ms)
✔ overlay focus restoration is cancelled when detach or a new overlay wins the race (0.0795ms)
✔ native menus honor primary window focus after macOS window cycling leaves a stale side flag (1.787292ms)
✔ the shared inbox link says how many things need you (S20-07) (0.384375ms)
✔ every narrower needs-you surface links to the one canonical inbox (0.44375ms)
✔ the agent-to-agent transport is never labelled "Rooms" (the sidebar module owns that noun) (4.418167ms)
✔ mixed batch keeps recovery open and retries only the failed submitted configuration (60.409875ms)
✔ all-success batch opens each session once and closes (16.284125ms)
✔ all-failed batch stays open and can complete on retry (45.106792ms)
✔ workspace-bound failed member waits for its original workspace before retry (19.306083ms)
✔ automation notice routes resolve to the item to open (0.728083ms)
✔ a re-fired notice (same id, refreshed by the daemon) replaces the read copy (78.379667ms)
✔ an identical re-delivery is ignored (32.070041ms)
✔ a new notice is prepended (15.62ms)
✔ awaiting-input banners only for a session you are not watching (A2) (125.506083ms)
✔ canceling a workspace switch prevents a notification from navigating in the old workspace (30.030875ms)
✔ a notice for another workspace's session switches there and opens it (36.289709ms)
✔ a notice for an archived session offers Unarchive and open (48.423291ms)
✔ a deleted session says so instead of failing silently (22.657875ms)
✔ load() keeps notices ingested while the GET was in flight and queues one trailing reload (13.284083ms)
✔ ensureLoaded() joins the in-flight first load instead of fetching twice (boot perf) (17.175375ms)
✔ identity change: a load answered for the previous identity is dropped, then re-run (S13-02) (29.966458ms)
✔ a failed load with ingested rows settles, keeps the rows and reports the error (13.835375ms)
✔ the bell spins only until a load settles and shows rows + inline Retry on a failed refresh (0.443416ms)
✔ OKF verifier mapping and list derive the same advisory trust tier (0.737833ms)
✔ staleness uses an absolute inclusive deadline and verification is independent (0.126583ms)
✔ legacy and absent metadata remain readable, unknown types are accepted (0.107541ms)
✔ editing lifecycle fields preserves nested provenance and body (4.874791ms)
✔ new concept template is v0.2, draft and unverified, with YAML-safe titles (8.273041ms)
✔ ⌥ composing an ASCII symbol (DE ⌥L = @, ⌥5 = [) counts (0.48525ms)
✔ US-layout ⌥ glyphs, letters, arrows and other chords do not (0.091292ms)
✔ the hint shows once, and only while Option is Meta (0.414541ms)
✔ one word of a multi-word title never addresses the session (95.738625ms)
✔ the whole title, the handle, @handle and handle: still address (16.466417ms)
✔ close by a single title word falls through instead of archiving (10.751167ms)
✔ close <whole name> of one idle session archives at once (13.096208ms)
✔ close all / several / a working one / "stop <name>" ask first (9.506292ms)
✔ a provider close never includes background workflow / review agents (S13-04) (9.479209ms)
✔ "delete <name>" resolves by name and asks before a permanent delete (6.971583ms)
✔ a "working" plain shell is not mid-turn: close <name> archives at once (7.11325ms)
✔ scheduled save retains fields typed during PATCH and saves again to the same task (111.3865ms)
✔ scheduled create adopts its new ID while preserving post-submit edits (53.03175ms)
✔ scheduled failed save retains all newer fields (25.544042ms)
✔ scheduled agents navigation uses the form leave decision (38.969583ms)
✔ scheduled workspace navigation uses the form leave decision (20.989666ms)
✔ scheduled clean navigation does not ask, late save cannot close replacement form (15.356542ms)
✔ goal agents navigation preserves criterion and budget drafts (13.3735ms)
✔ goal workspace navigation preserves criterion and budget drafts (4.418125ms)
✔ goal budget-only changes are a draft and clean navigation does not ask (7.328708ms)
✔ late goal launch cannot redirect a replacement workspace (21.924541ms)
✔ scheduled create completion cannot replace another workspace list (55.173625ms)
✔ scheduled A-B-A ignores old A success and finally (11.84575ms)
✔ scheduled A-B-A ignores old A failure and finally (7.377625ms)
✔ scheduled reversed same-workspace load cannot replace the latest success (7.097917ms)
✔ goal create after A-B cannot reload a departed context (18.099875ms)
✔ goal create after A-B-A cannot reload a departed context (14.189583ms)
✔ goal A-B-A ignores old list success and finally (14.204583ms)
✔ goal A-B-A ignores old list failure and finally (30.72775ms)
✔ goal reversed same-workspace lists preserve the newer result (12.329458ms)
✔ goal workspace Keep retains A; Discard closes the persistent parent and never resurrects A (28.653958ms)
✔ goal clean workspace leave settles the parent without prompting (4.42925ms)
✔ goal local Cancel calls the real parent once (3.959708ms)
✔ goal discarded pending launch uses actual store without replacing B or redirecting its parent (19.160958ms)
✔ pending workflow save cannot retarget Run to B (88.00225ms)
✔ pending workflow save cannot retarget Run to null (24.275458ms)
✔ Run admission covers validation and releases after validation failure (9.304625ms)
✔ late Run response cannot install under a different workflow (46.777833ms)
✔ late version read cannot replace current drawer or its loading state (15.348958ms)
✔ Restore captures version identity before discard confirmation (7.563708ms)
✔ replacement import fetches global scope, confirms empty visible workspace, and fails closed (2.917167ms)
✔ extended budget survives Resume failure and retry skips repeat PATCH (2.798625ms)
✔ dirty work item selection retains draft and route until discard is accepted (12.76025ms)
✔ mounted tool catalogue batches 1000 decisions and releases refresh work (43.057083ms)
✔ Mission request refresh updates approvals without replacing active draft (19.702916ms)
✔ Mission approve refresh updates approvals without replacing active draft (7.907625ms)
✔ Mission deny refresh updates approvals without replacing active draft (6.708167ms)
✔ Mission refresh begun before Edit cannot overwrite later typing (3.92975ms)
✔ Mission refresh keeps the original edit baseline when server fields change (3.252834ms)
✔ Mission successful Save supersedes an older same-item read (5.497375ms)
✔ Mission Save preserves changes typed after submission and Cancel restores saved values (5.594833ms)
✔ Mission failed Save retains the draft and baseline (3.274625ms)
✔ Mission A-B-A reads retain the newest item visit and seed clean navigation (3.795166ms)
✔ open is first, unknown server actions are hidden (0.718667ms)
✔ the canvas hit's legacy 'Open in Canvas' label still opens (0.103042ms)
✔ a repo hit routes to its repo (0.058542ms)
✔ context names the kind, title, subtitle and id (0.076416ms)
✔ search error remains visible and a successful retry clears it (56.509417ms)
✔ superseded search cannot overwrite a newer result or raise its error (5.227083ms)
✔ paneTier maps widths onto full / compact / minimal / micro at the CSS breakpoints (0.414542ms)
✔ an unmeasured pane is full, never a flash of the minimal header (0.063667ms)
✔ tierAtMost orders the tiers widest → narrowest (0.059333ms)
✔ a stored Split preference reads as Chat; unknown values fall back to the default (0.059834ms)
✔ the view toggle flips between the two remaining views (0.051792ms)
✔ cwdLabel shows the last folder of a path (0.139459ms)
✔ paneDetails keeps only the facts that exist, in a stable order (0.437167ms)
✔ the transcript store migrates a stored Split to Chat once and drops the split fraction (163.288625ms)
✔ Home/End set the value's min/max (0.806959ms)
✔ Home/End set the value's min/max on an inverted (leading-edge) separator (0.081417ms)
✔ invert flips the arrows (and RTL mirrors them) (0.087833ms)
✔ an incremental answer prepends only new items and keeps the runs it did not carry (2.674417ms)
✔ the merged ring is capped like the daemon ring (5.135708ms)
✔ only approval events for approvals the feed shows trigger a refresh (0.20875ms)
✔ a daemon restart (new epoch) resets the cursor and items instead of freezing the feed (0.284125ms)
✔ the daemon-side reset flag is honoured even without an epoch to compare (0.223375ms)
✔ failed schedule refresh preserves known cadence and exposes a recoverable error (127.129458ms)
✔ stale schedule failure cannot finish or replace the newer loading state (26.383917ms)
✔ agent list detail fanout is bounded and obsolete queued work is skipped (46.36675ms)
✔ loadSchedules: A then B preserves independent agent results (150.016333ms)
✔ loadSchedules: B then A preserves independent agent results (29.743542ms)
✔ loadSchedules: newer same-agent result survives stale success (19.934333ms)
✔ loadSchedules: newer same-agent result survives stale failure (24.247333ms)
✔ loadRuns: A then B preserves independent agent results (24.482833ms)
✔ loadRuns: B then A preserves independent agent results (14.542334ms)
✔ loadRuns: newer same-agent result survives stale success (15.982959ms)
✔ loadRuns: newer same-agent result survives stale failure (11.255542ms)
✔ Proof filter replacement ignores old success and its loading completion (11.391625ms)
✔ Proof filter replacement ignores old failure and its loading completion (28.201542ms)
✔ Proof workspace A-B-A rejects the first A response and retains final cursor (17.98675ms)
✔ Proof old load-more success cannot publish across filter change (10.851334ms)
✔ Proof old load-more failure cannot publish across filter change (11.03925ms)
✔ Proof close invalidates pending detail success (8.157ms)
✔ Proof close invalidates pending detail failure (8.329833ms)
✔ Proof detail completion cannot clear an active list spinner (8.56275ms)
✔ Insights queued latest model drains after schedule success (7.114125ms)
✔ Insights queued latest model drains after schedule failure (2.847333ms)
✔ Insights failed queued model stays retryable after successful schedule save (32.612458ms)
✔ Insights provider reset cancels an older debounced model from the prior provider (2.379708ms)
✔ Insights rejected provider preserves its model when rejection is before debounce (1.974542ms)
✔ Insights rejected provider preserves its model when rejection is after debounce (1.84925ms)
✔ Insights Retry debounce state compiles without a nonreactive update warning (77.462041ms)
✔ PAT mint keeps the uncopied secret through repeated submit and clipboard failure until Done (2.7905ms)
✔ AccountPicker exposes pending lookup and an in-place retry without losing drafts or explicit account (3.183083ms)
✔ AccountPicker provider change and unmount reject obsolete lookup publication (2.2135ms)
✔ personal agent list A-B-A keeps newer rows after stale success (24.998625ms)
✔ personal agent list A-B-A keeps newer rows after stale failure (29.743625ms)
✔ personal agent old completion does not clear a newer loading state (32.50075ms)
✔ template retry preserves the first created agent and schedule request key (91.473ms)
✔ Athena history keeps its response region and rejects a late foreign history (14.733042ms)
✔ 100 visited Assistant threads retain only acquired data and reconnect refreshes one view (97.7525ms)
✔ late Assistant fetch and live events cannot revive released history or remove pending sends (172.290625ms)
✔ AgentDocuments navigation keeps dirty drafts and blocks pending-save departure (1.875542ms)
✔ AgentAutonomy navigation keeps dirty drafts and blocks pending-save departure (4.149667ms)
✔ in-flight guard: a due tick never overlaps a pending run (84.877ms)
✔ failures back off x2 up to maxBackoff, success resets (22.353292ms)
✔ resolving false counts as a failure (14.3735ms)
✔ hidden: pause skips ticks with no timer, and runs once on return (12.366875ms)
✔ hidden: a numeric cadence keeps polling slower while hidden (25.931ms)
✔ stop aborts the in-flight run and never reschedules (10.391459ms)
✔ an owner signal stops the poller; immediate:false waits one cadence (10.205958ms)
✔ jitter stays within ±fraction (8.263625ms)
✔ mapLimit caps concurrency and keeps order (14.019917ms)
✔ status backoff (Athena / Logs Insights): 1,1,2,2,3,5 then capped at 5 s (0.968541ms)
✔ status backoff: 15 s at every step while the window is hidden (0.098209ms)
✔ adaptive delay (Logs tail): 2 → 4 → 8 → 10 cap, reset to 2 on data (0.079917ms)
✔ adaptive cadence (Kafka tail): 3 → 6 → 12 → 15 cap, reset on new messages (0.094667ms)
✔ effectiveRefreshMs: all-regions mode is floored at 30 s, single region unchanged (0.064375ms)
✔ pollWhileVisible honours a `get ms()` getter fed by adaptiveCadence (54.7365ms)
✔ createLimiter(2) (AccountsOverview probe stagger): never more than 2 in flight, all run (29.387042ms)
✔ quiet cadence (Kafka Overview metrics): 4 s, then 8 → 10 s after 3 unchanged samples, snaps back on change (0.904041ms)
✔ at most 8 PRs stay cached, least recently used first out (107.696833ms)
✔ expired entries are swept when another PR is opened (21.854625ms)
✔ the byte budget evicts older PRs; loaded files are charged (53.585209ms)
✔ favorites first, then the visible order, mapped + deduped + capped (0.770041ms)
✔ modules the user cannot see (RBAC / hidden) are never warmed (0.080709ms)
✔ plugin routes and unknown ids are skipped (0.067917ms)
✔ only a local daemon on a non-phone without Save-Data prefetches (0.192958ms)
✔ resource attribution includes reparented owned WebKit XPCs, excludes foreign coalitions/system WebKit and driver (96.323666ms)
✔ coalition cache reuses stable identities, invalidates reused PIDs, and never keeps an exited owner (12.198708ms)
✔ Chromium keeps descendant attribution without a macOS coalition lookup (11.246875ms)
✔ DiscoveryChat late load cannot replace the newly selected conversation (43.871ms)
✔ DiscoveryChat late failed send preserves both conversations' drafts (16.518709ms)
✔ DiscoveryChat late successful send cannot append A messages to B (19.680417ms)
✔ RefineChat late load cannot replace the newly selected conversation (7.741542ms)
✔ RefineChat late failed send preserves both conversations' drafts (4.64275ms)
✔ RefineChat late successful send cannot append A messages to B (3.360875ms)
✔ a new story always seeds the form (0.72275ms)
✔ a detail replacement keeps unsaved edits and refreshes untouched fields (0.071834ms)
✔ an unedited form follows the server (0.062084ms)
✔ after the user saves, the saved text stays in the form (0.05ms)
✔ every Overview Jira write is confirmed before it is sent (0.73525ms)
✔ workspace-only loads never read the reactive story selection (115.189334ms)
✔ late draft mutation cannot replace a newly selected story (71.866ms)
✔ late collection response and loading completion belong to their selection (59.621125ms)
✔ late workspace list response cannot replace the current workspace (32.745875ms)
✔ dirty Product story, tab and view transitions respect Keep editing (24.691042ms)
✔ A to B to A cannot revive a request from the earlier A lifetime (39.012666ms)
✔ S18-01: a Jira title/description write for A never patches B after a switch (25.674583ms)
✔ S18-03: captureSelection goes stale on A → B → A (a re-open is a new owner) (49.830625ms)
✔ import into 50 transcripts from the first page preserves ordinary cursor reachability (163.385334ms)
✔ import into 51 transcripts from the first page preserves ordinary cursor reachability (56.023625ms)
✔ import into 51 transcripts from an older page preserves ordinary cursor reachability (59.004417ms)
✔ import into 100 transcripts from the first page preserves ordinary cursor reachability (41.876ms)
✔ import into 100 transcripts from an older page preserves ordinary cursor reachability (63.197166ms)
✔ a delayed pre-import page cannot replace the refreshed first page after POST (27.996666ms)
✔ leaving an off-page search reveal restores the ordinary boundary item and cursor (31.1055ms)
✔ real registry unregister stops Product search before its next cursor GET (79.369583ms)
✔ real registry unregister releases retained search rows even when the pending read rejects (43.069292ms)
✔ real asynchronous reveal honors close before expanding, painting or scrolling (66.541167ms)
✔ real asynchronous reveal honors no-results query before expanding, painting or scrolling (72.313041ms)
✔ real asynchronous reveal honors normal reveal before expanding, painting or scrolling (72.6455ms)
✔ opening collapsed transcript history transfers only a bounded thin first page (178.306ms)
✔ expanding a thin transcript fetches its body through the actual Overview handler (84.682166ms)
✔ transcript cache enforces both byte and entry bounds and rehydrates evicted bodies (67.060666ms)
✔ summary pagination stays bounded and older collapsed search reveals the correct body (65.943375ms)
✔ failed body loading can retry without losing the selected summary (61.277875ms)
✔ late transcript body belongs to the original story lifetime (45.10025ms)
✔ an oversized body stays out of the cache and remains downloadable in full (59.144167ms)
✔ Proof list workspace change clears summaries before sidebar loads (97.57475ms)
✔ Proof detail cannot publish after its workspace changes (14.207209ms)
✔ Proof identity change invalidates pending summary reads in the same workspace (18.309625ms)
✔ readiness follows registry tool detection for built-in and custom providers (116.764167ms)
✔ context-dependent and legacy unchecked providers remain launchable without claiming readiness (17.483542ms)
✔ late story destinations cannot replace the newly selected account (50.276166ms)
✔ late rfc destinations cannot replace the newly selected account (6.069666ms)
✔ destination retry preserves the typed RFC title and parent (43.229166ms)
✔ story submit binds the exact reviewed body and metadata despite later detail updates (70.170083ms)
✔ rfc submit binds the exact reviewed body and metadata despite later detail updates (10.278042ms)
✔ a preview without a content version binds null identity and the exact empty-body digest (6.185375ms)
✔ publication conflict disables the stale preview until explicit review reload (16.970834ms)
✔ Recap unchanged completed archive polls metadata without retransferring its body (99.583625ms)
✔ Recap summary metadata alone updates without another body request (23.8965ms)
✔ Recap append beyond an older complete page updates metadata without rereading that page (15.215459ms)
✔ Recap partial newest page appends after a missed event, then resumes cheap unchanged checks (11.618792ms)
✔ Recap exact page boundary exposes the next cursor without appending 101 rows or moving the page (17.795875ms)
✔ Recap external draft replacement and removal remain observable after capture stops (6.275458ms)
✔ Recap delayed old body cannot be acknowledged as a newer draft revision (6.455292ms)
✔ Recap explicit refresh still reads body and a closed panel ignores pending body completion (9.875167ms)
✔ Recap revision error retains content and recovery clears error without rereading unchanged body (16.522167ms)
✔ Recap revision failures back off the real visible poller and recovery restores cadence (45.876875ms)
✔ a burst of edits renders only the first (running) and the newest job (2.187708ms)
✔ jobs without isStale keep strict FIFO order (0.157333ms)
✔ a failing job or a throwing isStale never wedges the chain (0.248625ms)
✔ REST DTOs: otto-core structs and their types.ts mirrors agree (3.3835ms)
✔ membership waits for snapshot and fails closed after ten seconds of silence (22.774833ms)
✔ silence deadline resets per server frame rather than rounding to the heartbeat tick (2.486042ms)
✔ a stalled WebSocket handshake reaches disconnected and retries without waiting for open (0.637ms)
✔ signal parser rejects oversized, malformed and unknown media envelopes (0.620708ms)
✔ ending room while screen permission is pending stops the late stream and publishes nothing (0.509ms)
✔ presenter permission is required before opening a screen picker (0.088875ms)
✔ late microphone capture cannot reactivate after leaving audio (0.503083ms)
✔ a host generation change invalidates a pending guest picker even if disconnect was missed (0.162792ms)
✔ server coordinator shutdown stops the host microphone and audio context (0.213958ms)
✔ moderation mute then lift cannot revive a picker opened before moderation (0.400167ms)
✔ recap accessor exposes only the host raw live microphone and withdraws muted audio (0.32675ms)
✔ 25 screen source replacements and 25 audio rejoins reuse negotiated sender slots (24.644833ms)
✔ removing a member during a pending video replacement cannot recreate its audio mix (0.383ms)
✔ revoking a source during pending slot reuse clears the newly attached video track (0.406042ms)
✔ a retained receiver stream binds new source IDs without another ontrack event (26.121125ms)
✔ a binding-only publisher replacement triggers forwarding to another guest (16.374667ms)
✔ offer glare still accepts ICE for the current remote generation (0.504542ms)
✔ initial ignored-offer candidates are not replayed into a different accepted generation (0.276334ms)
✔ negotiation chooses the local description after a pending remote offer changes signaling state (3.803833ms)
✔ local preview demand never subscribes to the publisher through the server (1.066541ms)
✔ revocation stops capture that resolves after the permission picker (0.456541ms)
✔ failed source replacement preserves the existing capture (0.180417ms)
✔ revoked permission is rechecked at capture commit and concurrent pickers cannot leak (0.097084ms)
✔ four-presenter host star stays under aggregate video ceiling with one full pin per viewer (0.256667ms)
✔ grid budgets are shared per viewer and hidden sources stop encoding (0.096416ms)
✔ dimensions preserve aspect ratio, never upscale and invalid metadata disables transmission (5.400958ms)
✔ host mixes exclude the recipient, room-muted, departed and locally muted senders (0.548041ms)
✔ source geometry invalidates on resize but not intentional quality downscale (0.138584ms)
✔ encodes bounded mono16k PCM WAV with clamping and duration-preserving downsampling (0.527083ms)
✔ screen difference retains first/changed frames and skips small noise (0.077625ms)
✔ bounded upload queue drops overflow and invalidates queued work when consent epoch changes (0.4805ms)
✔ invites require an explicit secure host and exactly one fragment capability (0.93425ms)
✔ room sockets carry no query credential and use the room endpoint (0.081583ms)
✔ pin is local and a stopped source falls back to the terminal (0.055916ms)
✔ annotation positions account for letterboxing and reject the margins (0.086833ms)
✔ only recognized automatic terminal reports are passive input (0.190041ms)
✔ late annotation events cannot restore cleared or revoked marks (0.206125ms)
✔ closed Rooms view: an event bumps activity and fetches nothing (110.9915ms)
✔ open view appends the event message with no GET, deduped by id (55.228709ms)
✔ unmount evicts all but the selected room; a resync re-reads the tail (50.661167ms)
✔ go() without guards navigates (92.762459ms)
✔ a guard returning false keeps the route; true lets it through (40.182291ms)
✔ a link / typed hash is reverted when a guard declines (18.0375ms)
✔ back() asks the guards; unregistering removes the guard (14.407166ms)
✔ replace() is never guarded (48.234375ms)
✔ room invitation is captured only in memory and removed before route history is recorded (27.162584ms)
✔ openModule resumes a module where it was left; the active module goes home (26.781666ms)
✔ workspace leave decisions run guards without navigating or accepting same-route exemptions (11.782208ms)
✔ a newer route decision invalidates a pending workspace decision (35.494667ms)
✔ a share token survives a reload of the guest page (tab sessionStorage), never in the URL (33.693833ms)
✔ native Back then Forward moves the in-app pointer and keeps forward history (138.010125ms)
✔ a refused native Back is undone with history.go, not by overwriting the entry (61.526084ms)
✔ an approved native Back under a guard lands on the target (16.348917ms)
✔ a new link navigation after Back still truncates forward history (33.724417ms)
✔ ContextMenu key and ⇧F10 open the menu; nothing else does (0.400125ms)
✔ keyboard menu opens at the start edge, mirrored in RTL (0.396459ms)
✔ the menu chord works from a non-editable descendant, not from a field (0.157041ms)
✔ a run with every artifact links to proof, findings, loop and branch (S20-02) (0.737ms)
✔ a run with nothing to inspect yields no links (0.068416ms)
✔ findings and branch need a repo to resolve (0.0615ms)
✔ the evidence routes resolve to THIS run’s review and branch (S20-301) (0.119708ms)
✔ without a review id there is no findings link (nothing specific to open) (0.04825ms)
✔ older same-query detection cannot overwrite a newer result (45.243375ms)
✔ completed launch in an unmounted workspace cannot reopen its detail (23.833959ms)
✔ old list response cannot replace a newer request in the same workspace (131.699959ms)
✔ launch completion does not switch the store back to a departed workspace (16.472417ms)
✔ late refresh cannot undo a confirmed cancellation (22.196ms)
✔ workspace change clears detail and rejects late event history (28.291292ms)
✔ checkpoint-only progress merges freshness without clearing loaded pages (114.515916ms)
✔ body cache rejects another version and evicts only bounded retained bodies (10.0545ms)
✔ out-of-order run snapshots do not roll back selected details or checkpoint generation (13.316042ms)
✔ checkpoint pages preserve a row already fetched at a newer revision (7.87675ms)
✔ unchanged nodes (same detail_version + status) keep their object and fields (6.360375ms)
✔ shared node bodies: one request per (run,node) across the step list and the inspector (24.772042ms)
✔ a shared read is aborted only when every consumer that joined it aborted (9.621417ms)
✔ a contiguous live node summary applies in place; anything else refetches (perf W5) (8.608291ms)
✔ shared completed node bodies obey a 16 MiB estimated byte budget (21.722042ms)
✔ oversized shared bodies reach every joined consumer but are not cached (14.727667ms)
✔ shared completed body eviction uses last access rather than insertion order (5.331833ms)
✔ network-path references are external, not relative (1.363833ms)
✔ relative, fragment and query hrefs stay internal (0.253458ms)
✔ http(s) is external; mailto allowed but not external (0.200625ms)
✔ script-ish schemes are refused, even obfuscated (0.219167ms)
✔ data: only as a non-SVG image (0.161625ms)
✔ version cache reuses immutable selected versions with bounded bytes and entries (1.026291ms)
✔ kick-out confirms with the session, the workspace and no-undo; mid-turn says so (0.522459ms)
✔ kick-out: confirmed → delete + walk-out together, then a toast (0.447083ms)
✔ kick-out: cancelled → nothing happens; failed delete → the kid walks back (0.131875ms)
✔ no actions for a kid you can’t manage (0.116667ms)
✔ detention archives (with the working hint) while the kid walks to the bench (0.088291ms)
✔ detention: a cancelled guard walks the kid back without an error (0.06775ms)
✔ release unarchives and says the kid is back (0.072708ms)
✔ actor disposal releases unique cloned skeletons and mixer bindings while preserving shared templates (4.795208ms)
✔ every workspace is a classroom door, the current one first (6.742917ms)
✔ status → pose: only real output is typing; an alive-but-quiet process sits idle (0.069042ms)
✔ each provider gets its own kid; unknown providers the custom kid (0.0525ms)
✔ seating is stable: a status change never moves a kid to another desk (0.213541ms)
✔ a room hangs behind its corridor door: back wall on the corridor, door segment on its door (0.107375ms)
✔ engine sessions sit in the back row only while live; viewers cannot manage (0.180334ms)
✔ archived sessions sit on the detention bench (newest first, max 3) (0.19175ms)
✔ complete membership keeps overflow sessions actionable while geometry stays capped (0.342917ms)
✔ roomSummary reads like a door sign (0.145125ms)
✔ a full grid of desks, each with a chair, and one door each side of the wall (0.569375ms)
✔ no furniture footprint lands on a walkway (0.421583ms)
✔ lanePath only walks axis-aligned along lanes and aisles (0.18125ms)
✔ busy kids never leave their desks; idle kids do wander, and come back (12.423084ms)
✔ a wandering kid hurries back when its session wakes up (0.993417ms)
✔ the headmaster checks on the kid that needs you first (0.711333ms)
✔ kick-out walks the kid out of the door; detention walks it to the bench (0.506834ms)
✔ restore puts a kicked kid back at its desk (the delete failed) (0.104833ms)
✔ reduced motion: nobody wanders, the headmaster stays at the board, kicks are instant (1.389125ms)
✔ every clip life asks for is in the asset contract (10.464542ms)
✔ an unanswered "needs you" frees the kid to wander after BORED_MS; a fresh one keeps the hand up (4.890792ms)
✔ hidden documents abort screen reads, suppress late feeds, and resume one nonoverlapping batch (5.053917ms)
✔ a poller created while hidden waits for reveal and still caps each batch at twelve (1.69175ms)
✔ abort terminates pending worker and ignores late messages (102.9915ms)
✔ elapsed deadline terminates a script that never replies (25.906959ms)
✔ oversized input rejects before any worker message (24.441ms)
✔ postMessage clone failure terminates and settles exactly once (13.593917ms)
✔ messageerror terminates and success cleans its worker (27.410292ms)
✔ already aborted script creates no worker (16.542417ms)
✔ pre-script keeps pm request/header and variable behavior (2.501708ms)
✔ console bursts stop retaining entries at the script output budget (0.78625ms)
✔ oversized log text is rejected before retention (0.126458ms)
✔ post-script test bursts share bounded output collection (0.634125ms)
✔ post-script keeps passed and failed pm tests plus chaining (4.297458ms)
✔ write set records explicit same-value writes and unsets but not reads (0.261417ms)
✔ writes never overlap and the last one sends the latest state (2.848167ms)
✔ a failed write does not wedge the queue (0.70975ms)
✔ BACKGROUND_SOURCES mirrors the Rust BACKGROUND_SESSION_SOURCES exactly (0.925417ms)
✔ the inlined scratch id matches sessionScope (0.070458ms)
✔ isForeground / isShownKind follow the daemon rule (0.113875ms)
✔ bucketSessions: one pass reproduces every sidebar list (13.359958ms)
✔ bucketSessions on 2,360 rows stays well under a frame (14.793333ms)
✔ shownListQuery always asks for the foreground rows + channel tickets (0.140792ms)
✔ idChunks splits at the daemon cap of 64 (0.142375ms)
✔ applyOrder puts unknown ids on top newest-first, then known in order, ignores dead ids (6.5785ms)
✔ reorder pulls from and reinserts at to; unknown ids unchanged (0.106708ms)
✔ applyOrder with an empty order equals recency sort (0.087417ms)
✔ applyTokenOrder: most tokens first, unused sessions keep recent order after (0.162125ms)
✔ image upload cannot cross terminal ownership after switch (55.279334ms)
✔ image upload cannot cross terminal ownership after disconnect (16.110542ms)
✔ image upload cannot cross terminal ownership after readonly (18.558917ms)
✔ an image still owned by its connected writable terminal is pasted once (14.271417ms)
✔ in a workspace, scratch sessions the store holds for the sidebar are out of scope (0.664625ms)
✔ a scratch session opened as a tab here is on screen, so it is in scope (0.06175ms)
✔ with no workspace selected, scratch sessions are all there is (0.052375ms)
✔ applyStatusPatches: one pass, one new array, untouched rows keep identity (0.752583ms)
✔ applyStatusPatches: same array when nothing applies (0.074625ms)
✔ applyStatusPatches: a burst keeps only the newest stamp per id (Map semantics) (0.119167ms)
✔ staleStatusIds: drops unknown terminal ids, keeps loaded and live ones (0.084958ms)
✔ canDropExited: held by a tab, a pane or an in-flight fetch → stays (0.06925ms)
✔ token counts read compactly (0.447583ms)
✔ cost is an estimate with sensible floors (9.493625ms)
✔ the label puts tokens first and cost second; no usage → null (0.101958ms)
✔ run history is off unless a positive window is stored, floored like the daemon (0.396708ms)
✔ changing the window keeps every other stored retention field (0.387583ms)
✔ section ids are unique and labels are sentence case (0.500292ms)
✔ access gates: ungated for members, admin sections for settings admins, root-only groups (0.118042ms)
✔ filter matches label, keywords and group, ranking label prefixes first (1.385083ms)
✔ every section page titles itself from the registry (2.631ms)
✔ sections backed by root-only handlers are gated on root, not settings:admin (0.116792ms)
✔ root-only handlers ↔ root-gated sections (S17-303) (2.242ms)
✔ failed first listing retains attempted state until explicit retry (118.452708ms)
✔ transfer polling waits through finalizing and returns completed bytes (10.649709ms)
✔ pagination reaches the final omitted change and downloads retain complete source bytes (105.274834ms)
✔ identical 50k-line JSON produces no false changed lines or full-file render (64.090959ms)
✔ distant sparse changes retain equal interior lines within a fixed allocation budget (161.519958ms)
✔ distant substitutions inside 50k repeated lines preserve the unchanged common run (61.967833ms)
✔ bounded repeated-line traceback reconstructs both sources after insertions (37.264291ms)
✔ bounded repeated-line traceback reconstructs both sources after deletions (40.751291ms)
✔ bounded repeated-line traceback reconstructs both sources after reordering (24.62525ms)
✔ actual template render inputs are bounded for disjoint large sources (39.517042ms)
✔ actual template render inputs are bounded for empty-before large sources (41.497291ms)
✔ actual template render inputs are bounded for unlimited-context large sources (33.280917ms)
✔ every sidebar module routes to its own page chunk (1.318917ms)
✔ the shell imports no module page statically (0.53225ms)
✔ mermaid, sql-formatter and qrcode are never imported statically (71.507ms)
✔ the shell chunk evaluates no page-owned store, handler file or the ui-commands catalog (perf F2) (14.38525ms)
✔ the entry chunk never carries the mock-API fixtures (perf F10) (10.84825ms)
✔ the right activity panel loads each tab on demand (perf G1) (7.160042ms)
✔ patchSessionIn keeps the array when the id is absent or the patch is a no-op (0.779042ms)
✔ rafCoalesce applies only the latest move per frame, and flush applies it now (0.166708ms)
✔ loadFrecency parses once per stored string and recordUsage never edits the shared map (0.187375ms)
✔ capNotices drops the oldest read notices first, unread only past the cap (114.67ms)
✔ ingest keeps at most NOTICE_CAP notices (35.929167ms)
✔ plain chords split modifier glyphs into separate keys (0.790833ms)
✔ a range stays one readable chip (0.068625ms)
✔ alternatives get a plain separator, not a "U / " key (0.058084ms)
✔ isEmbedSearch: only embed=1 marks the side pane document (1.191167ms)
✔ routeOf strips the hash prefix in every spelling (0.255625ms)
✔ paneKey groups routes by the sidebar entry that owns them (4.520833ms)
✔ paneKey matches the sidebar highlight (activeNavId) for every route shape (0.175291ms)
✔ clampShare keeps the split within 25–75% and both panes above the floor (0.101542ms)
✔ fitsTwoPanes needs room for two minimum-width panes and the divider (0.051209ms)
✔ leading/side share convert both ways for both placements (2.601542ms)
✔ leadingFromPointer is logical: mirrored in RTL (0.185417ms)
✔ nudgeLeading: arrows step (visually), Home/End limits, Enter resets (0.093208ms)
✔ saved state: round-trips, clamps, and never restores a one-time route (0.610167ms)
✔ embedSrc: same page, embed flag, no window identity, the route in the hash (0.101625ms)
✔ embeddedKeyTarget: window verbs go to the host, pane verbs stay (0.12ms)
✔ sideMenuTarget: only a focused pane takes the pane-scoped menu items (0.093083ms)
✔ readGuestMsg validates everything the host acts on (0.891334ms)
✔ readHostMsg validates what the pane acts on (0.08975ms)
✔ targetOrigin: the real origin, or * for an opaque one (0.063583ms)
✔ no favorites: no Favorites section, shipped section order (0.864292ms)
✔ favorites come first, in the saved order, and leave their own sections (0.686708ms)
✔ a section emptied by favorites disappears; a user order still applies inside Favorites (0.082125ms)
✔ favorites respect RBAC, features and plugins: an unavailable favorite is skipped (0.098375ms)
✔ favorites + hidden: hidden favorites vanish outside edit mode, stay listed while editing (0.147458ms)
✔ duplicate favorite ids render once (0.053375ms)
✔ section order: saved first, unknown / duplicate / favorites ignored, missing appended in default order (0.097042ms)
✔ moveAmong: swaps with the nearest present neighbour, null at the ends (0.099584ms)
✔ reorderAmong: drag lands before the target going up, after it going down (0.073ms)
✔ insertFavorite: appends, inserts before a target, never duplicates (0.102417ms)
✔ site brand @latest resolves the same version as export (104.125584ms)
✔ site brand @approved resolves the same version as export (20.298583ms)
✔ site brand @v3 resolves the same version as export (15.602583ms)
✔ brand content beyond inline cap loads the exact resolved version (8.800833ms)
(node:67857) [DEP0205] DeprecationWarning: `module.register()` is deprecated. Use `module.registerHooks()` instead.
(Use `node --trace-deprecation ...` to show where the warning was created)
✔ site.css is byte-identical to the Rust crate copy (the export ships the same stylesheet) (2.970792ms)
✔ the catalog: ~25 section blocks across every family, all renderable (7.965458ms)
✔ the renderer escapes copy and sanitizes links and images (0.498125ms)
✔ hidden sections stay in the document but never reach the export (0.333125ms)
✔ 3D embeds show the artifact (poster, version, policy) or a stand-in card (0.366625ms)
✔ brand kits (otto-brand/1 and the legacy typography shape) become --brand-* tokens and theme slots (2.443084ms)
✔ tone and contrast follow the brand colours (0.313167ms)
✔ the validator gates structure, ids, blocks, enums and unsafe URLs (0.768375ms)
✔ six starter templates, all valid, readable ids, brand tokens only (5.884292ms)
✔ document ops never mutate their input and keep ids unique (9.722ms)
✔ "From your library" copies carry provenance as a derived_from reference (0.2865ms)
✔ parseSite reads empty and legacy docs, and reports invalid ones (0.132917ms)
✔ audit flags low contrast, off-brand colours and missing text alternatives (0.182958ms)
✔ the co-design selection payload names the node and stays under the assist cap (0.310042ms)
✔ SD-17: ops path-copy — untouched pages, sections and blocks keep their identity (0.408666ms)
✔ S18-23: section classes built from doc fields cannot break out of the class attribute (0.245166ms)
✔ one group per name with variants in display order (no ×3 rows) (7.77875ms)
✔ sync states: unknown until bodies are read, then in sync or drifted (0.414667ms)
✔ bundled version drift marks the library copy drifted (0.744791ms)
✔ provider-only copies compare against the first provider (0.075125ms)
✔ filters: search, category, source, drifted-only; counts (0.205ms)
✔ namesNeedingBodies lists only provider copies that have something to compare to (0.129083ms)
✔ normalizeBody ignores line endings and trailing whitespace only (0.062792ms)
✔ parseFrontmatter reads scalars, block scalars and lists (0.275417ms)
✔ a leaked block-scalar marker is not a description (0.074167ms)
✔ parseFrontmatter without frontmatter returns the whole text (0.117041ms)
✔ file deletion confirmation keeps the skill shown in the question (52.514541ms)
✔ save completing after selecting another skill cannot replace its body or files (6.962541ms)
✔ review stop confirmation never targets a newly selected review (10.956709ms)
✔ review fixer completion cannot replace a newly selected review (3.737083ms)
✔ skills-eval/SkillsEvalPage: a late workspace list cannot publish into the new workspace (3.698375ms)
✔ skills-lab/SkillReviewPanel: a late workspace list cannot publish into the new workspace (3.256833ms)
✔ library replacement and removal cannot switch targets while confirmation is open (11.56175ms)
✔ provider comparison cannot cache old text under a different selected skill (3.777833ms)
✔ unchanged save acknowledges only submitted text while newer typing stays dirty (2.442834ms)
✔ GoldenTasksView list completion keeps workspace ownership (8.095833ms)
✔ MatrixView list completion keeps workspace ownership (11.617958ms)
✔ matrix stop confirmation cannot cancel the next matrix (2.931584ms)
✔ creating golden task after workspace switch cannot close the new form or publish old task (2.60525ms)
✔ annosHash is stable for equal states and changes on any edit (upload skip key) (0.4415ms)
✔ an unchanged annotation list makes zero uploads (0.442459ms)
✔ only a state that differs from the last save uploads (0.108375ms)
✔ a real change is detected (geometry, text and order) (0.100042ms)
✔ MAX_PANES is the user decision (15, not 6) (1.331375ms)
✔ insertBeside: left/up put node in a, right/down in b, axis col vs row (0.560709ms)
✔ removeLeaf collapses the parent and keeps the sibling subtree key and frac (0.10925ms)
✔ swapLeaves swaps sessions, not keys (0.753708ms)
✔ moveLeaf same key / unknown target is identity (0.17125ms)
✔ moveLeaf removes then inserts (3 leaves stay 3, new position) (0.118375ms)
✔ setFrac clamps to 0.1 and 0.9 (0.101292ms)
✔ fromLegacy n=1..4 shapes and fractions (2.504916ms)
✔ toLegacy(fromLegacy(x)) round-trips panes+axis for n=1,2 and panes for n=3,4 (0.694542ms)
✔ parseLayout: null → null tree; garbage → null (0.216333ms)
✔ parseLayout: v1 → fromLegacy (0.111792ms)
✔ parseLayout: v2 with a dead leaf drops it and collapses (0.113083ms)
✔ parseLayout: v2 with a missing focused → null focused (0.073083ms)
✔ parseLayout: leaves beyond MAX_PANES are trimmed (0.172708ms)
✔ applyPreset cols/rows for n=2..15: every leaf share is 1/n and depth ≤ ⌈log₂ n⌉ (0.801ms)
✔ applyPreset one-two-below / one-two-beside shapes (0.069125ms)
✔ applyPreset grid column count 2/3/4 at n=4/9/15 (0.118375ms)
✔ replaceSession maps every matching leaf, removes on null, dedupes a replaced leaf whose target already exists (0.116ms)
✔ retain returns the same object when nothing changes (0.056292ms)
✔ applyTileOrder: known first in order, unknown appended, dead ids skipped (0.080167ms)
✔ reorderIds pulls from and reinserts at to; unknown ids unchanged (0.047416ms)
✔ neighbour on a 2×2 rect map (right/left/down/up + null at the edge) and cross-axis overlap preference (0.183584ms)
✔ storyStage: product stages map to one label/tone; done is success, not accent (0.854417ms)
✔ sessionState: live states map to one label/tone (0.11575ms)
✔ sessionState: needs-you is amber and wins over live states only (0.0885ms)
✔ sessionState: resumable exits are suspended, never amber; plain exits end (0.329916ms)
✔ sessionState: non-zero exit code is failed; zero follows resumability (0.145583ms)
✔ sessionState: stale stops working/running claims from pulsing (0.131209ms)
✔ isResumable mirrors the sidebar rule (0.097291ms)
✔ runStatus normalises every module vocabulary (0.328834ms)
✔ runStatus keeps unknown words readable and neutral (0.19425ms)
✔ envTone: prod danger, staging warning, dev neutral (0.221542ms)
✔ suspendedNote says why and when a session went dormant (A4) (0.241625ms)
✔ restartSummaryText reports kept vs suspended sessions, or nothing (0.187375ms)
✔ token references parse and label (Brand Kit name grammar) (0.880958ms)
✔ resolveColor goes through the kit resolver and falls back instead of breaking the render (0.357791ms)
✔ resolveMaterial: explicit field > preset default > renderer default (0.22425ms)
✔ applyMaterialPreset clears what the preset owns and keeps colour/opacity (0.651083ms)
✔ web budget readout (0.241ms)
✔ easing curves start at 0, end at 1 and keep their shape (0.532542ms)
✔ stateTiming defaults, clamps and honours reduced motion (0.111ms)
✔ statePoses = base document + that state’s overrides (0.228333ms)
✔ lerpPose tweens transforms, colours, opacity and visibility (0.30775ms)
✔ one pass yields per-agent live/done/active and swarm totals (2.067292ms)
✔ no runs → empty stats (0.094666ms)
✔ initial application hooks need no runtime; an opt-in import connects the same hooks (111.918958ms)
✔ opt-out creates no clock, span, queue or export; disabling drops in-flight work (20.282ms)
✔ queue is bounded, exports are batched and failures do not grow an offline backlog (14.73625ms)
✔ navigation and request spans share W3C context, and arbitrary fields never leave (9.471541ms)
✔ one flush at a time; consent revocation aborts delivery and invalidates old spans (6.158875ms)
✔ failed transport spans coexist with successful calls without invented HTTP status (5.96725ms)
✔ production HTTP wrapper omits a nonexistent response status on rejection (73.127667ms)
✔ configuration fetch retries a temporary failure and never reactivates after disposal (11.457292ms)
✔ hiding a view during paint discards render and navigation instead of recording timeout latency (10.225042ms)
✔ disposal during pending config cannot activate collection (5.819625ms)
✔ disposal during pending runtime cannot activate collection (5.295875ms)
✔ a newer disabled configuration wins over a pending runtime import (4.644625ms)
✔ actual HTTP producer conforms to the shared ingest contract without exporting route identities (43.22925ms)
✔ stale daemon identity with a reachable API cannot mutate, signal or delete a fixture (107.578ms)
✔ replacement during config retrieval cannot receive the disable mutation or lose its data (22.923042ms)
✔ one compact in flight per window; the focused pane goes first (0.814458ms)
✔ a repeated request while queued or in flight is one compact (0.08ms)
✔ panes that left the screen are dropped, not run (0.077583ms)
✔ a pane that declines at run time frees the slot at once (0.063791ms)
✔ a lost reply frees the slot after the timeout; cancel frees it at once (0.096459ms)
✔ pauses once above HIGH and resumes once below LOW (0.909458ms)
✔ normal output below HIGH never sends flow frames (0.1535ms)
✔ a slow drain re-sends pause as a keep-alive (server auto-resumes after 2 s) (0.085834ms)
✔ no pause is sent while the socket is closed; a new stream starts unpaused (0.12ms)
✔ hasCursorOrErase: redraws yes, plain appended output no (0.125792ms)
✔ withInOrderReset prefixes RIS and keeps the snapshot bytes (0.0825ms)
✔ WriteQueue slices ≤ WRITE_SLICE, keeps ≤ WRITE_INFLIGHT inside xterm, and loses nothing (29.796125ms)
✔ WriteQueue: xterm throwing un-counts the slice and keeps draining (0.114625ms)
✔ input over a big queue sends resync BEFORE the resume its drop triggers, and drops only the queue (0.216ms)
✔ scrollback depths: 2k default for embeds, 4000 (the daemon depth) only where a primary pane asks for it (2.251834ms)
✔ credit: offer, grant, then no pause frames however big the backlog (0.297458ms)
✔ credit: binary snapshots are offered only on request (perf 01 N3: never to the room relay) (0.300333ms)
✔ resize-with-grid compact (perf 01 N6): a widened visible agent pane sends ONE grid-carrying scrollback (0.321375ms)
✔ credit: acks are cumulative, every CREDIT_ACK_STEP consumed, credited bytes only (0.663ms)
✔ credit: a small granted window acks every window/4 (never waits on a remainder) (0.147333ms)
✔ credit: dropped bytes are acked (resync on input sends resync first) (0.205ms)
✔ credit: a new socket reverts to pause mode and bytes from the old stream never ack (0.160791ms)
✔ credit: client backlog is bounded by the window independent of send rate (536.214208ms)
✔ tui clean-up: one repaint after a burst goes quiet, not one per frame (0.271875ms)
✔ tui clean-up: a never-quiet spinner is cleaned ~1×/s (was 5×/s) (0.095541ms)
✔ hold: consumed bytes are not acked while held; release acks the total once (0.100166ms)
✔ hold: release with nothing consumed, or before a grant, sends no ack (0.033ms)
✔ hold: a dropped queue while held is acked on release (the daemon owes one snapshot) (0.055083ms)
✔ RollingStats keeps the last N and reports nearest-rank percentiles (0.4485ms)
✔ KeyLatency splits one keystroke into wire, parse and paint (0.133958ms)
✔ KeyLatency ignores output with no keystroke pending, and reset drops a sample (0.064583ms)
✔ ProbeClock pairs acks with their probe and forgets stale ones (0.094417ms)
✔ HUD formatting (0.07975ms)
✔ park: take returns the parked value once and cancels its TTL (5.726709ms)
✔ park: LRU cap evicts (and disposes) the oldest parked engine (0.190625ms)
✔ park: TTL disposes an engine nobody came back for (0.084125ms)
✔ park: re-parking a session disposes the older engine; a stale close cannot evict the newer one (0.067625ms)
✔ park: bounds are the documented ones (0.987708ms)
✔ park → adopt keeps the credit stream: acks continue on the same tag through re-pointed sinks (0.301584ms)
✔ snapshotApplies: attach/resync rebuild; a held optional compact is skipped (0.151959ms)
✔ park: a byte budget evicts the oldest engines past it, keeping the newest (perf 01 N2) (0.139167ms)
✔ park: the default budget holds ~5 worst-case (4000 × 200) engines, all PARK_CAP typical ones (0.145417ms)
✔ a new grid is sent and, in a TUI pane, compacted (1.704459ms)
✔ A→B→A: same final grid but a local reflow still asks for a snapshot (0.098167ms)
✔ nothing changed anywhere: no send, no snapshot (0.053416ms)
✔ a forced sync re-sends the same grid without a snapshot unless the buffer reflowed (0.56075ms)
✔ plain shells never compact (their scrollback reflows natively) (0.083167ms)
✔ a wider grid compacts (the widen-leaves-a-void case) (0.078542ms)
✔ a narrower grid, or a row change of at most 2, does not compact (0.0665ms)
✔ more than 2 rows either way compacts; an unknown previous grid compacts (0.046167ms)
✔ A→B→A still compacts with grids given (nothing sent, buffer reflowed) (0.056333ms)
✔ relative paths, source basenames and locations from actual CLI output (2.963667ms)
✔ quoted and markdown paths with spaces retain full destinations (0.302916ms)
✔ URL overlap, punctuation, task names, hosts and command schemes (0.157375ms)
✔ OSC8 dispatch permits only HTTP(S) and local file targets (0.167666ms)
✔ wrapped logical paths map inclusive ranges across terminal rows (1.274417ms)
✔ wide Unicode and surrogate pairs do not shift file ranges (4.518833ms)
✔ dot segments preserve filesystem symlink semantics until daemon canonicalization (1.000542ms)
✔ unquoted rooted path with spaces wins over a misleading relative suffix (0.127583ms)
✔ Codex parenthesized cyan hardwrap retains whole target on either row without linking indent (0.734167ms)
✔ Claude bold edge-filled relative path joins slash continuation from cursor-addressed next row (1.045459ms)
✔ hardwrap recognition does not combine separate files, styles, or unrelated prose (0.368792ms)
✔ rooted spaced paths stop at sentence punctuation and a subsequent explicit root (0.0895ms)
✔ mixed soft and hard wraps preserve the original absolute prefix on all three rows (0.564667ms)
✔ painted trailing spaces do not make an incomplete path edge-filled (0.102708ms)
✔ a divider in a last row that shrank from 3 tiles to 2 still moves (0.786125ms)
✔ a stored row SHORTER than the live one never leaks an old weight into a drag (0.083125ms)
✔ liveTracks returns copies (editing never mutates the stored weights) (0.087583ms)
✔ TiledView edits start from the rendered weights, not the raw stored arrays (0.253625ms)
✔ the persistent container is the polite live region (0.593791ms)
✔ only an error toast has its own live role; every toast reads atomically (0.089917ms)
✔ Native light: --accent-text >= 4.5:1 on surfaces and the accent tint (0.82625ms)
✔ Native light: --control-border >= 3:1 on --bg / --surface / --surface-2 (0.094458ms)
✔ Native dark: --accent-text >= 4.5:1 on surfaces and the accent tint (0.064125ms)
✔ Pro Dark: --accent-text >= 4.5:1 on surfaces and the accent tint (0.049334ms)
✔ Warm light: --accent-text >= 4.5:1 on surfaces and the accent tint (0.058458ms)
✔ Warm light: --control-border >= 3:1 on --bg / --surface / --surface-2 (0.04525ms)
✔ Warm dark: --accent-text >= 4.5:1 on surfaces and the accent tint (0.042708ms)
✔ Native light: every text token >= 4.5:1 on every ground and accent tint (0.431042ms)
✔ Native light: Rail count badges >= 4.5:1 (0.101666ms)
✔ Native dark: every text token >= 4.5:1 on every ground and accent tint (0.265583ms)
✔ Native dark: Rail count badges >= 4.5:1 (0.502125ms)
✔ Pro Dark: every text token >= 4.5:1 on every ground and accent tint (0.234125ms)
✔ Pro Dark: Rail count badges >= 4.5:1 (0.265958ms)
✔ Warm light: every text token >= 4.5:1 on every ground and accent tint (0.064417ms)
✔ Warm light: Rail count badges >= 4.5:1 (0.030208ms)
✔ Warm dark: every text token >= 4.5:1 on every ground and accent tint (0.056708ms)
✔ Warm dark: Rail count badges >= 4.5:1 (0.045375ms)
✔ Native light: semantic tones >= 4.5:1 on every ground and their own -soft tint (0.595333ms)
✔ Native light: Switch off/on parts >= 3:1 (WCAG 1.4.11) (0.120792ms)
✔ Native dark: semantic tones >= 4.5:1 on every ground and their own -soft tint (1.1055ms)
✔ Native dark: Switch off/on parts >= 3:1 (WCAG 1.4.11) (0.1625ms)
✔ Pro Dark: semantic tones >= 4.5:1 on every ground and their own -soft tint (0.258166ms)
✔ Pro Dark: Switch off/on parts >= 3:1 (WCAG 1.4.11) (0.032458ms)
✔ Warm light: semantic tones >= 4.5:1 on every ground and their own -soft tint (0.189791ms)
✔ Warm light: Switch off/on parts >= 3:1 (WCAG 1.4.11) (0.02275ms)
✔ Warm dark: semantic tones >= 4.5:1 on every ground and their own -soft tint (0.638667ms)
✔ Warm dark: Switch off/on parts >= 3:1 (WCAG 1.4.11) (0.041416ms)
✔ the global :focus-visible ring uses --accent-text (1.295625ms)
✔ effectiveResult: full result only while the block is still an elided preview (60.026459ms)
✔ fetchToolResult hits the tool route once per step and retries after a failure (5.623291ms)
✔ reconnect resyncs leased views only, never a cached closed session or workspace (141.724167ms)
✔ closing a pending GET prevents late touch and state publication (41.396625ms)
✔ two panes share one load and releasing one leaves the other live (53.745584ms)
✔ hidden document never resyncs or resumes a leased session (48.51075ms)
✔ resync storms bound reads to two and one trailing request per source (40.9585ms)
✔ inactive cache is bounded without deleting drafts or active older pages (37.118042ms)
✔ separate windows never release each other leases (69.866ms)
✔ hidden pane release does not evict or abort its sibling lease on return (14.398959ms)
✔ identity reset revokes in-flight reads and clears bodies without deleting a draft (14.635875ms)
✔ existing unscoped draft is migrated once and survives the new storage namespace (15.785416ms)
✔ busy folds retry only while visible and never touch after the failed read (12.964958ms)
✔ closing a subagent read releases loading and ignores a late failure after reopening (13.734167ms)
✔ releasing a large reader does not traverse or serialize its retained body (18.587792ms)
✔ parent Reload preserves accounting for retained child bodies (14.517333ms)
✔ subagent bodies are replaced whole (raw state), never mutated in place (12.74175ms)
✔ disjoint reconnect retains a reachable earlier cursor (old earlier=false) (29.062084ms)
✔ disjoint reconnect retains a reachable earlier cursor (old earlier=true) (13.883875ms)
✔ returning to live following releases paged history and keeps its recovery cursor (47.979083ms)
✔ live following bounds payload bytes as well as turn count (60.562541ms)
✔ collapsing 100 inspected subagents releases bodies while their parent stays mounted (16.385459ms)
✔ paging a 1200-turn child keeps its retained/render input window bounded (15.97075ms)
✔ collapse revokes a pending child read without affecting its mounted parent (12.999666ms)
✔ active child-body count is shared across parents and admission recovers after collapse (15.544584ms)
✔ two child consumers share a body and only final collapse releases it (13.171833ms)
✔ a permanently oversized child turn gives no impossible retry (11.961541ms)
✔ concurrent child expansion reserves capacity before fetching response bodies (18.86125ms)
✔ shared child byte budget credits replacement pages and preserves a refused destination for retry (12.563417ms)
✔ adaptive child page reduction keeps every older and newer turn reachable (41.944875ms)
✔ a late collapsed read cannot publish over or release its reopened child reservation (12.65075ms)
✔ keepalive and recovery stay passive after an explicit active-view touch (11.954625ms)
✔ alias: a network failure suspends it, retries the GET on 127.0.0.1, and a health probe re-enables it (108.895875ms)
✔ alias: suspend on socket loss, resume probes at once, re-arm clears the suspension (91.018917ms)
✔ a non-GET is never replayed on the other host after a network failure (27.838ms)
✔ lanes: long paths, api.long and an ambient bg scope reach the alias; plain calls stay interactive (64.934291ms)
✔ bg cap holds ACROSS documents (Web Locks): 2 per document, 3 app-wide (102.029583ms)
✔ poll: the first run and a manual now() are interactive; cadence and event ticks are background (27.54675ms)
✔ createLimiter: a shared gate across independent callers, abortable while queued (16.403291ms)
✔ catalog: well-formed, unique names, known risks, headless only on reads (0.620958ms)
✔ every catalog command has exactly one handler, under its module (0.539708ms)
✔ every registered handler is in the catalog (0.071792ms)
✔ uiCommands/index.ts registers every handler module (eager import or lazy names) (1.632541ms)
✔ shell-side uiCommands stay light: no handler file or catalog JSON statically imported by index.ts (0.189666ms)
✔ frames: commands are normalised and validated (0.202875ms)
✔ frames: deadlines, labels, provider names, result cap (22.505917ms)
✔ reveal: scroll by the nearest edge, and leave a tall, partly visible target alone (0.1095ms)
✔ esc escapes every HTML-significant character (0.389375ms)
✔ token cells lead with tokens and end with the cost (13.091542ms)
✔ the report is one self-contained, escaped HTML document (0.982167ms)
✔ empty tables say so, and own-scope reports are labelled (0.786833ms)
✔ failed report refresh cannot export a previous window as the current report (86.556958ms)
✔ a report awaiting replacement cannot export the prior session scope (68.018583ms)
✔ Remove from all workspaces confirms, and Cancel writes nothing (31.844458ms)
✔ confirmed removal writes every workspace (35.777916ms)
✔ setting a role everywhere does not ask (27.961334ms)
✔ carrySeed maps previous positions onto the new node order by path (0.699333ms)
✔ applySeed keeps carried nodes and places a new node beside its neighbour (0.131625ms)
✔ ordinary Enter cannot create while the current switcher lookup is pending (79.077375ms)
✔ ordinary Enter cannot create after the current switcher lookup failed (8.950875ms)
✔ a switcher result from the previous vault cannot populate the current vault (3.572666ms)
✔ successful empty current lookup allows deliberate Enter creation (4.094666ms)
✔ Down during a pending lookup still lets Enter open the first arriving result (4.832166ms)
✔ successful multiple switcher results retain bounded keyboard movement (2.962834ms)
✔ Down during pending empty lookup does not prevent deliberate creation after success (4.065917ms)
✔ refine does not dispatch after the before-snapshot outlives its workspace (36.021125ms)
✔ refine result cannot adopt a previous workspace session (3.454292ms)
✔ docs start response cannot select the old run in a newly selected vault (6.079208ms)
✔ resolving one docs run cannot replace a newly selected run (7.454042ms)
✔ only notes over 64 KB leave the main thread (0.404125ms)
✔ the placeholder is the escaped plain body, marked busy (0.377083ms)
✔ a timed-out worker render never re-runs on the main thread (S18-305) (0.075375ms)
✔ preview at the same path belongs to the newly selected vault (113.494041ms)
✔ delayed preview never reads the old path in another vault (22.467292ms)
✔ preview refreshes after the content generation changes (23.494875ms)
✔ structured properties preserve unknown YAML fields, comments and the exact body (4.206334ms)
✔ blank values remove a property and malformed frontmatter is refused (1.002291ms)
✔ tag refresh failure keeps the last good tags available (99.518709ms)
✔ switcher transport failure remains distinguishable from an empty lookup (33.046417ms)
✔ backlink refresh failure retains current note links and exposes retry state (25.457917ms)
✔ backlink pending and stale failure stay with the current note request (21.178917ms)
✔ switching notes clears old backlinks before the new read and never restores old errors (30.56975ms)
✔ backlink refresh resets the visible window and allows rehydrating edited sources (44.017042ms)
✔ failed save retains draft, conflict and current tab on navigation (19.854417ms)
✔ last dirty tab stays open when saving fails (21.708041ms)
✔ scan completion refreshes a clean open note even when counts are unchanged (20.92875ms)
✔ scan completion preserves local draft and flags the external change (20.141917ms)
✔ navigation awaits the in-flight save and drains edits typed during it (20.367958ms)
✔ vault switching retains a dirty note if the save fails (18.700625ms)
✔ refresh only requests visible branches and invalidates collapsed children (18.992416ms)
✔ collapse during a refresh is preserved when pending directory results arrive (16.697042ms)
✔ reopening a still-loading branch ignores the older directory response (16.210208ms)
✔ transient busy 409 keeps the draft, raises no conflict banner and retries (720.727917ms)
✔ an equal status poll keeps the status object (graph effects key off it) (39.909625ms)
✔ own save skips the backlinks reload and the note re-read when links are unchanged (27.329042ms)
✔ own save re-reads the note once when its link set changed (25.178583ms)
✔ S18-20: a poll read issued before an autosave never reverts the editor after it (19.080209ms)
✔ S18-21: navigation blocked by a conflict says why (17.758625ms)
✔ S18-22: agent-staged text is never written as a recovery draft (475.958583ms)
✔ completed OKF toggle never selects its old vault over the current one (42.7555ms)
✔ rename response cannot rename another vault tabs at the same path (25.61925ms)
✔ create note response cannot navigate the newly selected vault (18.456ms)
✔ clearing search invalidates an earlier pending response and busy state (17.866958ms)
✔ noteKind recognises OKF types case/separator-insensitively and rejects plain notes (1.00175ms)
✔ plain and reserved notes get no structured model (0.203125ms)
✔ frontmatter owners/status/environments/dependencies become header facts and cards (1.783459ms)
✔ cards fall back to the body section (bullets and first table column, wikilinks reduced) (0.910875ms)
✔ sectionLines ignores headings inside code fences (0.170916ms)
✔ API endpoint operation comes from resource; repo hints from a path resource (0.575834ms)
✔ asList flattens scalars, comma strings, object lists and maps (0.388583ms)
✔ name matching is normalised and ignores too-short hints (0.231916ms)
✔ repo matching by path, basename and remote slug (0.241458ms)
✔ workload kinds map to resource-table routes; previews strip markup (0.216166ms)
✔ visible directory requests are bounded to four and old nodes are immutable (2.29575ms)
✔ stale navigation never mutates a previously shown nested node (0.44325ms)
✔ a stale collapsed branch refreshes preserved open descendants on reopening (0.159958ms)
✔ the file extension wins over the content (0.554625ms)
✔ content sniffing per language (1.162208ms)
✔ effectiveLanguage: auto resolves, an explicit override sticks (0.072791ms)
✔ every language maps to a CodeEditor key and an extension (0.143041ms)
✔ svg behind an xml prologue and comments is still svg, in linear time (5.542041ms)
✔ json: pretty prints and keeps the trailing-newline policy (0.717625ms)
✔ json: an error reports a line and column and changes nothing (0.534416ms)
✔ json: error position parsing across engine message formats (0.412792ms)
✔ yaml: normalises and reports parse errors with a line (16.401958ms)
✔ sql: formats and keeps :name, {name} and {{name}} placeholders intact (73.217041ms)
✔ html: indents block elements, keeps <pre>/<script> verbatim, idempotent (0.643042ms)
✔ xml: pretty prints, keeps attributes, CDATA and comments, flags mismatches (0.238459ms)
✔ html: tolerant of stray end tags and implicit closes (0.080041ms)
✔ csv: round-trips quotes, delimiters and embedded newlines (0.308334ms)
✔ markdown/toml/code: conservative whitespace normalisation, idempotent (0.448083ms)
✔ canFormat covers the text languages but not images (0.060666ms)
✔ sql: all three syntaxes, counts and first index (1.459792ms)
✔ sql: skips literals, comments, casts and keys — same as the DB editor (0.171542ms)
✔ non-sql: only {name} / {{name}}, including inside JSON strings (0.123375ms)
✔ fill: substitutes known non-empty values, leaves the rest (0.112875ms)
✔ previewKind maps languages to renderers (0.416791ms)
✔ lineColAt is 1-based and counts newlines (0.3845ms)
✔ parseJsonWithPos parses or reports a position (0.201ms)
✔ csvView caps rows, pads width, drops trailing blank row (0.105958ms)
✔ svgDataUrl encodes markup (0.055333ms)
✔ format completion cannot replace the newly selected file or later keystrokes (73.228583ms)
✔ reload confirmation cannot discard a newly selected file (11.411542ms)
✔ image upload cannot insert an old workspace asset into a different workspace (7.012542ms)
✔ unchanged editor still receives its format result (16.904625ms)
✔ Workbench revision wrapper transmits bounded limit and exclusive cursor without changing direct revision URLs (63.773875ms)
✔ History requests one bounded exclusive page and replaces the rendered window (18.025375ms)
✔ History superseded success cannot publish rows, error, or loading (5.583542ms)
✔ History superseded failure cannot publish rows, error, or loading (4.636042ms)
✔ History A-B-A navigation rejects the first A response (9.062667ms)
✔ History restore approval stays bound to the selected revision (4.874958ms)
✔ History changed document cancels pending restore approval before mutation (8.867625ms)
✔ History old restore completion cannot replace a newly selected document (5.12125ms)
✔ History actual destroy callback cancels pending restore approval (5.721834ms)
✔ History A-B-A visit cancels earlier restore approval (3.678709ms)
✔ History navigation goes back without retaining prior page rows (3.582416ms)
✔ create finishing after workspace switch cannot add an old doc to the new workspace (74.619291ms)
✔ metadata and restore completions remain with their originating workspace (43.361416ms)
✔ remote reload cannot overwrite edits made while its response is pending (14.471541ms)
✔ failed initial list preserves persisted tabs for Retry (16.139042ms)
✔ trash does not discard a dirty buffer after its save failed (15.882875ms)
✔ ordinary reload and same-workspace create still publish (14.952541ms)
✔ a remote change while dirty cancels the pending autosave and holds later ones (994.818542ms)
✔ content saves carry if_hash; a 409 raises the banner instead of an error (30.128417ms)
✔ an event with our own hash (or an older rev) is ignored (18.092ms)
✔ a save to a trashed doc says so instead of the "changed elsewhere" banner (S18-307) (19.74375ms)
✔ explicit zero survives save while use-default retains agent retry policy (0.429625ms)
✔ default event uses a supported canonical identifier (16.000916ms)
✔ editing cron destinations preserves cursor and extension settings (0.218833ms)
✔ event filters and cleared destinations round trip (0.596ms)
✔ use default clears legacy nested policies without removing step parameters (0.081458ms)
✔ workflow approval loads the full exact pending gate preview (54.392959ms)
✔ workflow approval rejects a different detail version and supports Retry (14.754667ms)
✔ departed run cannot adopt a late approval preview (10.484917ms)
✔ Product approve submits the displayed preview identity, not the latest summary (9.561875ms)
✔ Product deny submits the displayed preview identity, not the latest summary (8.392833ms)
✔ Product approval cannot submit without a successfully displayed preview (7.621458ms)
✔ stale Product approval conflict invalidates the displayed identity before another click (7.825209ms)
✔ ordinary non-Product approvals keep their existing request shape (7.762209ms)
✔ completed await:false node discovers a later summarizer and retains captured history (0.684417ms)
✔ reload resolves associations and retries from durable output on older runs (0.116375ms)
✔ review cancellation and fallback override suspended session lifecycle (0.072166ms)
✔ Suggest never pre-fills outward or fake values (0.510917ms)
✔ the example is placeholder-only and lists the destinations (0.124ms)
✔ placeholder values are found by path, real values pass (0.086417ms)
✔ result destinations mirror the engine (0.388917ms)
✔ workflow version wrapper requests bounded summaries and an exclusive cursor, leaving full detail separate (40.022375ms)
✔ workflow version drawer keeps one bounded window and can page to the oldest version across a new save (25.2935ms)
✔ version drawer rejects stale failure/finally and retries the exact failed older page (10.600791ms)
ℹ tests 1828
ℹ suites 0
ℹ pass 1828
ℹ fail 0
ℹ cancelled 0
ℹ skipped 0
ℹ todo 0
ℹ duration_ms 16936.787
