
> ui@0.2.0 test:unit
> node --test 'unit/**/*.test.ts'

✔ scratch broadcasts are allowed while mixed and missing recipients are refused (0.425667ms)
✔ saved view filters combine provider, repository and minimum cost (0.098541ms)
✔ tokens parse for every combination (0.458917ms)
✔ generated palettes stay inside the scheme luminance band for any accent (0.988834ms)
✔ photo pixels are clamped into the band (0.475958ms)
✔ text and dim text on chrome glass are AA over every ambient pixel, all five combinations (4.083833ms)
✔ raised glass (menus, palette) is AA over app surfaces; --text survives any backdrop (0.176583ms)
✔ ambientImage: none, a translucent wash, an opaque wallpaper, or the photo (0.360042ms)
✔ API-created minimal automation is editable without assertion/extraction arrays (0.7455ms)
✔ editing an assertion does not mutate the persisted automation snapshot (0.110583ms)
✔ save completion belongs to the initiating tab, never the newly active tab (215.533917ms)
✔ runtime variables are scoped to the restored workspace (51.985125ms)
✔ cleared extras serialize explicitly, and gRPC schema/method round trip (177.5335ms)
✔ OAuth completion updates originating inactive tab and keeps later auth edits (40.783166ms)
✔ cancel during asynchronous pre-script prevents HTTP and clears sending (112.461334ms)
✔ closing the initiating tab cancels a pending pre-script (91.916334ms)
✔ replaced execution ignores late pre-script even with the same tab identity (71.63925ms)
✔ environment stays with the execution snapshot while pre-script is pending (71.873708ms)
✔ curl import cannot land in a different workspace after parsing (34.956208ms)
✔ file import retains its workspace while the file is being read (77.929834ms)
✔ an automation start response cannot publish into the next workspace (76.275042ms)
✔ GraphQL introspection cannot publish another tab or edited endpoint schema (147.341042ms)
✔ a loaded GraphQL schema is visible only for the request that owns it (86.884459ms)
✔ opening a saved request never replaces unsaved edits in the active tab (35.389833ms)
✔ a pristine blank tab is reused when opening a saved request (47.621541ms)
✔ history replay rehydrates masked credentials from the saved request, never sends *** (50.059709ms)
✔ automation runs poll deltas and append only the new steps (2031.068459ms)
✔ import creates every item in order and reloads the lists once (42.801208ms)
✔ opening a saved request fetches its full row once and reuses it (43.140791ms)
✔ a restored tab whose saved row is not loaded yet is never repurposed (31.856917ms)
✔ a final run_progress during an in-flight delta GET is latched, not dropped (38.981417ms)
✔ run_progress wakes are coalesced to one delta GET per 250 ms (840.573042ms)
✔ api_client_changed patches the loaded workspace and expires others (1544.215417ms)
✔ switching tabs keeps each tab its own response (64.266042ms)
✔ two tabs send concurrently; a background tab’s response is kept, never cancelled (29.685ms)
✔ cancel only stops the active tab’s send (31.634583ms)
✔ opening a history entry shows its stored response, flagged as from history (26.596708ms)
✔ api_history_appended refetches only a history list someone asked for (perf H1) (694.495375ms)
✔ concurrent script writes preserve newer unrelated variables: console.log('done') (57.751625ms)
✔ concurrent script writes preserve newer unrelated variables: pm.variables.set('a','one') (26.665833ms)
✔ concurrent script writes preserve newer unrelated variables: pm.variables.unset('remove') (53.72075ms)
✔ loadCollections: late response cannot overwrite workspace B (342.233167ms)
✔ saveCollection: completed write returns to caller but cannot publish into workspace B (335.436625ms)
✔ loadCollections: late response cannot overwrite a new A visit (484.400042ms)
✔ saveCollection: completed write returns to caller but cannot publish into a new A visit (513.290333ms)
✔ saveCollection: stale failure does not toast over the new workspace (360.020042ms)
✔ loadEnvironments: late response cannot overwrite workspace B (331.461208ms)
✔ saveEnvironment: completed write returns to caller but cannot publish into workspace B (363.5795ms)
✔ loadEnvironments: late response cannot overwrite a new A visit (513.191292ms)
✔ saveEnvironment: completed write returns to caller but cannot publish into a new A visit (482.708458ms)
✔ saveEnvironment: stale failure does not toast over the new workspace (365.17675ms)
✔ loadAutomations: late response cannot overwrite workspace B (361.637583ms)
✔ saveAutomation: completed write returns to caller but cannot publish into workspace B (358.6055ms)
✔ loadAutomations: late response cannot overwrite a new A visit (511.685375ms)
✔ saveAutomation: completed write returns to caller but cannot publish into a new A visit (510.92725ms)
✔ saveAutomation: stale failure does not toast over the new workspace (365.252542ms)
✔ loadCollections: stale error cannot mark a successfully loaded empty workspace as failed (377.933ms)
✔ loadRequests: stale error cannot mark a successfully loaded empty workspace as failed (377.460833ms)
✔ loadEnvironments: stale error cannot mark a successfully loaded empty workspace as failed (375.022459ms)
✔ late activation cannot clear the new workspace active environment or change its next Send (367.795291ms)
✔ loadAll: old A success cannot overwrite the fresh A visit after A-B-A (368.847625ms)
✔ loadAll: obsolete A failure cannot clear the loading state of a newer A visit (338.517709ms)
✔ lists stay pending until this workspace settles once — a refetch never re-enters "not loaded" (350.932459ms)
✔ a stalled interactive GET rejects with a timeout ApiError (130.27575ms)
✔ a caller abort stays an AbortError (not reported as a timeout) (65.667541ms)
✔ writes and the long lane carry no default deadline (84.969833ms)
✔ authedText: a 401 dispatches the unauthorized event like api.* (46.684583ms)
✔ GraphQL variables: blank → {}, object passes, bad JSON names the line (0.938792ms)
✔ history direct and event invalidations share one snapshot, including duplicate event during fetch (0.632666ms)
✔ history append after fetch began produces exactly one necessary followup (0.140458ms)
✔ history workspace replacement aborts and ignores old response (0.440167ms)
✔ history detail cannot overwrite another selection, workspace, tab or edited draft (0.203458ms)
✔ detail failure preserves draft and clears only its own pending state (0.115958ms)
✔ postman secret and credential-named variables import as Keychain secrets (11.290959ms)
✔ an environment without secrets sends no secret values (0.089708ms)
✔ a small response opens two levels (0.834ms)
✔ a root array of wide objects does not open every row (bounded mount) (1.567292ms)
✔ a scalar root opens nothing but itself (0.060709ms)
✔ a clicked commit diff stays on the interactive lane (138.742875ms)
✔ history walks and remote git still use the long lane (61.432625ms)
✔ a DB schema load or object open (both can dial) uses the long lane (44.307125ms)
✔ empty error responses reject instead of reporting a successful mutation (201.942375ms)
✔ accepted JSON responses retain the updated object (62.27425ms)
✔ genuinely empty accepted and no-content responses resolve without JSON parsing (155.957875ms)
✔ declared text types are always text (0.68075ms)
✔ binary payloads are detected by their decoded bytes (0.153666ms)
✔ persisted tabs never carry plaintext credentials (0.800708ms)
✔ a saved-request tab persists the stored marker, not the typed replacement (0.105125ms)
✔ history replay never sends the literal mask (0.160333ms)
✔ credential-carrying keys mirror the daemon (0.065792ms)
✔ the storage banner is offered only past a size with no limit for that part (0.441958ms)
✔ presets always set a limit (none deletes by default) and sizes read (0.109833ms)
✔ late callbacks from a replaced socket cannot mutate current stream (42.554166ms)
✔ switching request tabs closes the previous relay and clears its console (16.466833ms)
✔ stream console retains a bounded tail and counts discarded messages (27.546333ms)
✔ a message burst updates the console once per animation frame (24.279959ms)
✔ variables resolve in daemon order: built-ins, session, environment, secret, missing (0.761292ms)
✔ variable discovery and highlight segments (0.256334ms)
✔ method and status tones carry words, not only colour (4.461166ms)
✔ collection paths follow the tree order (14.393292ms)
✔ url split and Set-Cookie parsing (0.223375ms)
✔ JSON tree search finds keys and values and opens their ancestors (0.295416ms)
✔ duplicating a request never copies another request’s Keychain marker (4.117083ms)
✔ every user-facing archive goes through ws.requestArchive (6.517292ms)
✔ requestArchive confirms a working agent before archiving (0.304791ms)
✔ SessionView "Save & restart" runs the restart working-guard first (0.121208ms)
✔ a leading @codex routes the turn; the daemon-bound text drops it (2.095ms)
✔ mid-sentence mentions, emails, handles and other providers never route (0.12325ms)
✔ provider labels read like the mockup chip (0.4925ms)
✔ threads split into Spaces 01–04 and Recent (newest first) (14.95575ms)
✔ the page opens on the remembered thread, else the latest (0.289375ms)
✔ turn kinds map to cards; one card per task; unreferenced thread tasks still show (4.969542ms)
✔ memory chip payloads are validated (0.227375ms)
✔ memory chips sit on the reply that follows them; cards land by time (0.403084ms)
✔ timestamps with different precision still order as instants (0.1855ms)
✔ replies of the current session come from the transcript; older providers stay from the index (0.572208ms)
✔ without a session the index is the whole conversation (0.17ms)
✔ provider inference from a model id (0.322417ms)
✔ the queue holds exactly the tasks whose newest row is needs_you (0.394167ms)
✔ stale frames and slow snapshots never roll the queue back (0.175042ms)
✔ a snapshot drops what left the queue but keeps what arrived while it was in flight (0.214708ms)
✔ per-thread counts (0.187833ms)
✔ tasks group into board columns, newest change first (0.217667ms)
✔ reminders read Scheduled / Delivered (0.098417ms)
✔ upsertNewer ignores stale rows (0.171375ms)
✔ browser progress is read defensively from result.browser (0.175541ms)
✔ keyword lists and load share (0.31125ms)
✔ limit notice text (0.068833ms)
✔ reminder labels (16.327125ms)
✔ thread paging retains rows on failure, retries the same offset and deduplicates (213.463458ms)
✔ refresh invalidates an older page and selected older thread survives refresh (67.643959ms)
✔ selected thread late failure cannot replace a newer selection (50.443583ms)
✔ page find includes an unloaded provider match beyond the first transcript page (131.521542ms)
✔ a late old async provider query cannot replace the current matches (7.463375ms)
✔ remote find failure is visible rather than reporting whole-history absence (66.307875ms)
✔ a failed departed provider cannot report its error in the replacement provider (10.177333ms)
✔ closing find aborts pending provider search and prevents late results (4.97825ms)
✔ boot: the saved workspace's session list goes out with /workspaces, and is used once (perf G3) (296.337708ms)
✔ boot: a saved workspace that no longer exists drops its speculative list (perf G3) (129.949167ms)
✔ the archived probe stops once it found rows, and keeps asking while there are none (perf G7) (1154.090667ms)
✔ late workspace selection cannot publish sessions or restore the old layout (35.23325ms)
✔ concurrent refreshes in one workspace coalesce into one trailing load (35.310333ms)
✔ selection waits for a superseding refresh before restoring saved tabs (41.711167ms)
✔ old History pagination cannot append to a new provider list (26.838958ms)
✔ failed workspace selection clears foreign sessions and retry restores the selected layout (26.44425ms)
✔ archive events synchronize membership in two independent windows (123.277084ms)
✔ workspace changes ask before identity, tabs or persistence are replaced (27.164125ms)
✔ same-workspace selection cancels a pending workspace leave decision (67.491167ms)
✔ a successful workspace leave saves against the original workspace before switching (45.413916ms)
✔ canceling current workspace archive sends no archive request (49.555958ms)
✔ approved workspace archive asks once and selects its fallback (30.966875ms)
✔ an archive response cannot redirect a newer completed workspace selection (36.243ms)
✔ archiving the last workspace asks once then enters scratch context (39.509375ms)
✔ a selection made while /workspaces is in flight keeps the list and settles it (side-pane guest) (50.561125ms)
✔ a 401 on /auth/me clears the token and asks for login (214.270292ms)
✔ a 5xx / transport failure keeps the token and stays offline (polled) (11.716417ms)
✔ a failed re-boot of a running app keeps the shell up (14.84575ms)
✔ a stalled /meta moves boot to offline instead of spinning forever (S13-05) (17.548ms)
✔ a stalled /meta on an in-place re-boot keeps the running shell up (S13-304) (23.850917ms)
✔ a late impersonation identity cannot replace a newer sign-in (36.123334ms)
✔ failed impersonation start blocks actions until the current bearer identity is verified (12.405584ms)
✔ failed impersonation stop blocks actions until the current bearer identity is verified (24.589416ms)
✔ impersonation start lives in this tab's sessionStorage, not shared localStorage (S13-07) (8.561ms)
✔ the impersonation bearer stays in this tab — the shared token is never overwritten (S13-303) (13.670333ms)
✔ an expired impersonation (4401 → 401 path) falls back to the admin session (S13-302) (9.769375ms)
✔ a re-boot whose impersonation token expired lands on the admin, not sign-in (S13-302) (17.826708ms)
✔ the insights report frame is script-only: no popups, no same-origin (0.595708ms)
✔ the insights link bridge only honours the frame, http(s), a user gesture and a rate limit (0.154792ms)
✔ plugin frames: messages are source-checked and the slug is validated before framing (0.109333ms)
✔ latestOnly: a superseded ticket is not current and its signal aborts (186.14ms)
✔ loops: a background poll landing after Pause cannot restore "running" (25.320542ms)
✔ loops: answerQuestion encodes the question id (36.031458ms)
✔ scheduled tasks: the start snapshot landing after the finish one is dropped (34.533167ms)
✔ lazyComponent: a failed prefetch stays silent and the first open retries (31.918917ms)
✔ the Automate chooser lists the overlapping automations that live outside Automate (S20-18) (0.698541ms)
✔ every Automate page offers the chooser beyond its empty state (13.7145ms)
✔ the chooser hides modules the user cannot open, using the sidebar gate (S20-307) (4.341875ms)
✔ loops/LoopDetail del acts on the target named by its confirmation (115.471709ms)
✔ loops/LoopDetail stop acts on the target named by its confirmation (16.342458ms)
✔ run-with-otto/RunDetail cancel acts on the target named by its confirmation (5.010791ms)
✔ run-with-otto/RunDetail openPr acts on the target named by its confirmation (3.941084ms)
✔ proof/ProofPage removePack keeps its confirmed target after navigation (24.114542ms)
✔ proof/ProofPage assemble keeps its confirmed target after navigation (5.69625ms)
✔ proof/ProofPage newPack keeps its confirmed target after navigation (19.976542ms)
✔ workflows/WorkflowsPage stop keeps its confirmed target after navigation (24.248209ms)
✔ reads pass without a confirm (0.5815ms)
✔ DDL, DML and unknown statements need a confirm (0.14075ms)
✔ base64ToBytes round-trips binary data (native fromBase64 when present) (4.212292ms)
✔ the atob fallback decodes identically (1.946666ms)
✔ brandCssVars uses the contract names (same as the server CSS export) (1.341166ms)
✔ resolveToken covers every group, sub-properties and css vars (0.388417ms)
✔ parseTokenRef and tokenRefs mirror the server (0.306084ms)
✔ cssIdent kebab-cases like the Rust exporter (0.07975ms)
✔ contrast: WCAG ratios, levels, ink and on-colour (0.2115ms)
✔ diffTokens reports changed / added / removed with canonical values (0.939708ms)
✔ validateBrandDoc mirrors the server rules (0.699334ms)
✔ normalizeBrandDoc tidies loose values and migrates the Phase 0 scaffold (0.990625ms)
✔ every starter kit validates and has readable primaries (1.042375ms)
✔ editing helpers keep order and pick unique names (0.843542ms)
✔ late annotation read cannot replace another active tab marks (117.821666ms)
✔ creating a mark then switching tabs does not append to the new page (30.845583ms)
✔ the script fills only on the credential domain or its subdomains (0.655333ms)
✔ the script refuses a downgrade to plain http off loopback (0.370709ms)
✔ the password and username are JSON-escaped into the script (0.302833ms)
✔ host-side re-check: a redirect during the confirmation blocks the fill (0.242167ms)
✔ eval results are normalised whether quoted or raw (0.315375ms)
✔ the in-page origin check survives a page that poisons String built-ins (S18-307) (0.490958ms)
✔ fitContain letterboxes a wide frame top/bottom and centres it (0.9065ms)
✔ fitContain pillarboxes a tall frame left/right (0.067917ms)
✔ fitContain with a degenerate size draws nothing (0.048209ms)
✔ clientToPage maps through a 2x (retina) frame to CSS px (0.104917ms)
✔ clientToPage handles a downscaled frame (image smaller than the viewport) (0.064125ms)
✔ clientToPage ignores clicks on the letterbox bars (0.071458ms)
✔ clientToPage subtracts the frame offset_top and rejects the bar above it (0.05925ms)
✔ viewportFor clamps to the daemon range and quantises the device scale factor (0.133458ms)
✔ viewportFor lowers the scale factor to stay inside the pixel budget (0.092708ms)
✔ viewportChanged ignores 1px wobble but not a dpr change (0.094292ms)
✔ app chords already handled by the global key map pass through (0.099584ms)
✔ browser-convention chords are handled locally (0.063459ms)
✔ Esc releases the keyboard; ⇧Esc is sent to the page as Escape (0.14875ms)
✔ IME / soft-keyboard keystrokes are ignored (text arrives via input/composition) (0.056291ms)
✔ plain typing, editing and copy chords are forwarded (0.033542ms)
✔ modifierMask uses CDP bits (0.429417ms)
✔ virtualKeyCode covers letters, digits, punctuation and named keys (0.13225ms)
✔ keyPayload is the contract key frame: text on keydown only, Enter types \r, chords type nothing (0.142083ms)
✔ coalesce sends the first move at once and the LATEST one per interval (0.161625ms)
✔ coalesce.flush sends the pending move before a click; cancel drops it (0.081792ms)
✔ mergeWheel sums deltas at the latest position; modifier change restarts (0.04975ms)
✔ wheelPixels normalises line and page deltas (0.033292ms)
✔ backoff grows exponentially with a cap and bounded jitter (0.046792ms)
✔ reducer walks connect → live → reconnecting → connecting → live (0.093291ms)
✔ S18-18: accept-then-close servers exhaust the retries instead of looping forever (0.206542ms)
✔ terminal close codes and closed frames end the session without retry (0.150167ms)
✔ the reducer gives up after maxAttempts (0.551833ms)
✔ duplicate connect / stray open / frame-while-not-live are no-ops (0.098708ms)
✔ steady-state frames return the SAME state (no per-frame reactive churn) (7.14675ms)
✔ isStale: a quiet live page is never stale; any non-live socket is (0.170666ms)
✔ input-to-frame latency: first input starts the sample, the next frame ends it (0.092375ms)
✔ meter reports frames in the last second and smooths the latency (0.3655ms)
✔ parseServer ignores junk; buttonName maps DOM buttons (0.915583ms)
✔ safeCursor only lets known CSS cursor keywords through (0.064209ms)
✔ parseBinaryFrame reads the v1 layout: version byte, u32 BE length, JSON header, JPEG (0.145209ms)
✔ parseBinaryFrame drops unknown versions, truncated buffers and bad headers (0.058291ms)
✔ driverFor: agent blocks, another person is "other", me/nobody may drive (0.035292ms)
✔ closed reasons and the SSRF note read as sentences (0.090958ms)
✔ approvalFacts builds where / what / who sees it / as from the held request (0.14475ms)
✔ approvalFacts falls back to the URL host and leaves unknowns out (0.083958ms)
✔ openTab completion cannot enter a different workspace (119.359166ms)
✔ openTab completion cannot enter a new visit to the original workspace (24.693042ms)
✔ openLiveTab completion cannot enter a different workspace (27.285208ms)
✔ openLiveTab completion cannot enter a new visit to the original workspace (28.270666ms)
✔ reader navigation never persists a title obtained from another active tab (19.75725ms)
✔ older reader navigation completing last cannot replace a newer URL (26.206584ms)
✔ overlapping live navigations persist the newest URL even when the first write is slow (28.579584ms)
✔ closing the last active tab invalidates a late reader success before close completes (12.305375ms)
✔ closing the last active tab invalidates a late reader failure before close completes (13.164625ms)
✔ closing a background tab leaves the active reader request valid (23.81325ms)
✔ failed active close restores the previous readable content and selection (22.308125ms)
✔ summary cannot cross a workspace transition even at the same URL (129.520959ms)
✔ summary cannot cross a tab transition even at the same URL (50.588ms)
✔ summary cannot cross a leave-and-return transition even at the same URL (31.286208ms)
✔ superseding a summary aborts its request and preserves the current busy state (32.783542ms)
✔ deselect clears reader loading and error state immediately (17.254375ms)
✔ refSha accepts only full sha256 refs (0.497167ms)
✔ the client digest is the server content address (sha256 of the data-URL text) (2.291ms)
✔ a 3 MB image goes inline once, then every autosave sends a ref (0.243083ms)
✔ an unresolved ref passes through and is not re-learned as inline (0.076917ms)
✔ the file cache defaults to a 64 MB bound (0.044916ms)
✔ the file cache is a byte-bounded LRU: past the cap the oldest sha is refetched (2.002958ms)
✔ a board unmount releases its files unless another open board uses them (1.855417ms)
✔ a failed or mid-flight-released fetch leaves nothing behind (8.986625ms)
✔ a push applies once; saves (dirty → false) never re-apply it (150.462708ms)
✔ a push skipped while dirty is spent, not replayed once the save lands (30.358791ms)
✔ another scene's push, docs without source, and tick 0 are ignored (17.826041ms)
✔ queued, superseded scene writes are dropped; the newest doc is sent (116.148209ms)
✔ drafts staged in one tick collapse into a single PUT (56.561416ms)
✔ a save issued during a restore queues behind it and keeps its draft (22.615458ms)
✔ Excalidraw assist failure retains the exact composer prompt (86.864959ms)
✔ Excalidraw reports accepted content and rejects an empty generation result (4.608125ms)
✔ Mermaid assist failure retains the exact composer prompt (6.7455ms)
✔ Mermaid reports accepted content and rejects an empty generation result (3.332875ms)
✔ D2 assist failure retains the exact composer prompt (8.191792ms)
✔ D2 reports accepted content and rejects an empty generation result (4.231041ms)
✔ Canvas keeps an unaccepted prompt while the request is pending (3.768417ms)
✔ late accepted generation cannot clear another scene or a newer prompt (33.521375ms)
✔ Excalidraw restore applies persisted background and grid before the next save (25.739334ms)
✔ Excalidraw grid-only edit gridModeEnabled schedules a persisted snapshot (10.639458ms)
✔ Excalidraw grid-only edit gridSize schedules a persisted snapshot (3.38625ms)
✔ the allow-list parses trimmed, blank-free ids (2.061833ms)
✔ senders already allowed are not offered again (0.260166ms)
✔ allowing a sender appends once, keeping the others (0.202583ms)
✔ a sender reads as name (id), or the id alone (0.165125ms)
✔ toolLine: commands, files and searches read as verb + target (+ dim detail) (0.960792ms)
✔ toolStatus: no result is running while the session is active, else "none" (0.083125ms)
✔ stepSummary says what a group did, in order, naming a single file (0.325875ms)
✔ pendingTool: the newest call without a result in the last response (0.091667ms)
✔ lastLine: the last non-blank output line, clipped (0.071959ms)
✔ countUnread counts items after the last one seen at the bottom (0.056541ms)
✔ askQuestions reads AskUserQuestion input defensively (0.129333ms)
✔ providerName (0.05675ms)
✔ segment: the plan is its own block; the call that wrote it gets no row (0.132166ms)
✔ decorateCodeBlocks: IDE header (label · file · lines · Wrap/Open/Copy), numbered lines, fold, idempotent (0.442791ms)
(node:20378) [DEP0205] DeprecationWarning: `module.register()` is deprecated. Use `module.registerHooks()` instead.
(Use `node --trace-deprecation ...` to show where the warning was created)
✔ foldResponse keeps the first and final message and folds the work between (1.02ms)
✔ patchStats counts hunk lines only; changedFiles merges per path and treats a Write as new (0.571708ms)
✔ usage sums over a response; the token line names every kind with a tooltip (0.253917ms)
✔ day dividers and paths (13.975875ms)
✔ file references: code spans, prose paths and locations (0.451667ms)
✔ the chat markdown extension: file refs, chips, and URLs left alone (8.764375ms)
✔ linkifyOutput links paths and URLs in escaped command output (0.301375ms)
✔ fence info: language + file name (0.328084ms)
✔ highlightLines tokenizes the whole block and keeps every line self-contained (47.871583ms)
✔ preview parsers: kinds, CSV/TSV, JSON, HTML documents (0.455375ms)
✔ mounted checkpoint loader shows matching-generation membership while progress keeps advancing (49.905166ms)
✔ ⌘W on a non-Agents page never touches the hidden session (487.259583ms)
✔ "Always delete": no dialog, but archive first and delete only after the Undo window (84.832959ms)
✔ Undo inside the window keeps the session (74.031917ms)
✔ ⌘W under "Always delete" goes through the undoable path (46.216167ms)
✔ "Always delete" then ⌘⇧T: the reopened session is never deleted (163.922291ms)
✔ "Always delete" then Archived ▸ Restore: no DELETE (108.561333ms)
✔ "Always delete" then another window restores it: the re-check keeps it (106.934916ms)
✔ a toast held open past the grace period still lets Undo win (154.452417ms)
✔ sessionVerbsApply is Agents-only (0.292375ms)
✔ requestArchive asks for a working row the store has no status for (43.420333ms)
✔ requestArchive: an idle unknown row archives at once; a busy shell never asks (104.879792ms)
✔ requestArchive and confirmRestart ask for a working agent (42.694375ms)
✔ two registration effects re-running in one flush keep both sets (134.281708ms)
✔ a stale unregister never removes the set that replaced it (8.6475ms)
✔ registry.all is memoized: unchanged sources hand back the same array (20.929583ms)
✔ typed text is kept per repo and cleared when emptied (86.582458ms)
✔ a draft that lands with no panel watching is parked once (36.669ms)
✔ a watched repo gets the reply directly (nothing parked) (22.355042ms)
✔ a reopened composer shares the pending send claim while other sessions remain usable (143.623375ms)
✔ production send keeps a remounted draft and allows only one pending request (49.542375ms)
✔ send is refused while an image upload is still pending (29.248ms)
✔ renaming retains unknown parameters and TLS shorthand (31.087666ms)
✔ secure URI schemes enable TLS and Mongo passwords leave URI fields (54.244542ms)
✔ explicit field clears preserve unrelated advanced TLS and tunnel settings (3.977208ms)
✔ Mongo URI: an encodable-character password never stays in the visible string (S16-15) (22.081083ms)
✔ Mongo URI: an unencoded `/` in the password never stays visible (S16-307) (63.580458ms)
✔ stableGroupTurns reuses the item object of every unchanged group (1.599167ms)
✔ stableGroupTurns re-groups when a member turn joins or leaves a response (0.178375ms)
✔ md cache: hits return the memo, misses render once, bounds evict oldest (0.198208ms)
✔ indexToRenderItem is memoized per index turn object (0.092666ms)
✔ trimTurnHead only cuts in front of a turn with a known cursor (157.692583ms)
✔ a long live chat is capped and "Load earlier" resumes exactly at the dropped head (118.554292ms)
✔ a scheme change moves the token (the old host:port compare missed it) (0.795667ms)
✔ host and port changes move it; path / case / default port do not (0.195875ms)
✔ unparseable input: only an identical string is the same (0.263125ms)
✔ javascript: links are dropped (href and xlink:href, obfuscated too) (1.566167ms)
✔ http(s) links and in-document fragments survive (0.083458ms)
✔ event handlers are dropped regardless of element (img onerror payload) (0.055958ms)
✔ config keeps foreignObject labels but forbids active content (0.079917ms)
✔ fails closed when the purifier cannot run (no DOM) (0.073ms)
✔ hook is installed only for the duration of one sanitize call (1.854042ms)
✔ D2 style rules are scoped to the diagram (10.132333ms)
✔ a string-embedded brace or comment cannot end a rule early (S18-301) (0.324708ms)
✔ a scope-anchored selector cannot hop to the app with ~ or + (S11-311) (0.159041ms)
✔ foreign @font-face / @keyframes names and fetching values are dropped (0.182292ms)
✔ no browser CSS parser → styles dropped (fail closed) (0.068459ms)
✔ styles without a diagram scope class are dropped (0.231959ms)
✔ scope class comes from D2's wrapper <svg> tags only, not a label element (0.07025ms)
✔ serialized style text is entity-decoded for parsing and re-escaped after (0.089083ms)
✔ edits made during a daemon settings save remain unsaved (39.442542ms)
✔ successful import never submits the editor draft: DELETE FROM imported (96.875292ms)
✔ successful import never submits the editor draft: INSERT INTO audit VALUES (1) (20.771208ms)
✔ successful import never submits the editor draft: SELECT * FROM imported; DELETE FROM imported (14.50175ms)
✔ request-save retry adopts the successfully created collection before the failed second step (5.950708ms)
✔ Recovery Refresh retries failed active history from offset zero (5.984542ms)
✔ Recovery Refresh replaces stale first page and retains it on a later error (4.82225ms)
✔ environment save preserves newer typing and the next Save submits that draft (26.204458ms)
✔ environment save completion cannot replace a newly selected environment (9.517292ms)
✔ environment failed save retains its draft for retry (10.181208ms)
✔ environment Save in a former workspace cannot reseed the current draft (5.858167ms)
✔ successful import after a connection change never refreshes another connection metadata (3.695917ms)
✔ environment saved secret rename updates its stored marker while preserving newer unrelated edits (29.398416ms)
✔ environment saved secret rename updates its stored marker while preserving another secret rename (7.26775ms)
✔ request-save sheet does not continue its second mutation after changing workspace (1.562542ms)
✔ guarded import approval remains bound to its captured connection (2.848625ms)
✔ canceled import while typed confirmation waits cannot retry after late approval (2.913792ms)
✔ old import completion leaves a replacement table dialog open (2.902125ms)
✔ guarded import retry uses the submitted format/path/table despite pending form edits (3.006375ms)
✔ unmounting Save request while collection creation waits prevents the unsent request mutation (1.398083ms)
✔ environment A-B-A selection during save reconciles the clean value (22.914875ms)
✔ environment A-B-A selection during save reconciles the clean secret name (17.544125ms)
✔ Cancel synchronously invalidates Save request before Svelte destruction runs (2.21725ms)
✔ environment A-B-A return preserves actual new typing and reconciles saved secret marker (4.18375ms)
✔ database dialogs + page reach storage only through the guarded helpers (S16-304) (0.537333ms)
✔ scratch close cancel retains the exact tab; discard resolves its stable id (27.724334ms)
✔ automation cancel and failed save retain steps; successful save or discard permits leave (50.196834ms)
✔ automation edits arriving during save keep the editor open (11.465125ms)
✔ tail failures retain the buffer and cursors, clear new count and recover on empty success (11.495583ms)
✔ canceled automation navigation keeps the selected editor and request tab (9.725792ms)
✔ a late tail response cannot revive another topic buffer or failure state (10.295042ms)
✔ schema history fetches two selected bodies, caches revisits and aborts superseded detail (10.253792ms)
(node:20402) ExperimentalWarning: localStorage is not available because --localstorage-file was not provided.
(Use `node --trace-warnings ...` to show where the warning was created)
✔ runManagedStatement: switching connections before refusal never asks to approve B for a write to A (330.129042ms)
✔ runManagedStatement: accepted confirmation retries exactly the origin statement and scope (98.789167ms)
✔ runManagedStatement: declined typed confirmation never retries (224.050042ms)
✔ runManagedStatement: revoking access while confirmation waits prevents the retry (140.677167ms)
✔ runQuery: switching connections before refusal never asks to approve B for a write to A (119.014458ms)
✔ runQuery: accepted confirmation retries exactly the origin statement and scope (91.80625ms)
✔ runQuery: declined typed confirmation never retries (156.469042ms)
✔ runQuery: revoking access while confirmation waits prevents the retry (93.404292ms)
✔ runQuery: Stop during confirmation prevents a late accepted retry (132.501375ms)
✔ agent read-only refusal retains the original production guard after switching to development (74.631667ms)
✔ Stop keeps the query transport alive for native cancel, then aborts only that run (121.227292ms)
✔ a failed cancellation still releases the old HTTP wait (97.75375ms)
✔ a stopped run's late query interrupted cannot alter or prompt for its replacement (85.852ms)
✔ a stopped run's late write_blocked: production cannot alter or prompt for its replacement (134.003084ms)
✔ Stop during confirmation preserves a replacement run even before cancel responds (120.63775ms)
✔ a stalled cancel reaches its transport deadline and releases the original query (93.317292ms)
✔ Stop by captured ID clears a parked tab and ignores its late result (76.818584ms)
✔ Stop by captured ID clears a parked tab and ignores its late write_blocked: production (79.566083ms)
✔ Stop by captured ID clears a parked tab and ignores its late read_only: writes refused (92.268208ms)
✔ Stop without a retained tab revokes run ownership before delayed cancellation completes (151.196ms)
✔ walkCanvas: reach order, composite keys ANDed, unconnected cards reported (0.867917ms)
✔ walkCanvas: an edge drawn back into scope flips LEFT/RIGHT (0.098917ms)
✔ toQuery leaves clauses on unjoined cards out of the SQL (0.311959ms)
✔ renameAlias / dropAlias keep every clause consistent (0.175875ms)
✔ FK suggestions: one per unjoined pair, composite keys kept together (0.164125ms)
✔ uniqueAlias sanitizes and suffixes for self-joins (0.096167ms)
✔ bars under the cap are untouched (0.431458ms)
✔ 5,000 bars average into MAX_BARS buckets with range labels (2.792833ms)
✔ min-max decimation keeps spikes and stays near the target (1.253709ms)
✔ pie keeps the 11 largest slices plus Other (1.200834ms)
✔ clip ring: newest first, deduped, pinned entries survive the cap (0.942667ms)
✔ grid state: parked per tab, taken once, dropped on close (0.104041ms)
✔ editor history: memory tier outlives the editor, bounded, forgettable (18.179333ms)
✔ connection kinds map to their SQL dialect (0.381417ms)
✔ MySQL: a backslash-escaped quote does not end the string (3.842875ms)
✔ MySQL and ClickHouse: # starts a comment (0.647125ms)
✔ ClickHouse: a double quote is an identifier, not a string (0.380917ms)
✔ code positions stay completable (2.012292ms)
✔ scope database: plain names, db: paths, Redis keyspaces (38.576333ms)
✔ big integer keys keep every digit and stay unquoted (4.842208ms)
✔ row mutations require direct, unique column provenance and a complete single FROM (45.304667ms)
✔ ClickHouse mutation builders reject nonunique keys while inserts remain available (45.305625ms)
✔ Postgres table and schema names fold only unquoted identifiers (14.94025ms)
✔ Postgres mutation builder quotes the resolved source table, not its unquoted spelling (11.359208ms)
✔ trailer lines split from the message (0.903416ms)
✔ ClickHouse native unknown table: title, server suggestion, code chip (0.436417ms)
✔ ClickHouse legacy native text with stack trace still reads cleanly (0.182666ms)
✔ ClickHouse HTTP unknown column with Maybe you meant list (0.097958ms)
✔ ClickHouse syntax error: near token, line/col caret, expected list (0.472917ms)
✔ ClickHouse memory, timeout, auth and readonly (0.146542ms)
✔ ClickHouse mid-stream failure says rows had streamed (E7) (11.998292ms)
✔ ClickHouse network error drops the request URL (0.253167ms)
✔ MySQL unknown column: tagged and legacy shapes, daemon suggestions (0.262833ms)
✔ MySQL syntax, auth, network, pool, timeout (0.253292ms)
✔ Postgres unknown column: server HINT becomes a chip, POSITION a caret (0.219083ms)
✔ Postgres unique violation keeps DETAIL; auth headline (0.094125ms)
✔ Mongo command, write, unreachable — tagged and legacy (1.024125ms)
✔ mongosh script failure: exit code + last error line (0.093833ms)
✔ Redis wrong type, unknown command, auth (0.338083ms)
✔ unrecognised text falls back to its first line (0.12075ms)
✔ offset → line/col and out-of-range positions (0.069708ms)
✔ nearest + applySuggestion (0.229166ms)
✔ column kinds from engine type hints (1.024417ms)
✔ row-number column width depends on the row count only (0.246625ms)
✔ moveColumn reorders display positions (0.607ms)
✔ header filter: contains, exact, comparisons, NULL (0.207959ms)
✔ search highlight splits a cell around every case-insensitive hit (0.300584ms)
✔ row scan text skips NULLs, lower-cases and clips (0.435084ms)
✔ scanFor builds once per rows array and is reused (0.151084ms)
✔ prebuild fills the search text in time-boxed slices, scanFor finishes the rest (1.157083ms)
✔ cancel stops a column prebuild; dropColScans frees all but the kept columns (0.689ms)
✔ dropScan frees the search text (0.080042ms)
✔ memoFilter / memoSort return the cached view for the same key (tab switch back) (0.205ms)
✔ lines cover keys and values, including collapsed and past-chunk branches (1.467208ms)
✔ vertical flavor draws raw strings and ∅ (0.443209ms)
✔ LineIndex maps flat rows across records (empty records included) and caches lazily (0.209125ms)
✔ reveal opens every ancestor and grows the slices it sits past (0.686708ms)
✔ LineIndex.text: lower-cased, cached per record across searches, budget spills to a rolling cache (0.222583ms)
✔ short values match JSON.stringify exactly (compact and pretty) (0.84225ms)
✔ long values render the same clipped cell text as a full stringify (2.164958ms)
✔ a preview never grows past max + 1 characters (4.111459ms)
✔ bounded work: a 50 KB document previews far faster than it serializes (36.240417ms)
✔ the default-size preview is cached per object (0.154542ms)
✔ Mongo editing rejects transformed identities and a later operation in a method chain (166.177334ms)
✔ Mongo editing keeps plain finds, scalar projections and sort/limit controls (72.061ms)
✔ document edits preserve fields absent from a projected result (49.804291ms)
✔ lossy results clear stale edit targets; row pagination and ordinary marker text remain editable (154.0295ms)
✔ value lists split by line when multi-line, else by comma (0.729917ms)
✔ scope options come from database / schema / keyspace roots (0.118834ms)
✔ targets fan out per picked scope; no scope = the default database (0.125417ms)
✔ the confirm phrase is the connection name for one guarded connection, else RUN n (0.147916ms)
✔ summary omits zero counts (0.072125ms)
✔ cluster lines explain the decision (0.074625ms)
✔ a partial answer replaces only its runs and keeps the targets (0.716875ms)
✔ a full answer, another job or no previous job replaces everything (0.080083ms)
✔ storage keys are the database-store-era ones (56.419375ms)
✔ defaults: warm in the background, keep-alive on (13.134292ms)
✔ previously saved prefs are read back (7.932583ms)
✔ setters persist and notify keep-alive subscribers (3.748458ms)
✔ Settings → Appearance reads the prefs module, never the database store (0.201417ms)
✔ a change made in another window is adopted here and fires keep-alive listeners once (S13-11) (16.304167ms)
✔ identifiers: backticks for MySQL/ClickHouse, double quotes for Postgres, quote chars escaped (0.505834ms)
✔ string literals: quotes and backslashes escaped per dialect (0.087041ms)
✔ injection attempts stay inside one literal on every dialect (1.433542ms)
✔ values: numbers bare only when numeric; text columns always quoted (0.129875ms)
✔ LIKE helpers escape wildcards so user text matches literally (0.125791ms)
✔ IN lists: quoted items keep commas; every item escaped (0.418292ms)
✔ operators follow the column type (0.087667ms)
✔ GROUP BY / aggregates / HAVING / ORDER BY / LIMIT — MySQL (0.1955ms)
✔ same model — PostgreSQL (double quotes, native NULLS LAST) (0.093917ms)
✔ same model — ClickHouse (uniqExact, native NULLS LAST) (0.130083ms)
✔ joins qualify every column; multi-column ON; aliases only when they differ (0.103875ms)
✔ incomplete rows are skipped, never emitted half-typed (0.069125ms)
✔ booleans: IS TRUE on MySQL/Postgres, = true on ClickHouse (0.068833ms)
✔ OFFSET without LIMIT: MySQL gets the max-limit idiom (0.06775ms)
✔ validate: loose columns under GROUP BY, with a one-click fix (0.2385ms)
✔ validate: duplicate output names, SUM of text, OFFSET without ORDER BY (0.06875ms)
✔ round trip: build → parse → build is stable on every dialect (0.519333ms)
✔ round trip: contains / starts-with / IN / BETWEEN / NULL come back as builder operators (0.176542ms)
✔ parse: hand-written SQL the builder can hold (0.1265ms)
✔ parse: what the builder cannot hold is refused with a reason (0.195125ms)
✔ list index deletion is refused without an executable mutation: LRANGE k 0 -1 (3.768125ms)
✔ list index deletion is refused without an executable mutation: LRANGE k 40 42 (0.163583ms)
✔ list index deletion is refused without an executable mutation: LRANGE k 4 4 (0.059375ms)
✔ refusing list deletion retains safe edits at the actual LRANGE offset (1.635125ms)
✔ the grid delete flow cannot open or execute a Redis list mutation (84.934584ms)
✔ SREM: a member with a line break is skipped, never split into a second command (4.118667ms)
✔ HDEL (flat HGETALL) and ZREM (WITHSCORES) refuse line-broken names (0.222083ms)
✔ Insert from JSON: a line-broken field or value refuses the whole document (0.214208ms)
✔ a rename that re-emits a line-broken value from the data is refused as a whole (0.188458ms)
(node:20419) ExperimentalWarning: localStorage is not available because --localstorage-file was not provided.
(Use `node --trace-warnings ...` to show where the warning was created)
✔ restore: active connection first, the rest warm 3 at a time without stealing focus (306.911333ms)
✔ restore: a close during the warm-up writes no snapshot (139.347333ms)
✔ restore: "connect on click only" leaves the other tabs idle (107.574167ms)
✔ a tab keeps its uid and its run start time across a reload (106.811125ms)
✔ a daemon restart marks open connections stale and re-warms them (75.812792ms)
(node:20420) ExperimentalWarning: localStorage is not available because --localstorage-file was not provided.
(Use `node --trace-warnings ...` to show where the warning was created)
✔ nothing is released while the total fits the budget (0.808208ms)
✔ least-recently-viewed results go first, just enough to fit (0.1605ms)
✔ pinned tabs and small results are never picked (0.092042ms)
✔ size estimate scales with rows, cell payload and batch sets (12.824958ms)
✔ a released stub keeps columns, drops rows and is recognised by identity (0.228625ms)
✔ identifiers, strings and booleans per engine (0.864167ms)
✔ quick-filter chips render per engine (S16-05) (0.263541ms)
✔ boolean chips match boolean cells by value (S16-06) (0.085208ms)
✔ string variables keep backslashes on Postgres (S16-07) (0.088792ms)
✔ Postgres splitter: dollar quotes, # operator, standard strings (S16-14) (0.484833ms)
✔ widgets: obvious writes are flagged at save time (S16-08 UI hint) (0.533167ms)
✔ schema-tree table refs are quoted per engine (S16-301) (0.154208ms)
✔ ClickHouse identifiers escape backslashes like the daemon (S16-305) (0.066792ms)
✔ no local identifier/literal quoters outside sql-dialect.ts (S16-305) (14.875375ms)
✔ export refuses statements that are obvious writes (S16-303) (0.387542ms)
✔ analyzeStatement matches countStatements + extractVars on fixtures (2.770834ms)
✔ analyzeStatement matches on a 200-INSERT paste (the lag report) (1.255375ms)
✔ analyzeStatement matches on randomized buffers (differential) (261.889875ms)
✔ stmtPreview bounds list rows and tooltips (0.264334ms)
✔ MySQL: string defaults are re-emitted as literals on rename (0.8555ms)
✔ MySQL: an empty-string default is kept, not dropped (0.5585ms)
✔ MySQL: expression, timestamp and numeric defaults (0.493667ms)
✔ MySQL: collation and comment are restated; untouched columns emit nothing (0.235084ms)
✔ Postgres and ClickHouse defaults are already expressions (1.719291ms)
✔ defaults: Mongo auto-verticals past 10 columns, SQL never (0.734208ms)
✔ stored per-engine prefs merge over the defaults and clamp (0.104166ms)
✔ the new key wins over a leftover legacy value (0.053084ms)
✔ legacy custom threshold: an explicit choice carries to every engine (0.057958ms)
✔ legacy "never" stays never everywhere (0.06275ms)
✔ legacy value equal to the old default takes the new defaults (0.056375ms)
✔ garbage never throws (0.073167ms)
✔ LazyMount hands LoadState `empty`, or the skeleton / error never render (0.668417ms)
✔ LoadState announces loading and errors (0.170459ms)
✔ Skeleton is a labelled status region unless a parent owns the announcement (0.087ms)
✔ Skeleton adds its loading text AFTER the status region mounts (S19-305) (0.079875ms)
✔ every overlay backdrop uses the scrim tokens, defined for each scheme (1.084666ms)
✔ Modal: only a press that began on the backdrop closes; dismissable gates every close path (0.23175ms)
✔ BottomNav "More" sheet is a real dialog (0.361834ms)
✔ motion: one global spin/pulse, and a reduced-motion alternative for .spinner (0.653459ms)
✔ chart palette is the scheme-aware --cat-* set and wraps (1.5265ms)
✔ status-* tokens are not used for text in shared components (0.521833ms)
✔ Modal names its dialog by the visible title and keeps aria-label for locators (0.130833ms)
✔ status words: working states pulse, terminal states say what happened (1.100083ms)
✔ an unknown turn from an event becomes a placeholder at the front (0.379834ms)
✔ running → done merges ids, keeps a known session and asks for the full turn (0.170625ms)
✔ a late "running" never regresses a finished turn (0.121583ms)
✔ conflict carries the side version; failed carries the error (0.185834ms)
✔ mergeTurns: the server copy wins, local-only and locally finished turns survive (7.598166ms)
✔ verified citations open the reference; unverified ones are flagged and inert (0.240708ms)
✔ no provenance → only what the turn itself cites (0.063375ms)
✔ quick actions map to modes; checks never edit, fixes do (0.19825ms)
✔ "3 variants" is a variants run of 3 focused on the selection (0.116417ms)
✔ composer text → refine; n > 1 → variants (clamped to 4); generate intent kept (0.114833ms)
✔ Fix all: an accessibility review becomes an a11y turn quoting its findings (0.163709ms)
✔ variant branches parse; direction names read well (0.1325ms)
✔ variant cards: running, ready, failed, then accepted vs passed (0.221209ms)
✔ after a daemon restart (no live turns) cards come from versions + provenance (0.070583ms)
✔ a 👎 posts variant_rejected with the reason chip and direction (0.07525ms)
✔ thread: main turns and runs interleave by time; variant turns fold into their run (0.105958ms)
✔ candidate progress counts toward ≥ 3 signals across ≥ 2 designs (0.061ms)
✔ salient terms: no stop words, longest first, unique (0.524666ms)
✔ ArtifactView approves the version shown in the confirmation despite live updates (69.354708ms)
✔ brand/BrandEditor approves the version shown in the confirmation despite live updates (15.918459ms)
✔ project renameProject keeps the confirmed project across route changes (3.798834ms)
✔ project archiveProject keeps the confirmed project across route changes (2.934583ms)
✔ Product sendToSwarm does not act after its confirmed story is replaced (7.347833ms)
✔ Product regenerate does not act after its confirmed story is replaced (12.030208ms)
✔ Product question posting does not follow a changed story after consent (12.56425ms)
✔ otto:// URIs parse every selector and reject malformed input (0.961375ms)
✔ links split into Uses / Used in and lineage orders provenance first with citations (0.359875ms)
✔ route parser maps every Design Hall path and falls back to the lobby (0.139875ms)
✔ there are exactly seven studios with unique ids and every format renders (0.101333ms)
✔ project stats, summary and filters (7.196ms)
✔ epic tree groups implementing artifacts under their epic with per-studio counts (0.268ms)
✔ signals read as one line from the bounded server payloads (0.177875ms)
✔ small helpers: titles, authors, brand colours and contrast (0.308875ms)
✔ a load that raced typing only flags a head that is really newer (S18-303) (0.074833ms)
✔ bursts collapse into one write of the final count (44.181667ms)
✔ an unchanged count is not re-sent; flush writes at once (125.720166ms)
✔ every blocking e2e gate spec exists (a rename must not empty the gate) (0.687ms)
✔ gate lists respect the project split: desktop-* only at desktop width, none at phone width (0.552583ms)
✔ gateMatcher matches listed files exactly, not by prefix (0.183959ms)
✔ no gate spec self-skips on its gate project (project.name guards) (1.864875ms)
✔ the guard parser catches a foreign project literal and an excluding include-list (0.148458ms)
✔ the gate runs on the real projects (playwright.config has no separate gate project) (0.128958ms)
✔ flaky-check --gate fails on skipped tests and on a pass count below the floor (0.155792ms)
✔ flaky-check names failed tests in the step summary (0.106375ms)
✔ the advisory red-count ratchet fails only when the count rises (0.403875ms)
✔ small docs emit synchronously on every edit (unchanged contract) (0.778583ms)
✔ a burst of edits on a large doc reads and emits the text once (0.13875ms)
✔ flush delivers the latest text now; a later timer is a no-op (0.076167ms)
✔ cancel drops a pending emit (doc switched under a stale binding) (0.063541ms)
✔ shrinking below the threshold emits synchronously and supersedes the pending one (0.064333ms)
✔ requestVarNames keeps varNames(requestTexts) order with body names supplied separately (2.6125ms)
✔ failed rating refreshes the durable pending state before allowing retry (54.368458ms)
✔ rating response after disposal cannot publish or refresh the old view (19.6195ms)
✔ a poll started before a rating response cannot restore its stale score (12.221708ms)
✔ a current successful rating reloads the latest report rather than its response snapshot (10.265208ms)
✔ out-of-order rating replies still reload after the final write completes (5.494167ms)
✔ the parsers see the whole contract (sanity) (0.451542ms)
✔ type_name() agrees with the serde tag of every variant (0.309291ms)
✔ every Rust event is in OttoEvent and ws.md; OttoEvent has no stale tags (0.413541ms)
✔ ws.md documents no stale event tags (0.1075ms)
✔ each event's fields match its OttoEvent member (names + omitted-when-empty → optional) (0.668291ms)
✔ a token change reconnects /ws/events as a first connect for the new identity (109.966584ms)
✔ a plain first connect does not reset identity caches (34.086666ms)
✔ stop() detaches the socket so a quick restart never opens a second one (S13-08) (34.296583ms)
✔ a token change mid-handshake still reconnects (14.495375ms)
✔ a stopped client ignores auth changes (34.078834ms)
✔ a throwing event handler is reported once per type, a malformed frame is ignored (S13-06) (18.899917ms)
✔ events: a document that never opened the page loads no page store and fetches nothing for its events (277.805083ms)
✔ events: with the page open (its store announced), every peeked event reaches the store as before (203.318541ms)
✔ events: an allow-listed payload event still loads its store, so the page sees it on mount (27.363917ms)
✔ runWithOtto: a tick for a run the store holds nothing for, with no list loaded, fetches nothing (14.4705ms)
✔ countOccurrences: case-insensitive, non-overlapping, capped (92.664ms)
✔ active providers: document order, hidden/detached/inactive skipped, nested dropped (8.575875ms)
✔ an inactive outer provider leaves the nested one active (10.227917ms)
✔ countOccurrences: a pre-lowered row is scanned as is (9.428792ms)
✔ findSkipped: data-find-skip subtrees and CodeMirror gutters / panels are neither counted nor painted (11.566958ms)
✔ releaseFindProviders tells every registered provider to drop its caches (17.027042ms)
✔ no owners → page find (114.945459ms)
✔ focus-owned openFind beats any pane owner (16.319792ms)
✔ nothing focused → highest-ranked visible terminal (11.695583ms)
✔ a header button holding focus still routes to the pane (14.659417ms)
✔ only rank-0 (parked / hidden) owners → page find (19.933125ms)
✔ unregistered owner no longer takes ⌘F (10.075625ms)
✔ a text field / contenteditable outside the terminal keeps ⌘F on the page (27.930333ms)
✔ an xterm textarea is not "a text field elsewhere" (10.725917ms)
✔ an open modal keeps ⌘F on the page (9.786667ms)
✔ a hidden aria-modal dialog (the compact Drawer kept mounted) does not block the pane (7.000333ms)
✔ last click inside the pane (header, terminal) → the pane (8.689875ms)
✔ last click on content beside the pane (loop timeline) → page find (21.708166ms)
✔ the right panel never hands ⌘F to the terminal, even nested in the pane tree (5.309916ms)
✔ the click picks WHICH pane: a lower-ranked pane that was clicked beats an unclicked higher one (9.400875ms)
✔ a find-neutral relay (phone quick-action bar) keeps the last real interaction (4.911334ms)
✔ ranking: a title match beats a keyword-only match (3.540709ms)
✔ ranking: no query lists by frecency, most used first, capped (0.801792ms)
✔ ranking: frecency lifts a used command over an equal fuzzy match (0.157334ms)
✔ frecency boost: bounded and decays with age (0.064208ms)
✔ frecency persistence survives garbage and blocked storage (0.254875ms)
✔ rows: a command-shaped query puts the command first, Ask Otto after (0.78725ms)
✔ rows: free text defaults to Ask Otto even when fuzzy hits exist (0.253083ms)
✔ rows: empty query shows commands only; hits trail with unique keys (0.109917ms)
✔ looksLikeCommand: word prefixes of the title only (0.17875ms)
✔ selection wraps and handles empty lists (0.272125ms)
✔ search hits map to module routes (0.07ms)
✔ keys: arrows, Enter, ⌘↵, Esc (0.120541ms)
✔ keys: ⌃1–⌃4 switch spaces; ⌃5, ⌘1 and ⌃⇧1 do not (0.068708ms)
✔ keys: IME composition owns every key (0.038125ms)
✔ spaces: defaults are four named, empty, unpinned (0.0875ms)
✔ spaces: round-trip keeps name/workspace/model/thread, drops transient fields (0.225792ms)
✔ spaces: garbage, wrong shapes and out-of-range values normalize (0.350917ms)
✔ spaces: a turn left pending by a closed bar is marked not run (0.380458ms)
✔ threads: capped at MAX_THREAD and patched by id (0.345666ms)
✔ presence: auto docks off Home and while working, is full when open or on Home (0.154625ms)
✔ presence: overlays hide it; prefs pin, dock or turn it off (1.324958ms)
✔ geometry: panel budget clamps to the window top and the 560px cap (0.080375ms)
✔ ranking: "git" puts Go to Git above Open Git panel (whole-word Navigate hit) (0.247458ms)
✔ an existing folder passes with the daemon-normalised path — one stat, no listing (S14-306) (0.912958ms)
✔ a file blocks with an inline reason (0.14275ms)
✔ a missing folder blocks (stat 404, confirmed by browse) (0.16775ms)
✔ a daemon without /fs/stat (route 404) falls back to browse (0.09925ms)
✔ busy / forbidden / network failures do not block (the create reports real failures) (0.133375ms)
✔ statPath / browsePath encode the path (0.047916ms)
✔ New Session and the first-run coach pre-check the folder (1.599042ms)
✔ keyboard navigation reaches all entries independently of rendered window (46.65125ms)
✔ selection action respects files and git-only eligibility (8.615625ms)
✔ Back and Forward preserve history until a different folder is opened (0.715625ms)
✔ each breadcrumb targets its exact ancestor including spaces, Unicode, and root (0.118ms)
✔ shortcut persistence tolerates corrupt data and bounds unique recent folders (0.238125ms)
✔ open tabs fetch immediately, selected first, with at most two requests (98.086208ms)
✔ manual fetch joins background request and always invalidates unchanged refs (31.240708ms)
✔ hidden or unfocused windows defer fetches; closed tabs never start queued work (21.068334ms)
✔ failure backs off despite focus events; manual retry surfaces errors and clears backoff on success (22.357958ms)
✔ restart during an in-flight round does not overlap or revive the stopped timer (17.146625ms)
✔ manual requests share the global two-request limit (34.535833ms)
✔ a failed tab bootstrap can retry when the Git page opens later (22.632917ms)
✔ background fetch queued behind manual work rechecks close, stop, hidden and pause before starting (111.688917ms)
✔ manual caller promotes a queued background fetch and retains its request after tab closure (17.176333ms)
✔ background tabs unused for 15 minutes stop fetching; the selected tab and a reactivated tab continue (22.966667ms)
✔ new commits on top splice onto the immutable tail (0.414875ms)
✔ page last sha unknown → full reload (0.068334ms)
✔ a commit above the boundary vanished (deleted branch) → full reload (0.046958ms)
✔ a page commit already in the old tail (reorder) → full reload (0.044167ms)
✔ nothing to splice when the page covers everything held (0.048625ms)
✔ rewinding a same-name ref outside the fresh prefix invalidates the retained tail (76.052084ms)
✔ a moved tip displaced from the fresh page also invalidates a spliced tail (30.063417ms)
✔ small lists render whole (find-in-page keeps working) (0.983708ms)
✔ a 20k-row list mounts only the viewport plus overscan, spacers cover the rest (0.12475ms)
✔ the list starting below the fold (negative rel) still renders its head (0.057042ms)
✔ scrolled past the end clamps to the tail and never inverts (0.049833ms)
✔ events union until a refresh takes them (0.678875ms)
✔ an event without paths makes the set unknown, and it stays unknown (0.069834ms)
✔ an empty list (remote refs moved) touches no file (0.061041ms)
✔ a burst past the cap degrades to unknown (0.122375ms)
✔ touches: exact file, parent directory, unknown (0.056958ms)
✔ a change to a shown repo re-reads its local status at once (124.649417ms)
✔ a repo nobody shows is ignored (46.386167ms)
✔ a burst while a read is in flight costs exactly one more read (41.999542ms)
✔ a hidden window waits and reads once when visible again (17.615958ms)
✔ the open diff learns which paths a change touched, unioned across a coalesced burst (47.321625ms)
✔ a reopened operation with no unmerged files can continue (0.381542ms)
✔ SwrCache serves fresh, then stale, then drops past max age (0.693083ms)
✔ SwrCache is a bounded LRU (0.078041ms)
✔ invalidatePr drops the repo lists and only that PR (0.124792ms)
✔ a deleted-line comment renders under the deleted row only (0.770084ms)
✔ a new-side (or side-less) comment renders under the new row only (0.091375ms)
✔ outdated and line-less comments go to the file block (0.066ms)
✔ lineAnchor: deleted → old side, everything else → new side (0.075958ms)
✔ out-of-order selectPrimary keeps the latest repo's status and PRs (93.377084ms)
✔ a stale PR list for a repo that is no longer primary is dropped (33.883708ms)
✔ workspace switch: the older repo list never overwrites the newer one (27.8865ms)
✔ a failed loadRepos is not sticky: the next call retries (20.950875ms)
✔ a detect that resolves before the repo list keeps the detected primary (27.911917ms)
✔ a failed repo load surfaces an error and retries on demand (22.97375ms)
✔ a non-fast-forward 409 is a rejection the user can act on (0.361209ms)
✔ a refused lease is told apart from a plain rejection (0.071917ms)
✔ anything else — auth, network, other 409s — is not a push refusal (0.050458ms)
✔ force retry carries the source and destination captured before the initial push (29.316ms)
✔ the budget is per section, not per folder (2k branches in 40 folders) (0.625834ms)
✔ collapsed folders cost their header only and hide nothing (0.399833ms)
✔ a small section mounts everything (0.066708ms)
✔ growing the budget reveals more rows (0.085167ms)
✔ inactive branches use their own upstream counts; current branch uses fresh status (0.697541ms)
✔ splitRemoteRef keeps the remote and the slash-bearing branch name (0.924708ms)
✔ deleting upstream/feature-x names and pushes to upstream, never origin (92.854041ms)
✔ discard sends the lines picked BEFORE the confirm and names the count (20.953125ms)
✔ a re-fetch while the discard confirm is open discards nothing (23.983709ms)
✔ a shift-click range picks changed lines only (S15-20) (7.109625ms)
✔ conflict edit round-trips CRLF and treats an empty editor as a deliberate empty block (0.144208ms)
✔ "Apply edit" makes the hand-edited text the resolution (5.6715ms)
✔ taking an EMPTY side records the choice (the checkbox no longer desyncs) (5.279792ms)
✔ Draft sends the selected Source as head and never re-points Source (14.126ms)
✔ a draft landing after the sheet closed touches nothing (2.759083ms)
✔ Cancel mid-push is inert; mid-draft it asks before discarding (17.072667ms)
✔ confirming "Stop drafting and discard?" stops the drafting session (S20-305) (23.862167ms)
✔ posting a comment with an open edit sends nothing (5.450792ms)
✔ a retry is skipped when the earlier attempt already created the comment (0.195667ms)
✔ a comment declined mid "Post all" is skipped (34.347125ms)
✔ a commit draft landing after unmount opens no confirm and writes nothing (6.78175ms)
✔ bus polls keep refreshing after the timer budget is spent, toasting once (19.727083ms)
✔ merge sends expected_head_sha and explains a moved head (6.103292ms)
✔ row keys never contain NUL (CSS.escape maps it to U+FFFD) (0.218333ms)
✔ PR diff view state carries across a reload for paths that still exist (0.20825ms)
✔ a lazily fetched file never borrows another file’s hunks (25.1085ms)
✔ ⌘] / Ctrl+N are left to the app; a bare ] moves to the next file (9.004ms)
✔ a repo pick from another workspace is dropped when the repo list loads (2.366583ms)
✔ PR numbers parse from every forge URL shape (0.128417ms)
✔ markAction refuses binary and absent files, keeps marker-free text as-is (0.866209ms)
✔ "Mark file resolved" never writes an empty body over a binary or absent file (47.665333ms)
✔ a marker-free text file is marked by staging its bytes (side keep), not recomposed (5.229333ms)
✔ fileIsCrlf reads the whole file, so an empty-sided hunk inherits CRLF (0.139ms)
✔ local + remote delete sends remote_name on the safe and the forced request (48.812917ms)
✔ the retry guard marks a found copy posted so it stops being postable (9.016292ms)
✔ a push that changed auth.rs drops its viewed mark, composer and expansions (0.263416ms)
✔ pinnedHead prefers the modal’s live read over the parent’s copy (0.060375ms)
✔ amendPublishedAt names where HEAD is published, upstream or not (0.083208ms)
✔ human verification preserves identity and evidence after reload (7.212208ms)
✔ changed criterion and malformed revisions do not display accepted evidence (0.171875ms)
✔ a guest survives more than 30 s of refusals and reconnects (a slow deploy) (0.445875ms)
✔ a guest stops after the retry window (a revoked link is not hammered forever) (0.088375ms)
✔ owners keep the fast ladder forever (0.053583ms)
✔ the share page re-arms the terminal when its access re-check succeeds (2.31975ms)
✔ 100 content-neutral mutations after a pass run no further pass (0.618375ms)
✔ a size change, a relabel or a restyle re-runs the pass (0.120208ms)
✔ width cache hits only while the element signature is unchanged (0.547458ms)
✔ style writer drops same-value writes (0.373959ms)
✔ frontmatter: flat keys, trailing comments and quotes stripped, body split off (1.542292ms)
✔ frontmatter: CRLF + BOM tolerated; no block → whole text is the body (1.824667ms)
✔ parseSection: shortcuts from the Keys column, group/route/id fallbacks (0.515458ms)
✔ extractShortcuts reads every table under the heading, ignores other tables (0.105042ms)
✔ search ranks title over shortcut over summary over body (1.19ms)
✔ key helpers normalise, detect and split chords (0.168ms)
✔ orderSections: group order, Basics reading order, then sidebar order (0.115834ms)
✔ film manifest: missing/empty is handled, chapters validated and sorted (0.174708ms)
✔ History opens working without restarting its PTY (63.071208ms)
✔ History opens running without restarting its PTY (28.402167ms)
✔ History opens idle without restarting its PTY (11.455625ms)
✔ History never unconditionally restarts a stale inactive row whose PTY is now working (19.048458ms)
✔ History Open in Chat updates a warmed Terminal view preference (15.2855ms)
✔ History opens a stale live row through safe resume if its process has since exited (11.476417ms)
✔ History resume completion ignores a destroyed origin (6.249375ms)
✔ History resume completion ignores a new-route origin (17.607667ms)
✔ History resume completion ignores a workspace origin (4.405208ms)
✔ History resume completion ignores a scope origin (4.628959ms)
✔ History resume completion ignores a pending-route origin (7.488541ms)
✔ History resume completion ignores a hash-before-parse origin (4.781167ms)
✔ History import completion after departure does not start a session (9.079834ms)
✔ empty candidate page remains actionable and next request uses scanned cursor (68.395959ms)
✔ a changed filter discards an in-flight continuation and keeps the fresh cursor (18.447416ms)
✔ HomeBox loads every box kind lazily (1.172583ms)
✔ ResultsGrid loads its modal-only children on open (0.3695ms)
✔ CodeEditor keeps language packs and the LSP client out of its static graph (1.227ms)
✔ service worker serves only hashed /assets/* cache-first and prunes old builds (1.199375ms)
✔ service worker never caches the proxy, plugin UIs or credentialed URLs (0.441792ms)
✔ Otto School (Classrooms) keeps three.js behind a dynamic import (1.679166ms)
✔ host pages load the Needs-you link lazily (it pulls the whole Today store) (0.383292ms)
✔ now() during an in-flight fetch coalesces into one rerun, not a new chain (4.095417ms)
✔ Home pending approvals cannot publish after workspace changes while its poll is busy (125.257291ms)
✔ Home stops displaying old scoped rows immediately on workspace switch (24.489167ms)
✔ user-started sessions count down on the 24-h manual grace, engine ones on 5 min (0.469916ms)
✔ durations read naturally at every scale (0.071166ms)
✔ settings override the grace; manual 0 = never suspended, so no hint (0.121125ms)
✔ unset or malformed settings fall back to the daemon defaults (0.350833ms)
✔ defaults mirror the daemon constants in manager.rs (1.405708ms)
✔ production scaling confirms the replica count actually submitted (60.792666ms)
✔ partial replay is a warning with retained evidence and an explicit duplicate-risk retry (8.617167ms)
✔ EC2 approval retains the account and region shown before an asynchronous route change (5.411541ms)
✔ Rds details distinguish the same resource name in different regions (5.959416ms)
✔ Eks details distinguish the same resource name in different regions (2.509ms)
✔ SQS deletion stays bound to the approved queue and preserves a newly selected queue (9.060334ms)
✔ TableWindow renders small lists whole and windows big ones (48.533625ms)
✔ TableWindow measures the real row height and resets on a new listing (7.558125ms)
✔ podContainers mirrors the daemon (init first, live state + restarts) (22.429417ms)
✔ TableWindow.active gates windowing; a 5000-message peek mounts ≤ 150 rows (SC-08/SC-22) (6.935834ms)
✔ clipLongScalars cuts only >64 KiB strings and keeps untouched subtrees (SC-19) (14.639667ms)
✔ mergeS3Head refreshes the head and keeps the loaded pages (I9) (9.940666ms)
✔ rowAge ticks from created_at, falls back to age_seconds (perf R1) (12.791125ms)
✔ parses the title, headline and headline metrics of a daily summary (6.080959ms)
✔ parses action items: title, metric, current → target, effort, ids and status (0.809333ms)
✔ the Preview body drops the H1 and the parsed Action Plan (0.165541ms)
✔ tolerates format drift: "targets", tag words without ids, "--" separators, no bold (0.479208ms)
✔ falls back cleanly: no H1, no action plan, empty and garbage input (0.820917ms)
✔ metrics ignore action-plan numbers and bare $ rates (0.169584ms)
✔ firstSentence keeps decimals and abbreviations intact (0.082459ms)
✔ parseActionItem with no separators yields just a title (0.179417ms)
✔ parseIndex reads series + ledger and survives junk (0.177084ms)
✔ reportMetrics prefers the summary, then the index row (0.127834ms)
✔ delta tones follow whether up is good for the metric (0.089417ms)
✔ item status: ledger + summary words, regressed wins (0.167917ms)
✔ period keys and sibling artifact paths (0.154792ms)
✔ parseSummaryCached returns the same object for the same text (0.213125ms)
✔ onboarding steps are forms: Enter submits, Back/Skip/Browse are type=button (1.06625ms)
✔ password length counts code points (server: chars().count()) (0.20475ms)
✔ a dead daemon reads as "isn’t responding", not the browser’s raw error (0.114375ms)
✔ a failed optional workspace still finishes setup and toasts the error (0.185125ms)
✔ a reload after the root exists resumes the wizard (tab-scoped step) (0.452083ms)
✔ palette handlers ignore IME composition keys (0.806791ms)
✔ History ⌘K resume is registered only when the button would allow it (0.150875ms)
✔ agent-channel UI copy never shows the internal "room" noun (S20-302) (1.125333ms)
✔ an exec session resolved after unmount is deleted, not adopted (41.23525ms)
✔ a mounted view adopts the session (4.061791ms)
✔ autoExec is one-shot: openRow clears it unless the call asks for a shell (0.242791ms)
✔ autoExec is consumed once the Terminal acts on it (S16-306) (0.266166ms)
✔ a live refresh re-reads every paged-in row (0.377583ms)
✔ a live refresh never aborts a Load more, nor truncates past the server cap (0.059584ms)
✔ user-driven loads and appends are one page (0.050208ms)
✔ the ring appends in place and keeps the newest `cap` lines (0.690375ms)
✔ a chunk bigger than the cap keeps only its tail (8.59225ms)
✔ the filtered view drops exactly the matches the ring trimmed (0.143083ms)
✔ pending buffer stays capped while the window is hidden (S16-12) (11.680791ms)
✔ a 5k-workload table renders only the rows near the viewport (1.522875ms)
✔ scrolling deep keeps the total height and a bounded slice (0.227417ms)
✔ the expanded detail row shifts every later row by its height (0.1815ms)
✔ the table starting below the fold and empty tables are safe (0.888459ms)
✔ the first cycle ticks at once; a burst inside the gap becomes ONE tick (0.815375ms)
✔ no ticks while hidden; one on return carrying every cluster that cycled (0.113667ms)
✔ a tick that comes due while hidden waits for visibility (0.078709ms)
✔ templates: variables, fill, RESET becomes JSON null (0.946834ms)
✔ path rule mirrors the daemon (0.144084ms)
✔ workload kinds and default port (0.180417ms)
✔ a small list polls every 10 s however slow the load was (0.441791ms)
✔ a big list waits max(30 s, 3 × the last load) (0.068833ms)
✔ the validator prefers the ETag header, else quotes the body version (0.058833ms)
✔ fleet row keys are cluster/ns/workload (+ pod in pod grouping) (0.062166ms)
✔ reuseByKey keeps unchanged objects and returns prev when nothing changed (0.470334ms)
✔ event keys are stable and made unique (0.085125ms)
✔ a conditional GET sends If-None-Match and a 304 resolves notModified (no body read) (122.237875ms)
✔ a conditional GET without a validator is a plain read that returns the body + ETag (45.528083ms)
✔ a conditional GET still throws on an error status (23.782292ms)
✔ per-cluster view state round-trips and repairs malformed fields (0.810084ms)
✔ route grammar: workspace monitor, legacy monitor, fleet and resources (0.148709ms)
✔ keys count only inside the workspace, or with focus on nothing (0.420542ms)
✔ the opt-out covers the letters but not Enter / Escape (0.096584ms)
✔ the shortcut sheet and the Help guide have the same groups, in order (1.490875ms)
✔ every group lists the same chords and actions in both places (0.205292ms)
✔ page-scoped chords that exist in code are on the sheet (0.088625ms)
✔ CodeMirror keeps ⌘D / ⌘[ / ⌘] / ⌘U / ⌘I (0.408875ms)
✔ global chords still work inside CodeMirror (0.075583ms)
✔ ⌘U never fires from a plain text field; ⌘D still splits there (0.063667ms)
✔ nothing focused / page body → the global map handles everything (0.061ms)
✔ ⌃ never stands in for ⌘ on a Mac — ⌃K/⌃T/⌃W are text editing there (2.009625ms)
✔ isMacPlatform recognises Mac / iOS clients only (0.174292ms)
✔ a draft without a source revision becomes dirty after typing (34.558292ms)
✔ explicit Copy retries the clipboard for an unchanged persisted image (23.52775ms)
✔ keyboard Copy explicitly recopies unchanged content (19.197ms)
✔ a dirty snip without a decoded image fails persistence without spinning (32.311542ms)
✔ close retains a draft after failed persistence and allows explicit discard (8.832333ms)
✔ close waits for the newest annotation while a previous upload is pending (8.446291ms)
✔ failed publishing preview remains unavailable until a successful retry (15.497208ms)
✔ artifact keep-mine never reloads over a draft when history lookup fails (9.547292ms)
✔ Brand keep-mine retries within one save and preserves edits on retry failure (7.077125ms)
✔ SourceSearch preserves existing results and retries the failed page context (6.48025ms)
✔ an older response that lands last is not current (0.525958ms)
✔ cancel invalidates the in-flight ticket (dispose / unmount) (0.076875ms)
✔ run() drops the superseded result and keeps the latest (0.431667ms)
✔ run() swallows a superseded rejection but propagates the current one (0.248584ms)
✔ latestByKey keeps slots independent (0.127791ms)
✔ lazyModule: loads once, queues calls in order, then runs synchronously (2.356667ms)
✔ lazyModule: a failed import drops its calls and retries on the next use (3.533208ms)
✔ lazyModule: peek() sees a module that announced itself under the key, and never imports (1.1245ms)
✔ events: reconnect / restart / periodic events peek page stores instead of loading them (2.755458ms)
✔ events: only allow-listed events load a page store (`.use`) (0.797166ms)
✔ a meta listing carries its truncation flag (0.695125ms)
✔ a bare array (an older daemon) reads as complete (0.092875ms)
✔ the note names how many are shown (0.097417ms)
✔ runs once, then only on events (coalesced), with the safety net while connected (117.154083ms)
✔ socket down → catch-up run, then the fallback cadence; resync refetches (23.141375ms)
✔ socket coming up pushes a pending fallback tick out to the safety net (27.152333ms)
✔ match narrows events; stop unsubscribes and cancels timers (20.066292ms)
✔ a continuous stream still refreshes within maxWaitMs (34.527292ms)
✔ minIntervalMs caps event-driven refetches under churn (19.692792ms)
✔ numeric hidden cadence relaxes while connected (22.842666ms)
✔ no source → a plain poll at fallbackMs (14.621625ms)
✔ LiveRegistry isolates a throwing listener and reports its types (19.926792ms)
✔ maps auth / missing statuses to human causes (0.473541ms)
✔ keeps the daemon message for other statuses, falls back to the code (0.081583ms)
✔ an unreachable daemon (fetch TypeError) reads as such (0.04875ms)
✔ plain errors and junk never render empty (0.054875ms)
✔ the cap named by the engine error wins, else the counters decide (1.074208ms)
✔ a plain resume is offered only while budget remains (0.213375ms)
✔ the extend prefill is current + 50% and always above what is used (1.5385ms)
✔ delayed pause cannot insert an old loop into a new workspace (72.053167ms)
✔ delayed updateLimits cannot insert an old loop into a new workspace (18.73775ms)
✔ closing detail discards queued reruns and late iteration bodies (18.067792ms)
✔ opening B invalidates A immediately while B waits for the single-flight request (22.581167ms)
✔ late verifyCriterion does not reopen a closed detail (25.597792ms)
✔ late answerQuestion does not reopen a closed detail (9.08575ms)
✔ late retryExecutor does not reopen a closed detail (15.090125ms)
(node:20533) [DEP0205] DeprecationWarning: `module.register()` is deprecated. Use `module.registerHooks()` instead.
(Use `node --trace-deprecation ...` to show where the warning was created)
✔ renderMarkdownGfm parses the HTML once and focus-tags pre/table on that tree (6.766292ms)
✔ plain prose still takes a single parse (4.1275ms)
✔ Close Tab with no tab to close closes the pop-out window (54.842458ms)
✔ Close Tab that closed a session tab leaves the window alone (9.273084ms)
✔ closePopoutWindow never closes the main window or a pane (1.604333ms)
✔ a lone burst runs once after the quiet window (0.528083ms)
✔ a steady stream (every 200 ms) still refreshes at least every max-wait (0.167167ms)
✔ old Mission load cannot replace a newer workspace or its loading state (49.941917ms)
✔ late saved-view creation does not clear another workspace form or refresh it (7.363292ms)
✔ every kind names the module it opens in (no dead end) (61.280791ms)
✔ id-only kinds route straight to their row (7.442584ms)
✔ pr source keys split on the last colon and reject junk (6.113875ms)
✔ stop uses the owner cancel endpoint only for running, stoppable kinds (4.580291ms)
✔ every Rust WorkKind has a module, a label, an icon and a filter entry (6.73075ms)
✔ an Otto run opens in Run with Otto and stops through its own cancel (3.485458ms)
✔ Esc closes the top sheet (43.183209ms)
✔ Esc already handled inside the sheet (CodeMirror popup) keeps the modal open (3.917667ms)
✔ a busy (non-dismissable) sheet ignores Esc (2.935333ms)
✔ the Tab trap counts contenteditable editors as focusable (0.267083ms)
✔ script motion is smooth by default and instant under reduced motion (0.418167ms)
✔ reducedMotion never throws without a usable matchMedia (0.087667ms)
✔ native embedded context requires Tauri and an injected host, never query flags (0.81675ms)
✔ native pane geometry rejects hidden or invalid rectangles and clips to viewport (0.099458ms)
✔ native presence excludes hidden pane even while WebKit reports visible and focused (0.064292ms)
✔ layout coalesces during IPC and final hide cannot be overtaken by stale geometry (0.134917ms)
✔ layout continues with newest state after rejected native IPC (0.098459ms)
✔ detached surfaces remain addressable when the host split is narrow (0.105125ms)
✔ native layout scales CSS geometry by page zoom in window logical points (0.089666ms)
✔ overlay focus restoration is cancelled when detach or a new overlay wins the race (0.558417ms)
✔ native menus honor primary window focus after macOS window cycling leaves a stale side flag (2.964666ms)
✔ the shared inbox link says how many things need you (S20-07) (0.802375ms)
✔ every narrower needs-you surface links to the one canonical inbox (0.400959ms)
✔ the agent-to-agent transport is never labelled "Rooms" (the sidebar module owns that noun) (0.763458ms)
✔ mixed batch keeps recovery open and retries only the failed submitted configuration (48.400125ms)
✔ all-success batch opens each session once and closes (12.674375ms)
✔ all-failed batch stays open and can complete on retry (15.761083ms)
✔ workspace-bound failed member waits for its original workspace before retry (9.499458ms)
✔ automation notice routes resolve to the item to open (0.746667ms)
✔ a re-fired notice (same id, refreshed by the daemon) replaces the read copy (114.798417ms)
✔ an identical re-delivery is ignored (53.317958ms)
✔ a new notice is prepended (20.54ms)
✔ awaiting-input banners only for a session you are not watching (A2) (94.831625ms)
✔ canceling a workspace switch prevents a notification from navigating in the old workspace (51.074166ms)
✔ a notice for another workspace's session switches there and opens it (37.445208ms)
✔ a notice for an archived session offers Unarchive and open (43.851875ms)
✔ a deleted session says so instead of failing silently (23.732083ms)
✔ load() keeps notices ingested while the GET was in flight and queues one trailing reload (12.077125ms)
✔ ensureLoaded() joins the in-flight first load instead of fetching twice (boot perf) (27.443917ms)
✔ identity change: a load answered for the previous identity is dropped, then re-run (S13-02) (14.798959ms)
✔ a failed load with ingested rows settles, keeps the rows and reports the error (9.7635ms)
✔ the bell spins only until a load settles and shows rows + inline Retry on a failed refresh (0.2685ms)
✔ OKF verifier mapping and list derive the same advisory trust tier (0.715916ms)
✔ staleness uses an absolute inclusive deadline and verification is independent (0.140375ms)
✔ legacy and absent metadata remain readable, unknown types are accepted (0.112125ms)
✔ editing lifecycle fields preserves nested provenance and body (4.723542ms)
✔ new concept template is v0.2, draft and unverified, with YAML-safe titles (3.053125ms)
✔ ⌥ composing an ASCII symbol (DE ⌥L = @, ⌥5 = [) counts (0.458792ms)
✔ US-layout ⌥ glyphs, letters, arrows and other chords do not (0.087708ms)
✔ the hint shows once, and only while Option is Meta (0.395458ms)
✔ one word of a multi-word title never addresses the session (138.44ms)
✔ the whole title, the handle, @handle and handle: still address (17.342083ms)
✔ close by a single title word falls through instead of archiving (22.544834ms)
✔ close <whole name> of one idle session archives at once (27.962791ms)
✔ close all / several / a working one / "stop <name>" ask first (11.767666ms)
✔ a provider close never includes background workflow / review agents (S13-04) (22.234084ms)
✔ "delete <name>" resolves by name and asks before a permanent delete (27.44525ms)
✔ a "working" plain shell is not mid-turn: close <name> archives at once (15.373625ms)
✔ scheduled save retains fields typed during PATCH and saves again to the same task (72.54825ms)
✔ scheduled create adopts its new ID while preserving post-submit edits (43.504625ms)
✔ scheduled failed save retains all newer fields (23.983708ms)
✔ scheduled agents navigation uses the form leave decision (35.639458ms)
✔ scheduled workspace navigation uses the form leave decision (37.273417ms)
✔ scheduled clean navigation does not ask, late save cannot close replacement form (12.143125ms)
✔ goal agents navigation preserves criterion and budget drafts (11.260583ms)
✔ goal workspace navigation preserves criterion and budget drafts (4.028209ms)
✔ goal budget-only changes are a draft and clean navigation does not ask (7.348042ms)
✔ late goal launch cannot redirect a replacement workspace (9.785417ms)
✔ scheduled create completion cannot replace another workspace list (69.27075ms)
✔ scheduled A-B-A ignores old A success and finally (34.656625ms)
✔ scheduled A-B-A ignores old A failure and finally (19.292541ms)
✔ scheduled reversed same-workspace load cannot replace the latest success (6.918875ms)
✔ goal create after A-B cannot reload a departed context (50.939709ms)
✔ goal create after A-B-A cannot reload a departed context (17.02875ms)
✔ goal A-B-A ignores old list success and finally (18.359334ms)
✔ goal A-B-A ignores old list failure and finally (9.027208ms)
✔ goal reversed same-workspace lists preserve the newer result (8.706584ms)
✔ goal workspace Keep retains A; Discard closes the persistent parent and never resurrects A (5.162417ms)
✔ goal clean workspace leave settles the parent without prompting (9.17925ms)
✔ goal local Cancel calls the real parent once (4.352666ms)
✔ goal discarded pending launch uses actual store without replacing B or redirecting its parent (28.698875ms)
✔ pending workflow save cannot retarget Run to B (88.311375ms)
✔ pending workflow save cannot retarget Run to null (27.685625ms)
✔ Run admission covers validation and releases after validation failure (23.971333ms)
✔ late Run response cannot install under a different workflow (36.126208ms)
✔ late version read cannot replace current drawer or its loading state (34.434209ms)
✔ Restore captures version identity before discard confirmation (24.979792ms)
✔ replacement import fetches global scope, confirms empty visible workspace, and fails closed (5.030917ms)
✔ extended budget survives Resume failure and retry skips repeat PATCH (2.925917ms)
✔ dirty work item selection retains draft and route until discard is accepted (4.866875ms)
✔ mounted tool catalogue batches 1000 decisions and releases refresh work (55.135333ms)
✔ Mission request refresh updates approvals without replacing active draft (14.10675ms)
✔ Mission approve refresh updates approvals without replacing active draft (23.596833ms)
✔ Mission deny refresh updates approvals without replacing active draft (5.692208ms)
✔ Mission refresh begun before Edit cannot overwrite later typing (4.517ms)
✔ Mission refresh keeps the original edit baseline when server fields change (6.347667ms)
✔ Mission successful Save supersedes an older same-item read (3.959875ms)
✔ Mission Save preserves changes typed after submission and Cancel restores saved values (7.648375ms)
✔ Mission failed Save retains the draft and baseline (3.485042ms)
✔ Mission A-B-A reads retain the newest item visit and seed clean navigation (2.985875ms)
✔ open is first, unknown server actions are hidden (0.731333ms)
✔ the canvas hit's legacy 'Open in Canvas' label still opens (0.092ms)
✔ a repo hit routes to its repo (0.051208ms)
✔ context names the kind, title, subtitle and id (0.086625ms)
✔ search error remains visible and a successful retry clears it (74.138458ms)
✔ superseded search cannot overwrite a newer result or raise its error (10.902166ms)
✔ paneTier maps widths onto full / compact / minimal / micro at the CSS breakpoints (0.436292ms)
✔ an unmeasured pane is full, never a flash of the minimal header (0.066375ms)
✔ tierAtMost orders the tiers widest → narrowest (0.057541ms)
✔ a stored Split preference reads as Chat; unknown values fall back to the default (0.058916ms)
✔ the view toggle flips between the two remaining views (0.048333ms)
✔ cwdLabel shows the last folder of a path (0.125542ms)
✔ paneDetails keeps only the facts that exist, in a stable order (0.440208ms)
✔ the transcript store migrates a stored Split to Chat once and drops the split fraction (151.394333ms)
✔ Home/End set the value's min/max (0.773667ms)
✔ Home/End set the value's min/max on an inverted (leading-edge) separator (0.069042ms)
✔ invert flips the arrows (and RTL mirrors them) (0.087875ms)
✔ an incremental answer prepends only new items and keeps the runs it did not carry (2.160667ms)
✔ the merged ring is capped like the daemon ring (3.763584ms)
✔ only approval events for approvals the feed shows trigger a refresh (0.11925ms)
✔ a daemon restart (new epoch) resets the cursor and items instead of freezing the feed (0.118833ms)
✔ the daemon-side reset flag is honoured even without an epoch to compare (0.078791ms)
✔ failed schedule refresh preserves known cadence and exposes a recoverable error (143.489542ms)
✔ stale schedule failure cannot finish or replace the newer loading state (37.509834ms)
✔ agent list detail fanout is bounded and obsolete queued work is skipped (40.715375ms)
✔ loadSchedules: A then B preserves independent agent results (115.951833ms)
✔ loadSchedules: B then A preserves independent agent results (29.34675ms)
✔ loadSchedules: newer same-agent result survives stale success (22.045709ms)
✔ loadSchedules: newer same-agent result survives stale failure (25.627875ms)
✔ loadRuns: A then B preserves independent agent results (32.759084ms)
✔ loadRuns: B then A preserves independent agent results (31.338584ms)
✔ loadRuns: newer same-agent result survives stale success (29.096791ms)
✔ loadRuns: newer same-agent result survives stale failure (16.819542ms)
✔ Proof filter replacement ignores old success and its loading completion (12.178ms)
✔ Proof filter replacement ignores old failure and its loading completion (17.497708ms)
✔ Proof workspace A-B-A rejects the first A response and retains final cursor (11.518125ms)
✔ Proof old load-more success cannot publish across filter change (11.248667ms)
✔ Proof old load-more failure cannot publish across filter change (7.661416ms)
✔ Proof close invalidates pending detail success (13.559667ms)
✔ Proof close invalidates pending detail failure (6.21075ms)
✔ Proof detail completion cannot clear an active list spinner (7.081875ms)
✔ Insights queued latest model drains after schedule success (4.037791ms)
✔ Insights queued latest model drains after schedule failure (3.320667ms)
✔ Insights failed queued model stays retryable after successful schedule save (59.8995ms)
✔ Insights provider reset cancels an older debounced model from the prior provider (27.282917ms)
✔ Insights rejected provider preserves its model when rejection is before debounce (2.445708ms)
✔ Insights rejected provider preserves its model when rejection is after debounce (2.040083ms)
✔ Insights Retry debounce state compiles without a nonreactive update warning (61.521042ms)
✔ PAT mint keeps the uncopied secret through repeated submit and clipboard failure until Done (2.6935ms)
✔ AccountPicker exposes pending lookup and an in-place retry without losing drafts or explicit account (2.963875ms)
✔ AccountPicker provider change and unmount reject obsolete lookup publication (23.120708ms)
✔ personal agent list A-B-A keeps newer rows after stale success (39.777084ms)
✔ personal agent list A-B-A keeps newer rows after stale failure (31.524208ms)
✔ personal agent old completion does not clear a newer loading state (58.588208ms)
✔ template retry preserves the first created agent and schedule request key (74.917208ms)
✔ Athena history keeps its response region and rejects a late foreign history (12.484167ms)
✔ 100 visited Assistant threads retain only acquired data and reconnect refreshes one view (73.8265ms)
✔ late Assistant fetch and live events cannot revive released history or remove pending sends (196.672417ms)
✔ AgentDocuments navigation keeps dirty drafts and blocks pending-save departure (2.202833ms)
✔ AgentAutonomy navigation keeps dirty drafts and blocks pending-save departure (3.36975ms)
✔ in-flight guard: a due tick never overlaps a pending run (98.167166ms)
✔ failures back off x2 up to maxBackoff, success resets (23.64925ms)
✔ resolving false counts as a failure (12.881125ms)
✔ hidden: pause skips ticks with no timer, and runs once on return (10.871083ms)
✔ hidden: a numeric cadence keeps polling slower while hidden (27.818083ms)
✔ stop aborts the in-flight run and never reschedules (11.775584ms)
✔ an owner signal stops the poller; immediate:false waits one cadence (7.56ms)
✔ jitter stays within ±fraction (13.157291ms)
✔ mapLimit caps concurrency and keeps order (19.170625ms)
✔ status backoff (Athena / Logs Insights): 1,1,2,2,3,5 then capped at 5 s (0.730709ms)
✔ status backoff: 15 s at every step while the window is hidden (0.0815ms)
✔ adaptive delay (Logs tail): 2 → 4 → 8 → 10 cap, reset to 2 on data (0.070208ms)
✔ adaptive cadence (Kafka tail): 3 → 6 → 12 → 15 cap, reset on new messages (0.093583ms)
✔ effectiveRefreshMs: all-regions mode is floored at 30 s, single region unchanged (0.06225ms)
✔ pollWhileVisible honours a `get ms()` getter fed by adaptiveCadence (53.800417ms)
✔ createLimiter(2) (AccountsOverview probe stagger): never more than 2 in flight, all run (30.129291ms)
✔ quiet cadence (Kafka Overview metrics): 4 s, then 8 → 10 s after 3 unchanged samples, snaps back on change (0.223542ms)
✔ at most 8 PRs stay cached, least recently used first out (88.638916ms)
✔ expired entries are swept when another PR is opened (17.78025ms)
✔ the byte budget evicts older PRs; loaded files are charged (49.508208ms)
✔ favorites first, then the visible order, mapped + deduped + capped (0.798125ms)
✔ modules the user cannot see (RBAC / hidden) are never warmed (0.077959ms)
✔ plugin routes and unknown ids are skipped (0.062584ms)
✔ only a local daemon on a non-phone without Save-Data prefetches (0.174708ms)
✔ resource attribution includes reparented owned WebKit XPCs, excludes foreign coalitions/system WebKit and driver (88.882208ms)
✔ coalition cache reuses stable identities, invalidates reused PIDs, and never keeps an exited owner (26.779542ms)
✔ Chromium keeps descendant attribution without a macOS coalition lookup (9.745417ms)
✔ DiscoveryChat late load cannot replace the newly selected conversation (43.120708ms)
✔ DiscoveryChat late failed send preserves both conversations' drafts (5.898ms)
✔ DiscoveryChat late successful send cannot append A messages to B (8.152584ms)
✔ RefineChat late load cannot replace the newly selected conversation (3.399958ms)
✔ RefineChat late failed send preserves both conversations' drafts (7.952667ms)
✔ RefineChat late successful send cannot append A messages to B (5.986125ms)
✔ a new story always seeds the form (0.698084ms)
✔ a detail replacement keeps unsaved edits and refreshes untouched fields (0.074625ms)
✔ an unedited form follows the server (0.06575ms)
✔ after the user saves, the saved text stays in the form (0.051083ms)
✔ every Overview Jira write is confirmed before it is sent (0.713375ms)
✔ workspace-only loads never read the reactive story selection (185.410125ms)
✔ late draft mutation cannot replace a newly selected story (91.425917ms)
✔ late collection response and loading completion belong to their selection (44.652125ms)
✔ late workspace list response cannot replace the current workspace (44.194834ms)
✔ dirty Product story, tab and view transitions respect Keep editing (27.077083ms)
✔ A to B to A cannot revive a request from the earlier A lifetime (47.831458ms)
✔ S18-01: a Jira title/description write for A never patches B after a switch (38.989875ms)
✔ S18-03: captureSelection goes stale on A → B → A (a re-open is a new owner) (36.937083ms)
✔ import into 50 transcripts from the first page preserves ordinary cursor reachability (184.879084ms)
✔ import into 51 transcripts from the first page preserves ordinary cursor reachability (69.938917ms)
✔ import into 51 transcripts from an older page preserves ordinary cursor reachability (71.489ms)
✔ import into 100 transcripts from the first page preserves ordinary cursor reachability (26.063833ms)
✔ import into 100 transcripts from an older page preserves ordinary cursor reachability (30.592958ms)
✔ a delayed pre-import page cannot replace the refreshed first page after POST (19.1655ms)
✔ leaving an off-page search reveal restores the ordinary boundary item and cursor (21.85825ms)
✔ real registry unregister stops Product search before its next cursor GET (69.087458ms)
✔ real registry unregister releases retained search rows even when the pending read rejects (73.714291ms)
✔ real asynchronous reveal honors close before expanding, painting or scrolling (47.133541ms)
✔ real asynchronous reveal honors no-results query before expanding, painting or scrolling (84.587125ms)
✔ real asynchronous reveal honors normal reveal before expanding, painting or scrolling (63.187167ms)
✔ opening collapsed transcript history transfers only a bounded thin first page (146.018208ms)
✔ expanding a thin transcript fetches its body through the actual Overview handler (60.518834ms)
✔ transcript cache enforces both byte and entry bounds and rehydrates evicted bodies (94.304667ms)
✔ summary pagination stays bounded and older collapsed search reveals the correct body (56.75275ms)
✔ failed body loading can retry without losing the selected summary (50.028292ms)
✔ late transcript body belongs to the original story lifetime (59.767ms)
✔ an oversized body stays out of the cache and remains downloadable in full (61.910584ms)
✔ Proof list workspace change clears summaries before sidebar loads (172.846375ms)
✔ Proof detail cannot publish after its workspace changes (20.972042ms)
✔ Proof identity change invalidates pending summary reads in the same workspace (20.431459ms)
✔ readiness follows registry tool detection for built-in and custom providers (72.901125ms)
✔ context-dependent and legacy unchecked providers remain launchable without claiming readiness (16.341125ms)
✔ late story destinations cannot replace the newly selected account (52.40375ms)
✔ late rfc destinations cannot replace the newly selected account (11.018709ms)
✔ destination retry preserves the typed RFC title and parent (9.092708ms)
✔ story submit binds the exact reviewed body and metadata despite later detail updates (182.307833ms)
✔ rfc submit binds the exact reviewed body and metadata despite later detail updates (7.788959ms)
✔ a preview without a content version binds null identity and the exact empty-body digest (6.731958ms)
✔ publication conflict disables the stale preview until explicit review reload (10.202583ms)
✔ Recap unchanged completed archive polls metadata without retransferring its body (84.5915ms)
✔ Recap summary metadata alone updates without another body request (16.610375ms)
✔ Recap append beyond an older complete page updates metadata without rereading that page (7.080459ms)
✔ Recap partial newest page appends after a missed event, then resumes cheap unchanged checks (38.158167ms)
✔ Recap exact page boundary exposes the next cursor without appending 101 rows or moving the page (6.605458ms)
✔ Recap external draft replacement and removal remain observable after capture stops (14.3145ms)
✔ Recap delayed old body cannot be acknowledged as a newer draft revision (5.190083ms)
✔ Recap explicit refresh still reads body and a closed panel ignores pending body completion (8.588ms)
✔ Recap revision error retains content and recovery clears error without rereading unchanged body (5.9245ms)
✔ Recap revision failures back off the real visible poller and recovery restores cadence (75.780625ms)
✔ a burst of edits renders only the first (running) and the newest job (3.81425ms)
✔ jobs without isStale keep strict FIFO order (0.446833ms)
✔ a failing job or a throwing isStale never wedges the chain (0.718042ms)
✔ REST DTOs: otto-core structs and their types.ts mirrors agree (2.631167ms)
✔ membership waits for snapshot and fails closed after ten seconds of silence (17.211666ms)
✔ silence deadline resets per server frame rather than rounding to the heartbeat tick (0.944958ms)
✔ a stalled WebSocket handshake reaches disconnected and retries without waiting for open (0.2695ms)
✔ signal parser rejects oversized, malformed and unknown media envelopes (0.668917ms)
✔ ending room while screen permission is pending stops the late stream and publishes nothing (0.529667ms)
✔ presenter permission is required before opening a screen picker (0.092875ms)
✔ late microphone capture cannot reactivate after leaving audio (0.527916ms)
✔ a host generation change invalidates a pending guest picker even if disconnect was missed (0.14075ms)
✔ server coordinator shutdown stops the host microphone and audio context (0.191875ms)
✔ moderation mute then lift cannot revive a picker opened before moderation (0.407125ms)
✔ recap accessor exposes only the host raw live microphone and withdraws muted audio (0.323375ms)
✔ 25 screen source replacements and 25 audio rejoins reuse negotiated sender slots (27.634708ms)
✔ removing a member during a pending video replacement cannot recreate its audio mix (0.574959ms)
✔ revoking a source during pending slot reuse clears the newly attached video track (0.574708ms)
✔ a retained receiver stream binds new source IDs without another ontrack event (9.287042ms)
✔ a binding-only publisher replacement triggers forwarding to another guest (12.543625ms)
✔ offer glare still accepts ICE for the current remote generation (0.494125ms)
✔ initial ignored-offer candidates are not replayed into a different accepted generation (0.254542ms)
✔ negotiation chooses the local description after a pending remote offer changes signaling state (0.25625ms)
✔ local preview demand never subscribes to the publisher through the server (0.168875ms)
✔ revocation stops capture that resolves after the permission picker (0.510875ms)
✔ failed source replacement preserves the existing capture (0.178541ms)
✔ revoked permission is rechecked at capture commit and concurrent pickers cannot leak (0.097042ms)
✔ four-presenter host star stays under aggregate video ceiling with one full pin per viewer (0.258208ms)
✔ grid budgets are shared per viewer and hidden sources stop encoding (0.102834ms)
✔ dimensions preserve aspect ratio, never upscale and invalid metadata disables transmission (0.072708ms)
✔ host mixes exclude the recipient, room-muted, departed and locally muted senders (0.529917ms)
✔ source geometry invalidates on resize but not intentional quality downscale (0.132292ms)
✔ encodes bounded mono16k PCM WAV with clamping and duration-preserving downsampling (0.607167ms)
✔ screen difference retains first/changed frames and skips small noise (0.085375ms)
✔ bounded upload queue drops overflow and invalidates queued work when consent epoch changes (1.089ms)
✔ invites require an explicit secure host and exactly one fragment capability (0.898625ms)
✔ room sockets carry no query credential and use the room endpoint (0.079416ms)
✔ pin is local and a stopped source falls back to the terminal (0.059125ms)
✔ annotation positions account for letterboxing and reject the margins (0.090333ms)
✔ only recognized automatic terminal reports are passive input (0.185042ms)
✔ late annotation events cannot restore cleared or revoked marks (0.203791ms)
✔ closed Rooms view: an event bumps activity and fetches nothing (139.774375ms)
✔ open view appends the event message with no GET, deduped by id (37.815583ms)
✔ unmount evicts all but the selected room; a resync re-reads the tail (52.188542ms)
✔ go() without guards navigates (156.716375ms)
✔ a guard returning false keeps the route; true lets it through (26.370167ms)
✔ a link / typed hash is reverted when a guard declines (32.266125ms)
✔ back() asks the guards; unregistering removes the guard (26.964625ms)
✔ replace() is never guarded (27.426084ms)
✔ room invitation is captured only in memory and removed before route history is recorded (24.603708ms)
✔ openModule resumes a module where it was left; the active module goes home (15.58925ms)
✔ workspace leave decisions run guards without navigating or accepting same-route exemptions (12.517375ms)
✔ a newer route decision invalidates a pending workspace decision (19.97ms)
✔ a share token survives a reload of the guest page (tab sessionStorage), never in the URL (54.0445ms)
✔ native Back then Forward moves the in-app pointer and keeps forward history (174.486334ms)
✔ a refused native Back is undone with history.go, not by overwriting the entry (25.631708ms)
✔ an approved native Back under a guard lands on the target (20.162167ms)
✔ a new link navigation after Back still truncates forward history (28.803792ms)
✔ ContextMenu key and ⇧F10 open the menu; nothing else does (0.389084ms)
✔ keyboard menu opens at the start edge, mirrored in RTL (0.37975ms)
✔ the menu chord works from a non-editable descendant, not from a field (0.144208ms)
✔ a run with every artifact links to proof, findings, loop and branch (S20-02) (0.723167ms)
✔ a run with nothing to inspect yields no links (0.066417ms)
✔ findings and branch need a repo to resolve (0.058833ms)
✔ the evidence routes resolve to THIS run’s review and branch (S20-301) (0.118209ms)
✔ without a review id there is no findings link (nothing specific to open) (0.049917ms)
✔ older same-query detection cannot overwrite a newer result (63.350667ms)
✔ completed launch in an unmounted workspace cannot reopen its detail (5.6645ms)
✔ old list response cannot replace a newer request in the same workspace (105.428958ms)
✔ launch completion does not switch the store back to a departed workspace (36.62075ms)
✔ late refresh cannot undo a confirmed cancellation (30.2065ms)
✔ workspace change clears detail and rejects late event history (21.731958ms)
✔ checkpoint-only progress merges freshness without clearing loaded pages (61.386625ms)
✔ body cache rejects another version and evicts only bounded retained bodies (18.74325ms)
✔ out-of-order run snapshots do not roll back selected details or checkpoint generation (8.212583ms)
✔ checkpoint pages preserve a row already fetched at a newer revision (32.916458ms)
✔ unchanged nodes (same detail_version + status) keep their object and fields (6.367167ms)
✔ shared node bodies: one request per (run,node) across the step list and the inspector (7.4775ms)
✔ a shared read is aborted only when every consumer that joined it aborted (5.590375ms)
✔ a contiguous live node summary applies in place; anything else refetches (perf W5) (24.809709ms)
✔ shared completed node bodies obey a 16 MiB estimated byte budget (29.02675ms)
✔ oversized shared bodies reach every joined consumer but are not cached (37.749583ms)
✔ shared completed body eviction uses last access rather than insertion order (7.580125ms)
✔ network-path references are external, not relative (0.774416ms)
✔ relative, fragment and query hrefs stay internal (0.118792ms)
✔ http(s) is external; mailto allowed but not external (0.064959ms)
✔ script-ish schemes are refused, even obfuscated (0.070416ms)
✔ data: only as a non-SVG image (0.050667ms)
✔ version cache reuses immutable selected versions with bounded bytes and entries (0.443625ms)
✔ kick-out confirms with the session, the workspace and no-undo; mid-turn says so (0.534458ms)
✔ kick-out: confirmed → delete + walk-out together, then a toast (0.466792ms)
✔ kick-out: cancelled → nothing happens; failed delete → the kid walks back (0.14025ms)
✔ no actions for a kid you can’t manage (0.12475ms)
✔ detention archives (with the working hint) while the kid walks to the bench (0.096292ms)
✔ detention: a cancelled guard walks the kid back without an error (0.066958ms)
✔ release unarchives and says the kid is back (0.069916ms)
✔ actor disposal releases unique cloned skeletons and mixer bindings while preserving shared templates (5.786958ms)
✔ every workspace is a classroom door, the current one first (4.301583ms)
✔ status → pose: only real output is typing; an alive-but-quiet process sits idle (0.292792ms)
✔ each provider gets its own kid; unknown providers the custom kid (0.082708ms)
✔ seating is stable: a status change never moves a kid to another desk (0.769958ms)
✔ a room hangs behind its corridor door: back wall on the corridor, door segment on its door (0.149791ms)
✔ engine sessions sit in the back row only while live; viewers cannot manage (1.645583ms)
✔ archived sessions sit on the detention bench (newest first, max 3) (0.2755ms)
✔ complete membership keeps overflow sessions actionable while geometry stays capped (0.364166ms)
✔ roomSummary reads like a door sign (0.162167ms)
✔ a full grid of desks, each with a chair, and one door each side of the wall (0.647709ms)
✔ no furniture footprint lands on a walkway (0.441208ms)
✔ lanePath only walks axis-aligned along lanes and aisles (0.207916ms)
✔ busy kids never leave their desks; idle kids do wander, and come back (21.599458ms)
✔ a wandering kid hurries back when its session wakes up (1.23275ms)
✔ the headmaster checks on the kid that needs you first (0.628041ms)
✔ kick-out walks the kid out of the door; detention walks it to the bench (0.54225ms)
✔ restore puts a kicked kid back at its desk (the delete failed) (0.097ms)
✔ reduced motion: nobody wanders, the headmaster stays at the board, kicks are instant (1.158333ms)
✔ every clip life asks for is in the asset contract (15.876667ms)
✔ an unanswered "needs you" frees the kid to wander after BORED_MS; a fresh one keeps the hand up (7.967625ms)
✔ hidden documents abort screen reads, suppress late feeds, and resume one nonoverlapping batch (4.786625ms)
✔ a poller created while hidden waits for reveal and still caps each batch at twelve (1.102291ms)
✔ abort terminates pending worker and ignores late messages (106.216917ms)
✔ elapsed deadline terminates a script that never replies (30.477709ms)
✔ oversized input rejects before any worker message (9.366458ms)
✔ postMessage clone failure terminates and settles exactly once (8.945916ms)
✔ messageerror terminates and success cleans its worker (21.671334ms)
✔ already aborted script creates no worker (20.727416ms)
✔ pre-script keeps pm request/header and variable behavior (0.915083ms)
✔ console bursts stop retaining entries at the script output budget (1.158083ms)
✔ oversized log text is rejected before retention (0.143417ms)
✔ post-script test bursts share bounded output collection (0.606791ms)
✔ post-script keeps passed and failed pm tests plus chaining (0.121583ms)
✔ write set records explicit same-value writes and unsets but not reads (0.13175ms)
✔ writes never overlap and the last one sends the latest state (2.908542ms)
✔ a failed write does not wedge the queue (0.39075ms)
✔ BACKGROUND_SOURCES mirrors the Rust BACKGROUND_SESSION_SOURCES exactly (0.925291ms)
✔ the inlined scratch id matches sessionScope (0.076708ms)
✔ isForeground / isShownKind follow the daemon rule (0.118333ms)
✔ bucketSessions: one pass reproduces every sidebar list (6.458125ms)
✔ bucketSessions on 2,360 rows stays well under a frame (7.726ms)
✔ shownListQuery always asks for the foreground rows + channel tickets (1.29675ms)
✔ idChunks splits at the daemon cap of 64 (1.214666ms)
✔ applyOrder puts unknown ids on top newest-first, then known in order, ignores dead ids (6.68875ms)
✔ reorder pulls from and reinserts at to; unknown ids unchanged (0.100583ms)
✔ applyOrder with an empty order equals recency sort (0.088916ms)
✔ applyTokenOrder: most tokens first, unused sessions keep recent order after (0.144291ms)
✔ image upload cannot cross terminal ownership after switch (65.320666ms)
✔ image upload cannot cross terminal ownership after disconnect (22.877041ms)
✔ image upload cannot cross terminal ownership after readonly (13.720625ms)
✔ an image still owned by its connected writable terminal is pasted once (11.924541ms)
✔ in a workspace, scratch sessions the store holds for the sidebar are out of scope (1.414291ms)
✔ a scratch session opened as a tab here is on screen, so it is in scope (0.0955ms)
✔ with no workspace selected, scratch sessions are all there is (0.055958ms)
✔ applyStatusPatches: one pass, one new array, untouched rows keep identity (1.344917ms)
✔ applyStatusPatches: same array when nothing applies (0.164ms)
✔ applyStatusPatches: a burst keeps only the newest stamp per id (Map semantics) (0.265917ms)
✔ staleStatusIds: drops unknown terminal ids, keeps loaded and live ones (0.282959ms)
✔ canDropExited: held by a tab, a pane or an in-flight fetch → stays (0.261833ms)
✔ token counts read compactly (1.125333ms)
✔ cost is an estimate with sensible floors (13.528916ms)
✔ the label puts tokens first and cost second; no usage → null (0.108292ms)
✔ run history is off unless a positive window is stored, floored like the daemon (0.684042ms)
✔ changing the window keeps every other stored retention field (0.583459ms)
✔ section ids are unique and labels are sentence case (0.546ms)
✔ access gates: ungated for members, admin sections for settings admins, root-only groups (0.133ms)
✔ filter matches label, keywords and group, ranking label prefixes first (1.722ms)
✔ every section page titles itself from the registry (2.48ms)
✔ sections backed by root-only handlers are gated on root, not settings:admin (0.115625ms)
✔ root-only handlers ↔ root-gated sections (S17-303) (0.327541ms)
✔ failed first listing retains attempted state until explicit retry (116.88825ms)
✔ transfer polling waits through finalizing and returns completed bytes (30.647041ms)
✔ pagination reaches the final omitted change and downloads retain complete source bytes (105.776625ms)
✔ identical 50k-line JSON produces no false changed lines or full-file render (60.283166ms)
✔ distant sparse changes retain equal interior lines within a fixed allocation budget (145.237625ms)
✔ distant substitutions inside 50k repeated lines preserve the unchanged common run (52.855416ms)
✔ bounded repeated-line traceback reconstructs both sources after insertions (35.75ms)
✔ bounded repeated-line traceback reconstructs both sources after deletions (19.861833ms)
✔ bounded repeated-line traceback reconstructs both sources after reordering (51.670792ms)
✔ actual template render inputs are bounded for disjoint large sources (27.056ms)
✔ actual template render inputs are bounded for empty-before large sources (27.517625ms)
✔ actual template render inputs are bounded for unlimited-context large sources (13.036167ms)
✔ every sidebar module routes to its own page chunk (1.303292ms)
✔ the shell imports no module page statically (0.524333ms)
✔ mermaid, sql-formatter and qrcode are never imported statically (59.214917ms)
✔ the shell chunk evaluates no page-owned store, handler file or the ui-commands catalog (perf F2) (19.50175ms)
✔ the entry chunk never carries the mock-API fixtures (perf F10) (8.72525ms)
✔ the right activity panel loads each tab on demand (perf G1) (2.627458ms)
✔ patchSessionIn keeps the array when the id is absent or the patch is a no-op (1.836333ms)
✔ rafCoalesce applies only the latest move per frame, and flush applies it now (0.492417ms)
✔ loadFrecency parses once per stored string and recordUsage never edits the shared map (0.548583ms)
✔ capNotices drops the oldest read notices first, unread only past the cap (118.822625ms)
✔ ingest keeps at most NOTICE_CAP notices (58.97125ms)
✔ plain chords split modifier glyphs into separate keys (3.654166ms)
✔ a range stays one readable chip (0.1465ms)
✔ alternatives get a plain separator, not a "U / " key (0.073875ms)
✔ isEmbedSearch: only embed=1 marks the side pane document (0.559667ms)
✔ routeOf strips the hash prefix in every spelling (0.294167ms)
✔ paneKey groups routes by the sidebar entry that owns them (0.15ms)
✔ paneKey matches the sidebar highlight (activeNavId) for every route shape (0.092583ms)
✔ clampShare keeps the split within 25–75% and both panes above the floor (0.1025ms)
✔ fitsTwoPanes needs room for two minimum-width panes and the divider (0.051208ms)
✔ leading/side share convert both ways for both placements (0.095042ms)
✔ leadingFromPointer is logical: mirrored in RTL (0.06525ms)
✔ nudgeLeading: arrows step (visually), Home/End limits, Enter resets (0.082458ms)
✔ saved state: round-trips, clamps, and never restores a one-time route (0.564209ms)
✔ embedSrc: same page, embed flag, no window identity, the route in the hash (0.116709ms)
✔ embeddedKeyTarget: window verbs go to the host, pane verbs stay (0.086333ms)
✔ sideMenuTarget: only a focused pane takes the pane-scoped menu items (0.050666ms)
✔ readGuestMsg validates everything the host acts on (0.255458ms)
✔ readHostMsg validates what the pane acts on (0.08625ms)
✔ targetOrigin: the real origin, or * for an opaque one (0.046ms)
✔ no favorites: no Favorites section, shipped section order (0.87225ms)
✔ favorites come first, in the saved order, and leave their own sections (4.066208ms)
✔ a section emptied by favorites disappears; a user order still applies inside Favorites (0.09125ms)
✔ favorites respect RBAC, features and plugins: an unavailable favorite is skipped (0.098666ms)
✔ favorites + hidden: hidden favorites vanish outside edit mode, stay listed while editing (0.157ms)
✔ duplicate favorite ids render once (0.053916ms)
✔ section order: saved first, unknown / duplicate / favorites ignored, missing appended in default order (0.092792ms)
✔ moveAmong: swaps with the nearest present neighbour, null at the ends (0.1005ms)
✔ reorderAmong: drag lands before the target going up, after it going down (0.084709ms)
✔ insertFavorite: appends, inserts before a target, never duplicates (0.103375ms)
✔ site brand @latest resolves the same version as export (83.862625ms)
✔ site brand @approved resolves the same version as export (18.463041ms)
✔ site brand @v3 resolves the same version as export (14.364042ms)
✔ brand content beyond inline cap loads the exact resolved version (22.259209ms)
(node:20680) [DEP0205] DeprecationWarning: `module.register()` is deprecated. Use `module.registerHooks()` instead.
(Use `node --trace-deprecation ...` to show where the warning was created)
✔ site.css is byte-identical to the Rust crate copy (the export ships the same stylesheet) (3.027084ms)
✔ the catalog: ~25 section blocks across every family, all renderable (5.934625ms)
✔ the renderer escapes copy and sanitizes links and images (0.231ms)
✔ hidden sections stay in the document but never reach the export (0.105125ms)
✔ 3D embeds show the artifact (poster, version, policy) or a stand-in card (0.150125ms)
✔ brand kits (otto-brand/1 and the legacy typography shape) become --brand-* tokens and theme slots (1.142375ms)
✔ tone and contrast follow the brand colours (0.847916ms)
✔ the validator gates structure, ids, blocks, enums and unsafe URLs (0.799083ms)
✔ six starter templates, all valid, readable ids, brand tokens only (4.607833ms)
✔ document ops never mutate their input and keep ids unique (10.76975ms)
✔ "From your library" copies carry provenance as a derived_from reference (0.362958ms)
✔ parseSite reads empty and legacy docs, and reports invalid ones (0.27775ms)
✔ audit flags low contrast, off-brand colours and missing text alternatives (0.171417ms)
✔ the co-design selection payload names the node and stays under the assist cap (0.220333ms)
✔ SD-17: ops path-copy — untouched pages, sections and blocks keep their identity (0.557ms)
✔ S18-23: section classes built from doc fields cannot break out of the class attribute (0.248875ms)
✔ one group per name with variants in display order (no ×3 rows) (6.87325ms)
✔ sync states: unknown until bodies are read, then in sync or drifted (0.323167ms)
✔ bundled version drift marks the library copy drifted (0.6425ms)
✔ provider-only copies compare against the first provider (0.069792ms)
✔ filters: search, category, source, drifted-only; counts (0.191708ms)
✔ namesNeedingBodies lists only provider copies that have something to compare to (0.109875ms)
✔ normalizeBody ignores line endings and trailing whitespace only (0.060542ms)
✔ parseFrontmatter reads scalars, block scalars and lists (0.273375ms)
✔ a leaked block-scalar marker is not a description (0.084167ms)
✔ parseFrontmatter without frontmatter returns the whole text (0.123459ms)
✔ file deletion confirmation keeps the skill shown in the question (44.405583ms)
✔ save completing after selecting another skill cannot replace its body or files (4.793625ms)
✔ review stop confirmation never targets a newly selected review (5.182042ms)
✔ review fixer completion cannot replace a newly selected review (4.075125ms)
✔ skills-eval/SkillsEvalPage: a late workspace list cannot publish into the new workspace (5.289833ms)
✔ skills-lab/SkillReviewPanel: a late workspace list cannot publish into the new workspace (5.398209ms)
✔ library replacement and removal cannot switch targets while confirmation is open (21.09875ms)
✔ provider comparison cannot cache old text under a different selected skill (3.801083ms)
✔ unchanged save acknowledges only submitted text while newer typing stays dirty (2.397458ms)
✔ GoldenTasksView list completion keeps workspace ownership (7.12975ms)
✔ MatrixView list completion keeps workspace ownership (12.306166ms)
✔ matrix stop confirmation cannot cancel the next matrix (2.711458ms)
✔ creating golden task after workspace switch cannot close the new form or publish old task (2.370792ms)
✔ annosHash is stable for equal states and changes on any edit (upload skip key) (0.471208ms)
✔ an unchanged annotation list makes zero uploads (0.460125ms)
✔ only a state that differs from the last save uploads (0.110708ms)
✔ a real change is detected (geometry, text and order) (0.106875ms)
✔ MAX_PANES is the user decision (15, not 6) (1.555583ms)
✔ insertBeside: left/up put node in a, right/down in b, axis col vs row (1.190875ms)
✔ removeLeaf collapses the parent and keeps the sibling subtree key and frac (0.284375ms)
✔ swapLeaves swaps sessions, not keys (0.166791ms)
✔ moveLeaf same key / unknown target is identity (0.093166ms)
✔ moveLeaf removes then inserts (3 leaves stay 3, new position) (0.096625ms)
✔ setFrac clamps to 0.1 and 0.9 (0.094708ms)
✔ fromLegacy n=1..4 shapes and fractions (0.116875ms)
✔ toLegacy(fromLegacy(x)) round-trips panes+axis for n=1,2 and panes for n=3,4 (0.1395ms)
✔ parseLayout: null → null tree; garbage → null (0.175125ms)
✔ parseLayout: v1 → fromLegacy (0.095ms)
✔ parseLayout: v2 with a dead leaf drops it and collapses (0.105833ms)
✔ parseLayout: v2 with a missing focused → null focused (0.071166ms)
✔ parseLayout: leaves beyond MAX_PANES are trimmed (0.170125ms)
✔ applyPreset cols/rows for n=2..15: every leaf share is 1/n and depth ≤ ⌈log₂ n⌉ (0.813ms)
✔ applyPreset one-two-below / one-two-beside shapes (0.0675ms)
✔ applyPreset grid column count 2/3/4 at n=4/9/15 (0.12125ms)
✔ replaceSession maps every matching leaf, removes on null, dedupes a replaced leaf whose target already exists (0.147708ms)
✔ retain returns the same object when nothing changes (0.073208ms)
✔ applyTileOrder: known first in order, unknown appended, dead ids skipped (0.101792ms)
✔ reorderIds pulls from and reinserts at to; unknown ids unchanged (0.050584ms)
✔ neighbour on a 2×2 rect map (right/left/down/up + null at the edge) and cross-axis overlap preference (0.195375ms)
✔ storyStage: product stages map to one label/tone; done is success, not accent (0.885958ms)
✔ sessionState: live states map to one label/tone (0.116625ms)
✔ sessionState: needs-you is amber and wins over live states only (0.071292ms)
✔ sessionState: resumable exits are suspended, never amber; plain exits end (0.485125ms)
✔ sessionState: non-zero exit code is failed; zero follows resumability (0.060792ms)
✔ sessionState: stale stops working/running claims from pulsing (0.058208ms)
✔ isResumable mirrors the sidebar rule (0.043958ms)
✔ runStatus normalises every module vocabulary (0.143459ms)
✔ runStatus keeps unknown words readable and neutral (0.086ms)
✔ envTone: prod danger, staging warning, dev neutral (0.116167ms)
✔ suspendedNote says why and when a session went dormant (A4) (0.1145ms)
✔ restartSummaryText reports kept vs suspended sessions, or nothing (0.073166ms)
✔ token references parse and label (Brand Kit name grammar) (0.638625ms)
✔ resolveColor goes through the kit resolver and falls back instead of breaking the render (0.381958ms)
✔ resolveMaterial: explicit field > preset default > renderer default (0.221958ms)
✔ applyMaterialPreset clears what the preset owns and keeps colour/opacity (0.423667ms)
✔ web budget readout (0.098583ms)
✔ easing curves start at 0, end at 1 and keep their shape (0.1245ms)
✔ stateTiming defaults, clamps and honours reduced motion (0.075125ms)
✔ statePoses = base document + that state’s overrides (0.179708ms)
✔ lerpPose tweens transforms, colours, opacity and visibility (0.277875ms)
✔ one pass yields per-agent live/done/active and swarm totals (4.521583ms)
✔ no runs → empty stats (0.293834ms)
✔ initial application hooks need no runtime; an opt-in import connects the same hooks (91.437583ms)
✔ opt-out creates no clock, span, queue or export; disabling drops in-flight work (17.198875ms)
✔ queue is bounded, exports are batched and failures do not grow an offline backlog (21.089709ms)
✔ navigation and request spans share W3C context, and arbitrary fields never leave (10.4285ms)
✔ one flush at a time; consent revocation aborts delivery and invalidates old spans (20.960541ms)
✔ failed transport spans coexist with successful calls without invented HTTP status (8.585958ms)
✔ production HTTP wrapper omits a nonexistent response status on rejection (44.868167ms)
✔ configuration fetch retries a temporary failure and never reactivates after disposal (11.690375ms)
✔ hiding a view during paint discards render and navigation instead of recording timeout latency (17.151417ms)
✔ disposal during pending config cannot activate collection (6.751875ms)
✔ disposal during pending runtime cannot activate collection (21.919584ms)
✔ a newer disabled configuration wins over a pending runtime import (7.969208ms)
✔ actual HTTP producer conforms to the shared ingest contract without exporting route identities (67.490916ms)
✔ stale daemon identity with a reachable API cannot mutate, signal or delete a fixture (79.578583ms)
✔ replacement during config retrieval cannot receive the disable mutation or lose its data (15.68075ms)
✔ one compact in flight per window; the focused pane goes first (0.78375ms)
✔ a repeated request while queued or in flight is one compact (0.071875ms)
✔ panes that left the screen are dropped, not run (0.084ms)
✔ a pane that declines at run time frees the slot at once (0.067667ms)
✔ a lost reply frees the slot after the timeout; cancel frees it at once (0.095542ms)
✔ pauses once above HIGH and resumes once below LOW (0.924834ms)
✔ normal output below HIGH never sends flow frames (0.155667ms)
✔ a slow drain re-sends pause as a keep-alive (server auto-resumes after 2 s) (0.087ms)
✔ no pause is sent while the socket is closed; a new stream starts unpaused (0.121417ms)
✔ hasCursorOrErase: redraws yes, plain appended output no (0.132875ms)
✔ withInOrderReset prefixes RIS and keeps the snapshot bytes (0.0895ms)
✔ WriteQueue slices ≤ WRITE_SLICE, keeps ≤ WRITE_INFLIGHT inside xterm, and loses nothing (30.708541ms)
✔ WriteQueue: xterm throwing un-counts the slice and keeps draining (0.125459ms)
✔ input over a big queue sends resync BEFORE the resume its drop triggers, and drops only the queue (0.216375ms)
✔ scrollback depths: 2k default for embeds, 4000 (the daemon depth) only where a primary pane asks for it (0.610041ms)
✔ credit: offer, grant, then no pause frames however big the backlog (0.2165ms)
✔ credit: binary snapshots are offered only on request (perf 01 N3: never to the room relay) (0.294708ms)
✔ resize-with-grid compact (perf 01 N6): a widened visible agent pane sends ONE grid-carrying scrollback (0.310583ms)
✔ credit: acks are cumulative, every CREDIT_ACK_STEP consumed, credited bytes only (0.175667ms)
✔ credit: a small granted window acks every window/4 (never waits on a remainder) (0.041542ms)
✔ credit: dropped bytes are acked (resync on input sends resync first) (0.100958ms)
✔ credit: a new socket reverts to pause mode and bytes from the old stream never ack (0.069458ms)
✔ credit: client backlog is bounded by the window independent of send rate (391.204166ms)
✔ tui clean-up: one repaint after a burst goes quiet, not one per frame (0.358125ms)
✔ tui clean-up: a never-quiet spinner is cleaned ~1×/s (was 5×/s) (0.16225ms)
✔ hold: consumed bytes are not acked while held; release acks the total once (0.092542ms)
✔ hold: release with nothing consumed, or before a grant, sends no ack (0.090083ms)
✔ hold: a dropped queue while held is acked on release (the daemon owes one snapshot) (0.049167ms)
✔ RollingStats keeps the last N and reports nearest-rank percentiles (0.413666ms)
✔ KeyLatency splits one keystroke into wire, parse and paint (0.129375ms)
✔ KeyLatency ignores output with no keystroke pending, and reset drops a sample (0.066958ms)
✔ ProbeClock pairs acks with their probe and forgets stale ones (0.08975ms)
✔ HUD formatting (0.078917ms)
✔ park: take returns the parked value once and cancels its TTL (1.249584ms)
✔ park: LRU cap evicts (and disposes) the oldest parked engine (0.180708ms)
✔ park: TTL disposes an engine nobody came back for (0.14025ms)
✔ park: re-parking a session disposes the older engine; a stale close cannot evict the newer one (0.100084ms)
✔ park: bounds are the documented ones (1.7225ms)
✔ park → adopt keeps the credit stream: acks continue on the same tag through re-pointed sinks (0.313ms)
✔ snapshotApplies: attach/resync rebuild; a held optional compact is skipped (0.079667ms)
✔ park: a byte budget evicts the oldest engines past it, keeping the newest (perf 01 N2) (0.120334ms)
✔ park: the default budget holds ~5 worst-case (4000 × 200) engines, all PARK_CAP typical ones (0.139708ms)
✔ a new grid is sent and, in a TUI pane, compacted (1.202333ms)
✔ A→B→A: same final grid but a local reflow still asks for a snapshot (0.088792ms)
✔ nothing changed anywhere: no send, no snapshot (0.056ms)
✔ a forced sync re-sends the same grid without a snapshot unless the buffer reflowed (0.432833ms)
✔ plain shells never compact (their scrollback reflows natively) (0.057375ms)
✔ a wider grid compacts (the widen-leaves-a-void case) (0.068792ms)
✔ a narrower grid, or a row change of at most 2, does not compact (0.068833ms)
✔ more than 2 rows either way compacts; an unknown previous grid compacts (0.046875ms)
✔ A→B→A still compacts with grids given (nothing sent, buffer reflowed) (0.063458ms)
✔ relative paths, source basenames and locations from actual CLI output (5.247917ms)
✔ quoted and markdown paths with spaces retain full destinations (1.40725ms)
✔ URL overlap, punctuation, task names, hosts and command schemes (0.693041ms)
✔ OSC8 dispatch permits only HTTP(S) and local file targets (0.524917ms)
✔ wrapped logical paths map inclusive ranges across terminal rows (2.582625ms)
✔ wide Unicode and surrogate pairs do not shift file ranges (6.161542ms)
✔ dot segments preserve filesystem symlink semantics until daemon canonicalization (0.997625ms)
✔ unquoted rooted path with spaces wins over a misleading relative suffix (0.145209ms)
✔ Codex parenthesized cyan hardwrap retains whole target on either row without linking indent (0.879791ms)
✔ Claude bold edge-filled relative path joins slash continuation from cursor-addressed next row (2.066208ms)
✔ hardwrap recognition does not combine separate files, styles, or unrelated prose (0.395459ms)
✔ rooted spaced paths stop at sentence punctuation and a subsequent explicit root (0.091791ms)
✔ mixed soft and hard wraps preserve the original absolute prefix on all three rows (0.776542ms)
✔ painted trailing spaces do not make an incomplete path edge-filled (0.143291ms)
✔ a divider in a last row that shrank from 3 tiles to 2 still moves (0.772125ms)
✔ a stored row SHORTER than the live one never leaks an old weight into a drag (0.081167ms)
✔ liveTracks returns copies (editing never mutates the stored weights) (0.087375ms)
✔ TiledView edits start from the rendered weights, not the raw stored arrays (0.260667ms)
✔ the persistent container is the polite live region (0.48025ms)
✔ only an error toast has its own live role; every toast reads atomically (0.070167ms)
✔ Native light: --accent-text >= 4.5:1 on surfaces and the accent tint (0.538333ms)
✔ Native light: --control-border >= 3:1 on --bg / --surface / --surface-2 (0.078166ms)
✔ Native dark: --accent-text >= 4.5:1 on surfaces and the accent tint (0.061958ms)
✔ Pro Dark: --accent-text >= 4.5:1 on surfaces and the accent tint (0.046542ms)
✔ Warm light: --accent-text >= 4.5:1 on surfaces and the accent tint (0.053167ms)
✔ Warm light: --control-border >= 3:1 on --bg / --surface / --surface-2 (0.040083ms)
✔ Warm dark: --accent-text >= 4.5:1 on surfaces and the accent tint (0.0405ms)
✔ Native light: every text token >= 4.5:1 on every ground and accent tint (0.414125ms)
✔ Native light: Rail count badges >= 4.5:1 (0.103917ms)
✔ Native dark: every text token >= 4.5:1 on every ground and accent tint (0.11575ms)
✔ Native dark: Rail count badges >= 4.5:1 (0.050375ms)
✔ Pro Dark: every text token >= 4.5:1 on every ground and accent tint (0.080417ms)
✔ Pro Dark: Rail count badges >= 4.5:1 (0.0305ms)
✔ Warm light: every text token >= 4.5:1 on every ground and accent tint (0.063958ms)
✔ Warm light: Rail count badges >= 4.5:1 (0.029042ms)
✔ Warm dark: every text token >= 4.5:1 on every ground and accent tint (0.057416ms)
✔ Warm dark: Rail count badges >= 4.5:1 (0.034541ms)
✔ Native light: semantic tones >= 4.5:1 on every ground and their own -soft tint (0.436042ms)
✔ Native light: Switch off/on parts >= 3:1 (WCAG 1.4.11) (0.104291ms)
✔ Native dark: semantic tones >= 4.5:1 on every ground and their own -soft tint (1.04025ms)
✔ Native dark: Switch off/on parts >= 3:1 (WCAG 1.4.11) (0.065667ms)
✔ Pro Dark: semantic tones >= 4.5:1 on every ground and their own -soft tint (0.599667ms)
✔ Pro Dark: Switch off/on parts >= 3:1 (WCAG 1.4.11) (0.092875ms)
✔ Warm light: semantic tones >= 4.5:1 on every ground and their own -soft tint (0.870542ms)
✔ Warm light: Switch off/on parts >= 3:1 (WCAG 1.4.11) (0.043959ms)
✔ Warm dark: semantic tones >= 4.5:1 on every ground and their own -soft tint (0.206042ms)
✔ Warm dark: Switch off/on parts >= 3:1 (WCAG 1.4.11) (0.023875ms)
✔ the global :focus-visible ring uses --accent-text (0.723625ms)
✔ effectiveResult: full result only while the block is still an elided preview (57.588375ms)
✔ fetchToolResult hits the tool route once per step and retries after a failure (9.272583ms)
✔ reconnect resyncs leased views only, never a cached closed session or workspace (103.109708ms)
✔ closing a pending GET prevents late touch and state publication (47.563333ms)
✔ two panes share one load and releasing one leaves the other live (23.6865ms)
✔ hidden document never resyncs or resumes a leased session (16.710666ms)
✔ resync storms bound reads to two and one trailing request per source (21.452708ms)
✔ inactive cache is bounded without deleting drafts or active older pages (24.104042ms)
✔ separate windows never release each other leases (53.868209ms)
✔ hidden pane release does not evict or abort its sibling lease on return (14.406ms)
✔ identity reset revokes in-flight reads and clears bodies without deleting a draft (18.884875ms)
✔ existing unscoped draft is migrated once and survives the new storage namespace (30.859667ms)
✔ busy folds retry only while visible and never touch after the failed read (22.97675ms)
✔ closing a subagent read releases loading and ignores a late failure after reopening (19.200917ms)
✔ releasing a large reader does not traverse or serialize its retained body (27.503542ms)
✔ parent Reload preserves accounting for retained child bodies (16.464292ms)
✔ subagent bodies are replaced whole (raw state), never mutated in place (12.472833ms)
✔ disjoint reconnect retains a reachable earlier cursor (old earlier=false) (19.553875ms)
✔ disjoint reconnect retains a reachable earlier cursor (old earlier=true) (18.905291ms)
✔ returning to live following releases paged history and keeps its recovery cursor (47.889417ms)
✔ live following bounds payload bytes as well as turn count (58.851541ms)
✔ collapsing 100 inspected subagents releases bodies while their parent stays mounted (17.607042ms)
✔ paging a 1200-turn child keeps its retained/render input window bounded (15.962542ms)
✔ collapse revokes a pending child read without affecting its mounted parent (12.652459ms)
✔ active child-body count is shared across parents and admission recovers after collapse (18.513125ms)
✔ two child consumers share a body and only final collapse releases it (12.042667ms)
✔ a permanently oversized child turn gives no impossible retry (11.959667ms)
✔ concurrent child expansion reserves capacity before fetching response bodies (18.153334ms)
✔ shared child byte budget credits replacement pages and preserves a refused destination for retry (12.86ms)
✔ adaptive child page reduction keeps every older and newer turn reachable (41.8715ms)
✔ a late collapsed read cannot publish over or release its reopened child reservation (13.807916ms)
✔ keepalive and recovery stay passive after an explicit active-view touch (13.310292ms)
✔ alias: a network failure suspends it, retries the GET on 127.0.0.1, and a health probe re-enables it (110.743209ms)
✔ alias: suspend on socket loss, resume probes at once, re-arm clears the suspension (72.4895ms)
✔ a non-GET is never replayed on the other host after a network failure (75.015042ms)
✔ lanes: long paths, api.long and an ambient bg scope reach the alias; plain calls stay interactive (41.258584ms)
✔ bg cap holds ACROSS documents (Web Locks): 2 per document, 3 app-wide (93.768041ms)
✔ poll: the first run and a manual now() are interactive; cadence and event ticks are background (13.024083ms)
✔ createLimiter: a shared gate across independent callers, abortable while queued (18.138042ms)
✔ catalog: well-formed, unique names, known risks, headless only on reads (0.611542ms)
✔ every catalog command has exactly one handler, under its module (0.565375ms)
✔ every registered handler is in the catalog (0.074333ms)
✔ uiCommands/index.ts registers every handler module (eager import or lazy names) (1.596834ms)
✔ shell-side uiCommands stay light: no handler file or catalog JSON statically imported by index.ts (0.211167ms)
✔ frames: commands are normalised and validated (0.202166ms)
✔ frames: deadlines, labels, provider names, result cap (4.626791ms)
✔ reveal: scroll by the nearest edge, and leave a tall, partly visible target alone (0.080458ms)
✔ esc escapes every HTML-significant character (0.658334ms)
✔ token cells lead with tokens and end with the cost (12.900875ms)
✔ the report is one self-contained, escaped HTML document (0.942708ms)
✔ empty tables say so, and own-scope reports are labelled (1.288416ms)
✔ failed report refresh cannot export a previous window as the current report (76.474167ms)
✔ a report awaiting replacement cannot export the prior session scope (24.248625ms)
✔ Remove from all workspaces confirms, and Cancel writes nothing (37.667459ms)
✔ confirmed removal writes every workspace (19.335208ms)
✔ setting a role everywhere does not ask (9.989625ms)
✔ carrySeed maps previous positions onto the new node order by path (0.723167ms)
✔ applySeed keeps carried nodes and places a new node beside its neighbour (0.133ms)
✔ ordinary Enter cannot create while the current switcher lookup is pending (41.378584ms)
✔ ordinary Enter cannot create after the current switcher lookup failed (8.069792ms)
✔ a switcher result from the previous vault cannot populate the current vault (6.710458ms)
✔ successful empty current lookup allows deliberate Enter creation (3.781958ms)
✔ Down during a pending lookup still lets Enter open the first arriving result (3.549209ms)
✔ successful multiple switcher results retain bounded keyboard movement (4.258ms)
✔ Down during pending empty lookup does not prevent deliberate creation after success (3.227625ms)
✔ refine does not dispatch after the before-snapshot outlives its workspace (9.339208ms)
✔ refine result cannot adopt a previous workspace session (6.041709ms)
✔ docs start response cannot select the old run in a newly selected vault (9.805625ms)
✔ resolving one docs run cannot replace a newly selected run (25.452583ms)
✔ only notes over 64 KB leave the main thread (0.411792ms)
✔ the placeholder is the escaped plain body, marked busy (0.188833ms)
✔ a timed-out worker render never re-runs on the main thread (S18-305) (0.072459ms)
✔ preview at the same path belongs to the newly selected vault (80.059959ms)
✔ delayed preview never reads the old path in another vault (15.633417ms)
✔ preview refreshes after the content generation changes (5.600375ms)
✔ structured properties preserve unknown YAML fields, comments and the exact body (4.717833ms)
✔ blank values remove a property and malformed frontmatter is refused (2.501417ms)
✔ tag refresh failure keeps the last good tags available (103.128834ms)
✔ switcher transport failure remains distinguishable from an empty lookup (34.217333ms)
✔ backlink refresh failure retains current note links and exposes retry state (25.588416ms)
✔ backlink pending and stale failure stay with the current note request (23.424375ms)
✔ switching notes clears old backlinks before the new read and never restores old errors (30.721916ms)
✔ backlink refresh resets the visible window and allows rehydrating edited sources (26.9255ms)
✔ failed save retains draft, conflict and current tab on navigation (22.170125ms)
✔ last dirty tab stays open when saving fails (23.699666ms)
✔ scan completion refreshes a clean open note even when counts are unchanged (20.745125ms)
✔ scan completion preserves local draft and flags the external change (20.82625ms)
✔ navigation awaits the in-flight save and drains edits typed during it (23.540708ms)
✔ vault switching retains a dirty note if the save fails (18.765084ms)
✔ refresh only requests visible branches and invalidates collapsed children (19.911708ms)
✔ collapse during a refresh is preserved when pending directory results arrive (17.397583ms)
✔ reopening a still-loading branch ignores the older directory response (18.043208ms)
✔ transient busy 409 keeps the draft, raises no conflict banner and retries (721.202375ms)
✔ an equal status poll keeps the status object (graph effects key off it) (36.506667ms)
✔ own save skips the backlinks reload and the note re-read when links are unchanged (27.418416ms)
✔ own save re-reads the note once when its link set changed (24.102708ms)
✔ S18-20: a poll read issued before an autosave never reverts the editor after it (19.492459ms)
✔ S18-21: navigation blocked by a conflict says why (18.41575ms)
✔ S18-22: agent-staged text is never written as a recovery draft (475.219375ms)
✔ completed OKF toggle never selects its old vault over the current one (45.861375ms)
✔ rename response cannot rename another vault tabs at the same path (25.878916ms)
✔ create note response cannot navigate the newly selected vault (19.387667ms)
✔ clearing search invalidates an earlier pending response and busy state (16.972125ms)
✔ noteKind recognises OKF types case/separator-insensitively and rejects plain notes (0.8025ms)
✔ plain and reserved notes get no structured model (3.316083ms)
✔ frontmatter owners/status/environments/dependencies become header facts and cards (1.662875ms)
✔ cards fall back to the body section (bullets and first table column, wikilinks reduced) (2.341208ms)
✔ sectionLines ignores headings inside code fences (0.289208ms)
✔ API endpoint operation comes from resource; repo hints from a path resource (0.345584ms)
✔ asList flattens scalars, comma strings, object lists and maps (0.127625ms)
✔ name matching is normalised and ignores too-short hints (0.119ms)
✔ repo matching by path, basename and remote slug (0.208209ms)
✔ workload kinds map to resource-table routes; previews strip markup (0.207ms)
✔ visible directory requests are bounded to four and old nodes are immutable (0.739166ms)
✔ stale navigation never mutates a previously shown nested node (0.406666ms)
✔ a stale collapsed branch refreshes preserved open descendants on reopening (0.14575ms)
✔ the file extension wins over the content (0.800666ms)
✔ content sniffing per language (1.166416ms)
✔ effectiveLanguage: auto resolves, an explicit override sticks (0.075ms)
✔ every language maps to a CodeEditor key and an extension (0.150667ms)
✔ svg behind an xml prologue and comments is still svg, in linear time (4.032833ms)
✔ json: pretty prints and keeps the trailing-newline policy (0.67675ms)
✔ json: an error reports a line and column and changes nothing (0.379791ms)
✔ json: error position parsing across engine message formats (0.360625ms)
✔ yaml: normalises and reports parse errors with a line (16.260959ms)
✔ sql: formats and keeps :name, {name} and {{name}} placeholders intact (91.649333ms)
✔ html: indents block elements, keeps <pre>/<script> verbatim, idempotent (0.64625ms)
✔ xml: pretty prints, keeps attributes, CDATA and comments, flags mismatches (0.228375ms)
✔ html: tolerant of stray end tags and implicit closes (0.086292ms)
✔ csv: round-trips quotes, delimiters and embedded newlines (1.980083ms)
✔ markdown/toml/code: conservative whitespace normalisation, idempotent (1.358334ms)
✔ canFormat covers the text languages but not images (0.072792ms)
✔ sql: all three syntaxes, counts and first index (2.36925ms)
✔ sql: skips literals, comments, casts and keys — same as the DB editor (0.218083ms)
✔ non-sql: only {name} / {{name}}, including inside JSON strings (0.148375ms)
✔ fill: substitutes known non-empty values, leaves the rest (0.119542ms)
✔ previewKind maps languages to renderers (0.4115ms)
✔ lineColAt is 1-based and counts newlines (0.398875ms)
✔ parseJsonWithPos parses or reports a position (0.204541ms)
✔ csvView caps rows, pads width, drops trailing blank row (0.094209ms)
✔ svgDataUrl encodes markup (0.055667ms)
✔ format completion cannot replace the newly selected file or later keystrokes (58.0005ms)
✔ reload confirmation cannot discard a newly selected file (10.773583ms)
✔ image upload cannot insert an old workspace asset into a different workspace (16.656083ms)
✔ unchanged editor still receives its format result (7.3135ms)
✔ Workbench revision wrapper transmits bounded limit and exclusive cursor without changing direct revision URLs (44.800667ms)
✔ History requests one bounded exclusive page and replaces the rendered window (13.045375ms)
✔ History superseded success cannot publish rows, error, or loading (7.527917ms)
✔ History superseded failure cannot publish rows, error, or loading (8.056083ms)
✔ History A-B-A navigation rejects the first A response (4.671708ms)
✔ History restore approval stays bound to the selected revision (8.448ms)
✔ History changed document cancels pending restore approval before mutation (7.372125ms)
✔ History old restore completion cannot replace a newly selected document (4.056041ms)
✔ History actual destroy callback cancels pending restore approval (5.5355ms)
✔ History A-B-A visit cancels earlier restore approval (4.851625ms)
✔ History navigation goes back without retaining prior page rows (3.778084ms)
✔ create finishing after workspace switch cannot add an old doc to the new workspace (78.477875ms)
✔ metadata and restore completions remain with their originating workspace (46.796916ms)
✔ remote reload cannot overwrite edits made while its response is pending (14.563ms)
✔ failed initial list preserves persisted tabs for Retry (18.289666ms)
✔ trash does not discard a dirty buffer after its save failed (15.072291ms)
✔ ordinary reload and same-workspace create still publish (14.530583ms)
✔ a remote change while dirty cancels the pending autosave and holds later ones (977.743292ms)
✔ content saves carry if_hash; a 409 raises the banner instead of an error (26.724417ms)
✔ an event with our own hash (or an older rev) is ignored (18.826625ms)
✔ a save to a trashed doc says so instead of the "changed elsewhere" banner (S18-307) (19.695917ms)
✔ explicit zero survives save while use-default retains agent retry policy (0.4605ms)
✔ default event uses a supported canonical identifier (12.885917ms)
✔ editing cron destinations preserves cursor and extension settings (0.302792ms)
✔ event filters and cleared destinations round trip (0.662375ms)
✔ use default clears legacy nested policies without removing step parameters (0.089917ms)
✔ workflow approval loads the full exact pending gate preview (56.639ms)
✔ workflow approval rejects a different detail version and supports Retry (14.449833ms)
✔ departed run cannot adopt a late approval preview (10.311375ms)
✔ Product approve submits the displayed preview identity, not the latest summary (9.938459ms)
✔ Product deny submits the displayed preview identity, not the latest summary (8.074916ms)
✔ Product approval cannot submit without a successfully displayed preview (7.398959ms)
✔ stale Product approval conflict invalidates the displayed identity before another click (7.05125ms)
✔ ordinary non-Product approvals keep their existing request shape (7.632375ms)
✔ completed await:false node discovers a later summarizer and retains captured history (0.719541ms)
✔ reload resolves associations and retries from durable output on older runs (0.108416ms)
✔ review cancellation and fallback override suspended session lifecycle (0.079416ms)
✔ Suggest never pre-fills outward or fake values (0.499917ms)
✔ the example is placeholder-only and lists the destinations (0.132875ms)
✔ placeholder values are found by path, real values pass (0.080666ms)
✔ result destinations mirror the engine (0.388542ms)
✔ workflow version wrapper requests bounded summaries and an exclusive cursor, leaving full detail separate (41.385083ms)
✔ workflow version drawer keeps one bounded window and can page to the oldest version across a new save (28.760791ms)
✔ version drawer rejects stale failure/finally and retries the exact failed older page (11.025208ms)
ℹ tests 1828
ℹ suites 0
ℹ pass 1828
ℹ fail 0
ℹ cancelled 0
ℹ skipped 0
ℹ todo 0
ℹ duration_ms 16083.288
