base:          main @ 196048df5
rust changed:  otto-automation otto-dbviewer otto-server otto-sessions otto-state otto-telemetry
rust tested:   otto-agent-run otto-assistant otto-automation otto-aws otto-brokers otto-canvas otto-channels otto-connections otto-context otto-dbviewer otto-design otto-design-assist otto-git otto-improve otto-insights otto-issues otto-k8s otto-mcp otto-memory otto-product otto-rbac otto-review otto-server otto-sessions otto-skills otto-state otto-swarm otto-telemetry otto-vault otto-workflows otto-workgraph ottod
ui changed:    yes
plugin changed: yes

[1m==> rustfmt[0m
+ rustfmt --edition 2021 --check crates/otto-automation/src/scheduled_tasks_engine.rs crates/otto-dbviewer/src/complete/mod.rs crates/otto-dbviewer/src/drivers/mongodb.rs crates/otto-dbviewer/src/service.rs crates/otto-dbviewer/src/service/metadata.rs crates/otto-dbviewer/src/service/scoped_metadata_tests.rs crates/otto-server/src/automation_ctx.rs crates/otto-server/src/lib.rs crates/otto-server/src/routes/auth_routes.rs crates/otto-server/src/routes/telemetry.rs crates/otto-server/src/telemetry.rs crates/otto-server/src/ws_events.rs crates/otto-server/tests/ui_control.rs crates/otto-server/tests/unit/scheduled_tasks_engine.rs crates/otto-sessions/src/manager.rs crates/otto-sessions/src/manager/tests/archive.rs crates/otto-state/src/scheduled_tasks.rs crates/otto-state/src/sessions.rs crates/otto-telemetry/src/collector.rs crates/otto-telemetry/src/collector_recovery_tests.rs crates/otto-telemetry/src/lib.rs crates/otto-telemetry/src/resource.rs crates/otto-telemetry/src/tests.rs

[1m==> clippy (changed crates, all targets, -D warnings)[0m
+ cargo clippy -p otto-automation -p otto-dbviewer -p otto-server -p otto-sessions -p otto-state -p otto-telemetry --all-targets -- -D warnings
    Checking otto-dbviewer v0.2.0 (/Users/itziklavon/claude_ade-quality-20261007/crates/otto-dbviewer)
    Checking otto-server v0.2.0 (/Users/itziklavon/claude_ade-quality-20261007/crates/otto-server)
    Finished `dev` profile [unoptimized] target(s) in 41.23s

[1m==> tests (changed crates + reverse dependents)[0m
+ cargo nextest run -p otto-agent-run -p otto-assistant -p otto-automation -p otto-aws -p otto-brokers -p otto-canvas -p otto-channels -p otto-connections -p otto-context -p otto-dbviewer -p otto-design -p otto-design-assist -p otto-git -p otto-improve -p otto-insights -p otto-issues -p otto-k8s -p otto-mcp -p otto-memory -p otto-product -p otto-rbac -p otto-review -p otto-server -p otto-sessions -p otto-skills -p otto-state -p otto-swarm -p otto-telemetry -p otto-vault -p otto-workflows -p otto-workgraph -p ottod --profile default --no-fail-fast
   Compiling otto-dbviewer v0.2.0 (/Users/itziklavon/claude_ade-quality-20261007/crates/otto-dbviewer)
   Compiling otto-server v0.2.0 (/Users/itziklavon/claude_ade-quality-20261007/crates/otto-server)
   Compiling ottod v0.2.0 (/Users/itziklavon/claude_ade-quality-20261007/crates/ottod)
warning: linker stderr: ld: __eh_frame section too large (max 16MB) to encode dwarf unwind offsets in compact unwind table, performance of exception handling might be affected
  |
  = note: `#[warn(linker_messages)]` on by default

warning: `otto-server` (test "it") generated 1 warning
    Finished `test` profile [unoptimized] target(s) in 2m 11s
────────────
 Nextest run ID 099686ce-eb35-4fc1-a30c-d3fa9e130d43 with nextest profile: default
    Starting 4622 tests across 73 binaries (91 tests skipped)
        PASS [   0.012s] (   1/4622) otto-agent-run agent_run::tests::deadline_only_fires_on_a_quiet_agent
        PASS [   0.012s] (   2/4622) otto-agent-run agent_run::tests::deadline_never_discards_a_held_result
        PASS [   0.009s] (   3/4622) otto-agent-run agent_run::tests::findings_file_held_while_async_children_pending
        PASS [   0.009s] (   4/4622) otto-agent-run agent_run::tests::lens_progress_note_reads_like_the_design_row
        PASS [   0.009s] (   5/4622) otto-agent-run agent_run::tests::superseded_has_a_stable_string_form
        PASS [   0.009s] (   6/4622) otto-agent-run agent_run::tests::stuck_clock_suspended_while_out_file_exists
        PASS [   0.007s] (   7/4622) otto-agent-run agent_run::tests::watch_for_result_wrapper_has_no_guard
        PASS [   0.009s] (   8/4622) otto-agent-run offload::tests::returns_the_value_and_reraises_panics
        PASS [   0.007s] (   9/4622) otto-agent-run turn_oracle::tests::background_bash_counts_as_pending
        PASS [   0.007s] (  10/4622) otto-agent-run turn_oracle::tests::bash_linger_clock_survives_a_user_ping
        PASS [   0.006s] (  11/4622) otto-agent-run turn_oracle::tests::bash_linger_honors_the_handoff_cap
        PASS [   0.006s] (  12/4622) otto-agent-run turn_oracle::tests::bash_only_pending_completes_after_linger_cap
        PASS [   0.007s] (  13/4622) otto-agent-run turn_oracle::tests::cached_subagents_match_and_reread_only_changed_sidecars
        PASS [   0.010s] (  14/4622) otto-agent-run turn_oracle::tests::cap_enforces_the_cap_when_only_decisions_remain
        PASS [   0.006s] (  15/4622) otto-agent-run turn_oracle::tests::cap_evicts_only_phase_lines_oldest_first
        PASS [   0.007s] (  16/4622) otto-agent-run turn_oracle::tests::claude_tail_matches_whole_file_scan_across_ticks
        PASS [   0.007s] (  17/4622) otto-agent-run turn_oracle::tests::claude_tail_restarts_on_a_replaced_or_truncated_file
        PASS [   0.006s] (  18/4622) otto-agent-run turn_oracle::tests::codex_aborted_turn_then_new_turn_completes
        PASS [   0.025s] (  19/4622) otto-agent-run turn_oracle::tests::cap_is_linear
        PASS [   0.007s] (  20/4622) otto-agent-run turn_oracle::tests::codex_tail_matches_whole_file_scan_across_ticks
        PASS [   0.006s] (  21/4622) otto-agent-run turn_oracle::tests::codex_task_complete_matches_latest_turn
        PASS [   0.006s] (  22/4622) otto-agent-run turn_oracle::tests::codex_task_complete_of_prior_turn_ignored
        PASS [   0.007s] (  23/4622) otto-agent-run turn_oracle::tests::completed_child_with_null_stop_reason_is_done
        PASS [   0.006s] (  24/4622) otto-agent-run turn_oracle::tests::done_file_before_children_waits_then_linger_cap
        PASS [   0.006s] (  25/4622) otto-agent-run turn_oracle::tests::done_file_missing_accepts_after_grace
        PASS [   0.006s] (  26/4622) otto-agent-run turn_oracle::tests::early_end_turn_with_pending_async_is_not_complete
        PASS [   0.006s] (  27/4622) otto-agent-run turn_oracle::tests::idle_confirm_keys_on_last_message_timestamp_not_file_mtime
        PASS [   0.006s] (  28/4622) otto-agent-run turn_oracle::tests::idle_confirm_resets_when_a_subagent_file_moves
        PASS [   0.006s] (  29/4622) otto-agent-run turn_oracle::tests::legacy_sidechain_lines_never_count
        PASS [   0.006s] (  30/4622) otto-agent-run turn_oracle::tests::notification_clears_pending_one_by_one
        PASS [   0.006s] (  31/4622) otto-agent-run turn_oracle::tests::notification_embedded_in_tool_result_clears_pending
        PASS [   0.006s] (  32/4622) otto-agent-run turn_oracle::tests::notification_wakes_the_parent_so_tail_is_not_end_turn
        PASS [   0.006s] (  33/4622) otto-agent-run turn_oracle::tests::other_providers_complete_on_handoff_only
        PASS [   0.006s] (  34/4622) otto-agent-run turn_oracle::tests::partial_trailing_line_is_skipped
        PASS [   0.006s] (  35/4622) otto-agent-run turn_oracle::tests::phase_lines_are_the_documented_texts
        PASS [   0.007s] (  36/4622) otto-agent-run turn_oracle::tests::progress_stamp_includes_subagent_and_task_files
        PASS [   0.006s] (  37/4622) otto-agent-run turn_oracle::tests::queue_operation_enqueue_after_end_turn_means_not_tail
        PASS [   0.006s] (  38/4622) otto-agent-run turn_oracle::tests::send_message_resume_reopens_pending
        PASS [   0.006s] (  39/4622) otto-agent-run turn_oracle::tests::task_stop_result_clears_the_pending_background_id
        PASS [   0.009s] (  40/4622) otto-assistant assistant::hermes::tests::a_missing_dir_is_empty_and_symlinks_are_skipped
        PASS [   0.007s] (  41/4622) otto-assistant assistant::hermes::tests::overlong_entries_are_truncated_not_dropped
        PASS [   0.006s] (  42/4622) otto-assistant assistant::hermes::tests::splits_on_the_section_sign_and_trims
        PASS [   0.007s] (  43/4622) otto-assistant assistant::hermes::tests::scan_reads_only_md_files_and_never_writes
        PASS [   0.007s] (  44/4622) otto-assistant assistant::hermes::tests::user_md_is_tagged_profile
        PASS [   0.007s] (  45/4622) otto-assistant assistant::limits::tests::detects_the_claude_and_codex_limit_lines
        PASS [   0.006s] (  46/4622) otto-assistant assistant::limits::tests::ordinary_text_and_old_mentions_do_not_trip_it
        PASS [   0.006s] (  47/4622) otto-assistant assistant::limits::tests::snapshot_replaces_per_provider_and_expires
        PASS [   0.007s] (  48/4622) otto-assistant assistant::memory::tests::a_symlinked_profile_is_refused
        PASS [   0.006s] (  49/4622) otto-assistant assistant::memory::tests::ownership_needs_collection_creator_and_partition
        PASS [   0.006s] (  50/4622) otto-assistant assistant::memory::tests::title_is_the_first_line_capped
        PASS [   0.007s] (  51/4622) otto-assistant assistant::memory::tests::profile_saves_with_compare_and_swap
        PASS [   0.006s] (  52/4622) otto-assistant assistant::memory::tests::wire_shape_maps_state_and_source
        PASS [   0.006s] (  53/4622) otto-assistant assistant::router::tests::a_weak_hint_does_not_flip_an_existing_thread
        PASS [   0.007s] (  54/4622) otto-assistant assistant::router::tests::alternative_picks_another_provider
        PASS [   0.007s] (  55/4622) otto-assistant assistant::router::tests::code_and_data_go_to_codex
        PASS [   0.007s] (  56/4622) otto-assistant assistant::router::tests::failover_only_when_allowed
        PASS [   0.007s] (  57/4622) otto-assistant assistant::router::tests::hard_beats_code_and_long_requests_are_hard
        PASS [   0.006s] (  58/4622) otto-assistant assistant::router::tests::keywords_match_whole_words_only
        PASS [   0.007s] (  59/4622) otto-assistant assistant::router::tests::mention_routes_one_turn_and_is_stripped
        PASS [   0.006s] (  60/4622) otto-assistant assistant::router::tests::pin_beats_rules
        PASS [   0.007s] (  61/4622) otto-assistant assistant::router::tests::merge_settings_is_partial_and_validated
        PASS [   0.006s] (  62/4622) otto-assistant assistant::router::tests::settings_round_trip_the_wire_shape
        PASS [   0.007s] (  63/4622) otto-assistant assistant::router::tests::plain_conversation_goes_to_the_chat_default
        PASS [   0.007s] (  64/4622) otto-assistant assistant::router::tests::voice_mode_uses_the_voice_target
        PASS [   0.007s] (  65/4622) otto-assistant assistant::tasks::tests::a_blocked_task_resumes_on_an_answer_and_is_cancelled_on_no
        PASS [   0.006s] (  66/4622) otto-assistant assistant::tasks::tests::approvals_settle_either_way
        PASS [   0.006s] (  67/4622) otto-assistant assistant::tasks::tests::cancel_ends_live_or_open_tasks_only
        PASS [   0.006s] (  68/4622) otto-assistant assistant::tasks::tests::delegated_runs_cannot_claim_resumable_takeover
        PASS [   0.006s] (  69/4622) otto-assistant assistant::tasks::tests::takeover_pauses_and_handback_resumes
        PASS [   0.006s] (  70/4622) otto-assistant assistant::tests::check_text_rejects_blank_and_oversized
        PASS [   0.007s] (  71/4622) otto-assistant assistant::tests::local_timezone_is_a_valid_iana_name
        PASS [   0.006s] (  72/4622) otto-assistant assistant::threads::tests::a_session_is_reused_unless_the_route_really_changes
        PASS [   0.007s] (  73/4622) otto-assistant assistant::threads::tests::cap_bytes_respects_char_boundaries
        PASS [   0.007s] (  74/4622) otto-assistant assistant::threads::tests::compose_prompt_lists_attachments_after_the_text
        PASS [   0.160s] (  75/4622) otto-assistant assistant::tasks::tests::a_canonical_denial_never_becomes_approved_or_creates_a_grant
        PASS [   0.174s] (  76/4622) otto-assistant assistant::threads::tests::explicit_task_resume_rebinds_stop_to_the_new_execution
        PASS [   0.008s] (  77/4622) otto-assistant assistant::threads::tests::handoff_packet_replays_turns_with_badges_and_profile
        PASS [   0.007s] (  78/4622) otto-assistant assistant::threads::tests::persona_names_every_assistant_tool_and_the_approval_rule
        PASS [   0.019s] (  79/4622) otto-assistant assistant::threads::tests::reply_index_matches_a_whole_file_fold
        PASS [   0.007s] (  80/4622) otto-assistant assistant::threads::tests::reply_texts_skip_tool_only_turns_and_join_text_blocks
        PASS [   0.007s] (  81/4622) otto-assistant assistant::threads::tests::stopping_an_old_task_never_signals_a_replacement_turn
        PASS [   0.006s] (  82/4622) otto-assistant assistant::threads::tests::turn_claims_are_exclusive_and_released_on_drop
        PASS [   0.006s] (  83/4622) otto-assistant assistant::tools::tests::every_tool_segment_backs_one_mcp_tool
        PASS [   0.007s] (  84/4622) otto-assistant assistant::tools::tests::the_token_binding_overrides_the_body_session
        PASS [   0.006s] (  85/4622) otto-assistant assistant::types::tests::approval_card_has_the_guideline_shape
        PASS [   0.006s] (  86/4622) otto-assistant assistant::types::tests::approval_card_requires_every_field_and_a_known_category
        PASS [   0.006s] (  87/4622) otto-assistant assistant::types::tests::purchases_and_prod_can_never_be_always_allowed
        PASS [   0.006s] (  88/4622) otto-assistant assistant::types::tests::update_thread_distinguishes_null_from_absent
        PASS [   0.165s] (  89/4622) otto-assistant assistant::threads::tests::foreign_thread_or_owner_cannot_rebind_an_agent_task
        PASS [   0.007s] (  90/4622) otto-assistant personal_agent_documents::tests::memory_rejects_symlink_escape_and_oversized_content
        PASS [   0.008s] (  91/4622) otto-assistant personal_agent_documents::tests::memory_version_binds_the_original_directory_even_for_missing_or_identical_notes
        PASS [   0.007s] (  92/4622) otto-assistant personal_agent_documents::tests::reading_missing_memory_does_not_provision_it
        PASS [   0.021s] (  93/4622) otto-assistant personal_agent_documents::tests::memory_save_preserves_existing_notes_and_rejects_stale_writes
        PASS [   0.006s] (  94/4622) otto-assistant personal_agent_memory::tests::parses_items_with_sources_and_sections
        PASS [   0.007s] (  95/4622) otto-assistant personal_agent_memory::tests::forget_and_edit_are_content_checked
        PASS [   0.007s] (  96/4622) otto-assistant personal_agents_engine::cwd_tests::empty_means_default
        PASS [   0.007s] (  97/4622) otto-assistant personal_agents_engine::cwd_tests::absolute_and_tilde_are_accepted
        PASS [   0.008s] (  98/4622) otto-assistant personal_agents_engine::cwd_tests::relative_parent_and_nul_are_rejected
        PASS [   0.008s] (  99/4622) otto-assistant personal_agents_engine::tests::render_identity_has_soul_and_memory_sections
        PASS [   0.006s] ( 100/4622) otto-assistant personal_agents_engine::tests::report_rel_uses_agent_id_and_stamp
        PASS [   0.007s] ( 101/4622) otto-assistant personal_agents_engine::tests::render_rooms_lists_rooms_members_and_the_tools
        PASS [   0.007s] ( 102/4622) otto-assistant personal_agents_engine::tests::user_context_is_snapshotted_in_the_shared_prompt_for_every_provider
        PASS [   0.007s] ( 103/4622) otto-assistant personal_agents_engine::tests::seed_notes_names_the_agent
        PASS [   0.007s] ( 104/4622) otto-assistant personal_agents_scheduler::tests::parse_ts_roundtrips
        PASS [   0.007s] ( 105/4622) otto-assistant personal_agents_engine::tests::wrap_prompt_embeds_sentinel_memory_and_directive
        PASS [   0.006s] ( 106/4622) otto-assistant personal_agents_scheduler::tests::proactive_goal_respects_switch_budget_spacing_and_round_robin
        PASS [   0.011s] ( 107/4622) otto-automation goal_loop::goal_loop_tests::executor_prompt_requires_explicit_commit_permission
        PASS [   0.009s] ( 108/4622) otto-automation goal_loop::goal_loop_tests::lifecycle_operations_serialize_retry_approval_and_resume
        PASS [   0.184s] ( 109/4622) otto-automation goal_loop::goal_loop_tests::until_flag_wakes_on_ring_and_backstops_a_silent_store
        PASS [   0.017s] ( 110/4622) otto-automation goal_loop_commands::tests::cancellation_before_spawn_does_not_execute_verification
        PASS [   1.168s] ( 111/4622) otto-automation goal_loop_commands::tests::cancellation_kills_verification_descendants
        PASS [   0.023s] ( 112/4622) otto-automation goal_loop_parse::tests::extracts_object_from_fences_and_prose
        PASS [   0.023s] ( 113/4622) otto-automation goal_loop_parse::tests::a_prose_placeholder_before_the_object_no_longer_hides_it
        PASS [   0.013s] ( 114/4622) otto-automation goal_loop_parse::tests::handles_nested_objects
        PASS [   0.013s] ( 115/4622) otto-automation goal_loop_parse::tests::ignores_braces_inside_strings
        PASS [   0.010s] ( 116/4622) otto-automation goal_loop_parse::tests::none_when_no_object
        PASS [   0.010s] ( 117/4622) otto-automation goal_loop_parse::tests::parse_evaluation_roundtrip
        PASS [   0.009s] ( 118/4622) otto-automation goal_loop_parse::tests::parse_executor_result_roundtrip
        PASS [   0.009s] ( 119/4622) otto-automation goal_loop_policy::tests::model_cannot_satisfy_human_criterion
        PASS [   0.008s] ( 120/4622) otto-automation goal_loop_policy::tests::repeated_identical_failure_blocks_but_new_evidence_resets
        PASS [   0.008s] ( 121/4622) otto-automation goal_loop_policy::tests::required_proof_has_no_budget_exhaustion_exception
        PASS [   0.008s] ( 122/4622) otto-automation goal_loop_roles::tests::accepts_only_complete_role_envelopes
        PASS [   0.008s] ( 123/4622) otto-automation goal_loop_policy::tests::revised_criteria_invalidate_human_approval
        PASS [   0.055s] ( 124/4622) otto-automation goal_loop_workspace::evidence_tests::captures_staged_and_untracked_without_commits
        PASS [   0.059s] ( 125/4622) otto-automation goal_loop_workspace::evidence_tests::capture_skips_fifos_and_never_runs_repo_fsmonitor
        PASS [   0.007s] ( 126/4622) otto-automation report_delivery::tests::report_hash_is_stable_and_whitespace_insensitive
        PASS [   0.007s] ( 127/4622) otto-automation report_delivery::tests::report_hash_matches_legacy_values
        PASS [   0.007s] ( 128/4622) otto-automation scheduled_tasks_engine::tests::augment_report_prompt_names_the_file
        PASS [   0.007s] ( 129/4622) otto-automation scheduled_tasks_engine::tests::canceled_and_failed_workflows_are_run_errors
        PASS [   0.007s] ( 130/4622) otto-automation scheduled_tasks_engine::tests::delivery_message_has_name_and_summary
        PASS [   0.007s] ( 131/4622) otto-automation scheduled_tasks_engine::tests::destination_kind_defaults_none
        PASS [   0.007s] ( 132/4622) otto-automation scheduled_tasks_engine::tests::extract_summary_falls_back_to_truncation
        PASS [   0.007s] ( 133/4622) otto-automation scheduled_tasks_engine::tests::extract_summary_short_report_unchanged
        PASS [   0.007s] ( 134/4622) otto-automation scheduled_tasks_engine::tests::extract_summary_splits_on_rule
        PASS [   0.007s] ( 135/4622) otto-automation scheduled_tasks_engine::tests::extract_summary_splits_on_stars
        PASS [   0.006s] ( 136/4622) otto-automation scheduled_tasks_engine::tests::failure_finish_keeps_what_the_run_produced
        PASS [   0.007s] ( 137/4622) otto-automation scheduled_tasks_engine::tests::headless_fallback_only_for_claude
        PASS [   0.007s] ( 138/4622) otto-automation scheduled_tasks_engine::tests::in_flight_claim_is_exclusive_and_released_on_drop
        PASS [   0.008s] ( 139/4622) otto-automation scheduled_tasks_engine::tests::in_flight_claim_is_released_when_the_run_panics
        PASS [   0.007s] ( 140/4622) otto-automation scheduled_tasks_engine::tests::plan_cwd_decision
        PASS [   0.171s] ( 141/4622) otto-automation scheduled_tasks_engine::tests::quality_reports_at_same_instant_keep_distinct_content
        PASS [   0.007s] ( 142/4622) otto-automation scheduled_tasks_engine::tests::report_hash_ignores_whitespace_noise
        PASS [   0.007s] ( 143/4622) otto-automation scheduled_tasks_engine::tests::report_rel_uses_task_id_and_stamp
        PASS [   0.151s] ( 144/4622) otto-automation scheduled_tasks_engine::tests::review4_old_settlement_does_not_consume_retimed_once
        PASS [   0.156s] ( 145/4622) otto-automation scheduled_tasks_engine::tests::review4_once_pause_canceled_resume_before_settlement
        PASS [   0.150s] ( 146/4622) otto-automation scheduled_tasks_engine::tests::review4_once_pause_canceled_settlement_before_resume
        PASS [   0.148s] ( 147/4622) otto-automation scheduled_tasks_engine::tests::review4_once_pause_error_resume_before_settlement
        PASS [   0.155s] ( 148/4622) otto-automation scheduled_tasks_engine::tests::review4_once_pause_error_settlement_before_resume
        PASS [   0.150s] ( 149/4622) otto-automation scheduled_tasks_engine::tests::review4_once_pause_ok_resume_before_settlement
        PASS [   0.152s] ( 150/4622) otto-automation scheduled_tasks_engine::tests::review4_once_pause_ok_settlement_before_resume
        PASS [   0.022s] ( 151/4622) otto-automation scheduled_tasks_engine::tests::sandboxed_shell_task_is_confined_to_its_cwd
        PASS [   0.014s] ( 152/4622) otto-automation scheduled_tasks_engine::tests::sandboxed_shell_tasks_wrap_sh_and_scrub_the_env
        PASS [   0.014s] ( 153/4622) otto-automation scheduled_tasks_engine::tests::shell_output_is_bounded_and_both_pipes_are_drained
        PASS [   0.009s] ( 154/4622) otto-automation scheduled_tasks_engine::tests::shell_report_has_command_and_streams
        PASS [   0.017s] ( 155/4622) otto-automation scheduled_tasks_engine::tests::shell_retry_counts_attempts_and_stops_on_success
        PASS [   1.372s] ( 156/4622) otto-automation scheduled_tasks_engine::tests::record_finish_falls_back_to_a_minimal_error_row
        PASS [   0.008s] ( 157/4622) otto-automation scheduled_tasks_engine::tests::short_truncates_to_8
        PASS [   0.007s] ( 158/4622) otto-automation scheduled_tasks_engine::tests::webhook_blank_url_errors
        PASS [   0.009s] ( 159/4622) otto-automation scheduled_tasks_engine::tests::webhook_to_loopback_is_blocked_by_netguard
        PASS [   0.161s] ( 160/4622) otto-automation scheduled_tasks_engine::tests::worktree_gc_keeps_newest_and_deletes_old_branches
        PASS [   0.006s] ( 161/4622) otto-automation scheduled_tasks_engine::tests::wrap_prompt_embeds_sentinel_rule_and_user_prompt
        PASS [   0.006s] ( 162/4622) otto-automation scheduled_tasks_scheduler::tests::parse_ts_roundtrips
        PASS [   0.009s] ( 163/4622) otto-aws accounts::tests::account_dto_never_carries_secrets
        PASS [   0.006s] ( 164/4622) otto-aws accounts::tests::endpoint_url_is_injected_in_both_auth_modes
        PASS [   0.005s] ( 165/4622) otto-aws accounts::tests::endpoint_url_of_reads_params
        PASS [   0.006s] ( 166/4622) otto-aws accounts::tests::endpoint_url_validation
        PASS [   0.006s] ( 167/4622) otto-aws accounts::tests::env_for_access_keys_mode
        PASS [   0.005s] ( 168/4622) otto-aws accounts::tests::env_for_profile_mode
        PASS [   0.006s] ( 169/4622) otto-aws accounts::tests::identity_and_assumed_parse_from_real_shapes
        PASS [   0.006s] ( 170/4622) otto-aws accounts::tests::json_output_appended_except_for_s3_high_level
        PASS [   0.006s] ( 171/4622) otto-aws accounts::tests::probe_classification
        PASS [   0.006s] ( 172/4622) otto-aws athena::tests::databases_and_tables
        PASS [   0.006s] ( 173/4622) otto-aws athena::tests::history_and_status_normalize
        PASS [   0.005s] ( 174/4622) otto-aws athena::tests::prod_ddl_dml_needs_confirm
        PASS [   0.005s] ( 175/4622) otto-aws athena::tests::results_convert_to_query_result_and_drop_header
        PASS [   0.005s] ( 176/4622) otto-aws athena::tests::validators
        PASS [   0.006s] ( 177/4622) otto-aws athena::tests::workgroups_and_output_location
        PASS [   1.474s] ( 178/4622) otto-aws cli::tests::background_lane_leaves_room_for_clicks_and_records_wait
        PASS [   1.815s] ( 179/4622) otto-automation scheduled_tasks_engine::tests::shell_timeout_kills_the_whole_process_group
        PASS [   0.019s] ( 180/4622) otto-aws cli::tests::classifies_expired_vs_denied_vs_other
        PASS [   0.012s] ( 181/4622) otto-aws cli::tests::error_for_maps_to_contract_variants
        PASS [   0.010s] ( 182/4622) otto-aws cli::tests::missing_binary_is_not_installed
        PASS [   0.009s] ( 183/4622) otto-aws cli::tests::op_of_names_only_service_and_operation
        PASS [   0.007s] ( 184/4622) otto-aws cli::tests::parse_stdout_handles_empty_and_json
        PASS [   0.007s] ( 185/4622) otto-aws cli::tests::percentile_is_nearest_rank
        PASS [   0.006s] ( 186/4622) otto-aws cli::tests::redacts_aws_key_shapes
        PASS [   0.524s] ( 187/4622) otto-aws cli::tests::stream_lane_is_not_counted
        PASS [   0.597s] ( 188/4622) otto-aws cli::tests::concurrent_children_are_capped_daemon_wide
        PASS [   0.015s] ( 189/4622) otto-aws creds::tests::cache_honours_expiry_skew_profile_and_eviction
        PASS [   0.011s] ( 190/4622) otto-aws creds::tests::combine_prefers_the_hard_sso_deadline
        PASS [   0.009s] ( 191/4622) otto-aws creds::tests::parses_export_credentials_process_shape
        PASS [   0.009s] ( 192/4622) otto-aws creds::tests::reads_the_sso_token_cache
        PASS [   0.007s] ( 193/4622) otto-aws discover::tests::discovers_profiles_with_metadata_and_never_secrets
        PASS [   0.007s] ( 194/4622) otto-aws discover::tests::missing_files_yield_empty
        PASS [   0.006s] ( 195/4622) otto-aws discover::tests::parses_sections_keys_and_nested_blocks
        PASS [   0.006s] ( 196/4622) otto-aws ec2::tests::instance_id_validation
        PASS [   0.005s] ( 197/4622) otto-aws ec2::tests::instances_normalize
        PASS [   0.005s] ( 198/4622) otto-aws ec2::tests::query_filter
        PASS [   0.005s] ( 199/4622) otto-aws ec2::tests::state_change_normalize
        PASS [   0.005s] ( 200/4622) otto-aws eks::tests::cluster_and_nodegroup_normalize
        PASS [   0.005s] ( 201/4622) otto-aws eks::tests::cluster_name_validation
        PASS [   0.006s] ( 202/4622) otto-aws eks::tests::generated_kubeconfig_must_name_an_allowed_plugin
        PASS [   0.006s] ( 203/4622) otto-aws http::tests::attachment_name_is_last_segment_and_sanitized
        PASS [   0.006s] ( 204/4622) otto-aws http::tests::region_list_is_static_and_plentiful
        PASS [   0.006s] ( 205/4622) otto-aws install::tests::install_job_serializes_per_contract
        PASS [   0.007s] ( 206/4622) otto-aws install::tests::log_tail_is_capped
        PASS [   0.007s] ( 207/4622) otto-aws install::tests::parses_v2_and_v1_version_strings
        PASS [   0.006s] ( 208/4622) otto-aws logs::tests::events_normalize_and_fallback_id
        PASS [   0.006s] ( 209/4622) otto-aws logs::tests::groups_and_streams_normalize
        PASS [   0.006s] ( 210/4622) otto-aws logs::tests::insights_results_drop_ptr_and_align_columns
        PASS [   0.006s] ( 211/4622) otto-aws logs::tests::validation_explains_what_to_fix
        PASS [   0.006s] ( 212/4622) otto-aws metrics::tests::cache_round_trip_and_ttl_key
        PASS [   0.006s] ( 213/4622) otto-aws metrics::tests::catalog_ids_are_cloudwatch_safe_and_unique
        PASS [   0.006s] ( 214/4622) otto-aws metrics::tests::ec2_credit_metrics_only_for_burstable
        PASS [   0.006s] ( 215/4622) otto-aws metrics::tests::parses_sample_into_sorted_series_with_stats
        PASS [   0.006s] ( 216/4622) otto-aws metrics::tests::period_from_range_rules
        PASS [   0.010s] ( 217/4622) otto-aws metrics::tests::query_json_shape
        PASS [   0.007s] ( 218/4622) otto-aws metrics::tests::resolve_validates_shape
        PASS [   0.006s] ( 219/4622) otto-aws native::tests::api_errors_classify_like_the_cli
        PASS [   0.006s] ( 220/4622) otto-aws native::tests::ec2_xml_becomes_the_cli_shape
        PASS [   0.006s] ( 221/4622) otto-aws native::tests::form_encoding_is_rfc3986
        PASS [   0.006s] ( 222/4622) otto-aws native::tests::sigv4_matches_the_aws_test_suite
        PASS [   0.007s] ( 223/4622) otto-aws native::tests::target_needs_static_keys_a_standard_endpoint_and_a_sane_region
        PASS [   0.006s] ( 224/4622) otto-aws native::tests::transport_failures_fall_back_to_the_cli
        PASS [   0.006s] ( 225/4622) otto-aws paths::tests::owned_dir_creates_under_data_dir
        PASS [   0.006s] ( 226/4622) otto-aws paths::tests::owned_file_accepts_ulids_and_rejects_everything_else
        PASS [   0.006s] ( 227/4622) otto-aws rds::tests::instances_normalize
        PASS [   0.006s] ( 228/4622) otto-aws rds::tests::query_filter_and_identifier_validation
        PASS [   0.006s] ( 229/4622) otto-aws regions::tests::all_regions_login_required_surfaces_the_sign_in_error
        PASS [   0.072s] ( 230/4622) otto-aws regions::tests::cached_all_dedupes_concurrent_and_repeat_calls
        PASS [   0.082s] ( 231/4622) otto-aws regions::tests::dropping_a_fan_out_cancels_in_flight_calls
        PASS [   0.040s] ( 232/4622) otto-aws regions::tests::fan_out_is_bounded_and_keeps_partial_failures
        PASS [   0.011s] ( 233/4622) otto-aws regions::tests::parses_and_sorts_regions
        PASS [   0.008s] ( 234/4622) otto-aws s3::tests::buckets_normalize
        PASS [   0.015s] ( 235/4622) otto-aws s3::tests::download_stream_stops_at_the_cap
        PASS [   0.007s] ( 236/4622) otto-aws s3::tests::head_normalize
        PASS [   0.006s] ( 237/4622) otto-aws s3::tests::objects_normalize_prefixes_marker_and_token
        PASS [   0.006s] ( 238/4622) otto-aws s3::tests::orphan_upload_ids_only_match_this_key_and_this_attempt
        PASS [   0.005s] ( 239/4622) otto-aws s3::tests::presign_lifetime_is_clamped
        PASS [   0.006s] ( 240/4622) otto-aws s3::tests::preview_kind_and_inline_types
        PASS [   0.005s] ( 241/4622) otto-aws s3::tests::preview_marks_binary_and_truncation
        PASS [   0.005s] ( 242/4622) otto-aws s3::tests::ranged_meta_total_size
        PASS [   0.005s] ( 243/4622) otto-aws s3::tests::texty_detection
        PASS [   0.005s] ( 244/4622) otto-aws s3::tests::validators
        PASS [   0.006s] ( 245/4622) otto-aws s3_download::tests::dest_dir_refuses_system_library_and_hidden_dirs
        PASS [   0.006s] ( 246/4622) otto-aws s3_download::tests::free_path_never_overwrites
        PASS [   0.006s] ( 247/4622) otto-aws s3_download::tests::local_name_is_bounded_for_the_filesystem
        PASS [   0.005s] ( 248/4622) otto-aws s3_download::tests::local_name_is_safe_leaf
        PASS [   0.005s] ( 249/4622) otto-aws s3_download::tests::local_name_never_yields_a_dotfile
        PASS [   0.006s] ( 250/4622) otto-aws s3_download::tests::place_no_overwrite_keeps_an_existing_file
        PASS [   0.006s] ( 251/4622) otto-aws s3_download::tests::resolve_dest_dir_rejects_missing_and_relative
        PASS [   0.005s] ( 252/4622) otto-aws s3_download::tests::unknown_job_is_not_found_and_scoped_to_account
        PASS [   0.005s] ( 253/4622) otto-aws sqs::tests::attributes_normalize_with_redrive_policy
        PASS [   0.005s] ( 254/4622) otto-aws sqs::tests::messages_normalize
        PASS [   0.005s] ( 255/4622) otto-aws sqs::tests::peek_pins_visibility_timeout_to_zero
        PASS [   0.005s] ( 256/4622) otto-aws sqs::tests::queues_normalize
        PASS [   0.005s] ( 257/4622) otto-aws sqs::tests::validators
        PASS [   0.378s] ( 258/4622) otto-aws::api access_keys_account_keeps_secret_in_keychain_and_injects_env
        PASS [   1.432s] ( 259/4622) otto-aws cli::tests::the_timeout_covers_the_queue_wait
        PASS [   0.280s] ( 260/4622) otto-aws::api aws_parent_page_is_required_and_discovery_redacts_configuration
        PASS [   0.893s] ( 261/4622) otto-aws::api all_regions_spawn_counts_cold_and_cached
        PASS [   0.253s] ( 262/4622) otto-aws::api bucket_allow_and_read_deny_override_account_administrator
        PASS [   0.268s] ( 263/4622) otto-aws::api cli_stats_count_spawns
        PASS [   0.265s] ( 264/4622) otto-aws::api cloudwatch_metrics_single_call_cached_and_service_gated
        PASS [   0.253s] ( 265/4622) otto-aws::api delegated_aws_admin_cannot_attach_or_repoint_ambient_credentials
        PASS [   0.252s] ( 266/4622) otto-aws::api import_kubeconfig_requires_root_and_creates_cluster_row
        PASS [   0.256s] ( 267/4622) otto-aws::api logs_tail_and_ec2_list_are_native_with_static_creds
        PASS [   0.251s] ( 268/4622) otto-aws::api native_transport_failure_falls_back_to_the_cli
        PASS [   0.252s] ( 269/4622) otto-aws::api new_accounts_are_private_and_guessed_bucket_reads_are_denied
        PASS [   0.267s] ( 270/4622) otto-aws::api permissions_probe_classifies_and_caches
        PASS [   0.275s] ( 271/4622) otto-aws::api profile_account_crud_and_test
        PASS [   0.251s] ( 272/4622) otto-aws::api rds_list_and_describe_are_read_only
        PASS [   0.269s] ( 273/4622) otto-aws::api s3_list_and_streamed_download
        PASS [   0.255s] ( 274/4622) otto-aws::api s3_text_preview_is_a_single_spawn
        PASS [   0.251s] ( 275/4622) otto-aws::api sqs_peek_needs_receive_grant_and_pins_visibility_timeout_to_zero
        PASS [   0.320s] ( 276/4622) otto-aws::api s3_upload_streams_and_aborts_an_interrupted_multipart_upload
        PASS [   0.244s] ( 277/4622) otto-aws::api status_sees_the_fake_binary
        PASS [   0.265s] ( 278/4622) otto-aws::api test_reports_login_required_on_expired_sso_and_login_needs_profile_mode
        PASS [   0.014s] ( 279/4622) otto-brokers decode::tests::avro_record_decodes
        PASS [   0.008s] ( 280/4622) otto-brokers decode::tests::confluent_frame_parse
        PASS [   0.008s] ( 281/4622) otto-brokers decode::tests::decode_binary_falls_back_to_hex
        PASS [   0.008s] ( 282/4622) otto-brokers decode::tests::decode_json_object
        PASS [   0.007s] ( 283/4622) otto-brokers decode::tests::decode_null_tombstone
        PASS [   0.007s] ( 284/4622) otto-brokers decode::tests::decode_plain_text
        PASS [   0.007s] ( 285/4622) otto-brokers decode::tests::preview_caps_big_payloads_only
        PASS [   0.007s] ( 286/4622) otto-brokers decode::tests::protobuf_nested_and_repeated
        PASS [   0.007s] ( 287/4622) otto-brokers decode::tests::protobuf_wire_roundtrip
        PASS [   0.161s] ( 288/4622) otto-aws::api validation_errors_are_400
        PASS [   0.008s] ( 289/4622) otto-brokers kafka::tests::batch_watermarks_falls_back_only_for_unresolved_partitions
        PASS [   0.009s] ( 290/4622) otto-brokers kafka::tests::batch_watermarks_resolves_everything_in_two_passes
        PASS [   0.007s] ( 291/4622) otto-brokers kafka::tests::batch_watermarks_whole_batch_failure_uses_the_fanout
        PASS [   0.326s] ( 292/4622) otto-brokers kafka::tests::admin_and_producer_are_created_on_first_use
        PASS [   0.023s] ( 293/4622) otto-brokers kafka::tests::internal_topic_detection
        PASS [   0.014s] ( 294/4622) otto-brokers kafka::tests::kafka_errors_read_as_sentences_not_debug
        PASS [   0.011s] ( 295/4622) otto-brokers kafka::tests::latest_split_water_fills
        PASS [   0.642s] ( 296/4622) otto-brokers kafka::tests::group_describe_reuses_one_consumer_per_group
        PASS [   0.025s] ( 297/4622) otto-brokers kafka::tests::parse_assignment_blob
        PASS [   0.015s] ( 298/4622) otto-brokers kafka::tests::parse_assignment_malformed_is_empty
        PASS [   0.014s] ( 299/4622) otto-brokers kafka::tests::partition_cache_cold_page_uses_one_all_topics_pass_and_expires
        PASS [   0.010s] ( 300/4622) otto-brokers kafka::tests::partition_cache_fetches_only_misses
        PASS [   0.008s] ( 301/4622) otto-brokers kafka::tests::partition_lookup_failure_stops_after_first_error
        PASS [   0.113s] ( 302/4622) otto-brokers kafka::tests::pooled_peek_consumer_config_is_accepted
        PASS [   0.013s] ( 303/4622) otto-brokers kafka::tests::warm_partition_cache_skips_all_topics_metadata
        PASS [   0.015s] ( 304/4622) otto-brokers metrics::tests::adaptive_ttl_and_cached_build
        PASS [   0.009s] ( 305/4622) otto-brokers metrics::tests::build_metrics_and_cpu_rate
        PASS [   0.008s] ( 306/4622) otto-brokers metrics::tests::parse_basic_exposition
        PASS [   0.011s] ( 307/4622) otto-brokers metrics::tests::scrape_client_is_reused_per_tls_and_proxy
        PASS [   0.007s] ( 308/4622) otto-brokers metrics::tests::throughput_rate
        PASS [   0.006s] ( 309/4622) otto-brokers proxy::protocol::tests::clamp_api_versions_classic
        PASS [   0.006s] ( 310/4622) otto-brokers proxy::protocol::tests::clamp_api_versions_flexible
        PASS [   0.006s] ( 311/4622) otto-brokers proxy::protocol::tests::find_coordinator_error_passthrough
        PASS [   0.006s] ( 312/4622) otto-brokers proxy::protocol::tests::find_coordinator_v1_rewrite
        PASS [   0.006s] ( 313/4622) otto-brokers proxy::protocol::tests::flexible_classification
        PASS [   0.006s] ( 314/4622) otto-brokers proxy::protocol::tests::metadata_endpoints_and_rewrite
        PASS [   0.006s] ( 315/4622) otto-brokers proxy::protocol::tests::parses_request_header
        PASS [   0.030s] ( 316/4622) otto-brokers proxy::runtime::tests::dial_permit_is_released_once_upstream_is_established
        PASS [   0.210s] ( 317/4622) otto-brokers proxy::runtime::tests::handle_conn_times_out_on_hung_upstream
        PASS [   0.024s] ( 318/4622) otto-brokers proxy::runtime::tests::parse_bootstrap_variants
        PASS [   0.015s] ( 319/4622) otto-brokers proxy::runtime::tests::pump_rewrites_metadata_end_to_end
        PASS [   0.022s] ( 320/4622) otto-brokers proxy::runtime::tests::pump_streams_untracked_frames
        PASS [   0.015s] ( 321/4622) otto-brokers schema_registry::tests::failed_schema_ids_are_negatively_cached
        PASS [   0.314s] ( 322/4622) otto-brokers schema_registry::tests::schema_ids_resolve_concurrently
        PASS [   0.027s] ( 323/4622) otto-brokers schema_registry::tests::version_history_lists_ids_without_fetching_schema_bodies
        PASS [   0.342s] ( 324/4622) otto-brokers service::replay_integrity_tests::public_produce_empty_text_is_tombstone_but_empty_base64_is_present_empty
        PASS [   2.159s] ( 325/4622) otto-brokers kafka::tests::mock_cluster_counts_and_tail_tick_request_budget
        PASS [   1.403s] ( 326/4622) otto-brokers service::replay_integrity_tests::replay_preserves_binary_key_payload_and_header_bytes
        PASS [   1.386s] ( 327/4622) otto-brokers service::replay_integrity_tests::replay_preserves_nullable_headers_without_changing_text_transform
        PASS [   1.317s] ( 328/4622) otto-brokers service::replay_integrity_tests::replay_text_transform_changes_only_selected_key_and_header
        PASS [   2.772s] ( 329/4622) otto-brokers service::replay_integrity_tests::replay_preserves_tombstone_distinct_from_present_empty
        PASS [   0.215s] ( 330/4622) otto-brokers service::single_flight_tests::metrics_sweep_is_single_flight
        PASS [   0.023s] ( 331/4622) otto-brokers service::single_flight_tests::open_lock_is_shared_per_cluster
        PASS [   0.015s] ( 332/4622) otto-brokers types::tests::consume_req_defaults
        PASS [   0.012s] ( 333/4622) otto-brokers types::tests::sasl_mechanism_roundtrip
        PASS [   0.010s] ( 334/4622) otto-brokers types::tests::sasl_mechanism_serde_matches_db_strings
        PASS [   0.009s] ( 335/4622) otto-brokers types::tests::security_protocol_roundtrip
        PASS [   0.007s] ( 336/4622) otto-brokers types::tests::start_position_tagged
        PASS [   0.007s] ( 337/4622) otto-brokers types::tests::upsert_ssh_three_state
        PASS [   0.008s] ( 338/4622) otto-canvas assist::tests::abort_on_drop_stops_the_task
        PASS [   0.006s] ( 339/4622) otto-canvas assist::tests::base_and_format_defaults
        PASS [   0.006s] ( 340/4622) otto-canvas assist::tests::build_doc_keeps_existing_extras
        PASS [   0.005s] ( 341/4622) otto-canvas assist::tests::current_source_prefers_doc_then_base
        PASS [   0.005s] ( 342/4622) otto-canvas assist::tests::d2_prompt_points_at_d2_file
        PASS [   0.005s] ( 343/4622) otto-canvas assist::tests::excalidraw_prompt_points_at_json_file
        PASS [   0.005s] ( 344/4622) otto-canvas assist::tests::large_source_is_not_inlined_in_prompt
        PASS [   0.006s] ( 345/4622) otto-canvas assist::tests::merge_restores_kept_elements_without_duplicates
        PASS [   0.006s] ( 346/4622) otto-canvas assist::tests::parse_excalidraw_elements
        PASS [   0.006s] ( 347/4622) otto-canvas assist::tests::parse_prefers_d2_fence
        PASS [   0.006s] ( 348/4622) otto-canvas assist::tests::parse_prefers_mermaid_fence
        PASS [   0.006s] ( 349/4622) otto-canvas assist::tests::parse_unstructured_keeps_note
        PASS [   0.006s] ( 350/4622) otto-canvas assist::tests::prompt_has_sentinel_and_file
        PASS [   0.006s] ( 351/4622) otto-canvas assist::tests::resolve_prefers_edited_file_then_reply
        PASS [   0.006s] ( 352/4622) otto-canvas assist::tests::result_for_routes_by_format
        PASS [   0.005s] ( 353/4622) otto-canvas assist::tests::scene_busy_slot_is_exclusive_and_released_on_drop
        PASS [   0.005s] ( 354/4622) otto-canvas assist::tests::split_hides_inexpressible_elements_and_files
        PASS [   0.006s] ( 355/4622) otto-canvas assist::tests::split_merge_passthrough_for_plain_or_invalid_sources
        PASS [   0.005s] ( 356/4622) otto-canvas assist::tests::stop_flags_only_the_running_turn
        PASS [   0.007s] ( 357/4622) otto-canvas http::tests::doc_is_kept_as_raw_text_without_reserialising
        PASS [   0.006s] ( 358/4622) otto-canvas http::tests::large_bodies_parse_off_runtime_and_bad_json_or_type_is_rejected
        PASS [   0.006s] ( 359/4622) otto-canvas http::tests::null_or_missing_doc_leaves_the_document_unchanged
        PASS [   0.009s] ( 360/4622) otto-channels attach_guard::tests::allows_files_under_cwd_tmp_and_artifact_dirs
        PASS [   0.006s] ( 361/4622) otto-channels attach_guard::tests::home_or_root_cwd_is_not_a_root
        PASS [   0.006s] ( 362/4622) otto-channels attach_guard::tests::protected_dirs_win_even_inside_a_root
        PASS [   0.006s] ( 363/4622) otto-channels attach_guard::tests::refuses_secrets_and_paths_outside_roots
        PASS [   0.006s] ( 364/4622) otto-channels attach_guard::tests::sensitive_names
        PASS [   0.009s] ( 365/4622) otto-channels attach_guard::tests::vet_follows_symlinks_and_checks_links
        PASS [   0.113s] ( 366/4622) otto-channels bridge::conv_lock_tests::a_queued_message_gets_one_notice
        PASS [   0.062s] ( 367/4622) otto-channels bridge::conv_lock_tests::a_slow_conversation_does_not_block_another
        PASS [   0.117s] ( 368/4622) otto-channels bridge::conv_lock_tests::a_turn_without_a_final_releases_on_idle
        PASS [   0.019s] ( 369/4622) otto-channels bridge::conv_lock_tests::an_edit_without_a_live_session_is_not_forwarded
        PASS [   0.017s] ( 370/4622) otto-channels bridge::conv_lock_tests::idle_locks_are_pruned
        PASS [   0.111s] ( 371/4622) otto-channels bridge::conv_lock_tests::turns_on_one_session_run_one_at_a_time_in_arrival_order
        PASS [   0.020s] ( 372/4622) otto-channels bridge::tests::a_blank_allow_list_admits_nobody_unless_opened
        PASS [   0.013s] ( 373/4622) otto-channels bridge::tests::agent_paste_input_cannot_break_out_of_the_paste
        PASS [   0.010s] ( 374/4622) otto-channels bridge::tests::agent_paste_input_uses_bracketed_paste_without_submit_key
        PASS [   0.010s] ( 375/4622) otto-channels bridge::tests::alive_means_not_exited_and_not_archived
        PASS [   0.008s] ( 376/4622) otto-channels bridge::tests::allowed_users_gate
        PASS [   0.007s] ( 377/4622) otto-channels bridge::tests::an_edit_is_marked_for_the_agent
        PASS [   0.007s] ( 378/4622) otto-channels bridge::tests::conversation_match_uses_the_meta_stamped_at_creation
        PASS [   0.006s] ( 379/4622) otto-channels bridge::tests::detached_session_no_longer_matches_its_conversation
        PASS [   0.006s] ( 380/4622) otto-channels bridge::tests::session_title_uses_first_line_trimmed_and_truncated
        PASS [   0.006s] ( 381/4622) otto-channels bridge::tests::user_text_cannot_forge_otto_markers
        PASS [   0.008s] ( 382/4622) otto-channels email::tests::builds_a_plaintext_message
        PASS [   0.006s] ( 383/4622) otto-channels email::tests::builds_multipart_with_attachment
        PASS [   0.006s] ( 384/4622) otto-channels email::tests::rejects_a_malformed_recipient_address
        PASS [   0.006s] ( 385/4622) otto-channels email::tests::rejects_a_malformed_sender_address
        PASS [   0.007s] ( 386/4622) otto-channels email::tests::transport_builds_for_valid_host
        PASS [   0.006s] ( 387/4622) otto-channels health::tests::a_listener_walks_connecting_connected_reconnecting
        PASS [   0.014s] ( 388/4622) otto-channels health::tests::a_repeated_wait_keeps_its_since
        PASS [   0.006s] ( 389/4622) otto-channels health::tests::a_superseded_listener_cannot_overwrite_its_replacement
        PASS [   0.007s] ( 390/4622) otto-channels health::tests::long_reasons_are_clipped
        PASS [   0.007s] ( 391/4622) otto-channels health::tests::rejected_senders_are_listed_deduped_and_capped
        PASS [   0.007s] ( 392/4622) otto-channels health::tests::waiting_conflict_snapshot_and_remove
        PASS [   0.007s] ( 393/4622) otto-channels http::tests::a_listener_token_can_only_be_enabled_once
        PASS [   0.007s] ( 394/4622) otto-channels improve_notify::tests::applied_memory_edit_is_described_as_memory
        PASS [   0.007s] ( 395/4622) otto-channels improve_notify::tests::applied_skill_edit_formats_one_line
        PASS [   0.007s] ( 396/4622) otto-channels improve_notify::tests::budget_exceeded_routes_correctly
        PASS [   0.007s] ( 397/4622) otto-channels improve_notify::tests::budget_recovered_is_silent
        PASS [   0.007s] ( 398/4622) otto-channels improve_notify::tests::finished_run_summarizes_counts
        PASS [   0.007s] ( 399/4622) otto-channels improve_notify::tests::finished_run_with_no_changes_is_silent
        PASS [   0.007s] ( 400/4622) otto-channels improve_notify::tests::insight_ready_has_no_workspace
        PASS [   0.007s] ( 401/4622) otto-channels improve_notify::tests::non_improvement_events_are_ignored
        PASS [   0.007s] ( 402/4622) otto-channels improve_notify::tests::pending_edit_asks_for_approval
        PASS [   0.007s] ( 403/4622) otto-channels improve_notify::tests::review_done_routes_to_review_key
        PASS [   0.007s] ( 404/4622) otto-channels improve_notify::tests::review_queued_is_silent
        PASS [   0.007s] ( 405/4622) otto-channels improve_notify::tests::swarm_active_is_silent
        PASS [   0.006s] ( 406/4622) otto-channels improve_notify::tests::swarm_done_routes_to_swarm_key
        PASS [   0.007s] ( 407/4622) otto-channels manager::tests::an_unreadable_token_is_not_ready_then_resolves_once_readable
        PASS [   0.007s] ( 408/4622) otto-channels manager::tests::generation_signature_changes_when_integration_is_updated
        PASS [   0.009s] ( 409/4622) otto-channels mirror::tests::a_rate_limited_final_reply_is_re_posted
        PASS [   0.007s] ( 410/4622) otto-channels mirror::tests::a_silent_turn_stalls_after_the_timeout
        PASS [   0.007s] ( 411/4622) otto-channels mirror::tests::a_stalled_turn_re_arms_on_new_tool_activity
        PASS [   0.262s] ( 412/4622) otto-channels mirror::tests::a_turn_hold_waits_for_the_final
        PASS [   0.014s] ( 413/4622) otto-channels mirror::tests::classify_send_error_matches_slack_error_codes
        PASS [   0.012s] ( 414/4622) otto-channels mirror::tests::classify_send_error_matches_telegram_descriptions
        PASS [   0.011s] ( 415/4622) otto-channels mirror::tests::extract_file_paths_parses_marked_attachments
        PASS [   0.009s] ( 416/4622) otto-channels mirror::tests::extract_send_blocks_parses_marked_replies
        PASS [   0.008s] ( 417/4622) otto-channels mirror::tests::feed_health_backs_off_on_rate_limit
        PASS [   0.007s] ( 418/4622) otto-channels mirror::tests::feed_health_trips_after_max_consecutive_failures
        PASS [   0.007s] ( 419/4622) otto-channels mirror::tests::feed_health_trips_on_permanent_error
        PASS [   0.006s] ( 420/4622) otto-channels mirror::tests::render_feed_short_is_verbatim
        PASS [   0.006s] ( 421/4622) otto-channels mirror::tests::render_feed_trims_oldest_to_fit_budget
        PASS [   0.006s] ( 422/4622) otto-channels mirror::tests::render_tool_line_plain_step_is_just_the_display
        PASS [   0.006s] ( 423/4622) otto-channels mirror::tests::render_tool_line_terminal_indents_on_plain_channel
        PASS [   0.006s] ( 424/4622) otto-channels mirror::tests::render_tool_line_terminal_uses_fenced_block_on_slack
        PASS [   0.009s] ( 425/4622) otto-channels mirror::tests::retries_are_bounded_and_only_for_rate_limits
        PASS [   0.006s] ( 426/4622) otto-channels mirror::tests::retry_after_hint_reads_the_adapter_wording
        PASS [   0.006s] ( 427/4622) otto-channels mirror::tests::status_header_cycles_through_phrases
        PASS [   0.670s] ( 428/4622) otto-channels mirror::tests::status_wakes_park_between_turns
        PASS [   0.012s] ( 429/4622) otto-channels mirror::tests::strip_file_directives_removes_markup_keeps_prose
        PASS [   1.509s] ( 430/4622) otto-channels mirror::tests::typing_loop_parks_between_turns_and_resumes_on_begin_turn
        PASS [   0.025s] ( 431/4622) otto-channels secrets_redact::tests::authorization_headers_are_redacted
        PASS [   0.015s] ( 432/4622) otto-channels secrets_redact::tests::core_shapes_and_pem_are_redacted
        PASS [   0.011s] ( 433/4622) otto-channels secrets_redact::tests::emails_kept_only_when_asked
        PASS [   0.010s] ( 434/4622) otto-channels secrets_redact::tests::env_assignments_and_password_flags_are_redacted
        PASS [   0.009s] ( 435/4622) otto-channels secrets_redact::tests::prose_and_plain_commands_are_untouched
        PASS [   0.007s] ( 436/4622) otto-channels secrets_redact::tests::url_userinfo_is_redacted
        PASS [   0.007s] ( 437/4622) otto-channels slack::tests::an_unfurl_is_not_a_user_edit_and_dedups_onto_the_original
        PASS [   0.007s] ( 438/4622) otto-channels slack::tests::content_subtypes_are_forwarded
        PASS [   0.006s] ( 439/4622) otto-channels slack::tests::dedup_window_evicts_oldest_not_everything
        PASS [   0.006s] ( 440/4622) otto-channels slack::tests::membership_subtypes_are_skipped
        PASS [   0.006s] ( 441/4622) otto-channels slack::tests::rejected_app_tokens_are_reported_as_failing_with_a_fix
        PASS [   0.006s] ( 442/4622) otto-channels slack::tests::retry_after_is_parsed_and_capped
        PASS [   0.006s] ( 443/4622) otto-channels slack::tests::sweep_removes_only_stale_slack_attachments
        PASS [   0.516s] ( 444/4622) otto-channels telegram::tests::a_held_open_poll_ends_on_cancel
        PASS [   0.026s] ( 445/4622) otto-channels telegram::tests::captions_are_read_and_bare_files_are_flagged
        PASS [   0.012s] ( 446/4622) otto-channels telegram::tests::http_clients_build
        PASS [   0.010s] ( 447/4622) otto-channels telegram::tests::long_poll_request_timeout_exceeds_poll_interval
        PASS [   0.011s] ( 448/4622) otto-channels telegram::tests::markdown_parse_error_400_falls_back_to_plain_text
        PASS [   0.009s] ( 449/4622) otto-channels telegram::tests::new_generation_waits_for_previous_poller
        PASS [   0.010s] ( 450/4622) otto-channels telegram::tests::non_2xx_error_keeps_description_and_status
        PASS [   0.007s] ( 451/4622) otto-channels telegram::tests::offsets_persist_across_generations_and_only_advance
        PASS [   0.008s] ( 452/4622) otto-channels telegram::tests::poll_cancelled_mid_request_does_not_dispatch
        PASS [   0.007s] ( 453/4622) otto-channels telegram::tests::replies_are_sent_even_without_the_replied_message
        PASS [   0.006s] ( 454/4622) otto-channels transcript::tests::abbreviate_home_does_not_mangle_sibling_prefix
        PASS [   0.006s] ( 455/4622) otto-channels transcript::tests::abbreviate_home_handles_exact_home_and_no_match_and_empty
        PASS [   0.006s] ( 456/4622) otto-channels transcript::tests::abbreviate_home_replaces_every_occurrence_in_a_command
        PASS [   0.007s] ( 457/4622) otto-channels transcript::tests::abbreviate_home_replaces_prefix_with_tilde
        PASS [   0.007s] ( 458/4622) otto-channels transcript::tests::bash_call_becomes_terminal_label_plus_code_block_preview
        PASS [   0.006s] ( 459/4622) otto-channels transcript::tests::complete_lines_leaves_a_partial_trailing_line_unconsumed
        PASS [   0.006s] ( 460/4622) otto-channels transcript::tests::final_event_still_parses
        PASS [   5.506s] ( 461/4622) otto-brokers service::replay_integrity_tests::replay_unicode_preview_never_panics_at_a_multibyte_boundary
        PASS [   0.017s] ( 462/4622) otto-channels transcript::tests::history_start_skips_only_lines_that_cannot_be_at_or_after_since
        PASS [   0.006s] ( 463/4622) otto-channels transcript::tests::line_at_or_after_compares_the_jsonl_timestamp
        PASS [   0.006s] ( 464/4622) otto-channels transcript::tests::non_path_tools_are_unchanged
        PASS [   0.006s] ( 465/4622) otto-channels transcript::tests::poll_delay_backs_off_only_between_turns
        PASS [   0.006s] ( 466/4622) otto-channels transcript::tests::read_summary_abbreviates_home
        PASS [   1.220s] ( 467/4622) otto-channels transcript::tests::reattached_tail_skips_history_and_waits_for_whole_lines
        PASS [   0.022s] ( 468/4622) otto-channels transcript::tests::terminal_preview_caps_long_multiline_commands
        PASS [   0.016s] ( 469/4622) otto-channels webhook::tests::blank_callback_url_is_treated_as_none
        PASS [   0.012s] ( 470/4622) otto-channels webhook::tests::channel_is_webhook
        PASS [   0.010s] ( 471/4622) otto-channels webhook::tests::no_callback_url_sends_are_noops
        PASS [   0.009s] ( 472/4622) otto-channels webhook::tests::ssrf_guard_blocks_loopback_callback
        PASS [   0.014s] ( 473/4622) otto-connections builders::tests::clickhouse_password_in_argv_warns
        PASS [   0.007s] ( 474/4622) otto-connections builders::tests::clickhouse_without_secret_does_not_warn
        PASS [   0.006s] ( 475/4622) otto-connections builders::tests::custom_missing_template_or_secret
        PASS [   0.006s] ( 476/4622) otto-connections builders::tests::custom_placeholders_and_secret
        PASS [   0.006s] ( 477/4622) otto-connections builders::tests::custom_quoted_words
        PASS [   0.006s] ( 478/4622) otto-connections builders::tests::imported_positional_values_cannot_inject_client_options
        PASS [   0.006s] ( 479/4622) otto-connections builders::tests::jump_wrapped_remote_command_is_shell_quoted
        PASS [   0.006s] ( 480/4622) otto-connections builders::tests::keepalive_defers_to_the_users_ssh_config
        PASS [   0.005s] ( 481/4622) otto-connections builders::tests::mongodb_missing_conn_string
        PASS [   0.005s] ( 482/4622) otto-connections builders::tests::mongodb_secret_placeholder_without_secret_fails
        PASS [   0.006s] ( 483/4622) otto-connections builders::tests::mongodb_secret_substitution
        PASS [   0.006s] ( 484/4622) otto-connections builders::tests::mysql_missing_host
        PASS [   0.006s] ( 485/4622) otto-connections builders::tests::mysql_no_jump_unchanged
        PASS [   0.006s] ( 486/4622) otto-connections builders::tests::mysql_password_via_env
        PASS [   0.006s] ( 487/4622) otto-connections builders::tests::mysql_tunneled_via_jump
        PASS [   0.006s] ( 488/4622) otto-connections builders::tests::option_like_ssh_values_are_refused
        PASS [   0.008s] ( 489/4622) otto-connections builders::tests::postgres_missing_host
        PASS [   0.012s] ( 490/4622) otto-connections builders::tests::postgres_password_via_env_never_argv
        PASS [   0.007s] ( 491/4622) otto-connections builders::tests::redis_missing_host
        PASS [   0.006s] ( 492/4622) otto-connections builders::tests::redis_password_via_env
        PASS [   0.006s] ( 493/4622) otto-connections builders::tests::redis_tunneled_no_identity
        PASS [   0.006s] ( 494/4622) otto-connections builders::tests::ssh_full
        PASS [   0.007s] ( 495/4622) otto-connections builders::tests::ssh_minimal_and_missing_host
        PASS [   0.006s] ( 496/4622) otto-connections builders::tests::validate_allows_mongodb_secret_placeholder_without_secret
        PASS [   0.007s] ( 497/4622) otto-connections conn_export::tests::dbeaver_csv_round_trips_quotes_newlines_passwords_and_driver_specific_uri
        PASS [   0.006s] ( 498/4622) otto-connections conn_export::tests::explicit_json_and_csv_preserve_password_and_json_cells_losslessly
        PASS [   0.006s] ( 499/4622) otto-connections conn_export::tests::json_preserves_all_kinds_and_advanced_fields_but_default_never_leaks_credentials
        PASS [   0.006s] ( 500/4622) otto-connections conn_export::tests::mongo_uri_precedence_and_discrete_auth_options_match_runtime
        PASS [   0.006s] ( 501/4622) otto-connections conn_export::tests::native_database_alias_tls_shorthand_and_ipv6_preserve_effective_config
        PASS [   0.006s] ( 502/4622) otto-connections conn_export::tests::native_skips_incompatible_kinds_and_unsupported_transport_explicitly
        PASS [   0.006s] ( 503/4622) otto-connections conn_export::tests::native_uri_list_uses_documented_comments_and_csv_never_changes_formula_like_passwords
        PASS [   0.006s] ( 504/4622) otto-connections conn_export::tests::nosqlbooster_uri_keeps_replica_topology_and_encodes_password
        PASS [   0.006s] ( 505/4622) otto-connections conn_export::tests::opaque_markers_never_export_and_inline_private_keys_require_opt_in
        PASS [   0.006s] ( 506/4622) otto-connections conn_export::tests::redisinsight_native_json_carries_auth_tls_and_db_without_secrets_by_default
        PASS [   0.006s] ( 507/4622) otto-connections conn_export::tests::workbench_xml_is_parseable_and_password_goes_only_in_opt_in_sidecar
        PASS [   0.006s] ( 508/4622) otto-connections conn_import::tests::datagrip_clickhouse_no_db_no_user
        PASS [   0.005s] ( 509/4622) otto-connections conn_import::tests::datagrip_local_parses_user_and_ssl
        PASS [   0.006s] ( 510/4622) otto-connections conn_import::tests::datagrip_mongo_builds_conn_string
        PASS [   0.006s] ( 511/4622) otto-connections conn_import::tests::datagrip_mysql_joins_local_user_and_ssl
        PASS [   0.006s] ( 512/4622) otto-connections conn_import::tests::datagrip_postgres_supported
        PASS [   0.005s] ( 513/4622) otto-connections conn_import::tests::dbeaver_clickhouse_with_ssl
        PASS [   0.006s] ( 514/4622) otto-connections conn_import::tests::dbeaver_mysql_with_ssh_tunnel
        PASS [   0.006s] ( 515/4622) otto-connections conn_import::tests::dbeaver_postgres_supported
        PASS [   0.006s] ( 516/4622) otto-connections conn_import::tests::dbeaver_ssh_disabled_not_emitted
        PASS [   0.006s] ( 517/4622) otto-connections conn_import::tests::dedupe_drops_identical
        PASS [   0.006s] ( 518/4622) otto-connections conn_import::tests::engine_mapping
        PASS [   0.006s] ( 519/4622) otto-connections conn_import::tests::jdbc_clickhouse_and_no_db
        PASS [   0.006s] ( 520/4622) otto-connections conn_import::tests::jdbc_garbage_is_none
        PASS [   0.006s] ( 521/4622) otto-connections conn_import::tests::jdbc_ipv6
        PASS [   0.006s] ( 522/4622) otto-connections conn_import::tests::jdbc_mysql_full
        PASS [   0.006s] ( 523/4622) otto-connections conn_import::tests::jdbc_no_port
        PASS [   0.006s] ( 524/4622) otto-connections conn_import::tests::jdbc_userinfo_stripped_and_replica_set
        PASS [   0.006s] ( 525/4622) otto-connections conn_import::tests::json_port_accepts_number_string_and_float_string
        PASS [   0.006s] ( 526/4622) otto-connections conn_import::tests::nosqlbooster_no_auth_omits_secret
        PASS [   0.006s] ( 527/4622) otto-connections conn_import::tests::nosqlbooster_replica_set
        PASS [   0.006s] ( 528/4622) otto-connections conn_import::tests::nosqlbooster_srv
        PASS [   0.006s] ( 529/4622) otto-connections conn_import::tests::workbench_missing_host_skipped
        PASS [   0.006s] ( 530/4622) otto-connections conn_import::tests::workbench_normal_and_ssl
        PASS [   0.005s] ( 531/4622) otto-connections conn_import::tests::workbench_ssl_levels_map_to_mode_and_verify
        PASS [   0.006s] ( 532/4622) otto-connections http::tests::sftp_params_refuse_option_like_values
        PASS [   1.715s] ( 533/4622) otto-channels transcript::tests::idle_tailer_backs_off_and_wakes_on_a_new_turn
        PASS [   0.006s] ( 534/4622) otto-connections keyperms::tests::each_077_bit_trips_independently
        PASS [   0.006s] ( 535/4622) otto-connections keyperms::tests::group_or_other_readable_warns
        PASS [   0.005s] ( 536/4622) otto-connections keyperms::tests::octal_in_message_excludes_file_type_bits
        PASS [   0.006s] ( 537/4622) otto-connections keyperms::tests::secure_modes_return_none
        PASS [   0.461s] ( 538/4622) otto-connections service::tests::get_skips_the_credentials_lock_unless_a_migration_is_due
        PASS [   0.255s] ( 539/4622) otto-connections service::tests::mongo_password_migration_deletes_the_superseded_secret
        PASS [   0.008s] ( 540/4622) otto-connections service::tests::probe_without_a_target_says_what_is_missing
        PASS [   0.249s] ( 541/4622) otto-connections service::tests::unsaved_test_is_root_only_ssh_only_and_validated
        PASS [   0.007s] ( 542/4622) otto-connections sftp_pool::tests::reuse_is_scoped_to_actor_and_profile_and_idle_entries_expire
        PASS [   0.007s] ( 543/4622) otto-connections stream_guard::tests::guarded_body_ends_when_the_grant_is_revoked
        PASS [   0.007s] ( 544/4622) otto-connections stream_guard::tests::recheck_runs_at_most_once_per_interval
        PASS [   0.007s] ( 545/4622) otto-connections transfers::tests::cancellation_is_actor_and_connection_scoped
        PASS [   0.008s] ( 546/4622) otto-connections transfers::tests::progress_probe_backoff_is_bounded_and_success_resets_cadence
        PASS [   1.559s] ( 547/4622) otto-connections http::tests::sftp_preview_probes_then_stops_large_downloads_at_the_cap
        PASS [   1.569s] ( 548/4622) otto-connections transfers::transport_tests::cancellation_during_publication_does_not_misreport_a_completed_remote_file
        PASS [   2.604s] ( 549/4622) otto-connections transfers::transport_tests::cancellation_and_timeout_kill_transfer_and_clean_only_owned_partial_files
        PASS [   0.275s] ( 550/4622) otto-connections transfers::transport_tests::non_root_cannot_name_daemon_host_paths_on_legacy_connections
        PASS [   2.287s] ( 551/4622) otto-connections transfers::transport_tests::revocation_stops_an_existing_authorized_transfer_and_cached_session_cannot_bypass_it
        PASS [   4.503s] ( 552/4622) otto-connections transfers::transport_tests::upload_progress_probes_staging_file_not_parent_directory
        PASS [   0.166s] ( 553/4622) otto-connections::export default_export_does_not_read_secret_store_and_explicit_export_fails_closed
        PASS [   0.151s] ( 554/4622) otto-connections::export only_current_active_root_can_read_export_passwords
        PASS [   0.164s] ( 555/4622) otto-connections::global_grants admin_grant_manages_a_global_connection
        PASS [   0.155s] ( 556/4622) otto-connections::global_grants delegated_configure_cannot_rebind_native_identity_or_disable_protection
        PASS [   0.149s] ( 557/4622) otto-connections::global_grants edit_grant_may_not_rewrite_or_delete_a_shared_connection
        PASS [   0.152s] ( 558/4622) otto-connections::global_grants edit_grant_may_use_a_global_connection
        PASS [   8.690s] ( 559/4622) otto-connections transfers::transport_tests::download_and_upload_report_actual_progress_then_publish_exact_content
        PASS [   0.154s] ( 560/4622) otto-connections::global_grants governed_discovery_redacts_credentials_and_does_not_grant_configuration
        PASS [   0.159s] ( 561/4622) otto-connections::global_grants nonroot_admin_cannot_scan_or_import_ambient_native_identities
        PASS [   0.159s] ( 562/4622) otto-connections::global_grants root_still_bypasses_every_tier
        PASS [   0.161s] ( 563/4622) otto-connections::global_grants ungranted_user_may_not_touch_a_global_connection
        PASS [   0.157s] ( 564/4622) otto-connections::global_grants view_grant_may_not_use_a_global_connection
        PASS [   0.181s] ( 565/4622) otto-connections::isolation failed_legacy_uri_secret_write_preserves_row_and_does_not_expose_it
        PASS [   0.181s] ( 566/4622) otto-connections::isolation import_reconciliation_create_update_skip_preserves_secret_and_reports_invalid_target
        PASS [   0.161s] ( 567/4622) otto-connections::isolation setting_false_explicit_is_false
        PASS [   0.167s] ( 568/4622) otto-connections::isolation mongo_uri_is_normalized_on_create_update_legacy_read_and_duplicate_has_no_secret
        PASS [   0.160s] ( 569/4622) otto-connections::isolation setting_off_by_default_list_shows_all
        PASS [   0.160s] ( 570/4622) otto-connections::isolation setting_off_not_present_is_false
        PASS [   0.007s] ( 571/4622) otto-connections::isolation setting_off_owner_check_allows_any_user
        PASS [   0.155s] ( 572/4622) otto-connections::isolation setting_on_list_for_excludes_others
        PASS [   0.008s] ( 573/4622) otto-connections::isolation setting_on_owner_passes_own_connection
        PASS [   0.161s] ( 574/4622) otto-connections::isolation setting_on_list_for_root_bypassed_via_list
        PASS [   0.007s] ( 575/4622) otto-connections::isolation setting_on_require_owner_403_for_non_owner
        PASS [   0.007s] ( 576/4622) otto-connections::isolation setting_on_root_bypasses_owner_check
        PASS [   0.009s] ( 577/4622) otto-context config::tests::missing_block_yields_defaults
        PASS [   0.011s] ( 578/4622) otto-context config::tests::explicit_values_parse
        PASS [   0.006s] ( 579/4622) otto-context config::tests::null_skills_parses_to_none
        PASS [   0.006s] ( 580/4622) otto-context config::tests::write_preserves_other_keys
        PASS [   0.006s] ( 581/4622) otto-context http::tests::preview_cwd_defaults_to_root_when_absent
        PASS [   0.007s] ( 582/4622) otto-context http::tests::preview_cwd_allows_subdir_of_root
        PASS [   0.007s] ( 583/4622) otto-context http::tests::preview_cwd_rejects_parent_traversal
        PASS [   0.006s] ( 584/4622) otto-context http::tests::preview_cwd_rejects_path_outside_root
        PASS [   0.007s] ( 585/4622) otto-context library::tests::context_round_trip
        PASS [   0.007s] ( 586/4622) otto-context library::tests::create_skill_conflicts_on_existing
        PASS [   0.006s] ( 587/4622) otto-context library::tests::default_soul_file
        PASS [   0.007s] ( 588/4622) otto-context library::tests::import_zip_requires_skill_md
        PASS [   0.006s] ( 589/4622) otto-context library::tests::safe_rel_accepts_nested_and_rejects_traversal
        PASS [   0.007s] ( 590/4622) otto-context library::tests::import_zip_strips_wrapper_and_lands_files
        PASS [   0.006s] ( 591/4622) otto-context library::tests::skill_path_is_independent_of_existence
        PASS [   0.008s] ( 592/4622) otto-context library::tests::skill_file_crud_round_trip_and_cache_evict
        PASS [   0.007s] ( 593/4622) otto-context library::tests::skill_round_trip_and_description
        PASS [   0.006s] ( 594/4622) otto-context library::tests::skill_without_frontmatter_has_empty_description
        PASS [   0.006s] ( 595/4622) otto-context library::tests::unsafe_names_are_rejected
        PASS [   0.007s] ( 596/4622) otto-context library::tests::soul_round_trip
        PASS [   0.008s] ( 597/4622) otto-context materialize::tests::claude_hooks_are_idempotent_in_the_bundle
        PASS [   0.008s] ( 598/4622) otto-context materialize::tests::agy_uses_agents_md_and_agents_skills_dir
        PASS [   0.009s] ( 599/4622) otto-context materialize::tests::claude_hooks_bundle_drops_foreign_content_and_heals_malformed_json
        PASS [   0.009s] ( 600/4622) otto-context materialize::tests::claude_injection_appends_context_and_settings
        PASS [   0.016s] ( 601/4622) otto-context materialize::tests::codex_resume_migrates_the_legacy_skills_directory
        PASS [   0.017s] ( 602/4622) otto-context materialize::tests::codex_indexes_skills_and_passes_developer_instructions
        PASS [   0.006s] ( 603/4622) otto-context materialize::tests::enc_replaces_non_alphanumeric
        PASS [   0.009s] ( 604/4622) otto-context materialize::tests::deactivating_skill_removes_its_dir
        PASS [   0.007s] ( 605/4622) otto-context materialize::tests::enforce_line_budget_caps_oversized_blocks
        PASS [   0.006s] ( 606/4622) otto-context materialize::tests::enforce_line_budget_leaves_within_budget_blocks_untouched
        PASS [   0.007s] ( 607/4622) otto-context materialize::tests::grok_receives_the_session_context_as_rules
        PASS [   0.008s] ( 608/4622) otto-context materialize::tests::named_codex_profile_keeps_native_home_without_default_auth_links
        PASS [   0.008s] ( 609/4622) otto-context materialize::tests::never_touches_a_foreign_skill_dir_in_the_bundle
        PASS [   0.007s] ( 610/4622) otto-context materialize::tests::preview_enumerates_multi_file_skill
        PASS [   0.007s] ( 611/4622) otto-context materialize::tests::preview_labels_hooks_enforced_and_rest_advisory
        PASS [   0.008s] ( 612/4622) otto-context materialize::tests::preview_matches_what_provision_writes
        PASS [   0.006s] ( 613/4622) otto-context materialize::tests::preview_skips_shell
        PASS [   0.007s] ( 614/4622) otto-context materialize::tests::preview_writes_nothing
        PASS [   0.017s] ( 615/4622) otto-context materialize::tests::provision_never_writes_into_the_working_tree
        PASS [   0.017s] ( 616/4622) otto-context materialize::tests::provisioned_bundle_never_exceeds_the_line_budget
        PASS [   0.007s] ( 617/4622) otto-context materialize::tests::resume_injection_reads_the_persisted_bundle
        PASS [   0.013s] ( 618/4622) otto-context materialize::tests::repo_map_section_injected_only_when_enabled
        PASS [   0.006s] ( 619/4622) otto-context materialize::tests::unknown_provider_is_skipped
        PASS [   0.013s] ( 620/4622) otto-context materialize::tests::soul_falls_back_to_default
        PASS [   0.007s] ( 621/4622) otto-context materialize::tests::workspace_instructions_survive_the_budget_when_shared_memory_is_large
        PASS [   0.006s] ( 622/4622) otto-context merge::tests::append_when_absent
        PASS [   0.010s] ( 623/4622) otto-context materialize::tests::workspace_knowledge_preview_and_materialization_match_for_every_provider
        PASS [   0.006s] ( 624/4622) otto-context merge::tests::create_from_empty
        PASS [   0.006s] ( 625/4622) otto-context merge::tests::manifest_round_trip
        PASS [   0.006s] ( 626/4622) otto-context merge::tests::preserve_outside_region_exactly
        PASS [   0.006s] ( 627/4622) otto-context merge::tests::replace_in_region
        PASS [   0.006s] ( 628/4622) otto-context provider_skills::tests::only_known_providers_resolve
        PASS [   0.006s] ( 629/4622) otto-context provider_skills::tests::skill_dir_rejects_unsafe_names
        PASS [   0.007s] ( 630/4622) otto-context repomap::tests::empty_for_a_non_code_directory
        PASS [   0.014s] ( 631/4622) otto-context repomap::tests::output_respects_the_line_budget
        PASS [   0.011s] ( 632/4622) otto-context repomap::tests::parses_multiple_languages_without_panicking
        PASS [   0.008s] ( 633/4622) otto-context repomap::tests::ranks_the_widely_referenced_symbol_highest
        PASS [   0.008s] ( 634/4622) otto-context user_skills::tests::install_copies_full_tree_and_records_manifest
        PASS [   0.008s] ( 635/4622) otto-context user_skills::tests::install_never_replaces_an_unmanaged_or_symlinked_provider_skill
        PASS [   0.008s] ( 636/4622) otto-context user_skills::tests::uninstall_only_removes_managed_skills
        PASS [   0.008s] ( 637/4622) otto-context user_skills::tests::update_clean_overwrites_and_manifest_is_idempotent
        PASS [   0.010s] ( 638/4622) otto-dbviewer access::select_into_regressions::select_into_never_receives_read_only_authority
        PASS [   0.009s] ( 639/4622) otto-dbviewer access::select_into_regressions::side_effect_functions_are_not_provable_reads
        PASS [   0.008s] ( 640/4622) otto-dbviewer access::tests::child_and_canonical_node_split_authorization_from_execution
        PASS [   0.007s] ( 641/4622) otto-dbviewer access::tests::governed_sql_accounts_for_nested_writes_and_rejects_session_commands
        PASS [   0.008s] ( 642/4622) otto-dbviewer access::tests::governed_sql_rejects_table_functions_and_custom_casts
        PASS [   0.008s] ( 643/4622) otto-dbviewer access::tests::unparsed_engines_classify_reads_and_writes_instead_of_refusing
        PASS [   0.007s] ( 644/4622) otto-dbviewer complete::mongo::tests::aggregate_pipeline_match_stage
        PASS [   0.008s] ( 645/4622) otto-dbviewer complete::mongo::tests::collection_assembly
        PASS [   0.008s] ( 646/4622) otto-dbviewer complete::mongo::tests::collection_context
        PASS [   0.007s] ( 647/4622) otto-dbviewer complete::mongo::tests::embedded_parent_and_child_both_offered
        PASS [   0.007s] ( 648/4622) otto-dbviewer complete::mongo::tests::embedded_path_prefix_captured
        PASS [   0.007s] ( 649/4622) otto-dbviewer complete::mongo::tests::field_context_in_find
        PASS [   0.007s] ( 650/4622) otto-dbviewer complete::mongo::tests::fields_indexes_first
        PASS [   0.007s] ( 651/4622) otto-dbviewer complete::mongo::tests::method_assembly
        PASS [   0.007s] ( 652/4622) otto-dbviewer complete::mongo::tests::method_context
        PASS [   0.007s] ( 653/4622) otto-dbviewer complete::mongo::tests::native_dotted_field_inserts_quoted
        PASS [   0.007s] ( 654/4622) otto-dbviewer complete::mongo::tests::nested_object_field
        PASS [   0.007s] ( 655/4622) otto-dbviewer complete::mongo::tests::second_key_after_comma_is_field_again
        PASS [   0.007s] ( 656/4622) otto-dbviewer complete::mongo::tests::sql_any_offers_keywords_and_collections
        PASS [   0.007s] ( 657/4622) otto-dbviewer complete::mongo::tests::sql_dotted_field_inserts_bare
        PASS [   0.007s] ( 658/4622) otto-dbviewer complete::mongo::tests::sql_from_offers_collections
        PASS [   0.007s] ( 659/4622) otto-dbviewer complete::mongo::tests::sql_where_offers_fields_not_collections
        PASS [   0.007s] ( 660/4622) otto-dbviewer complete::mongo::tests::string_braces_dont_confuse_scan
        PASS [   0.007s] ( 661/4622) otto-dbviewer complete::mongo::tests::value_position_is_not_field
        PASS [   0.007s] ( 662/4622) otto-dbviewer complete::sql::tests::alias_qualifier
        PASS [   0.007s] ( 663/4622) otto-dbviewer complete::sql::tests::and_expects_column
        PASS [   0.007s] ( 664/4622) otto-dbviewer complete::sql::tests::backtick_identifiers
        PASS [   0.007s] ( 665/4622) otto-dbviewer complete::sql::tests::bare_prefix_is_any
        PASS [   0.007s] ( 666/4622) otto-dbviewer complete::sql::tests::call_expects_procedures
        PASS [   0.007s] ( 667/4622) otto-dbviewer complete::sql::tests::comma_join
        PASS [   0.007s] ( 668/4622) otto-dbviewer complete::sql::tests::current_statement_scopes_to_last_segment
        PASS [   0.007s] ( 669/4622) otto-dbviewer complete::sql::tests::drop_function_expects_functions
        PASS [   0.007s] ( 670/4622) otto-dbviewer complete::sql::tests::from_expects_table
        PASS [   0.007s] ( 671/4622) otto-dbviewer complete::sql::tests::from_offers_tables_above_keywords
        PASS [   0.007s] ( 672/4622) otto-dbviewer complete::sql::tests::from_partial_table
        PASS [   0.007s] ( 673/4622) otto-dbviewer complete::sql::tests::insert_into_paren_is_columns
        PASS [   0.007s] ( 674/4622) otto-dbviewer complete::sql::tests::join_collects_both_tables
        PASS [   0.007s] ( 675/4622) otto-dbviewer complete::sql::tests::last_statement_only
        PASS [   0.007s] ( 676/4622) otto-dbviewer complete::sql::tests::qualified_columns_only_that_table
        PASS [   0.007s] ( 677/4622) otto-dbviewer complete::sql::tests::qualified_db_table_in_from
        PASS [   0.007s] ( 678/4622) otto-dbviewer complete::sql::tests::routine_arg_paren_is_not_a_routine_slot
        PASS [   0.007s] ( 679/4622) otto-dbviewer complete::sql::tests::select_list_knows_table_from_suffix
        PASS [   0.008s] ( 680/4622) otto-dbviewer complete::sql::tests::show_create_function_expects_functions
        PASS [   0.007s] ( 681/4622) otto-dbviewer complete::sql::tests::show_create_procedure_expects_procedures
        PASS [   0.008s] ( 682/4622) otto-dbviewer complete::sql::tests::string_literal_with_from_inside_is_ignored
        PASS [   0.008s] ( 683/4622) otto-dbviewer complete::sql::tests::subquery_from_is_skipped
        PASS [   0.008s] ( 684/4622) otto-dbviewer complete::sql::tests::unresolvable_where_falls_back_to_all_columns
        PASS [   0.008s] ( 685/4622) otto-dbviewer complete::sql::tests::where_columns_are_index_first
        PASS [   0.008s] ( 686/4622) otto-dbviewer complete::sql::tests::where_expects_column
        PASS [   0.008s] ( 687/4622) otto-dbviewer complete::tests::bounded_cache_evicts_oldest_without_crossing_field_scopes
        PASS [   0.008s] ( 688/4622) otto-dbviewer complete::tests::cache_roundtrip_and_invalidate
        PASS [   0.007s] ( 689/4622) otto-dbviewer complete::tests::case_insensitive_object_lookup
        PASS [   0.007s] ( 690/4622) otto-dbviewer complete::tests::failed_build_is_negatively_cached_until_invalidated
        PASS [   0.039s] ( 691/4622) otto-dbviewer complete::tests::fields_or_build_is_single_flight
        PASS [   0.007s] ( 692/4622) otto-dbviewer complete::tests::fields_or_build_negatively_caches_an_empty_build
        PASS [   0.061s] ( 693/4622) otto-dbviewer complete::tests::concurrent_misses_share_one_build
        PASS [   0.007s] ( 694/4622) otto-dbviewer complete::tests::finalize_filters_by_the_typed_word_without_truncating_small_lists
        PASS [   0.008s] ( 695/4622) otto-dbviewer complete::tests::finalize_prefers_prefix_matches_when_capping
        PASS [   0.008s] ( 696/4622) otto-dbviewer complete::tests::first_db_cache_roundtrip_and_invalidate
        PASS [   0.030s] ( 697/4622) otto-dbviewer complete::tests::finalize_caps_huge_lists_keeping_the_best_scored_and_flags_truncated
        PASS [   0.008s] ( 698/4622) otto-dbviewer complete::tests::fuzzy_contains_is_an_in_order_case_insensitive_subsequence
        PASS [   0.008s] ( 699/4622) otto-dbviewer complete::tests::graph_snapshot_ranks_pk_first_for_the_enforced_path
        PASS [   0.008s] ( 700/4622) otto-dbviewer complete::tests::invalidate_only_targets_one_connection
        PASS [   0.008s] ( 701/4622) otto-dbviewer complete::tests::rank_scores_are_index_first
        PASS [   0.008s] ( 702/4622) otto-dbviewer complete::tests::sweep_drops_only_expired_entries
        PASS [   0.008s] ( 703/4622) otto-dbviewer complete::tests::typed_word_is_the_segment_after_the_qualifier
        PASS [   0.008s] ( 704/4622) otto-dbviewer config::tests::default_port_applied
        PASS [   0.008s] ( 705/4622) otto-dbviewer config::tests::mysql_basic
        PASS [   0.040s] ( 706/4622) otto-dbviewer complete::tests::single_flight_builds_once_and_honours_ttl
        PASS [   0.008s] ( 707/4622) otto-dbviewer config::tests::port_as_string
        PASS [   0.008s] ( 708/4622) otto-dbviewer config::tests::postgres_basic_and_default_port
        PASS [   0.008s] ( 709/4622) otto-dbviewer config::tests::profile_json_cannot_supply_internal_execution_authority
        PASS [   0.008s] ( 710/4622) otto-dbviewer config::tests::secure_shorthand_enables_tls
        PASS [   0.008s] ( 711/4622) otto-dbviewer config::tests::ssh_kind_rejected
        PASS [   0.009s] ( 712/4622) otto-dbviewer config::tests::tls_and_ssh_parsed
        PASS [   0.008s] ( 713/4622) otto-dbviewer driver::tests::default_cancel_is_a_noop_success
        PASS [   0.009s] ( 714/4622) otto-dbviewer driver::tests::default_export_to_writer_writes_buffered_bytes
        PASS [   0.019s] ( 715/4622) otto-dbviewer driver::tests::default_export_to_writer_refuses_over_cap
        PASS [   0.008s] ( 716/4622) otto-dbviewer driver::tests::default_run_tracked_delegates_to_run_and_ignores_token
        PASS [   0.009s] ( 717/4622) otto-dbviewer driver::tests::export_to_path_wrapper_writes_identical_bytes_to_file
        PASS [   0.008s] ( 718/4622) otto-dbviewer driver::tests::overridden_cancel_dispatches_with_the_captured_handle
        PASS [   0.007s] ( 719/4622) otto-dbviewer drivers::clickhouse::tests::bulk_graph_groups_columns_and_flags_truncation
        PASS [   0.007s] ( 720/4622) otto-dbviewer drivers::clickhouse::tests::capabilities_are_honest
        PASS [   0.033s] ( 721/4622) otto-dbviewer drivers::clickhouse::tests::capped_run_reader_stops_early_on_a_huge_reply_and_kills_the_query
        PASS [   0.009s] ( 722/4622) otto-dbviewer drivers::clickhouse::tests::compact_stream_decodes_rows_meta_and_statistics
        PASS [   0.066s] ( 723/4622) otto-dbviewer drivers::clickhouse::perf_bench::compact_stream_10k_x_30_within_ceiling
        PASS [   0.008s] ( 724/4622) otto-dbviewer drivers::clickhouse::tests::compact_stream_falls_back_to_whole_body_for_single_line_json
        PASS [   0.008s] ( 725/4622) otto-dbviewer drivers::clickhouse::tests::compact_stream_raw_trailing_exception_mid_rows_is_an_error
        PASS [   0.009s] ( 726/4622) otto-dbviewer drivers::clickhouse::tests::compact_stream_in_band_exception_is_an_error
        PASS [   0.009s] ( 727/4622) otto-dbviewer drivers::clickhouse::tests::compact_stream_stops_at_the_byte_budget_keeping_at_least_one_row
        PASS [   0.009s] ( 728/4622) otto-dbviewer drivers::clickhouse::tests::compact_stream_stops_at_the_row_cap
        PASS [   0.009s] ( 729/4622) otto-dbviewer drivers::clickhouse::tests::detects_statements_that_return_rows
        PASS [   0.011s] ( 730/4622) otto-dbviewer drivers::clickhouse::tests::compressed_reply_streams_into_rows
        PASS [   0.011s] ( 731/4622) otto-dbviewer drivers::clickhouse::tests::escapes_identifier_quotes
        PASS [   0.013s] ( 732/4622) otto-dbviewer drivers::clickhouse::tests::escapes_backslashes_in_literals_and_idents
        PASS [   0.012s] ( 733/4622) otto-dbviewer drivers::clickhouse::tests::forged_readonly_refusal_never_disables_the_barrier
        PASS [   0.017s] ( 734/4622) otto-dbviewer drivers::clickhouse::tests::evict_idle_drops_only_stale_handles
        PASS [   0.008s] ( 735/4622) otto-dbviewer drivers::clickhouse::tests::json_cell_to_text_unwraps_strings
        PASS [   0.009s] ( 736/4622) otto-dbviewer drivers::clickhouse::tests::mid_stream_broken_json_surfaces_the_server_error
        PASS [   0.008s] ( 737/4622) otto-dbviewer drivers::clickhouse::tests::mid_stream_exception_field_is_an_error_not_partial_rows
        PASS [   0.008s] ( 738/4622) otto-dbviewer drivers::clickhouse::tests::native_port_recognition
        PASS [   0.007s] ( 739/4622) otto-dbviewer drivers::clickhouse::tests::read_only_execution_flag_selects_server_readonly_mode
        PASS [   0.008s] ( 740/4622) otto-dbviewer drivers::clickhouse::tests::readonly_memo_is_shared_per_cache_key
        PASS [   0.009s] ( 741/4622) otto-dbviewer drivers::clickhouse::tests::readonly_refusal_is_memoized_per_connection
        PASS [   0.009s] ( 742/4622) otto-dbviewer drivers::clickhouse::tests::server_row_cap_is_sent_as_request_settings
        PASS [   0.008s] ( 743/4622) otto-dbviewer drivers::clickhouse::tests::single_select_counts_select_keywords
        PASS [   0.008s] ( 744/4622) otto-dbviewer drivers::clickhouse::tests::strips_surrounding_quotes
        PASS [   0.007s] ( 745/4622) otto-dbviewer drivers::clickhouse::tests::transport_param_forces_native
        PASS [   0.008s] ( 746/4622) otto-dbviewer drivers::clickhouse::tests::transport_selected_by_port
        PASS [   0.008s] ( 747/4622) otto-dbviewer drivers::clickhouse::tests::value_array_and_tuple_to_json
        PASS [   0.008s] ( 748/4622) otto-dbviewer drivers::clickhouse::tests::value_map_to_json_object
        PASS [   0.008s] ( 749/4622) otto-dbviewer drivers::clickhouse::tests::value_scalars_to_json
        PASS [   0.008s] ( 750/4622) otto-dbviewer drivers::mongo_parse::tests::backtick_preserves_sql_with_parens_and_quotes
        PASS [   0.010s] ( 751/4622) otto-dbviewer drivers::clickhouse::tests::zstd_body_decodes_across_arbitrary_chunk_splits
        PASS [   0.008s] ( 752/4622) otto-dbviewer drivers::mongo_parse::tests::bare_identifier_is_rejected
        PASS [   0.007s] ( 753/4622) otto-dbviewer drivers::mongo_parse::tests::date_string_and_objectid_and_numberlong
        PASS [   0.007s] ( 754/4622) otto-dbviewer drivers::mongo_parse::tests::line_and_block_comments
        PASS [   0.008s] ( 755/4622) otto-dbviewer drivers::mongo_parse::tests::escaped_multibyte_char_does_not_panic
        PASS [   0.008s] ( 756/4622) otto-dbviewer drivers::mongo_parse::tests::literals_null_bool_undefined
        PASS [   0.008s] ( 757/4622) otto-dbviewer drivers::mongo_parse::tests::new_date_no_args_is_iso_sentinel
        PASS [   0.008s] ( 758/4622) otto-dbviewer drivers::mongo_parse::tests::objectid_no_args_generates_hex
        PASS [   0.008s] ( 759/4622) otto-dbviewer drivers::mongo_parse::tests::numeric_and_nested
        PASS [   0.008s] ( 760/4622) otto-dbviewer drivers::mongo_parse::tests::single_double_and_backtick_strings
        PASS [   0.008s] ( 761/4622) otto-dbviewer drivers::mongo_parse::tests::parses_a_dashboard_shaped_payload
        PASS [   0.008s] ( 762/4622) otto-dbviewer drivers::mongo_parse::tests::template_interpolation_is_rejected
        PASS [   0.008s] ( 763/4622) otto-dbviewer drivers::mongo_parse::tests::unquoted_keys_and_trailing_commas
        PASS [   0.009s] ( 764/4622) otto-dbviewer drivers::mongo_sql::tests::count_star
        PASS [   0.009s] ( 765/4622) otto-dbviewer drivers::mongo_sql::tests::global_aggregate_no_group_by
        PASS [   0.008s] ( 766/4622) otto-dbviewer drivers::mongo_sql::tests::inner_join_lookup
        PASS [   0.008s] ( 767/4622) otto-dbviewer drivers::mongo_sql::tests::group_by_aggregate
        PASS [   0.008s] ( 768/4622) otto-dbviewer drivers::mongo_sql::tests::looks_like_sql_detects_select
        PASS [   0.008s] ( 769/4622) otto-dbviewer drivers::mongo_sql::tests::left_join_preserves_nulls
        PASS [   0.008s] ( 770/4622) otto-dbviewer drivers::mongo_sql::tests::rejects_right_join
        PASS [   0.008s] ( 771/4622) otto-dbviewer drivers::mongo_sql::tests::not_negation
        PASS [   0.008s] ( 772/4622) otto-dbviewer drivers::mongo_sql::tests::star_with_in_and_like
        PASS [   0.008s] ( 773/4622) otto-dbviewer drivers::mongo_sql::tests::simple_find_with_where_sort_limit
        PASS [   0.008s] ( 774/4622) otto-dbviewer drivers::mongodb::perf_tests::bound_pipeline_appends_the_probe_limit_but_never_after_a_write_stage
        PASS [   0.008s] ( 775/4622) otto-dbviewer drivers::mongodb::perf_tests::default_timeouts_fill_only_what_the_uri_left_unset
        PASS [   0.008s] ( 776/4622) otto-dbviewer drivers::mongodb::perf_tests::one_sample_pass_feeds_tree_structure_and_completion
        PASS [   0.018s] ( 777/4622) otto-dbviewer drivers::mongodb::perf_tests::sparse_documents_spill_keys_past_the_column_cap
        PASS [   0.009s] ( 778/4622) otto-dbviewer drivers::mongodb::tests::binary_and_uuid_round_trip_through_typed_json
        PASS [   0.008s] ( 779/4622) otto-dbviewer drivers::mongodb::tests::binary_uuid_subtype_renders_uuid_string
        PASS [   0.008s] ( 780/4622) otto-dbviewer drivers::mongodb::tests::bson_to_json_simple_doc
        PASS [   0.008s] ( 781/4622) otto-dbviewer drivers::mongodb::tests::bson_to_json_typed_binary_uuid_vs_generic
        PASS [   0.007s] ( 782/4622) otto-dbviewer drivers::mongodb::tests::bson_to_json_typed_gates_int64_at_2_pow_53
        PASS [   0.007s] ( 783/4622) otto-dbviewer drivers::mongodb::tests::bson_to_json_typed_preserves_oid_and_date
        PASS [   0.008s] ( 784/4622) otto-dbviewer drivers::mongodb::tests::current_op_pipeline_matches_comment_and_projects_opid
        PASS [   0.008s] ( 785/4622) otto-dbviewer drivers::mongodb::tests::graph_columns_put_id_first
        PASS [   0.007s] ( 786/4622) otto-dbviewer drivers::mongodb::tests::graph_sample_pipeline_ships_only_names_and_types
        PASS [   0.230s] ( 787/4622) otto-dbviewer drivers::mongodb::perf_bench::docs_to_result_10k_x_30_within_ceiling
        PASS [   0.009s] ( 788/4622) otto-dbviewer drivers::mongodb::tests::grouped_rows_become_graph_columns
        PASS [   0.008s] ( 789/4622) otto-dbviewer drivers::mongodb::tests::is_unauthorized_matches_privilege_refusals_only
        PASS [   0.008s] ( 790/4622) otto-dbviewer drivers::mongodb::tests::json_command_form
        PASS [   0.007s] ( 791/4622) otto-dbviewer drivers::mongodb::tests::json_command_pipeline_defaults_to_aggregate
        PASS [   0.008s] ( 792/4622) otto-dbviewer drivers::mongodb::tests::keyset_filter_forces_id_sort_on_page_one
        PASS [   0.007s] ( 793/4622) otto-dbviewer drivers::mongodb::tests::keyset_filter_rejects_explicit_limit_other_sort_and_id_filter
        PASS [   0.007s] ( 794/4622) otto-dbviewer drivers::mongodb::tests::keyset_filter_with_cursor_ands_a_typed_gt_on_id
        PASS [   0.007s] ( 795/4622) otto-dbviewer drivers::mongodb::tests::last_row_id_reads_the_id_column_of_the_last_row
        PASS [   0.007s] ( 796/4622) otto-dbviewer drivers::mongodb::tests::mongo_comment_tag_is_namespaced_by_query_id
        PASS [   0.007s] ( 797/4622) otto-dbviewer drivers::mongodb::tests::mongosh_invocation_builds_the_native_equivalent_uri
        PASS [   0.007s] ( 798/4622) otto-dbviewer drivers::mongodb::tests::mongosh_invocation_conn_string_wins_with_secret_substitution
        PASS [   0.007s] ( 799/4622) otto-dbviewer drivers::mongodb::tests::mongosh_prelude_json_escapes_the_uri
        PASS [   0.007s] ( 800/4622) otto-dbviewer drivers::mongodb::tests::mongosh_prelude_switches_to_the_selected_database
        PASS [   0.007s] ( 801/4622) otto-dbviewer drivers::mongodb::tests::opids_from_current_op_keeps_raw_bson_and_skips_rows_without_one
        PASS [   0.007s] ( 802/4622) otto-dbviewer drivers::mongodb::tests::parses_mongosh_insert_with_date_and_backtick
        PASS [   0.007s] ( 803/4622) otto-dbviewer drivers::mongodb::tests::parses_update_one_with_set_unset_rename_and_typed_sentinels
        PASS [   0.007s] ( 804/4622) otto-dbviewer drivers::mongodb::tests::resolve_collection_alias_qualifier
        PASS [   0.007s] ( 805/4622) otto-dbviewer drivers::mongodb::tests::resolve_collection_embedded_path_falls_back_to_base
        PASS [   0.007s] ( 806/4622) otto-dbviewer drivers::mongodb::tests::resolve_collection_no_from_uses_tree_node
        PASS [   0.007s] ( 807/4622) otto-dbviewer drivers::mongodb::tests::resolve_collection_unqualified_uses_base
        PASS [   0.008s] ( 808/4622) otto-dbviewer drivers::mongodb::tests::script_output_is_bounded_while_streaming
        PASS [   0.007s] ( 809/4622) otto-dbviewer drivers::mongodb::tests::script_timeout_honours_the_tab_timeout
        PASS [   0.241s] ( 810/4622) otto-dbviewer drivers::mongodb::tests::grid_expansion_counts_escaped_values_and_late_columns
        PASS [   0.008s] ( 811/4622) otto-dbviewer drivers::mongodb::tests::selected_database_wins_over_the_profile_default
        PASS [   0.007s] ( 812/4622) otto-dbviewer drivers::mongodb::tests::shorthand_aggregate
        PASS [   0.008s] ( 813/4622) otto-dbviewer drivers::mongodb::tests::shorthand_find_basic
        PASS [   0.008s] ( 814/4622) otto-dbviewer drivers::mongodb::tests::shorthand_count
        PASS [   0.008s] ( 815/4622) otto-dbviewer drivers::mongodb::tests::shorthand_honours_escaped_quotes_in_strings
        PASS [   0.008s] ( 816/4622) otto-dbviewer drivers::mongodb::tests::shorthand_find_with_filter_limit_sort
        PASS [   0.008s] ( 817/4622) otto-dbviewer drivers::mongodb::tests::single_statement_without_semicolon_is_one
        PASS [   0.008s] ( 818/4622) otto-dbviewer drivers::mongodb::tests::shorthand_replace_one
        PASS [   0.007s] ( 819/4622) otto-dbviewer drivers::mongodb::tests::splits_multi_statement_paste_with_comments
        PASS [   0.007s] ( 820/4622) otto-dbviewer drivers::mongodb::tests::sql_routing_predicate
        PASS [   0.007s] ( 821/4622) otto-dbviewer drivers::mongodb::tests::structure_sample_is_bounded_by_bytes_not_document_count
        PASS [   0.007s] ( 822/4622) otto-dbviewer drivers::mongodb::tests::timestamp_round_trips_through_typed_json
        PASS [   0.007s] ( 823/4622) otto-dbviewer drivers::mongodb::tests::type_aliases_match_the_explorer_labels
        PASS [   0.008s] ( 824/4622) otto-dbviewer drivers::mysql::cache_isolation_tests::cache_warm_mysql_pool_does_not_wait_for_other_handshake
        PASS [   0.007s] ( 825/4622) otto-dbviewer drivers::mysql::cache_isolation_tests::connect_setup_is_one_statement
        PASS [   0.008s] ( 826/4622) otto-dbviewer drivers::mysql::cache_isolation_tests::effective_db_is_selection_then_profile_default
        PASS [   0.007s] ( 827/4622) otto-dbviewer drivers::mysql::cache_isolation_tests::per_run_setup_is_one_round_trip
        PASS [   0.008s] ( 828/4622) otto-dbviewer drivers::mysql::cache_isolation_tests::session_changing_statements_retire_the_pooled_session
        PASS [   0.007s] ( 829/4622) otto-dbviewer drivers::mysql::tests::capabilities_are_honest
        PASS [   0.008s] ( 830/4622) otto-dbviewer drivers::mysql::tests::cell_decoder_is_chosen_by_column_type
        PASS [   0.008s] ( 831/4622) otto-dbviewer drivers::mysql::tests::detects_read_statements
        PASS [   0.008s] ( 832/4622) otto-dbviewer drivers::mysql::tests::detects_write_statements
        PASS [   0.008s] ( 833/4622) otto-dbviewer drivers::mysql::tests::esc_ident_doubles_backticks
        PASS [   0.008s] ( 834/4622) otto-dbviewer drivers::mysql::tests::first_keyword_skips_comments
        PASS [   0.008s] ( 835/4622) otto-dbviewer drivers::mysql::tests::value_shaping_ints_strings_null
        PASS [   0.130s] ( 836/4622) otto-dbviewer drivers::mongodb::tests::sparse_grid_expansion_obeys_cell_and_byte_budgets
        PASS [   0.009s] ( 837/4622) otto-dbviewer drivers::mysql::tests::value_shaping_temporal
        PASS [   0.008s] ( 838/4622) otto-dbviewer drivers::postgres::tests::bulk_graph_assembles_flags_edges_and_truncation
        PASS [   0.008s] ( 839/4622) otto-dbviewer drivers::postgres::tests::capabilities_are_honest
        PASS [   0.008s] ( 840/4622) otto-dbviewer drivers::postgres::tests::detects_read_statements
        PASS [   0.008s] ( 841/4622) otto-dbviewer drivers::postgres::tests::float_shaping
        PASS [   0.008s] ( 842/4622) otto-dbviewer drivers::postgres::tests::detects_write_statements
        PASS [   0.008s] ( 843/4622) otto-dbviewer drivers::postgres::tests::money_renders_two_decimals
        PASS [   0.008s] ( 844/4622) otto-dbviewer drivers::postgres::tests::interval_renders_iso_ish
        PASS [   0.008s] ( 845/4622) otto-dbviewer drivers::postgres::tests::pg_cell_decoder_is_chosen_by_column_type
        PASS [   0.008s] ( 846/4622) otto-dbviewer drivers::postgres::tests::per_run_setup_is_one_round_trip
        PASS [   0.008s] ( 847/4622) otto-dbviewer drivers::postgres::tests::raw_cell_estimates_track_rendered_size
        PASS [   0.008s] ( 848/4622) otto-dbviewer drivers::postgres::tests::quote_ident_doubles_quotes
        PASS [   0.008s] ( 849/4622) otto-dbviewer drivers::postgres::tests::session_setup_is_always_explicit
        PASS [   0.008s] ( 850/4622) otto-dbviewer drivers::postgres::tests::session_changing_statements_retire_the_pooled_session
        PASS [   0.021s] ( 851/4622) otto-dbviewer drivers::redis::perf_tests::big_array_reply_is_capped_before_conversion
        PASS [   0.025s] ( 852/4622) otto-dbviewer drivers::redis::perf_tests::byte_budget_stops_rows_but_keeps_at_least_one
        PASS [   0.009s] ( 853/4622) otto-dbviewer drivers::redis::perf_tests::key_header_decodes_each_reply_independently
        PASS [   0.008s] ( 854/4622) otto-dbviewer drivers::redis::perf_tests::manager_config_bounds_connect_and_response
        PASS [   0.008s] ( 855/4622) otto-dbviewer drivers::redis::perf_tests::scalar_replies_still_render
        PASS [   0.008s] ( 856/4622) otto-dbviewer drivers::redis::tests::binary_bulk_string_renders_base64_not_placeholder
        PASS [   0.008s] ( 857/4622) otto-dbviewer drivers::redis::tests::capabilities_are_honest
        PASS [   0.008s] ( 858/4622) otto-dbviewer drivers::redis::tests::connection_state_commands_are_refused
        PASS [   0.008s] ( 859/4622) otto-dbviewer drivers::redis::tests::info_field_extracts_version
        PASS [   0.008s] ( 860/4622) otto-dbviewer drivers::redis::tests::keyspace_keys_parses_stats
        PASS [   0.008s] ( 861/4622) otto-dbviewer drivers::redis::tests::keyspace_scope_reaches_the_driver
        PASS [   0.007s] ( 862/4622) otto-dbviewer drivers::redis::tests::reply_to_result_array_is_row_per_element
        PASS [   0.007s] ( 863/4622) otto-dbviewer drivers::redis::tests::reply_to_result_bulk_string_is_single_cell
        PASS [   0.007s] ( 864/4622) otto-dbviewer drivers::redis::tests::reply_to_result_nil_is_message
        PASS [   0.007s] ( 865/4622) otto-dbviewer drivers::redis::tests::split_args_handles_quotes_and_spaces
        PASS [   0.007s] ( 866/4622) otto-dbviewer errors::tests::ch_auth_and_readonly_keep_message
        PASS [   0.007s] ( 867/4622) otto-dbviewer errors::tests::ch_http_strips_version_and_stack_trace
        PASS [   0.008s] ( 868/4622) otto-dbviewer errors::tests::ch_native_exception_drops_stack_and_double_prefix
        PASS [   0.007s] ( 869/4622) otto-dbviewer errors::tests::ch_syntax_error_collapses_expected_list_and_format_echo
        PASS [   0.007s] ( 870/4622) otto-dbviewer errors::tests::ch_trailing_exception_finds_the_last_code
        PASS [   0.007s] ( 871/4622) otto-dbviewer errors::tests::mongo_selection_pulls_out_the_real_error
        PASS [   0.007s] ( 872/4622) otto-dbviewer errors::tests::mysql_message_keeps_errno_and_state
        PASS [   0.007s] ( 873/4622) otto-dbviewer errors::tests::nearest_names_ranks_and_prefers
        PASS [   0.007s] ( 874/4622) otto-dbviewer errors::tests::pg_message_keeps_hint_detail_code_position
        PASS [   0.007s] ( 875/4622) otto-dbviewer errors::tests::sqlx_non_database_errors_keep_their_text
        PASS [   0.008s] ( 876/4622) otto-dbviewer errors::tests::suggestions_from_snapshot
        PASS [   0.007s] ( 877/4622) otto-dbviewer errors::tests::unknown_name_per_engine
        PASS [   0.007s] ( 878/4622) otto-dbviewer export::tests::clickhouse_format_mapping
        PASS [   0.007s] ( 879/4622) otto-dbviewer export::tests::csv_guards_leading_formula_strings
        PASS [   0.007s] ( 880/4622) otto-dbviewer export::tests::csv_header_name_with_comma_is_quoted
        PASS [   0.007s] ( 881/4622) otto-dbviewer export::tests::csv_no_header_quotes_specials
        PASS [   0.007s] ( 882/4622) otto-dbviewer export::tests::csv_with_names_emits_header
        PASS [   0.007s] ( 883/4622) otto-dbviewer export::tests::extension_mapping
        PASS [   0.007s] ( 884/4622) otto-dbviewer export::tests::format_deserializes_snake_case
        PASS [   0.007s] ( 885/4622) otto-dbviewer export::tests::json_empty_result_is_empty_array
        PASS [   0.007s] ( 886/4622) otto-dbviewer export::tests::json_is_a_single_array_of_objects
        PASS [   0.007s] ( 887/4622) otto-dbviewer export::tests::ndjson_is_one_object_per_line
        PASS [   0.007s] ( 888/4622) otto-dbviewer export::tests::tsv_no_header_replaces_control_chars
        PASS [   0.007s] ( 889/4622) otto-dbviewer export::tests::tsv_with_names_emits_header
        PASS [   0.007s] ( 890/4622) otto-dbviewer export::tests::write_raw_counts_bytes_not_rows
        PASS [   0.007s] ( 891/4622) otto-dbviewer http::tests::editor_passes_widget_execution_gate
        PASS [   0.008s] ( 892/4622) otto-dbviewer http::tests::global_connection_without_a_pool_is_root_only
        PASS [   0.008s] ( 893/4622) otto-dbviewer http::tests::import_gate_requires_editor
        PASS [   0.007s] ( 894/4622) otto-dbviewer http::tests::nl_to_sql_gate_requires_editor
        PASS [   0.008s] ( 895/4622) otto-dbviewer http::tests::non_owner_editor_is_denied_ownership_gate
        PASS [   0.008s] ( 896/4622) otto-dbviewer http::tests::owner_passes_ownership_gate_without_role_check
        PASS [   0.007s] ( 897/4622) otto-dbviewer http::tests::viewer_is_rejected_from_widget_execution_gate
        PASS [   0.007s] ( 898/4622) otto-dbviewer http::tests::ws_admin_and_root_pass_ownership_gate
        PASS [   0.007s] ( 899/4622) otto-dbviewer import::tests::coerce_scalar_infers_types_from_csv_strings
        PASS [   0.007s] ( 900/4622) otto-dbviewer import::tests::coerce_scalar_passes_typed_values_through_untouched
        PASS [   0.007s] ( 901/4622) otto-dbviewer import::tests::delimited_rows_with_wrong_arity_are_rejected
        PASS [   0.007s] ( 902/4622) otto-dbviewer import::tests::empty_input_is_an_error
        PASS [   0.008s] ( 903/4622) otto-dbviewer import::tests::ident_backslash_handling_diverges_between_backtick_flavors
        PASS [   0.007s] ( 904/4622) otto-dbviewer import::tests::insert_builder_batches_and_quotes_identifiers
        PASS [   0.007s] ( 905/4622) otto-dbviewer import::tests::insert_builder_double_quotes_identifiers_for_postgres
        PASS [   0.007s] ( 906/4622) otto-dbviewer import::tests::insert_builder_empty_rows_is_no_statements
        PASS [   0.007s] ( 907/4622) otto-dbviewer import::tests::literals_escape_backslashes_per_flavor
        PASS [   0.007s] ( 908/4622) otto-dbviewer import::tests::literals_escape_quotes_and_render_scalars
        PASS [   0.008s] ( 909/4622) otto-dbviewer import::tests::parse_csv_handles_quoted_fields_with_commas
        PASS [   0.007s] ( 910/4622) otto-dbviewer import::tests::parse_csv_uses_first_row_as_headers
        PASS [   0.008s] ( 911/4622) otto-dbviewer import::tests::parse_json_array_of_objects
        PASS [   0.159s] ( 912/4622) otto-dbviewer http::tests::global_connection_is_gated_on_the_database_grant
        PASS [   0.008s] ( 913/4622) otto-dbviewer import::tests::parse_ndjson_keeps_json_types_and_unions_keys
        PASS [   0.008s] ( 914/4622) otto-dbviewer multirun::cluster::tests::a_single_real_cluster_is_detected
        PASS [   0.008s] ( 915/4622) otto-dbviewer multirun::cluster::tests::alter_drop_truncate_rename
        PASS [   0.007s] ( 916/4622) otto-dbviewer multirun::cluster::tests::cluster_literals
        PASS [   0.007s] ( 917/4622) otto-dbviewer multirun::cluster::tests::clusters_containing_this_node_are_preferred
        PASS [   0.007s] ( 918/4622) otto-dbviewer multirun::cluster::tests::create_variants
        PASS [   0.007s] ( 919/4622) otto-dbviewer multirun::cluster::tests::dml_and_reads_are_never_rewritten
        PASS [   0.007s] ( 920/4622) otto-dbviewer multirun::cluster::tests::existing_on_cluster_temporary_and_unknown_forms_are_skipped
        PASS [   0.007s] ( 921/4622) otto-dbviewer multirun::cluster::tests::keywords_in_strings_and_comments_do_not_confuse_it
        PASS [   0.007s] ( 922/4622) otto-dbviewer multirun::cluster::tests::multi_statement_scripts_rewrite_only_ddl_and_keep_the_rest_byte_exact
        PASS [   0.007s] ( 923/4622) otto-dbviewer multirun::cluster::tests::replicated_databases_never_get_on_cluster
        PASS [   0.007s] ( 924/4622) otto-dbviewer multirun::cluster::tests::stock_single_node_configs_are_not_clusters
        PASS [   0.007s] ( 925/4622) otto-dbviewer multirun::cluster::tests::the_cluster_macro_wins_when_listed
        PASS [   0.007s] ( 926/4622) otto-dbviewer multirun::params::tests::finds_all_three_forms_in_first_seen_order
        PASS [   0.007s] ( 927/4622) otto-dbviewer multirun::params::tests::ignores_casts_keys_strings_and_comments
        PASS [   0.007s] ( 928/4622) otto-dbviewer multirun::params::tests::mongo_object_keys_are_not_placeholders
        PASS [   0.007s] ( 929/4622) otto-dbviewer multirun::params::tests::mustache_is_one_token
        PASS [   0.007s] ( 930/4622) otto-dbviewer multirun::params::tests::names_are_validated
        PASS [   0.007s] ( 931/4622) otto-dbviewer multirun::params::tests::numbers_are_validated
        PASS [   0.007s] ( 932/4622) otto-dbviewer multirun::params::tests::strings_are_quoted_per_engine
        PASS [   0.007s] ( 933/4622) otto-dbviewer multirun::params::tests::substitute_handles_multibyte_text
        PASS [   0.007s] ( 934/4622) otto-dbviewer multirun::params::tests::substitute_replaces_right_to_left_and_keeps_unknown
        PASS [   0.007s] ( 935/4622) otto-dbviewer multirun::tests::expands_a_cartesian_product_first_param_outermost
        PASS [   0.007s] ( 936/4622) otto-dbviewer multirun::tests::job_wire_shapes_are_snake_case
        PASS [   0.007s] ( 937/4622) otto-dbviewer multirun::tests::rejects_bad_params
        PASS [   0.007s] ( 938/4622) otto-dbviewer native_access::tests::mysql_maps_exact_database_grants_to_separate_data_schema_and_query_rights
        PASS [   0.007s] ( 939/4622) otto-dbviewer native_access::tests::mysql_rejects_global_privileges_roles_grant_option_and_wildcards
        PASS [   0.007s] ( 940/4622) otto-dbviewer nl::tests::extract_sql_strips_markdown_fences_and_prose
        PASS [   0.008s] ( 941/4622) otto-dbviewer nl::tests::gives_up_after_max_attempts_with_last_error
        PASS [   0.007s] ( 942/4622) otto-dbviewer nl::tests::rejects_a_write_without_running_it
        PASS [   0.008s] ( 943/4622) otto-dbviewer nl::tests::returns_validated_sql_on_first_try
        PASS [   0.008s] ( 944/4622) otto-dbviewer nl::tests::self_corrects_after_an_engine_error
        PASS [   0.007s] ( 945/4622) otto-dbviewer plan::tests::clickhouse_json_tree_no_full_scan_warning
        PASS [   0.007s] ( 946/4622) otto-dbviewer plan::tests::clickhouse_text_fallback_is_one_node_per_line
        PASS [   0.007s] ( 947/4622) otto-dbviewer plan::tests::mongo7_query_plan_nesting_is_unwrapped
        PASS [   0.007s] ( 948/4622) otto-dbviewer plan::tests::mongo_collscan_flagged
        PASS [   0.007s] ( 949/4622) otto-dbviewer plan::tests::mongo_ixscan_walks_input_stage_no_warning
        PASS [   0.008s] ( 950/4622) otto-dbviewer plan::tests::mysql_full_scan_and_filesort_flagged
        PASS [   0.007s] ( 951/4622) otto-dbviewer plan::tests::mysql_indexed_ref_has_no_full_scan_warning
        PASS [   0.007s] ( 952/4622) otto-dbviewer plan::tests::mysql_new_9x_format_table_scan_flagged
        PASS [   0.007s] ( 953/4622) otto-dbviewer plan::tests::postgres_index_scan_not_flagged
        PASS [   0.007s] ( 954/4622) otto-dbviewer plan::tests::postgres_seq_scan_flagged_and_children_walked
        PASS [   0.008s] ( 955/4622) otto-dbviewer resource_cache::tests::resource_cache_abort_initializer_allows_retry
        PASS [   0.008s] ( 956/4622) otto-dbviewer resource_cache::tests::resource_cache_dead_resource_replaced_and_retired_lease_survives
        PASS [   0.007s] ( 957/4622) otto-dbviewer resource_cache::tests::resource_cache_failed_keys_are_not_retained
        PASS [   0.007s] ( 958/4622) otto-dbviewer resource_cache::tests::resource_cache_lifecycle_blocks_stale_acquisition_without_initializing
        PASS [   0.008s] ( 959/4622) otto-dbviewer resource_cache::tests::resource_cache_ready_cleanup_does_not_initialize_and_predicate_close_is_scoped
        PASS [   0.008s] ( 960/4622) otto-dbviewer resource_cache::tests::resource_cache_retirement_stops_late_publication
        PASS [   0.007s] ( 961/4622) otto-dbviewer resource_cache::tests::resource_cache_same_key_single_flight
        PASS [   0.007s] ( 962/4622) otto-dbviewer resource_cache::tests::resource_cache_warm_key_is_independent_of_blocked_initialization
        PASS [   0.073s] ( 963/4622) otto-dbviewer resource_cache::tests::take_idle_detaches_only_ready_slots_unused_for_the_window
        PASS [   0.008s] ( 964/4622) otto-dbviewer service::lifecycle_tests::completion_reuses_a_recent_secret_read_and_fresh_reads_refresh_it
        PASS [   0.162s] ( 965/4622) otto-dbviewer service::lifecycle_tests::cancel_without_native_handle_aborts_the_task_and_reports_it
        PASS [   0.008s] ( 966/4622) otto-dbviewer service::lifecycle_tests::forget_secret_evicts_completions_cached_copy
        PASS [   0.159s] ( 967/4622) otto-dbviewer service::lifecycle_tests::completion_work_survives_the_request_being_dropped
        PASS [   0.163s] ( 968/4622) otto-dbviewer service::lifecycle_tests::lifecycle_cancelled_close_caller_keeps_owned_cleanup_alive
        PASS [   0.165s] ( 969/4622) otto-dbviewer service::lifecycle_tests::lifecycle_close_after_resolve_before_acquire_cannot_reopen
        PASS [   0.009s] ( 970/4622) otto-dbviewer service::metadata::tests::mongo_metadata_drops_values_and_malformed_schema_entries
        PASS [   0.175s] ( 971/4622) otto-dbviewer service::lifecycle_tests::lifecycle_native_cancel_deadline_releases_old_ownership
        PASS [   0.189s] ( 972/4622) otto-dbviewer service::multirun::tests::cancel_stops_the_running_run_and_the_pending_ones
        PASS [   0.171s] ( 973/4622) otto-dbviewer service::multirun::tests::clickhouse_ddl_gets_on_cluster_and_dml_does_not
        PASS [   0.176s] ( 974/4622) otto-dbviewer service::multirun::tests::guarded_writes_are_refused_up_front_without_confirmation
        PASS [   0.164s] ( 975/4622) otto-dbviewer service::multirun::tests::invalid_specs_are_refused_before_anything_runs
        PASS [   0.181s] ( 976/4622) otto-dbviewer service::multirun::tests::since_returns_only_the_runs_changed_after_that_seq
        PASS [   0.190s] ( 977/4622) otto-dbviewer service::multirun::tests::stop_on_error_skips_the_rest_and_continue_runs_everything
        PASS [   0.171s] ( 978/4622) otto-dbviewer service::multirun::tests::targets_times_values_each_run_separately_and_land_in_history
        PASS [   0.164s] ( 979/4622) otto-dbviewer service::perf_budget_tests::enforced_run_stays_within_state_read_budget
        PASS [   0.164s] ( 980/4622) otto-dbviewer service::perf_budget_tests::legacy_run_stays_within_state_read_budget
        PASS [   0.161s] ( 981/4622) otto-dbviewer service::perf_budget_tests::object_detail_filters_mixed_fk_scopes_without_changing_order
        PASS [   0.098s] ( 982/4622) otto-dbviewer service::perf_budget_tests::query_result_serialise_10k_x_30_within_ceiling
        PASS [   0.308s] ( 983/4622) otto-dbviewer service::perf_budget_tests::object_detail_reads_do_not_scale_with_repeated_foreign_key_scopes
        PASS [   0.313s] ( 984/4622) otto-dbviewer service::perf_budget_tests::run_issues_one_driver_execution_and_no_catalog_calls
        PASS [   0.215s] ( 985/4622) otto-dbviewer service::perf_budget_tests::schema_graph_is_single_flight_and_cached
        PASS [   0.008s] ( 986/4622) otto-dbviewer service::person_confirm_tests::an_agent_credential_never_confirms_a_guarded_write
        PASS [   0.177s] ( 987/4622) otto-dbviewer service::scoped_metadata_tests::enforced_mongo_completion_contains_nested_fields_only_from_authorized_schema
        PASS [   0.162s] ( 988/4622) otto-dbviewer service::scoped_metadata_tests::enforced_mongo_detail_keeps_schema_metadata_but_not_sampled_values
        PASS [   0.170s] ( 989/4622) otto-dbviewer service::scoped_metadata_tests::enforced_mongo_fields_rebuild_on_policy_change_and_refresh
        PASS [   0.008s] ( 990/4622) otto-dbviewer service::tests::cancel_handle_for_no_captured_handle_is_none
        PASS [   0.007s] ( 991/4622) otto-dbviewer service::tests::cancel_handle_for_returns_captured_handle_on_match
        PASS [   0.007s] ( 992/4622) otto-dbviewer service::tests::cancel_handle_for_unknown_query_is_none
        PASS [   0.008s] ( 993/4622) otto-dbviewer service::tests::cancel_handle_for_wrong_connection_is_none
        PASS [   0.008s] ( 994/4622) otto-dbviewer service::tests::ensure_read_only_allows_sql_reads
        PASS [   0.008s] ( 995/4622) otto-dbviewer service::tests::ensure_read_only_blocks_sql_writes_and_injection
        PASS [   0.007s] ( 996/4622) otto-dbviewer service::tests::ensure_read_only_empty_statement_is_invalid
        PASS [   0.007s] ( 997/4622) otto-dbviewer service::tests::ensure_read_only_mongo_reads_vs_writes
        PASS [   0.008s] ( 998/4622) otto-dbviewer service::tests::ensure_read_only_redis_reads_vs_writes
        PASS [   0.008s] ( 999/4622) otto-dbviewer service::tests::ensure_read_only_refuses_redis_keys_over_mcp
        PASS [   0.008s] (1000/4622) otto-dbviewer service::tests::finished_store_evicts_oldest_beyond_cap
        PASS [   0.008s] (1001/4622) otto-dbviewer service::tests::finished_store_expires_entries_past_ttl
        PASS [   0.660s] (1002/4622) otto-dbviewer service::perf_budget_tests::schema_root_reads_do_not_scale_with_database_count
        PASS [   0.008s] (1003/4622) otto-dbviewer service::tests::finished_store_parks_and_serves_scoped_to_connection
        PASS [   0.020s] (1004/4622) otto-dbviewer service::tests::finished_store_is_bounded_by_bytes_and_prune_frees_them
        PASS [   0.008s] (1005/4622) otto-dbviewer service::tests::format_schema_context_empty_and_no_relationships
        PASS [   0.008s] (1006/4622) otto-dbviewer service::tests::format_schema_context_renders_tables_columns_flags_and_fks
        PASS [   0.008s] (1007/4622) otto-dbviewer service::tests::graph_cache_sweep_drops_only_expired_graphs
        PASS [   0.008s] (1008/4622) otto-dbviewer service::tests::in_flight_guard_removes_its_entry_on_drop
        PASS [   0.008s] (1009/4622) otto-dbviewer service::tests::mcp_gate_keeps_its_marker_after_the_refactor
        PASS [   0.008s] (1010/4622) otto-dbviewer service::tests::node_to_schema_handles_tagged_bare_and_none
        PASS [   0.008s] (1011/4622) otto-dbviewer service::tests::read_only_request_allows_reads_and_rejects_empty
        PASS [   0.008s] (1012/4622) otto-dbviewer service::tests::running_status_reports_elapsed_time
        PASS [   0.008s] (1013/4622) otto-dbviewer service::tests::read_only_request_refuses_writes_with_its_own_marker
        PASS [   0.008s] (1014/4622) otto-dbviewer service::tests::widget_request_is_read_only_and_refuses_writes
        PASS [   0.008s] (1015/4622) otto-dbviewer service::tests::widgets_run_read_only_and_refuse_writes_at_save
        PASS [   0.008s] (1016/4622) otto-dbviewer split::tests::backslash_escape_then_real_semicolon_splits
        PASS [   0.008s] (1017/4622) otto-dbviewer split::tests::backslash_escaped_quote_keeps_string_open
        PASS [   0.008s] (1018/4622) otto-dbviewer split::tests::block_comment_hides_semicolon
        PASS [   0.008s] (1019/4622) otto-dbviewer split::tests::backtick_identifier_with_semicolon_mysql_only
        PASS [   0.008s] (1020/4622) otto-dbviewer split::tests::comment_or_blank_only_input_yields_no_spans
        PASS [   0.008s] (1021/4622) otto-dbviewer split::tests::dollar_quoting_postgres_only
        PASS [   0.008s] (1022/4622) otto-dbviewer split::tests::doubled_quote_escape_keeps_string_open
        PASS [   0.008s] (1023/4622) otto-dbviewer split::tests::dollar_sign_positional_param_is_not_a_dollar_quote
        PASS [   0.008s] (1024/4622) otto-dbviewer split::tests::hash_comment_mysql_only
        PASS [   0.008s] (1025/4622) otto-dbviewer split::tests::empty_segments_dropped
        PASS [   0.007s] (1026/4622) otto-dbviewer split::tests::internal_comment_preserved_in_text
        PASS [   0.007s] (1027/4622) otto-dbviewer split::tests::leading_and_trailing_comment_noise_trimmed
        PASS [   0.008s] (1028/4622) otto-dbviewer split::tests::multi_statement_happy_path
        PASS [   0.008s] (1029/4622) otto-dbviewer split::tests::line_comment_dash_hides_semicolon
        PASS [   0.008s] (1030/4622) otto-dbviewer split::tests::multibyte_content_keeps_char_boundaries
        PASS [   0.008s] (1031/4622) otto-dbviewer split::tests::plain_single_statement
        PASS [   0.008s] (1032/4622) otto-dbviewer split::tests::semicolon_inside_double_quote_is_not_a_boundary
        PASS [   0.008s] (1033/4622) otto-dbviewer split::tests::semicolon_inside_single_quote_is_not_a_boundary
        PASS [   0.007s] (1034/4622) otto-dbviewer split::tests::span_offsets_slice_back_to_text
        PASS [   0.007s] (1035/4622) otto-dbviewer split::tests::trailing_semicolon_dropped
        PASS [   0.007s] (1036/4622) otto-dbviewer split::tests::trailing_statement_without_semicolon_kept
        PASS [   0.007s] (1037/4622) otto-dbviewer types::tests::appends_after_order_by
        PASS [   0.008s] (1038/4622) otto-dbviewer types::tests::approx_json_len_tracks_the_serialized_size
        PASS [   0.008s] (1039/4622) otto-dbviewer types::tests::batch_write_gate_catches_a_write_anywhere_in_the_batch
        PASS [   0.007s] (1040/4622) otto-dbviewer types::tests::byte_budget_trips_past_its_limit
        PASS [   0.008s] (1041/4622) otto-dbviewer types::tests::big_integers_keep_every_digit
        PASS [   0.008s] (1042/4622) otto-dbviewer types::tests::cancel_token_carries_a_mongo_comment_tag
        PASS [   0.008s] (1043/4622) otto-dbviewer types::tests::cancel_token_is_shared_across_clones
        PASS [   0.008s] (1044/4622) otto-dbviewer types::tests::cancel_token_round_trips_a_handle
        PASS [   0.008s] (1045/4622) otto-dbviewer types::tests::cancel_token_last_set_wins
        PASS [   0.008s] (1046/4622) otto-dbviewer types::tests::column_def_collation_serializes_only_when_known
        PASS [   0.007s] (1047/4622) otto-dbviewer types::tests::compact_count_reads_as_an_estimate
        PASS [   0.018s] (1048/4622) otto-dbviewer types::tests::cap_cell_truncates_only_oversized_strings
        PASS [   0.008s] (1049/4622) otto-dbviewer types::tests::cursor_deserializes_default_none
        PASS [   0.007s] (1050/4622) otto-dbviewer types::tests::empty_kinds_matches_every_object_kind
        PASS [   0.008s] (1051/4622) otto-dbviewer types::tests::errored_batch_entry_flags_and_carries_the_message
        PASS [   0.007s] (1052/4622) otto-dbviewer types::tests::existing_limit_forms_and_fetch_locking_are_never_rewritten
        PASS [   0.008s] (1053/4622) otto-dbviewer types::tests::fold_batch_results_puts_first_on_top_rest_in_more_results
        PASS [   0.007s] (1054/4622) otto-dbviewer types::tests::format_clause_is_left_untouched
        PASS [   0.008s] (1055/4622) otto-dbviewer types::tests::injects_after_leading_comment_and_for_cte_and_paren
        PASS [   0.008s] (1056/4622) otto-dbviewer types::tests::injected_limit_is_not_swallowed_by_trailing_comment
        PASS [   0.008s] (1057/4622) otto-dbviewer types::tests::injects_limit_on_plain_select
        PASS [   0.008s] (1058/4622) otto-dbviewer types::tests::leaves_existing_limit_untouched
        PASS [   0.008s] (1059/4622) otto-dbviewer types::tests::mongo_classifier_is_per_statement_and_parse_anchored
        PASS [   0.008s] (1060/4622) otto-dbviewer types::tests::mongo_reads_vs_writes
        PASS [   0.007s] (1061/4622) otto-dbviewer types::tests::mongosh_script_detection_is_line_anchored_and_comment_aware
        PASS [   0.007s] (1062/4622) otto-dbviewer types::tests::mongo_sql_selects_are_reads_not_writes
        PASS [   0.008s] (1063/4622) otto-dbviewer types::tests::multi_statement_is_left_untouched
        PASS [   0.008s] (1064/4622) otto-dbviewer types::tests::mongosh_scripts_always_classify_as_writes
        PASS [   0.008s] (1065/4622) otto-dbviewer types::tests::non_select_row_returning_statements_are_left_untouched
        PASS [   0.008s] (1066/4622) otto-dbviewer types::tests::next_cursor_is_omitted_from_json_when_none
        PASS [   0.008s] (1067/4622) otto-dbviewer types::tests::offset_never_lands_on_a_bailed_statement
        PASS [   0.008s] (1068/4622) otto-dbviewer types::tests::offset_is_appended_after_the_injected_limit
        PASS [   0.008s] (1069/4622) otto-dbviewer types::tests::query_id_deserializes_default_none
        PASS [   0.008s] (1070/4622) otto-dbviewer types::tests::offset_zero_is_elided
        PASS [   0.008s] (1071/4622) otto-dbviewer types::tests::query_request_scope_database_ignores_keyspaces
        PASS [   0.008s] (1072/4622) otto-dbviewer types::tests::quoted_or_commented_limit_tokens_do_not_disable_plain_preview
        PASS [   0.008s] (1073/4622) otto-dbviewer types::tests::rate_limit_identifier_is_not_a_limit_clause
        PASS [   0.008s] (1074/4622) otto-dbviewer types::tests::read_looking_writes_are_writes_for_mysql_and_postgres
        PASS [   0.008s] (1075/4622) otto-dbviewer types::tests::redis_reads_vs_writes
        PASS [   0.007s] (1076/4622) otto-dbviewer types::tests::scope_canonical_node_round_trips
        PASS [   0.008s] (1077/4622) otto-dbviewer types::tests::search_limit_is_defaulted_and_capped
        PASS [   0.008s] (1078/4622) otto-dbviewer types::tests::scope_parses_every_node_shape
        PASS [   0.007s] (1079/4622) otto-dbviewer types::tests::search_req_defaults_scope_to_this_schema
        PASS [   0.008s] (1080/4622) otto-dbviewer types::tests::sql_reads_are_not_writes
        PASS [   0.007s] (1081/4622) otto-dbviewer types::tests::statement_preview_collapses_and_clips
        PASS [   0.008s] (1082/4622) otto-dbviewer types::tests::sql_writes_and_ddl_are_writes
        PASS [   0.008s] (1083/4622) otto-dbviewer types::tests::tls_mode_accepts_legacy_aliases
        PASS [   0.008s] (1084/4622) otto-dbviewer types::tests::strips_trailing_semicolon_before_appending
        PASS [   0.007s] (1085/4622) otto-dbviewer types::tests::tls_mode_canonical_spellings_parse
        PASS [   0.008s] (1086/4622) otto-dbviewer types::tests::tls_verify_defaults_true_only_when_absent
        PASS [   0.007s] (1087/4622) otto-dbviewer types::tests::truncated_reason_is_omitted_unless_set
        PASS [   0.008s] (1088/4622) otto-dbviewer types::tests::truncated_bounded_read_keeps_its_session
        PASS [   0.008s] (1089/4622) otto-dbviewer types::tests::union_is_left_untouched
        PASS [   0.008s] (1090/4622) otto-dbviewer types::tests::unbounded_remainder_or_error_discards_the_session
        PASS [   0.008s] (1091/4622) otto-dbviewer types::tests::unsupported_search_result_is_empty_not_an_error
        PASS [   0.008s] (1092/4622) otto-dbviewer types::tests::write_guard_covers_every_engine_split
        PASS [   0.008s] (1093/4622) otto-dbviewer types::tests::write_guard_parity_never_drops_a_write_outside_literals_and_comments
        PASS [   0.008s] (1094/4622) otto-dbviewer::mcp_query read_only_defaults_off_and_deserializes
        PASS [   0.160s] (1095/4622) otto-dbviewer::mcp_query non_queryable_kind_is_invalid
        PASS [   0.163s] (1096/4622) otto-dbviewer::mcp_query read_only_on_a_non_queryable_kind_is_invalid
        PASS [   0.160s] (1097/4622) otto-dbviewer::mcp_query read_only_run_refuses_a_write_on_an_unguarded_connection
        PASS [   0.153s] (1098/4622) otto-dbviewer::mcp_query read_only_wins_over_confirm_write
        PASS [   3.168s] (1099/4622) otto-dbviewer::mcp_query read_only_read_passes_the_gate_and_reaches_execution
        PASS [   3.156s] (1100/4622) otto-dbviewer::mcp_query read_passes_the_gate_and_reaches_execution
        PASS [   0.165s] (1101/4622) otto-dbviewer::mcp_query write_is_blocked_before_connecting
        PASS [   0.160s] (1102/4622) otto-dbviewer::resource_access daemon_host_paths_are_root_only_even_for_legacy_connections
        PASS [   0.157s] (1103/4622) otto-dbviewer::resource_access export_refuses_a_write_on_an_unguarded_connection
        PASS [   0.155s] (1104/4622) otto-dbviewer::resource_access governed_readonly_profile_rejects_confirmed_root_write_before_network
        PASS [   0.159s] (1105/4622) otto-dbviewer::resource_access grants_block_writes_exports_and_hidden_ids_before_network_and_revocation_is_live
        PASS [   0.159s] (1106/4622) otto-dbviewer::resource_access proposed_edits_use_saved_secret_without_persisting_and_reject_delegated_forwarding
        PASS [   0.128s] (1107/4622) otto-design blobs::tests::gc_guard_waits_for_in_flight_references_across_aliases
        PASS [   0.014s] (1108/4622) otto-design blobs::tests::put_is_content_addressed_and_idempotent
        PASS [   0.009s] (1109/4622) otto-design blobs::tests::refuses_non_sha_names
        PASS [   0.009s] (1110/4622) otto-design brand::contrast::tests::a_mid_grey_on_a_mid_grey_ink_warns
        PASS [   0.006s] (1111/4622) otto-design brand::contrast::tests::ink_falls_back_to_the_darkest_colour_then_black
        PASS [   0.006s] (1112/4622) otto-design brand::contrast::tests::known_ratios
        PASS [   0.006s] (1113/4622) otto-design brand::contrast::tests::levels
        PASS [   0.006s] (1114/4622) otto-design brand::contrast::tests::report_covers_white_ink_and_every_pair
        PASS [   0.006s] (1115/4622) otto-design brand::doc::tests::a_full_kit_and_the_default_doc_validate
        PASS [   0.006s] (1116/4622) otto-design brand::doc::tests::bad_tokens_are_reported_by_path
        PASS [   0.006s] (1117/4622) otto-design brand::doc::tests::css_names_are_kebab_and_type_styles_expand
        PASS [   0.006s] (1118/4622) otto-design brand::doc::tests::helpers
        PASS [   0.007s] (1119/4622) otto-design brand::doc::tests::model_normalizes_and_flattens
        PASS [   0.006s] (1120/4622) otto-design brand::doc::tests::model_skips_what_does_not_validate
        PASS [   0.006s] (1121/4622) otto-design brand::doc::tests::too_many_tokens_are_refused
        PASS [   0.006s] (1122/4622) otto-design brand::export::tests::an_empty_kit_exports_valid_empty_blocks
        PASS [   0.006s] (1123/4622) otto-design brand::export::tests::css_uses_the_contract_names
        PASS [   0.006s] (1124/4622) otto-design brand::export::tests::dtcg_is_typed_and_carries_the_rest_as_extensions
        PASS [   0.006s] (1125/4622) otto-design brand::export::tests::formats_and_slugs
        PASS [   0.006s] (1126/4622) otto-design brand::export::tests::tailwind_uses_theme_namespaces
        PASS [   0.006s] (1127/4622) otto-design brand::extract::tests::logos_embed_and_text_has_tokens_and_voice
        PASS [   0.006s] (1128/4622) otto-design brand::extract::tests::malformed_and_non_json_are_reported_not_fatal
        PASS [   0.173s] (1129/4622) otto-design brand::http::tests::impact_lists_consumers_and_what_a_change_reaches
        PASS [   0.159s] (1130/4622) otto-design brand::http::tests::saves_are_validated_and_exports_render
        PASS [   0.008s] (1131/4622) otto-design brand::impact::tests::consumers_see_only_what_they_reference_unless_whole_kit
        PASS [   0.007s] (1132/4622) otto-design brand::impact::tests::diff_reports_changed_added_removed
        PASS [   0.006s] (1133/4622) otto-design brand::impact::tests::studio_counts_sort_by_count_then_name
        PASS [   0.006s] (1134/4622) otto-design brand::impact::tests::token_refs_cover_both_reference_forms
        PASS [   0.007s] (1135/4622) otto-design cite::tests::markers_need_a_pure_bracket_group
        PASS [   0.006s] (1136/4622) otto-design cite::tests::nothing_offered_means_nothing_verifies
        PASS [   0.006s] (1137/4622) otto-design cite::tests::verify_keeps_offered_drops_the_rest
        PASS [   0.006s] (1138/4622) otto-design diff::tests::json_diff_matches_objects_by_id_and_is_bounded
        PASS [   0.006s] (1139/4622) otto-design diff::tests::text_and_binary_summaries_carry_no_content
        PASS [   0.006s] (1140/4622) otto-design extract::tests::binaries_and_garbage_never_panic
        PASS [   0.006s] (1141/4622) otto-design extract::tests::html_src_embeds_href_references_and_text_is_visible_only
        PASS [   0.006s] (1142/4622) otto-design extract::tests::mermaid_click_lines_describe_with_their_node
        PASS [   0.006s] (1143/4622) otto-design extract::tests::node_ids_cover_json_and_html
        PASS [   0.006s] (1144/4622) otto-design extract::tests::otto_canvas_indexes_its_inner_source
        PASS [   0.006s] (1145/4622) otto-design extract::tests::scene3d_gltf_embeds_legacy_attachment_and_indexes_names
        PASS [   0.006s] (1146/4622) otto-design extract::tests::scene3d_v2_links_models_and_brand_and_indexes_tokens_and_views
        PASS [   0.006s] (1147/4622) otto-design extract::tests::site_blocks_use_key_based_rels_and_report_malformed
        PASS [   0.006s] (1148/4622) otto-design format::tests::default_content_is_valid_for_every_non_binary_format
        PASS [   0.006s] (1149/4622) otto-design format::tests::event_content_skips_binaries_and_oversized_payloads
        PASS [   0.006s] (1150/4622) otto-design format::tests::every_format_is_unique_and_homed_in_a_real_studio
        PASS [   0.007s] (1151/4622) otto-design format::tests::validate_checks_shape_per_encoding
        PASS [   0.006s] (1152/4622) otto-design graph::tests::depth_below_measures_the_longest_chain_and_saturates
        PASS [   0.006s] (1153/4622) otto-design graph::tests::reaches_finds_paths_and_detects_would_be_cycles
        PASS [   0.153s] (1154/4622) otto-design http::tests::artifact_list_pages_by_cursor_and_carries_story_ids
        PASS [   0.158s] (1155/4622) otto-design http::tests::auto_tidy_toggle_is_root_only
        PASS [   0.160s] (1156/4622) otto-design http::tests::bulk_links_read_many_artifacts_in_one_call
        PASS [   0.152s] (1157/4622) otto-design http::tests::conditional_gets_answer_304_and_versions_are_immutable
        PASS [   0.159s] (1158/4622) otto-design http::tests::project_artifact_content_version_roundtrip
        PASS [   0.259s] (1159/4622) otto-design http::tests::put_content_4mb_never_blocks_a_worker
        PASS [   3.181s] (1160/4622) otto-dbviewer::mcp_query the_same_write_without_read_only_is_not_refused
        PASS [   0.157s] (1161/4622) otto-design http::tests::rendered_thumbnails_are_sniffed_capped_and_never_bump_updated_at
        PASS [   0.171s] (1162/4622) otto-design http::tests::restore_recommits_an_old_version_server_side
        PASS [   0.164s] (1163/4622) otto-design http::tests::restored_reference_added_and_forked_signals_need_their_key
        PASS [   0.162s] (1164/4622) otto-design http::tests::sha_keyed_thumbnails_cache_forever_and_replaced_ones_are_gcd
        PASS [   0.008s] (1165/4622) otto-design import::tests::classifies_design_attachments_and_titles
        PASS [   0.166s] (1166/4622) otto-design http::tests::workspace_rbac_links_and_signals
        PASS [   0.176s] (1167/4622) otto-design import::tests::import_is_idempotent_links_stories_and_syncs_changes
        PASS [   0.008s] (1168/4622) otto-design learn::tests::edits_reject_reasons_and_a11y_fixes_aggregate
        PASS [   0.008s] (1169/4622) otto-design learn::tests::one_artifact_or_a_losing_direction_is_not_a_team_rule
        PASS [   0.169s] (1170/4622) otto-design import::tests::stamp_source_preserves_metadata_approved_after_its_snapshot
        PASS [   0.007s] (1171/4622) otto-design learn::tests::slugs_and_properties_normalize
        PASS [   0.008s] (1172/4622) otto-design learn::tests::repeated_variant_choices_become_a_ready_preference
        PASS [   0.007s] (1173/4622) otto-design retention::tests::due_runs_at_most_once_a_day_and_never_when_off
        PASS [   0.007s] (1174/4622) otto-design retention::tests::protected_and_head_are_never_candidates
        PASS [   0.007s] (1175/4622) otto-design retention::tests::scheduler_config_follows_the_toggle_unless_env_forces_it
        PASS [   0.007s] (1176/4622) otto-design retention::tests::squashes_autosaves_per_window_and_keeps_everything_else
        PASS [   0.165s] (1177/4622) otto-design service::tests::aliased_metadata_patches_preserve_independent_acknowledged_edits
        PASS [   0.172s] (1178/4622) otto-design service::tests::aliased_service_instances_serialize_commit_publication
        PASS [   0.169s] (1179/4622) otto-design service::tests::approve_notifies_follow_approved_consumers_and_signals_flow
        PASS [   0.169s] (1180/4622) otto-design service::tests::big_saves_index_and_meta_updates_reuse_the_indexed_body
        PASS [   0.163s] (1181/4622) otto-design service::tests::create_save_dedup_conflict_and_working_copy
        PASS [   0.173s] (1182/4622) otto-design service::tests::fork_story_link_search_and_opt_in_prune
        PASS [   0.170s] (1183/4622) otto-design service::tests::hard_delete_gcs_its_blobs_but_keeps_shared_ones
        PASS [   0.167s] (1184/4622) otto-design service::tests::links_extract_on_save_report_broken_and_reject_cycles
        PASS [   0.007s] (1185/4622) otto-design service::tests::pure_helpers_bound_and_clean_inputs
        PASS [   0.177s] (1186/4622) otto-design service::tests::scheduled_prune_skips_recent_history_and_gcs_old_autosaves
        PASS [   0.161s] (1187/4622) otto-design service::tests::stale_artifact_snapshot_cannot_deduplicate_over_a_new_head
        PASS [   0.372s] (1188/4622) otto-design service::tests::metadata_and_approval_share_canonical_publication_boundary
        PASS [   0.164s] (1189/4622) otto-design service::tests::thumbnail_stale_snapshot_does_not_skip_requested_restore_or_gc
        PASS [   0.267s] (1190/4622) otto-design service::tests::thumbnail_waits_for_metadata_publication_through_alias_root
        PASS [   0.008s] (1191/4622) otto-design site::export::tests::previews_inline_the_css_and_keep_links_inside_the_route
        PASS [   0.007s] (1192/4622) otto-design site::export::tests::the_static_site_has_pages_one_stylesheet_with_tokens_assets_and_the_manifest
        PASS [   0.007s] (1193/4622) otto-design site::extract::tests::embeds_brand_images_and_provenance_are_linked_to_their_section
        PASS [   0.007s] (1194/4622) otto-design site::extract::tests::malformed_references_are_reported_and_garbage_never_panics
        PASS [   0.006s] (1195/4622) otto-design site::http::tests::images_are_sniffed_and_query_values_sanitized
        PASS [   0.156s] (1196/4622) otto-design service::tests::update_meta_thumbnail_replacement_gcs_the_old_blob
        PASS [   0.164s] (1197/4622) otto-design site::http::tests::invalid_site_documents_are_refused_on_save
        PASS [   0.172s] (1198/4622) otto-design site::http::tests::local_publish_and_preview_render_pages_inside_the_route
        PASS [   0.007s] (1199/4622) otto-design site::render::tests::copy_is_escaped_and_links_are_sanitized
        PASS [   0.007s] (1200/4622) otto-design site::render::tests::documents_have_a_title_lang_and_the_stylesheet
        PASS [   0.007s] (1201/4622) otto-design site::render::tests::embeds_render_the_poster_or_a_stand_in
        PASS [   0.007s] (1202/4622) otto-design site::render::tests::every_block_renders_a_scoped_section_without_scripts
        PASS [   0.007s] (1203/4622) otto-design site::render::tests::sections_carry_tone_spacing_motion_and_breakpoint_classes
        PASS [   0.006s] (1204/4622) otto-design site::schema::tests::catalog_names_are_unique_and_media_slots_use_known_blocks
        PASS [   0.006s] (1205/4622) otto-design site::schema::tests::parse_is_lenient_on_missing_fields_and_collects_rendered_refs
        PASS [   0.007s] (1206/4622) otto-design site::theme::tests::a_v1_kit_becomes_brand_vars_and_bound_slots
        PASS [   0.007s] (1207/4622) otto-design site::theme::tests::backgrounds_resolve_to_vars_with_a_tone
        PASS [   0.007s] (1208/4622) otto-design site::theme::tests::colour_math_and_sanitizing
        PASS [   0.007s] (1209/4622) otto-design site::theme::tests::no_kit_means_defaults_and_legacy_kits_still_read
        PASS [   0.006s] (1210/4622) otto-design site::validate::tests::loose_documents_other_tools_write_still_save
        PASS [   0.006s] (1211/4622) otto-design site::validate::tests::scheme_and_data_image_helpers
        PASS [   0.006s] (1212/4622) otto-design site::validate::tests::structure_ids_blocks_and_enums_are_checked
        PASS [   0.006s] (1213/4622) otto-design site::validate::tests::the_stored_default_and_a_real_page_are_valid
        PASS [   0.006s] (1214/4622) otto-design site::validate::tests::unsafe_urls_are_refused_with_their_path
        PASS [   0.006s] (1215/4622) otto-design site::zip::tests::a_written_archive_reads_back_byte_for_byte
        PASS [   0.006s] (1216/4622) otto-design site::zip::tests::crc32_matches_the_standard_check_value
        PASS [   0.006s] (1217/4622) otto-design site::zip::tests::dos_timestamps_pack_fields
        PASS [   0.170s] (1218/4622) otto-design site::http::tests::zip_export_ships_pages_one_stylesheet_with_tokens_and_records_a_pinned_publish
        PASS [   0.159s] (1219/4622) otto-design store::tests::artifacts_and_versions_carry_resolved_people
        PASS [   0.163s] (1220/4622) otto-design store::tests::artifacts_carry_their_creating_session_title
        PASS [   0.164s] (1221/4622) otto-design store::tests::commit_moves_head_and_guards_the_base_version
        PASS [   0.007s] (1222/4622) otto-design store::tests::fts_match_quotes_terms_and_prefixes_the_last
        PASS [   0.158s] (1223/4622) otto-design store::tests::filters_workspaces_and_searches_with_fts
        PASS [   0.167s] (1224/4622) otto-design store::tests::fts_writes_go_through_the_rowid_map
        PASS [   0.163s] (1225/4622) otto-design store::tests::legacy_design_index_gets_its_map_built_and_deduplicated
        PASS [   0.162s] (1226/4622) otto-design store::tests::links_in_out_adjacency_and_hard_delete_marks_backlinks_broken
        PASS [   0.164s] (1227/4622) otto-design store::tests::protected_versions_cover_head_approved_pins_publishes_and_signals
        PASS [   0.164s] (1228/4622) otto-design store::tests::reference_counts_batch_matches_the_single_count
        PASS [   0.158s] (1229/4622) otto-design store::tests::rows_carry_story_ids_and_page_by_cursor
        PASS [   0.168s] (1230/4622) otto-design store::tests::scan_fallback_keeps_the_rowid_map_consistent
        PASS [   0.165s] (1231/4622) otto-design store::tests::source_key_is_unique_for_idempotent_import
        PASS [   0.007s] (1232/4622) otto-design uri::tests::parses_every_selector_and_node
        PASS [   0.007s] (1233/4622) otto-design uri::tests::rejects_malformed_references
        PASS [   0.006s] (1234/4622) otto-design uri::tests::scan_finds_references_in_free_text
        PASS [   0.007s] (1235/4622) otto-design uri::tests::scan_is_safe_on_multibyte_text_and_bounded
        PASS [   0.165s] (1236/4622) otto-design store::tests::stale_map_row_never_touches_another_artifact
        PASS [   0.008s] (1237/4622) otto-design variants::tests::branch_names_round_trip_and_reject_main
        PASS [   0.168s] (1238/4622) otto-design variants::tests::accept_refuses_a_moved_head_unless_forced
        PASS [   0.009s] (1239/4622) otto-design-assist tests::adapters_pick_the_agent_file_per_format
        PASS [   0.007s] (1240/4622) otto-design-assist tests::brief_is_deterministic_bounded_and_numbered
        PASS [   0.006s] (1241/4622) otto-design-assist tests::documents_are_validated_per_format
        PASS [   0.006s] (1242/4622) otto-design-assist tests::fences_summaries_terms_and_refs
        PASS [   0.006s] (1243/4622) otto-design-assist tests::findings_are_bounded_objects
        PASS [   0.006s] (1244/4622) otto-design-assist tests::learning_mode_and_stored_session
        PASS [   0.006s] (1245/4622) otto-design-assist tests::modes_parse_and_critique_never_edits
        PASS [   0.006s] (1246/4622) otto-design-assist tests::only_png_thumbnails_are_handed_to_agents
        PASS [   0.007s] (1247/4622) otto-design-assist tests::prompt_carries_sentinel_file_refs_rules_and_direction
        PASS [   0.006s] (1248/4622) otto-design-assist tests::provenance_records_offered_cited_and_stays_bounded
        PASS [   0.006s] (1249/4622) otto-design-assist tests::registry_holds_one_run_per_artifact_and_releases_on_drop
        PASS [   0.165s] (1250/4622) otto-design variants::tests::variants_never_move_head_and_accept_fast_forwards_main
        PASS [   0.047s] (1251/4622) otto-git config_hardening_tests::an_agent_planted_fsmonitor_or_hook_never_runs_on_daemon_reads
        PASS [   0.075s] (1252/4622) otto-git config_hardening_tests::an_embedded_submodule_filter_never_runs_on_daemon_status_or_diff
        PASS [   0.260s] (1253/4622) otto-git config_hardening_tests::a_person_s_commit_still_runs_the_repo_hooks
        PASS [   0.007s] (1254/4622) otto-git config_hardening_tests::base_cmd_carries_the_hardened_config
        PASS [   0.037s] (1255/4622) otto-git config_hardening_tests::early_exit_with_large_stdin_reports_git_error_not_epipe
        PASS [   0.007s] (1256/4622) otto-git config_hardening_tests::hardened_command_helpers_carry_the_hardened_config
        PASS [   0.006s] (1257/4622) otto-git config_hardening_tests::hooks_are_kept_only_for_deliberate_verbs
        PASS [   0.006s] (1258/4622) otto-git config_hardening_tests::hooks_path_inside_resolves_relative_absolute_and_escapes
        PASS [   0.006s] (1259/4622) otto-git config_hardening_tests::verb_of_skips_all_global_options
        PASS [   0.057s] (1260/4622) otto-git config_hardening_tests::worktree_round_trip_rejects_forged_pointers
        PASS [   0.007s] (1261/4622) otto-git diff_cache::tests::lru_is_bounded_by_bytes_and_evicts_least_recent
        PASS [   0.014s] (1262/4622) otto-git diff_cache::tests::lru_ttl_expires
        PASS [   0.260s] (1263/4622) otto-git config_hardening_tests::an_in_worktree_hooks_path_runs_only_for_a_person_s_commit
        PASS [   0.060s] (1264/4622) otto-git diff_cache::tests::single_flight_coalesces_concurrent_identical_work
        PASS [   0.007s] (1265/4622) otto-git diff_cache::tests::single_flight_shares_errors_with_their_variant
        PASS [   0.041s] (1266/4622) otto-git diff_cache::tests::sweep_drops_expired_and_idle_entries_without_a_read
        PASS [   0.096s] (1267/4622) otto-git diff_tests::caps_mark_big_files_and_spend_the_response_budget_in_order
        PASS [   0.070s] (1268/4622) otto-git diff_tests::diff_text_capped_stops_at_the_budget
        PASS [   0.084s] (1269/4622) otto-git diff_tests::per_file_request_with_old_path_keeps_the_rename_pairing
        PASS [   0.332s] (1270/4622) otto-git diff_cache::tests::single_flight_drops_work_when_every_waiter_is_gone
        PASS [   0.110s] (1271/4622) otto-git diff_tests::proof_counts_from_the_summary_equal_the_full_parse
        PASS [   0.088s] (1272/4622) otto-git diff_tests::resolve_commit_returns_full_ids
        PASS [   0.235s] (1273/4622) otto-git diff_tests::submodule_change_stays_its_own_file_under_diff_submodule_log
        PASS [   0.096s] (1274/4622) otto-git diff_tests::summary_covers_renames_binary_and_odd_names_without_a_patch
        PASS [   0.107s] (1275/4622) otto-git diff_tests::three_dot_range_diffs_against_the_merge_base
        PASS [   0.285s] (1276/4622) otto-git diff_tests::working_diff_many_cut_files_stop_aggregate_raw_work
        PASS [   0.287s] (1277/4622) otto-git diff_tests::working_diff_small_total_bounds_child_capture_with_unlimited_file_cap
        PASS [   1.296s] (1278/4622) otto-git diff_tests::renames_incomplete_is_set_past_the_rename_limit
        PASS [   0.065s] (1279/4622) otto-git diff_tests::working_diff_streaming_budget_is_shared_by_tracked_and_untracked_files
        PASS [   0.053s] (1280/4622) otto-git diff_tests::working_diff_streaming_large_file_keeps_later_small_file_and_exact_counts
        PASS [   0.077s] (1281/4622) otto-git diff_tests::working_summary_counts_tracked_and_untracked_files
        PASS [   0.295s] (1282/4622) otto-git diff_tests::working_diff_stops_untracked_patch_spawns_after_aggregate_budget
        PASS [   0.057s] (1283/4622) otto-git diff_tests::worktree_and_staged_diffs_are_unchanged_for_normal_files
        PASS [   0.073s] (1284/4622) otto-git history::tests::blame_path_starting_with_dash_ok
        PASS [   0.031s] (1285/4622) otto-git history::tests::capped_exec_truncates_and_kills_the_child
        PASS [   0.044s] (1286/4622) otto-git history::tests::follow_without_path_is_invalid
        PASS [   0.085s] (1287/4622) otto-git history::tests::log_follow_across_rename
        PASS [   0.007s] (1288/4622) otto-git history::tests::parse_blame_groups_runs_and_two_authors
        PASS [   0.007s] (1289/4622) otto-git history::tests::until_cut_counts_records_across_chunks
        PASS [   0.088s] (1290/4622) otto-git history::tests::log_grep_and_author_filter
        PASS [   0.007s] (1291/4622) otto-git http::person_call_tests::only_a_person_s_credential_runs_in_worktree_hooks
        PASS [   0.212s] (1292/4622) otto-git http::tests::adoption_ignores_other_users_accounts
        PASS [   0.159s] (1293/4622) otto-git http::tests::ambiguous_provider_accounts_are_never_guessed
        PASS [   0.010s] (1294/4622) otto-git http::tests::api_base_url_refuses_internal_targets
        PASS [   0.321s] (1295/4622) otto-git http::tests::checkout_handler_honours_auto_stash
        PASS [   0.159s] (1296/4622) otto-git http::tests::checkout_update_route_is_gone
        PASS [   0.917s] (1297/4622) otto-git history::tests::until_matches_skip_paging_on_30k_commits
        PASS [   0.163s] (1298/4622) otto-git http::tests::collaborators_cache_hit_still_enforces_s4
        PASS [   0.136s] (1299/4622) otto-git http::tests::concurrent_fetches_of_one_repo_share_a_single_run
        PASS [   0.159s] (1300/4622) otto-git http::tests::patch_repo_binds_and_unbinds_the_account
        PASS [   0.238s] (1301/4622) otto-git http::tests::diff_route_summary_per_file_and_memo
        PASS [   0.191s] (1302/4622) otto-git http::tests::patch_repo_picks_up_a_remote_added_after_registration
        PASS [   0.162s] (1303/4622) otto-git http::tests::patch_repo_refuses_a_foreign_account
        PASS [   0.158s] (1304/4622) otto-git http::tests::patch_repo_rejects_provider_mismatch
        PASS [   0.181s] (1305/4622) otto-git http::tests::provider_ctx_recovers_a_remote_that_was_never_recorded
        PASS [   0.184s] (1306/4622) otto-git http::tests::register_repo_is_idempotent_by_path
        PASS [   0.158s] (1307/4622) otto-git http::tests::repo_credential_use_is_owner_or_root_only
        PASS [   0.158s] (1308/4622) otto-git http::tests::token_rotation_never_strands_the_row_on_a_deleted_secret
        PASS [   0.155s] (1309/4622) otto-git http::tests::unbound_repo_adopts_the_only_matching_account
        PASS [   0.007s] (1310/4622) otto-git http::tests::url_host_parses_https_ssh_and_scp_forms
        PASS [   0.148s] (1311/4622) otto-git http::tests::viewer_adoption_is_per_request_and_never_persisted
        PASS [   0.202s] (1312/4622) otto-git http::tests::worktree_unknown_force_route_preserves_checkout_and_registration
        PASS [   0.007s] (1313/4622) otto-git http::worktree_unknown_locked_status_never_authorizes_force
        PASS [   0.090s] (1314/4622) otto-git local::tests::amend_empty_message_keeps_previous_message
        PASS [   0.007s] (1315/4622) otto-git local::tests::argv_batches_split_by_bytes_and_keep_order
        PASS [   0.007s] (1316/4622) otto-git local::tests::askpass_username_follows_token_kind
        PASS [   0.006s] (1317/4622) otto-git local::tests::auth_failures_name_where_to_fix_them
        PASS [   0.472s] (1318/4622) otto-git local::tests::binary_and_marker_free_conflicts_preserve_exact_bytes
        PASS [   0.118s] (1319/4622) otto-git local::tests::changed_files_lists_branch_changes
        PASS [   0.335s] (1320/4622) otto-git local::tests::checkout_autostash_creates_tracking_branch_when_remote_only
        PASS [   0.523s] (1321/4622) otto-git local::tests::checkout_autostash_does_not_pop_when_nothing_was_stashed
        PASS [   0.388s] (1322/4622) otto-git local::tests::checkout_autostash_index_conflict_retains_staged_recovery
        PASS [   0.337s] (1323/4622) otto-git local::tests::checkout_autostash_never_pulls
        PASS [   0.338s] (1324/4622) otto-git local::tests::checkout_autostash_pop_conflict_is_ok
        PASS [   3.531s] (1325/4622) otto-git http::tests::stage_is_not_blocked_by_a_slow_push
        PASS [   0.366s] (1326/4622) otto-git local::tests::checkout_autostash_restores_stash_when_switch_fails
        PASS [   0.775s] (1327/4622) otto-git local::tests::checkout_autostash_preserves_index_on_success_and_rollback
        PASS [   0.117s] (1328/4622) otto-git local::tests::checkout_of_a_directory_name_keeps_uncommitted_work
        PASS [   0.385s] (1329/4622) otto-git local::tests::checkout_autostash_untracked_collision_is_409_and_keeps_stash
        PASS [   0.077s] (1330/4622) otto-git local::tests::checkout_of_unknown_branch_is_a_conflict_not_an_outage
        PASS [   0.007s] (1331/4622) otto-git local::tests::clone_url_validation
        PASS [   0.069s] (1332/4622) otto-git local::tests::clone_refuses_local_paths_and_option_like_urls
        PASS [   0.102s] (1333/4622) otto-git local::tests::commit_only_leaves_other_staged_work_alone
        PASS [   0.150s] (1334/4622) otto-git local::tests::commit_all_if_dirty_sweeps_leftovers_but_not_artifacts
        PASS [   0.197s] (1335/4622) otto-git local::tests::conflicting_cherry_pick_is_visible_and_abortable
        PASS [   0.293s] (1336/4622) otto-git local::tests::conflicting_pull_reports_conflicts_instead_of_failing
        PASS [   0.217s] (1337/4622) otto-git local::tests::continuing_rebase_returns_successive_conflicts
        PASS [   0.057s] (1338/4622) otto-git local::tests::default_branch_probes_master_when_no_main
        PASS [   0.339s] (1339/4622) otto-git local::tests::create_named_like_remote_branch_tracks_remote_tip
        PASS [   0.328s] (1340/4622) otto-git local::tests::delete_remote_branch_on_targets_the_named_remote_only
        PASS [   0.288s] (1341/4622) otto-git local::tests::delete_remote_branch_prunes_local_tracking_ref
        PASS [   0.007s] (1342/4622) otto-git local::tests::diff_target_parse
        PASS [   0.072s] (1343/4622) otto-git local::tests::diff_target_refuses_option_like_revs
        PASS [   0.288s] (1344/4622) otto-git local::tests::delete_remote_branch_tolerates_already_absent_ref
        PASS [   0.145s] (1345/4622) otto-git local::tests::diff_text_against_uses_merge_base_and_review_adds_untracked
        PASS [   0.086s] (1346/4622) otto-git local::tests::discard_and_stage_treat_bracketed_paths_literally
        PASS [   0.087s] (1347/4622) otto-git local::tests::discard_staged_rename_restores_original_file
        PASS [   0.108s] (1348/4622) otto-git local::tests::discard_keep_staged_only_reverts_the_worktree_side
        PASS [   0.271s] (1349/4622) otto-git local::tests::end_to_end_status_log_diff_commit
        PASS [   0.092s] (1350/4622) otto-git local::tests::fetch_pr_head_reports_the_real_fetch_error
        PASS [   0.394s] (1351/4622) otto-git local::tests::diverged_push_is_a_conflict_and_lease_protects_unseen_commits
        PASS [   0.210s] (1352/4622) otto-git local::tests::force_push_refuses_a_detached_head
        PASS [   0.348s] (1353/4622) otto-git local::tests::force_with_lease_replaces_our_own_rewritten_history
        PASS [   0.008s] (1354/4622) otto-git local::tests::guard_ref_refuses_option_like_and_control_values
        PASS [   0.085s] (1355/4622) otto-git local::tests::head_remote_refs_lists_any_remote_ref_containing_head
        PASS [   0.008s] (1356/4622) otto-git local::tests::local_git_refusals_are_conflicts_not_upstream
        PASS [   0.315s] (1357/4622) otto-git local::tests::graph_context_ops_local
        PASS [   0.126s] (1358/4622) otto-git local::tests::log_ignores_show_signature_config
        PASS [   0.029s] (1359/4622) otto-git local::tests::log_of_an_unborn_branch_is_empty
        PASS [   0.583s] (1360/4622) otto-git local::tests::log_limit_zero_returns_full_history
        PASS [   0.519s] (1361/4622) otto-git local::tests::log_paging_tiles_history_without_gaps
        PASS [   0.078s] (1362/4622) otto-git local::tests::merge_abort_with_nothing_in_progress_refuses_and_keeps_work
        PASS [   0.189s] (1363/4622) otto-git local::tests::merge_autostash_restores_changes_when_the_switch_fails
        PASS [   0.167s] (1364/4622) otto-git local::tests::merge_commit_diff_shows_first_parent_changes
        PASS [   0.165s] (1365/4622) otto-git local::tests::merge_commit_forces_a_commit_when_up_to_date
        PASS [   0.176s] (1366/4622) otto-git local::tests::merge_over_an_unfinished_merge_is_refused
        PASS [   0.007s] (1367/4622) otto-git local::tests::missing_repo_dir_is_not_found
        PASS [   0.120s] (1368/4622) otto-git local::tests::merge_preview_lists_only_conflicted_file_names
        PASS [   0.009s] (1369/4622) otto-git local::tests::pr_review_ref_is_keyed_by_head_and_missing_ref_is_classified
        PASS [   0.266s] (1370/4622) otto-git local::tests::push_named_branch_sets_its_upstream
        PASS [   0.088s] (1371/4622) otto-git local::tests::quoted_and_non_ascii_names_stage_and_discard
        PASS [   0.106s] (1372/4622) otto-git local::tests::refs_carry_commit_shas_for_branches_and_tags
        PASS [   0.118s] (1373/4622) otto-git local::tests::refs_flag_branches_merged_into_base
        PASS [   0.086s] (1374/4622) otto-git local::tests::refs_keep_local_names_when_remote_names_collide
        PASS [   0.823s] (1375/4622) otto-git local::tests::mutating_spawn_survives_request_drop
        PASS [   0.299s] (1376/4622) otto-git local::tests::refs_skip_the_symbolic_remote_head
        PASS [   0.053s] (1377/4622) otto-git local::tests::resolve_base_error_lists_candidates
        PASS [   0.172s] (1378/4622) otto-git local::tests::resolve_base_explicit_hit_fallback_and_none
        PASS [   0.072s] (1379/4622) otto-git local::tests::resolve_base_rejects_option_injection
        PASS [   0.175s] (1380/4622) otto-git local::tests::resolve_base_skips_a_base_that_is_head
        PASS [   0.116s] (1381/4622) otto-git local::tests::resolve_deleted_side_removes_file_and_index_conflict
        PASS [   0.069s] (1382/4622) otto-git local::tests::review_diff_clips_an_oversized_untracked_file_with_a_marker
        PASS [   0.100s] (1383/4622) otto-git local::tests::review_diff_marks_untracked_files_past_the_budget
        PASS [   1.898s] (1384/4622) otto-git local::tests::remote_class_survives_request_drop
        PASS [   7.107s] (1385/4622) otto-git local::tests::spawn_timeout_escalates_to_sigkill
        PASS [   0.135s] (1386/4622) otto-git local::tests::squash_abort_keeps_unrelated_uncommitted_edits
        PASS [   0.381s] (1387/4622) otto-git local::tests::stage_retries_transient_index_lock
        PASS [   7.069s] (1388/4622) otto-git local::tests::spawn_timeout_terminates_group_then_kills
        PASS [   0.133s] (1389/4622) otto-git local::tests::stash_includes_untracked_and_clean_tree_errors
        PASS [   0.042s] (1390/4622) otto-git local::tests::unstage_and_branch_name_before_the_first_commit
        PASS [   0.095s] (1391/4622) otto-git local::tests::unstage_rename_restores_both_index_paths
        PASS [   0.626s] (1392/4622) otto-git local::tests::stage_unstage_discard_a_path_list_past_arg_max
        PASS [   0.083s] (1393/4622) otto-git local::tests::untracked_non_ascii_filename_appears_in_working_diff
        PASS [   0.165s] (1394/4622) otto-git local::tests::worktree_add_if_absent_reattaches_branch_after_worktree_removed
        PASS [   0.142s] (1395/4622) otto-git local::tests::worktree_add_if_absent_reuses_and_preserves_commits
        PASS [   0.101s] (1396/4622) otto-git local::tests::worktree_exists_tracks_registration
        PASS [   0.075s] (1397/4622) otto-git local::tests::worktree_for_branch_finds_checkout
        PASS [   0.240s] (1398/4622) otto-git local::tests::worktree_probe_failure_is_unknown_and_uses_configured_git
        PASS [   0.082s] (1399/4622) otto-git local::tests::worktree_probes_distinguish_known_clean_and_dirty
        PASS [   0.164s] (1400/4622) otto-git local::tests::write_resolution_is_confined_to_conflicted_worktree_files
        PASS [   0.131s] (1401/4622) otto-git local::tests::write_resolution_refuses_binary_and_absent_working_files
        PASS [   0.096s] (1402/4622) otto-git ops::tests::commit_config_reads_keys
        PASS [   0.098s] (1403/4622) otto-git ops::tests::commit_sign_false_passes_no_gpg_sign
        PASS [   0.007s] (1404/4622) otto-git ops::tests::parse_remotes_pairs_fetch_and_push
        PASS [   0.234s] (1405/4622) otto-git ops::tests::pull_ff_only_diverged_is_409
        PASS [   0.179s] (1406/4622) otto-git ops::tests::pull_mode_default_reads_config
        PASS [   0.258s] (1407/4622) otto-git ops::tests::pull_rebase_mode_replays_local_commit
        PASS [   0.099s] (1408/4622) otto-git ops::tests::range_diff_describes_the_named_head_not_the_checkout
        PASS [   0.135s] (1409/4622) otto-git ops::tests::rebase_conflict_lands_as_op_in_progress
        PASS [   0.102s] (1410/4622) otto-git ops::tests::rebase_preview_counts_without_mutating
        PASS [   0.106s] (1411/4622) otto-git ops::tests::rebase_refused_during_merge
        PASS [   0.052s] (1412/4622) otto-git ops::tests::remote_add_rejects_bad_url_and_name
        PASS [   0.061s] (1413/4622) otto-git ops::tests::remotes_lists_and_strips_userinfo
        PASS [   0.006s] (1414/4622) otto-git parse::tests::branches_parse
        PASS [   0.006s] (1415/4622) otto-git parse::tests::combined_diff_blocks_are_listed
        PASS [   0.006s] (1416/4622) otto-git parse::tests::conflict_markers_are_exact_not_prefixes
        PASS [   0.006s] (1417/4622) otto-git parse::tests::conflict_markers_diff3_base_section
        PASS [   0.006s] (1418/4622) otto-git parse::tests::conflict_markers_tolerate_crlf_and_keep_cr_in_content
        PASS [   0.006s] (1419/4622) otto-git parse::tests::conflict_segments_diff3_base
        PASS [   0.006s] (1420/4622) otto-git parse::tests::conflict_segments_two_conflicts
        PASS [   0.006s] (1421/4622) otto-git parse::tests::diff_modified_line_numbers
        PASS [   0.006s] (1422/4622) otto-git parse::tests::diff_no_newline_marker_skipped
        PASS [   0.006s] (1423/4622) otto-git parse::tests::diff_rename_and_binary_and_new_file
        PASS [   0.007s] (1424/4622) otto-git parse::tests::full_parse_status_counts_and_binary_nulls
        PASS [   0.006s] (1425/4622) otto-git parse::tests::log_parse
        PASS [   0.006s] (1426/4622) otto-git parse::tests::log_parse_preserves_head_decoration
        PASS [   0.006s] (1427/4622) otto-git parse::tests::parse_hunks_bare
        PASS [   0.006s] (1428/4622) otto-git parse::tests::per_file_cap_counts_on_and_budget_marks_the_rest
        PASS [   0.007s] (1429/4622) otto-git parse::tests::quoted_header_names_are_unquoted
        PASS [   0.006s] (1430/4622) otto-git parse::tests::raw_numstat_pairs_records_with_nul_safe_names
        PASS [   0.006s] (1431/4622) otto-git parse::tests::stash_list_parses_selector_parents_and_branch
        PASS [   0.006s] (1432/4622) otto-git parse::tests::status_branch_and_entries
        PASS [   0.006s] (1433/4622) otto-git parse::tests::status_caps_untracked_rows_only
        PASS [   0.006s] (1434/4622) otto-git parse::tests::status_copy_is_added_not_renamed
        PASS [   0.006s] (1435/4622) otto-git parse::tests::status_detached_no_upstream
        PASS [   0.006s] (1436/4622) otto-git parse::tests::status_z_raw_names_and_rename_records
        PASS [   0.006s] (1437/4622) otto-git parse::tests::submodule_status_lines
        PASS [   0.006s] (1438/4622) otto-git parse::tests::submodules_enriched_from_gitmodules
        PASS [   0.006s] (1439/4622) otto-git parse::tests::upstream_tracking_counts
        PASS [   0.006s] (1440/4622) otto-git parse::tests::worktree_list_porcelain
        PASS [   0.008s] (1441/4622) otto-git patch::tests::binary_block_is_invalid
        PASS [   0.078s] (1442/4622) otto-git patch::tests::bracketed_route_path_is_literal
        PASS [   0.076s] (1443/4622) otto-git patch::tests::crlf_hunk_round_trips_bytes
        PASS [   0.007s] (1444/4622) otto-git patch::tests::deleted_file_block
        PASS [   0.043s] (1445/4622) otto-git patch::tests::diff_raw_refuses_non_index_targets
        PASS [   0.007s] (1446/4622) otto-git patch::tests::discard_requires_confirm
        PASS [   0.091s] (1447/4622) otto-git patch::tests::discard_restores_hunk_and_keeps_backup_stash
        PASS [   0.095s] (1448/4622) otto-git patch::tests::displayed_fingerprint_authorizes_only_that_file_diff
        PASS [   0.007s] (1449/4622) otto-git patch::tests::index_out_of_range_is_conflict
        PASS [   0.006s] (1450/4622) otto-git patch::tests::lines_out_of_range_is_invalid
        PASS [   0.007s] (1451/4622) otto-git patch::tests::marked_del_converted_to_context_before_a_kept_add_is_invalid
        PASS [   0.006s] (1452/4622) otto-git patch::tests::marker_dropped_with_dropped_add
        PASS [   0.007s] (1453/4622) otto-git patch::tests::mixed_selection
        PASS [   0.006s] (1454/4622) otto-git patch::tests::mode_change_lines_are_not_part_of_a_hunk_patch
        PASS [   0.006s] (1455/4622) otto-git patch::tests::new_file_block
        PASS [   0.077s] (1456/4622) otto-git patch::tests::no_trailing_newline_stage_keeps_bytes
        PASS [   0.136s] (1457/4622) otto-git patch::tests::non_utf8_hunk_stage_keeps_bytes
        PASS [   0.007s] (1458/4622) otto-git patch::tests::non_utf8_lines_round_trip_bytes
        PASS [   0.085s] (1459/4622) otto-git patch::tests::partial_discard_reverts_only_the_selected_lines
        PASS [   0.007s] (1460/4622) otto-git patch::tests::partial_forward_on_deleted_file_becomes_modification
        PASS [   0.007s] (1461/4622) otto-git patch::tests::partial_reverse_on_new_file_becomes_modification
        PASS [   0.071s] (1462/4622) otto-git patch::tests::partial_stage_of_deleted_file_applies
        PASS [   0.077s] (1463/4622) otto-git patch::tests::partial_unstage_of_new_file_applies
        PASS [   0.079s] (1464/4622) otto-git patch::tests::partial_unstage_reverses_only_the_selected_lines
        PASS [   0.007s] (1465/4622) otto-git patch::tests::path_containing_b_slash_is_located
        PASS [   0.006s] (1466/4622) otto-git patch::tests::quoted_path_block_is_located
        PASS [   0.006s] (1467/4622) otto-git patch::tests::raw_and_parsed_hunk_indices_agree
        PASS [   0.006s] (1468/4622) otto-git patch::tests::renamed_block_is_invalid
        PASS [   0.089s] (1469/4622) otto-git patch::tests::same_coordinates_new_content_is_rejected
        PASS [   0.086s] (1470/4622) otto-git patch::tests::stage_hunk_path_starting_with_dash_ok
        PASS [   0.073s] (1471/4622) otto-git patch::tests::stage_hunk_stale_header_is_409
        PASS [   0.079s] (1472/4622) otto-git patch::tests::stage_one_of_two_hunks
        PASS [   0.007s] (1473/4622) otto-git patch::tests::stale_header_is_conflict
        PASS [   0.007s] (1474/4622) otto-git patch::tests::subset_of_adds_keeps_context
        PASS [   0.007s] (1475/4622) otto-git patch::tests::subset_of_dels_converts_rest_to_context
        PASS [   0.007s] (1476/4622) otto-git patch::tests::swap_side_prefix_handles_quoted_paths
        PASS [   0.007s] (1477/4622) otto-git patch::tests::typechange_hunk_index_spans_both_blocks
        PASS [   0.076s] (1478/4622) otto-git patch::tests::typechange_stages_with_the_merged_fingerprint
        PASS [   0.007s] (1479/4622) otto-git patch::tests::unknown_path_is_not_found
        PASS [   0.103s] (1480/4622) otto-git patch::tests::unstage_reverses
        PASS [   0.007s] (1481/4622) otto-git patch::tests::whole_hunk_round_trips
        PASS [   0.006s] (1482/4622) otto-git patch::tests::whole_hunk_with_markers_still_ok
        PASS [   0.006s] (1483/4622) otto-git providers::bitbucket::tests::bb_ci_status_empty_is_none
        PASS [   0.006s] (1484/4622) otto-git providers::bitbucket::tests::bb_ci_status_failed
        PASS [   0.007s] (1485/4622) otto-git providers::bitbucket::tests::bb_ci_status_inprogress
        PASS [   0.006s] (1486/4622) otto-git providers::bitbucket::tests::bb_ci_status_successful
        PASS [   0.007s] (1487/4622) otto-git providers::bitbucket::tests::checks_rows_from_statuses
        PASS [   0.007s] (1488/4622) otto-git providers::bitbucket::tests::comment_resolution_object_maps_to_resolved
        PASS [   0.006s] (1489/4622) otto-git providers::bitbucket::tests::create_body_draft_and_reviewers
        PASS [   0.006s] (1490/4622) otto-git providers::bitbucket::tests::member_mapping
        PASS [   0.006s] (1491/4622) otto-git providers::bitbucket::tests::merge_body_carries_delete_flag
        PASS [   0.006s] (1492/4622) otto-git providers::bitbucket::tests::summary_parses_draft_flag
        PASS [   0.006s] (1493/4622) otto-git providers::client::tests::cache_entry_older_than_an_hour_is_a_miss
        PASS [   0.009s] (1494/4622) otto-git providers::client::tests::cache_evicts_oldest_past_512
        PASS [   0.007s] (1495/4622) otto-git providers::client::tests::cache_key_differs_by_auth
        PASS [   0.007s] (1496/4622) otto-git providers::client::tests::cache_key_differs_by_url
        PASS [   0.007s] (1497/4622) otto-git providers::client::tests::cache_key_same_for_same_auth
        PASS [   0.008s] (1498/4622) otto-git providers::client::tests::cache_overwrite_does_not_evict
        PASS [   0.007s] (1499/4622) otto-git providers::client::tests::empty_auth_still_produces_a_key
        PASS [   0.008s] (1500/4622) otto-git providers::client::tests::extract_auth_empty_when_no_header
        PASS [   0.007s] (1501/4622) otto-git providers::client::tests::extract_auth_falls_back_to_private_token
        PASS [   0.007s] (1502/4622) otto-git providers::client::tests::extract_auth_prefers_authorization
        PASS [   0.014s] (1503/4622) otto-git providers::client::tests::failed_write_still_invalidates_the_repo_cache
        PASS [   0.010s] (1504/4622) otto-git providers::client::tests::insert_respects_byte_budget_and_body_cap
        PASS [   0.007s] (1505/4622) otto-git providers::client::tests::pagination_follows_only_same_origin_links
        PASS [   0.007s] (1506/4622) otto-git providers::client::tests::rate_limit_wait_ignores_ordinary_failures
        PASS [   0.007s] (1507/4622) otto-git providers::client::tests::rate_limit_wait_parses_seconds_date_and_reset
        PASS [   0.007s] (1508/4622) otto-git providers::client::tests::repo_scope_per_forge
        PASS [   0.713s] (1509/4622) otto-git providers::client::tests::server_error_retries_reads_but_never_writes
        PASS [   0.024s] (1510/4622) otto-git providers::client::tests::short_ttl_is_fifteen_seconds
        PASS [   0.015s] (1511/4622) otto-git providers::client::tests::write_generations_stay_monotonic_across_a_prune
        PASS [   0.012s] (1512/4622) otto-git providers::client::tests::x_next_page_becomes_a_page_url
        PASS [   0.010s] (1513/4622) otto-git providers::detect::tests::bitbucket_forms
        PASS [   0.008s] (1514/4622) otto-git providers::detect::tests::forge_discriminator
        PASS [   0.008s] (1515/4622) otto-git providers::detect::tests::github_enterprise
        PASS [   0.007s] (1516/4622) otto-git providers::detect::tests::github_forms
        PASS [   0.007s] (1517/4622) otto-git providers::detect::tests::gitlab_forms_and_nested_groups
        PASS [   0.006s] (1518/4622) otto-git providers::detect::tests::remote_host_strips_userinfo_and_port
        PASS [   0.006s] (1519/4622) otto-git providers::detect::tests::unknown_and_garbage
        PASS [   0.006s] (1520/4622) otto-git providers::github::tests::checks_rows_from_check_runs
        PASS [   0.006s] (1521/4622) otto-git providers::github::tests::checks_rows_from_statuses
        PASS [   0.006s] (1522/4622) otto-git providers::github::tests::ci_status_all_success
        PASS [   0.006s] (1523/4622) otto-git providers::github::tests::ci_status_empty_is_none
        PASS [   0.006s] (1524/4622) otto-git providers::github::tests::ci_status_one_failure
        PASS [   0.006s] (1525/4622) otto-git providers::github::tests::ci_status_pending_run
        PASS [   0.008s] (1526/4622) otto-git providers::github::tests::collaborator_mapping_prefers_display_name
        PASS [   0.006s] (1527/4622) otto-git providers::github::tests::create_body_includes_draft_only_when_set
        PASS [   0.007s] (1528/4622) otto-git providers::github::tests::create_body_never_carries_reviewers
        PASS [   0.006s] (1529/4622) otto-git providers::github::tests::empty_or_garbage_is_none
        PASS [   0.006s] (1530/4622) otto-git providers::github::tests::parses_numeric_offset_form
        PASS [   0.006s] (1531/4622) otto-git providers::github::tests::parses_rfc3339
        PASS [   0.006s] (1532/4622) otto-git providers::github::tests::parses_utc_suffix_form
        PASS [   0.006s] (1533/4622) otto-git providers::github::tests::ref_path_segments_are_percent_encoded
        PASS [   0.006s] (1534/4622) otto-git providers::github::tests::reviewer_failure_is_a_warning_not_an_error
        PASS [   0.006s] (1535/4622) otto-git providers::github::tests::scopes_header_parses_comma_list
        PASS [   0.006s] (1536/4622) otto-git providers::github::tests::thread_resolution_joins_by_database_id
        PASS [   0.007s] (1537/4622) otto-git providers::gitlab::tests::bare_date_is_end_of_day_utc
        PASS [   0.006s] (1538/4622) otto-git providers::gitlab::tests::checks_rows_from_jobs
        PASS [   0.008s] (1539/4622) otto-git providers::gitlab::tests::discussion_ids_are_hex_only
        PASS [   0.006s] (1540/4622) otto-git providers::gitlab::tests::draft_becomes_title_prefix
        PASS [   0.006s] (1541/4622) otto-git providers::gitlab::tests::draft_prefix_is_stripped_on_read
        PASS [   0.006s] (1542/4622) otto-git providers::gitlab::tests::empty_or_garbage_is_none
        PASS [   0.006s] (1543/4622) otto-git providers::gitlab::tests::member_mapping
        PASS [   0.006s] (1544/4622) otto-git providers::gitlab::tests::merge_body_carries_delete_flag
        PASS [   0.006s] (1545/4622) otto-git providers::gitlab::tests::note_resolved_flag_maps
        PASS [   0.006s] (1546/4622) otto-git providers::gitlab::tests::pipeline_empty_is_none
        PASS [   0.007s] (1547/4622) otto-git providers::gitlab::tests::pipeline_failed
        PASS [   0.006s] (1548/4622) otto-git providers::gitlab::tests::pipeline_pending
        PASS [   0.006s] (1549/4622) otto-git providers::gitlab::tests::pipeline_success
        PASS [   0.006s] (1550/4622) otto-git providers::gitlab::tests::reviewer_ids_only_when_non_empty
        PASS [   0.006s] (1551/4622) otto-git providers::gitlab::tests::rfc3339_passes_through
        PASS [   0.006s] (1552/4622) otto-git providers::reach_tests::github_enterprise_remote_is_refused
        PASS [   0.006s] (1553/4622) otto-git providers::reach_tests::self_hosted_gitlab_needs_an_api_base
        PASS [   0.010s] (1554/4622) otto-git providers::wire_tests::bitbucket::get_pr_comments_span_two_pages
        PASS [   0.007s] (1555/4622) otto-git providers::wire_tests::bitbucket::list_prs_two_pages_sets_has_more
        PASS [   0.007s] (1556/4622) otto-git providers::wire_tests::bitbucket::pr_diff_summary_reads_diffstat_pages_not_the_diff
        PASS [   0.007s] (1557/4622) otto-git providers::wire_tests::bitbucket::pr_file_diff_sends_the_path_filter
        PASS [   0.007s] (1558/4622) otto-git providers::wire_tests::bitbucket::request_changes_with_body_comments_first
        PASS [   0.007s] (1559/4622) otto-git providers::wire_tests::bitbucket::request_changes_without_body_posts_no_comment
        PASS [   0.163s] (1560/4622) otto-git providers::wire_tests::cached_reads::concurrent_cold_reads_share_one_request
        PASS [   0.020s] (1561/4622) otto-git providers::wire_tests::cached_reads::own_write_invalidates_the_repo_reads
        PASS [   0.023s] (1562/4622) otto-git providers::wire_tests::cached_reads::pr_detail_reopen_within_ttl_costs_no_rest_request
        PASS [   0.415s] (1563/4622) otto-git providers::wire_tests::cached_reads::read_in_flight_across_a_write_neither_serves_nor_stores_stale
        PASS [   0.024s] (1564/4622) otto-git providers::wire_tests::cached_reads::review_thread_probe_is_memoised_until_a_resolve
        PASS [   0.012s] (1565/4622) otto-git providers::wire_tests::cached_reads::second_list_within_ttl_makes_no_request_and_304_serves_cache
        PASS [   1.223s] (1566/4622) otto-git providers::wire_tests::cached_reads::thread_probe_in_flight_across_a_resolve_is_not_memoised
        PASS [   7.292s] (1567/4622) otto-git local::tests::worktree_probe_timeout_keeps_cleanup_after_response
        PASS [   0.025s] (1568/4622) otto-git providers::wire_tests::client::get_cached_long_rate_limit_is_upstream
        PASS [   0.017s] (1569/4622) otto-git providers::wire_tests::client::gitlab_token_is_not_sent_across_a_cross_origin_redirect
        PASS [   1.032s] (1570/4622) otto-git providers::wire_tests::client::get_cached_gets_rate_limit_treatment
        PASS [   0.031s] (1571/4622) otto-git providers::wire_tests::github::get_pr_comments_span_two_pages
        PASS [   0.017s] (1572/4622) otto-git providers::wire_tests::github::list_prs_two_pages_sets_has_more
        PASS [   0.015s] (1573/4622) otto-git providers::wire_tests::github::merge_cleanup_never_deletes_a_fork_namesake
        PASS [   0.012s] (1574/4622) otto-git providers::wire_tests::github::pr_diff_other_errors_still_fail
        PASS [   0.010s] (1575/4622) otto-git providers::wire_tests::github::pr_diff_too_large_falls_back_to_the_files_listing
        PASS [   0.008s] (1576/4622) otto-git providers::wire_tests::github::too_many_requests_long_wait_is_upstream_no_retry
        PASS [   0.008s] (1577/4622) otto-git providers::wire_tests::github_read_back::get_pr_reads_side_and_outdated
        PASS [   0.008s] (1578/4622) otto-git providers::wire_tests::gitlab::get_pr_comments_span_two_pages
        PASS [   0.008s] (1579/4622) otto-git providers::wire_tests::gitlab::list_prs_two_pages_sets_has_more
        PASS [   0.008s] (1580/4622) otto-git providers::wire_tests::gitlab::mr_changes_overflow_marks_the_diff_truncated
        PASS [   0.006s] (1581/4622) otto-git providers::wire_tests::inline_anchors::bitbucket_deleted_line_uses_from
        PASS [   0.006s] (1582/4622) otto-git providers::wire_tests::inline_anchors::github_deleted_line_goes_left_with_the_old_number
        PASS [   0.006s] (1583/4622) otto-git providers::wire_tests::inline_anchors::gitlab_sends_old_line_for_deletions_and_both_for_context
        PASS [   0.008s] (1584/4622) otto-git providers::wire_tests::merge_pin::bitbucket_compares_the_abbreviated_head_before_merging
        PASS [   0.007s] (1585/4622) otto-git providers::wire_tests::merge_pin::check_head_is_prefix_aware_with_a_floor
        PASS [   0.007s] (1586/4622) otto-git providers::wire_tests::merge_pin::github_forwards_sha_and_maps_head_moved
        PASS [   0.007s] (1587/4622) otto-git providers::wire_tests::merge_pin::gitlab_forwards_sha_in_the_merge_body
        PASS [   0.016s] (1588/4622) otto-git providers::wire_tests::merge_pin::gitlab_rebase_checks_uncached_and_pins_the_rebased_head
        PASS [   0.200s] (1589/4622) otto-git recovery::tests::bisect_counts_candidates_and_rejects_stale_marks
        PASS [   1.015s] (1590/4622) otto-git providers::wire_tests::github::forbidden_with_ratelimit_zero_retries_once_then_succeeds
        PASS [   0.222s] (1591/4622) otto-git recovery::tests::bisect_resumes_completed_logs_before_and_since_git_2_55
        PASS [   0.378s] (1592/4622) otto-git recovery::tests::bisect_resumes_finds_bad_and_restores_branch
        PASS [   0.020s] (1593/4622) otto-git recovery::tests::bisect_state_on_unborn_head_is_inactive
        PASS [   0.280s] (1594/4622) otto-git recovery::tests::bisect_skipped_ambiguity_is_not_a_completed_result
        PASS [   0.342s] (1595/4622) otto-git recovery::tests::interactive_edit_can_continue_and_abort
        PASS [   0.275s] (1596/4622) otto-git recovery::tests::plan_rejects_duplicates_and_skip_advances_edit_stop
        PASS [   0.162s] (1597/4622) otto-git recovery::tests::recovery_operations_reject_dirty_tree_and_stale_marks
        PASS [   0.253s] (1598/4622) otto-git recovery::tests::rebase_plan_reorders_squashes_and_rejects_stale_head
        PASS [   0.135s] (1599/4622) otto-git recovery::tests::reflog_recovery_branch_keeps_current_head_and_worktree
        PASS [   0.240s] (1600/4622) otto-git recovery::tests::skip_at_edit_stop_backs_up_in_progress_edits
        PASS [   0.583s] (1601/4622) otto-git spawn_budget_tests::commit_graph_seed_runs_once_while_in_flight
        PASS [   0.025s] (1602/4622) otto-git status_cache::tests::memo_expires_after_ttl
        PASS [   0.029s] (1603/4622) otto-git status_cache::tests::memo_serves_until_bumped_and_concurrent_reads_share_one_walk
        PASS [   0.480s] (1604/4622) otto-git spawn_budget_tests::spawn_budget_per_action
        PASS [   0.007s] (1605/4622) otto-git watch::tests::event_gap_adapts_to_status_cost
        PASS [   0.008s] (1606/4622) otto-git watch::tests::filters_git_internals_ignored_paths_and_node_modules
        PASS [   0.006s] (1607/4622) otto-git watch::tests::touched_paths_are_relative_deduped_and_capped
        PASS [   0.006s] (1608/4622) otto-git worktree_probe::tests::worktree_probe_cancellation_keeps_admission_with_actual_work
        PASS [   0.006s] (1609/4622) otto-git worktree_probe::tests::worktree_probe_preserves_order_and_unknown_failures
        PASS [   0.018s] (1610/4622) otto-git worktree_probe::tests::worktree_probe_queue_wait_counts_against_phase_budget
        PASS [   0.007s] (1611/4622) otto-improve classify::tests::allowlisted_low_skill_applies_on_tiered
        PASS [   0.006s] (1612/4622) otto-improve classify::tests::allowlisted_structural_skill_queues_on_tiered
        PASS [   0.007s] (1613/4622) otto-improve classify::tests::clean_memory_passes_gate
        PASS [   0.006s] (1614/4622) otto-improve classify::tests::memory_low_applies_on_tiered_without_allowlist
        PASS [   0.006s] (1615/4622) otto-improve classify::tests::memory_removal_bypasses_content_gate
        PASS [   0.006s] (1616/4622) otto-improve classify::tests::memory_with_ignore_instructions_phrase_is_queued
        PASS [   0.006s] (1617/4622) otto-improve classify::tests::memory_with_injection_marker_is_rejected_by_gate_and_queued
        PASS [   0.006s] (1618/4622) otto-improve classify::tests::non_allowlisted_skill_always_queues_even_on_auto
        PASS [   0.005s] (1619/4622) otto-improve classify::tests::oversized_memory_is_queued
        PASS [   0.006s] (1620/4622) otto-improve classify::tests::propose_queues_everything
        PASS [   0.006s] (1621/4622) otto-improve config::tests::disabled_is_never_due
        PASS [   0.006s] (1622/4622) otto-improve config::tests::enabled_with_future_next_run_is_not_due
        PASS [   0.006s] (1623/4622) otto-improve config::tests::enabled_without_next_run_is_due
        PASS [   0.006s] (1624/4622) otto-improve config::tests::missing_block_yields_defaults
        PASS [   0.007s] (1625/4622) otto-improve config::tests::write_config_preserves_other_keys
        PASS [   0.171s] (1626/4622) otto-improve design::tests::design_rules_are_pending_only_deduped_and_reproposed_after_conflict
        PASS [   0.007s] (1627/4622) otto-improve design::tests::rule_lines_round_trip_and_dedup
        PASS [   0.006s] (1628/4622) otto-improve digest::tests::codex_deduplicates_event_and_response_messages
        PASS [   0.007s] (1629/4622) otto-improve digest::tests::correction_survives_a_verbose_assistant_response
        PASS [   0.006s] (1630/4622) otto-improve digest::tests::extracts_skills_turns_errors_text
        PASS [   0.006s] (1631/4622) otto-improve digest::tests::latest_correction_survives_long_history
        PASS [   0.006s] (1632/4622) otto-improve digest::tests::text_is_capped
        PASS [   0.006s] (1633/4622) otto-improve digest::tests::unicode_budget_includes_labels_and_keeps_latest_evidence
        PASS [   0.006s] (1634/4622) otto-improve engine::tests::auto_apply_creates_new_file_when_snapshot_was_absent
        PASS [   0.006s] (1635/4622) otto-improve engine::tests::auto_apply_queues_on_conflict_instead_of_clobbering
        PASS [   0.006s] (1636/4622) otto-improve engine::tests::auto_apply_remove_backs_up_then_deletes
        PASS [   0.007s] (1637/4622) otto-improve engine::tests::auto_apply_writes_atomically_and_leaves_a_backup
        PASS [   0.007s] (1638/4622) otto-improve engine::tests::learning_discovery_rejects_symlink_escape_and_bounds_skill_bodies
        PASS [   0.184s] (1639/4622) otto-improve engine::tests::learning_keeps_a_new_trail_prompt_when_transcript_flush_lags
        PASS [   0.182s] (1640/4622) otto-improve engine::tests::learning_latest_codex_delta_retries_failures_and_skips_duplicates
        PASS [   0.172s] (1641/4622) otto-improve engine::tests::learning_reads_used_unallowlisted_skill_but_only_queues_its_edit
        PASS [   0.168s] (1642/4622) otto-improve engine::tests::learning_review_discovers_unallowlisted_catalog_and_target_body
        PASS [   0.174s] (1643/4622) otto-improve engine::tests::learning_uses_provider_neutral_trail_and_review_opt_in_dedup
        PASS [   0.168s] (1644/4622) otto-improve engine::tests::memory_low_edit_applies_and_rolls_back
        PASS [   0.166s] (1645/4622) otto-improve engine::tests::narrative_applies_skill_edit_only_when_configured_allowlisted
        PASS [   0.168s] (1646/4622) otto-improve engine::tests::narrative_cannot_self_authorize_skill_edit_outside_configured_allowlist
        PASS [   0.170s] (1647/4622) otto-improve engine::tests::self_improve_provider_override_drives_the_run
        PASS [   0.008s] (1648/4622) otto-improve evidence::tests::cursors_skip_consumed_lines_and_retry_incomplete_lines_and_replacements
        PASS [   0.011s] (1649/4622) otto-improve evidence::tests::large_sources_read_recent_complete_tail
        PASS [   0.008s] (1650/4622) otto-improve evidence::tests::replaced_file_with_identical_eof_anchor_is_reread
        PASS [   0.007s] (1651/4622) otto-improve live::tests::live_trigger_round_trips
        PASS [   0.006s] (1652/4622) otto-improve pathsafe::tests::memory_ref_resolves_under_project_memory
        PASS [   0.006s] (1653/4622) otto-improve pathsafe::tests::skill_ref_prefers_library_when_present
        PASS [   0.006s] (1654/4622) otto-improve pathsafe::tests::skill_ref_resolves_under_workspace_without_library
        PASS [   0.006s] (1655/4622) otto-improve pathsafe::tests::traversal_is_rejected
        PASS [   0.006s] (1656/4622) otto-improve prompt::tests::build_prompt_fences_untrusted_digest_text
        PASS [   0.006s] (1657/4622) otto-improve prompt::tests::escape_defangs_role_markers
        PASS [   0.006s] (1658/4622) otto-improve prompt::tests::escape_neutralizes_code_fences
        PASS [   0.006s] (1659/4622) otto-improve prompt::tests::escape_strips_sentinel_markers
        PASS [   0.006s] (1660/4622) otto-improve prompt::tests::fenced_untrusted_cannot_break_out
        PASS [   0.006s] (1661/4622) otto-improve proposal::tests::parses_fenced_proposal
        PASS [   0.006s] (1662/4622) otto-improve proposal::tests::parses_with_surrounding_prose
        PASS [   0.006s] (1663/4622) otto-improve proposal::tests::rejects_non_json
        PASS [   0.010s] (1664/4622) otto-insights tests::a_second_run_for_the_same_period_attaches_to_the_live_one
        PASS [   0.006s] (1665/4622) otto-insights tests::active_runs_list_and_cancel_are_scoped_to_the_insights_dir
        PASS [   0.006s] (1666/4622) otto-insights tests::config_round_trips_and_defaults_off
        PASS [   0.006s] (1667/4622) otto-insights tests::due_day_is_yesterday
        PASS [   0.006s] (1668/4622) otto-insights tests::due_month_is_previous_calendar_month
        PASS [   0.005s] (1669/4622) otto-insights tests::due_month_january_rolls_to_previous_december
        PASS [   0.005s] (1670/4622) otto-insights tests::due_week_is_previous_iso_week_mon_sun
        PASS [   0.005s] (1671/4622) otto-insights tests::due_week_on_a_monday_uses_the_full_prior_week
        PASS [   0.006s] (1672/4622) otto-insights tests::kind_period_and_word
        PASS [   0.006s] (1673/4622) otto-insights tests::list_reports_parses_and_sorts_newest_first
        PASS [   0.005s] (1674/4622) otto-insights tests::manual_regeneration_overrides_existing_report_while_scheduler_keeps_idempotency
        PASS [   0.005s] (1675/4622) otto-insights tests::parse_period_from_filename_accepts_all_three_prefixes
        PASS [   0.005s] (1676/4622) otto-insights tests::pending_reservations_are_recognised
        PASS [   0.006s] (1677/4622) otto-insights tests::period_done_detects_html_metrics_and_index
        PASS [   0.005s] (1678/4622) otto-insights tests::period_key_format
        PASS [   0.009s] (1679/4622) otto-insights tests::pinned_collector_preserves_legacy_skill_and_concurrent_materialization
        PASS [   0.006s] (1680/4622) otto-insights tests::previews_are_bounded_cached_and_refresh_after_external_edit
        PASS [   0.006s] (1681/4622) otto-insights tests::requested_period_matches_collector_calendar_and_offset
        PASS [   0.005s] (1682/4622) otto-insights tests::run_liveness_follows_the_session_not_the_clock
        PASS [   0.257s] (1683/4622) otto-insights tests::status_io_is_constant_for_300_and_1000_reports_and_requires_new_html
        PASS [   0.012s] (1684/4622) otto-issues adf::tests::lossy_adf_nodes_are_found_anywhere_in_the_tree
        PASS [   0.006s] (1685/4622) otto-issues adf::tests::test_adf_to_markdown_bullet_list
        PASS [   0.006s] (1686/4622) otto-issues adf::tests::test_adf_to_markdown_code_block
        PASS [   0.006s] (1687/4622) otto-issues adf::tests::test_adf_to_markdown_heading
        PASS [   0.006s] (1688/4622) otto-issues adf::tests::test_adf_to_markdown_link
        PASS [   0.006s] (1689/4622) otto-issues adf::tests::test_adf_to_markdown_paragraph
        PASS [   0.006s] (1690/4622) otto-issues adf::tests::test_adf_to_markdown_strong_and_em
        PASS [   0.005s] (1691/4622) otto-issues adf::tests::test_adf_to_markdown_unknown_node_skips_gracefully
        PASS [   0.006s] (1692/4622) otto-issues adf::tests::test_complex_adf_heading_paragraph_link_bulletlist
        PASS [   0.006s] (1693/4622) otto-issues adf::tests::test_round_trip_paragraphs_and_bullets
        PASS [   0.006s] (1694/4622) otto-issues adf::tests::test_text_to_adf_bullet_lines
        PASS [   0.006s] (1695/4622) otto-issues adf::tests::test_text_to_adf_mixed_paragraph_and_bullets_in_one_chunk
        PASS [   0.006s] (1696/4622) otto-issues adf::tests::test_text_to_adf_paragraph_plus_bullet
        PASS [   0.006s] (1697/4622) otto-issues adf::tests::test_text_to_adf_structure
        PASS [   0.005s] (1698/4622) otto-issues adf::tests::test_text_to_adf_two_paragraphs
        PASS [   0.006s] (1699/4622) otto-issues adf::tests::text_to_adf_never_emits_empty_text_nodes
        PASS [   0.007s] (1700/4622) otto-issues confluence::tests::code_macro_body_is_unwrapped_from_cdata
        PASS [   0.013s] (1701/4622) otto-issues confluence::tests::comment_walk_follows_next_past_a_short_page
        PASS [   0.006s] (1702/4622) otto-issues confluence::tests::entities_decode_once_and_cover_typographic_quotes
        PASS [   0.007s] (1703/4622) otto-issues confluence::tests::list_spaces_follows_next
        PASS [   0.008s] (1704/4622) otto-issues confluence::tests::list_spaces_reports_truncation_at_the_cap
        PASS [   0.006s] (1705/4622) otto-issues confluence::tests::lossy_elements_are_reported_and_known_macros_are_not
        PASS [   0.005s] (1706/4622) otto-issues confluence::tests::markdown_to_storage_emits_task_lists_and_alert_panels
        PASS [   0.006s] (1707/4622) otto-issues confluence::tests::markdown_to_storage_escapes_href_quotes_and_drops_control_chars
        PASS [   0.006s] (1708/4622) otto-issues confluence::tests::markdown_to_storage_renders_pipe_tables
        PASS [   0.005s] (1709/4622) otto-issues confluence::tests::markdown_to_storage_renders_rules_quotes_and_deep_headings
        PASS [   0.005s] (1710/4622) otto-issues confluence::tests::markdown_to_storage_survives_multibyte_next_to_inline_spans
        PASS [   0.006s] (1711/4622) otto-issues confluence::tests::next_link_never_leaves_the_site
        PASS [   0.028s] (1712/4622) otto-issues confluence::tests::storage_to_markdown_big_page_matches_the_pre_se18_output
        PASS [   0.006s] (1713/4622) otto-issues confluence::tests::storage_to_markdown_keeps_row_header_cells
        PASS [   0.005s] (1714/4622) otto-issues confluence::tests::storage_to_markdown_survives_multibyte_text_after_a_short_tag
        PASS [   0.005s] (1715/4622) otto-issues confluence::tests::storage_to_markdown_survives_truncated_markup
        PASS [   0.006s] (1716/4622) otto-issues confluence::tests::test_api_url_construction
        PASS [   0.005s] (1717/4622) otto-issues confluence::tests::test_cql_all_digits_is_id_lookup
        PASS [   0.005s] (1718/4622) otto-issues confluence::tests::test_cql_digits_with_space_key_still_id_lookup
        PASS [   0.006s] (1719/4622) otto-issues confluence::tests::test_cql_escapes_backslash_in_query
        PASS [   0.005s] (1720/4622) otto-issues confluence::tests::test_cql_escapes_double_quote_in_query
        PASS [   0.006s] (1721/4622) otto-issues confluence::tests::test_cql_name_empty_space_key_treated_as_none
        PASS [   0.005s] (1722/4622) otto-issues confluence::tests::test_cql_name_with_space_key
        PASS [   0.006s] (1723/4622) otto-issues confluence::tests::test_cql_name_without_space_key
        PASS [   0.005s] (1724/4622) otto-issues confluence::tests::test_cql_trims_whitespace_from_query
        PASS [   0.005s] (1725/4622) otto-issues confluence::tests::test_markdown_to_storage_basic
        PASS [   0.005s] (1726/4622) otto-issues confluence::tests::test_markdown_to_storage_escapes_xml
        PASS [   0.005s] (1727/4622) otto-issues confluence::tests::test_markdown_to_storage_fenced_code
        PASS [   0.005s] (1728/4622) otto-issues confluence::tests::test_markdown_to_storage_headings
        PASS [   0.005s] (1729/4622) otto-issues confluence::tests::test_markdown_to_storage_link
        PASS [   0.006s] (1730/4622) otto-issues confluence::tests::test_markdown_to_storage_list
        PASS [   0.006s] (1731/4622) otto-issues confluence::tests::test_markdown_to_storage_ordered_list
        PASS [   0.006s] (1732/4622) otto-issues confluence::tests::test_new_no_change_needed
        PASS [   0.005s] (1733/4622) otto-issues confluence::tests::test_new_strips_trailing_slash
        PASS [   0.005s] (1734/4622) otto-issues confluence::tests::test_new_strips_wiki_suffix
        PASS [   0.005s] (1735/4622) otto-issues confluence::tests::test_storage_to_markdown_basic
        PASS [   0.005s] (1736/4622) otto-issues confluence::tests::test_storage_to_markdown_code_macro
        PASS [   0.006s] (1737/4622) otto-issues confluence::tests::test_storage_to_markdown_code_macro_no_language
        PASS [   0.006s] (1738/4622) otto-issues confluence::tests::test_storage_to_markdown_entities
        PASS [   0.005s] (1739/4622) otto-issues confluence::tests::test_storage_to_markdown_headings
        PASS [   0.005s] (1740/4622) otto-issues confluence::tests::test_storage_to_markdown_image_self_closing
        PASS [   0.005s] (1741/4622) otto-issues confluence::tests::test_storage_to_markdown_image_with_attachment
        PASS [   0.005s] (1742/4622) otto-issues confluence::tests::test_storage_to_markdown_info_panel
        PASS [   0.005s] (1743/4622) otto-issues confluence::tests::test_storage_to_markdown_pre_code
        PASS [   0.005s] (1744/4622) otto-issues confluence::tests::test_storage_to_markdown_table_basic
        PASS [   0.005s] (1745/4622) otto-issues confluence::tests::test_storage_to_markdown_table_pipe_escaped
        PASS [   0.005s] (1746/4622) otto-issues confluence::tests::test_storage_to_markdown_unknown_macro_is_silent
        PASS [   0.005s] (1747/4622) otto-issues confluence::tests::test_storage_to_markdown_warning_panel
        PASS [   0.005s] (1748/4622) otto-issues http::tests::a_host_change_needs_a_fresh_token
        PASS [   0.005s] (1749/4622) otto-issues http::tests::a_listing_carries_truncation_only_when_asked
        PASS [   0.006s] (1750/4622) otto-issues http::tests::non_owner_is_forbidden
        PASS [   0.005s] (1751/4622) otto-issues http::tests::owner_is_authorized
        PASS [   0.005s] (1752/4622) otto-issues http::tests::root_can_access_any_account
        PASS [   0.006s] (1753/4622) otto-issues jira::tests::an_ascending_page_never_ends_the_walk_early
        PASS [   0.006s] (1754/4622) otto-issues jira::tests::jql_escaping_cannot_break_out_of_the_literal
        PASS [   0.006s] (1755/4622) otto-issues jira::tests::jql_walk_key_separates_accounts_and_queries
        PASS [   0.006s] (1756/4622) otto-issues jira::tests::jql_walk_last_page_and_page_cap
        PASS [   0.006s] (1757/4622) otto-issues jira::tests::jql_walk_resumes_from_the_nearest_known_token
        PASS [   0.012s] (1758/4622) otto-issues jira::tests::list_projects_reports_truncation_at_the_cap
        PASS [   0.007s] (1759/4622) otto-issues jira::tests::list_projects_walks_every_page
        PASS [   0.010s] (1760/4622) otto-issues jira::tests::load_more_past_an_expired_walk_errors_instead_of_empty
        PASS [   0.006s] (1761/4622) otto-issues jira::tests::newest_first_page_stops_at_the_cursor_and_keeps_ties
        PASS [   0.005s] (1762/4622) otto-issues jira::tests::newest_first_page_without_older_comments_keeps_walking
        PASS [   0.005s] (1763/4622) otto-issues jira::tests::only_a_missing_endpoint_falls_back_to_classic_search
        PASS [   0.006s] (1764/4622) otto-issues jira::tests::path_segments_cannot_traverse_to_other_endpoints
        PASS [   0.006s] (1765/4622) otto-issues jira::tests::test_build_create_issue_body_different_issue_type
        PASS [   0.005s] (1766/4622) otto-issues jira::tests::test_build_create_issue_body_nested_shape
        PASS [   0.006s] (1767/4622) otto-issues jira::tests::test_build_jql_no_project
        PASS [   0.006s] (1768/4622) otto-issues jira::tests::test_build_jql_with_project_digits
        PASS [   0.006s] (1769/4622) otto-issues jira::tests::test_build_jql_with_project_key
        PASS [   0.006s] (1770/4622) otto-issues jira::tests::test_build_jql_with_project_text
        PASS [   0.006s] (1771/4622) otto-issues jira::tests::test_dedupe_dev_status_collapses_duplicate_combos
        PASS [   0.006s] (1772/4622) otto-issues jira::tests::test_is_issue_key
        PASS [   0.006s] (1773/4622) otto-issues jira::tests::test_merge_dev_detail_branch
        PASS [   0.006s] (1774/4622) otto-issues jira::tests::test_merge_dev_detail_commit
        PASS [   0.006s] (1775/4622) otto-issues jira::tests::test_merge_dev_detail_empty_is_noop
        PASS [   0.006s] (1776/4622) otto-issues jira::tests::test_merge_dev_detail_pull_request
        PASS [   0.005s] (1777/4622) otto-issues jira::tests::test_parse_editmeta_empty
        PASS [   0.005s] (1778/4622) otto-issues jira::tests::test_parse_editmeta_flattens_and_filters
        PASS [   0.005s] (1779/4622) otto-issues jira::tests::test_parse_issue_full_assignee_reporter
        PASS [   0.006s] (1780/4622) otto-issues jira::tests::test_parse_issue_full_attachment
        PASS [   0.005s] (1781/4622) otto-issues jira::tests::test_parse_issue_full_basic_fields
        PASS [   0.005s] (1782/4622) otto-issues jira::tests::test_parse_issue_full_changelog
        PASS [   0.005s] (1783/4622) otto-issues jira::tests::test_parse_issue_full_comment
        PASS [   0.006s] (1784/4622) otto-issues jira::tests::test_parse_issue_full_custom_field_via_names
        PASS [   0.006s] (1785/4622) otto-issues jira::tests::test_parse_issue_full_description_md
        PASS [   0.006s] (1786/4622) otto-issues jira::tests::test_parse_issue_full_estimate_story_points
        PASS [   0.006s] (1787/4622) otto-issues jira::tests::test_parse_issue_full_estimate_timetracking
        PASS [   0.006s] (1788/4622) otto-issues jira::tests::test_parse_issue_full_issue_link
        PASS [   0.006s] (1789/4622) otto-issues jira::tests::test_parse_transitions
        PASS [   0.006s] (1790/4622) otto-issues jira::tests::test_stringify_value_array
        PASS [   0.006s] (1791/4622) otto-issues jira::tests::test_stringify_value_object_display_name
        PASS [   0.006s] (1792/4622) otto-issues jira::tests::test_stringify_value_object_name_fallback
        PASS [   0.006s] (1793/4622) otto-issues jira::tests::test_stringify_value_primitives
        PASS [   0.014s] (1794/4622) otto-k8s access::namespace_scope_tests::namespace_filter_evaluates_the_loaded_policy_in_memory
        PASS [   0.009s] (1795/4622) otto-k8s actions::tests::argo_rollout_verbs_use_status_subresource
        PASS [   0.007s] (1796/4622) otto-k8s actions::tests::argocd_app_restart_iterates_status_resources
        PASS [   0.006s] (1797/4622) otto-k8s actions::tests::argocd_sync_refresh_terminate
        PASS [   0.006s] (1798/4622) otto-k8s actions::tests::cronjob_verbs
        PASS [   0.006s] (1799/4622) otto-k8s actions::tests::delete_pod_confirm_and_grace
        PASS [   0.006s] (1800/4622) otto-k8s actions::tests::rejects_unknown_and_malformed
        PASS [   0.006s] (1801/4622) otto-k8s actions::tests::restart_variants
        PASS [   0.006s] (1802/4622) otto-k8s actions::tests::rollout_verbs_on_workloads
        PASS [   0.006s] (1803/4622) otto-k8s actions::tests::scale_requires_replicas_and_confirms_zero
        PASS [   0.006s] (1804/4622) otto-k8s cli::tests::argv_appends_after_base
        PASS [   0.006s] (1805/4622) otto-k8s cli::tests::base_args_with_and_without_kubeconfig
        PASS [   0.006s] (1806/4622) otto-k8s cli::tests::error_messages_are_redacted
        PASS [   0.006s] (1807/4622) otto-k8s cli::tests::forbidden_is_classified_as_rbac
        PASS [   0.006s] (1808/4622) otto-k8s cli::tests::missing_binary_is_not_installed
        PASS [   0.006s] (1809/4622) otto-k8s cli::tests::not_found_and_generic_failures
        PASS [   0.006s] (1810/4622) otto-k8s cli::tests::parse_json_tolerates_empty
        PASS [   0.006s] (1811/4622) otto-k8s cli::tests::reauth_only_for_rejected_credentials_with_a_hook
        PASS [   0.010s] (1812/4622) otto-k8s cli::tests::run_raw_capped_kills_an_endless_producer_at_the_cap
        PASS [   0.008s] (1813/4622) otto-k8s cli::tests::run_raw_capped_passes_small_output_and_exit_codes_through
        PASS [   0.013s] (1814/4622) otto-k8s cli::tests::run_raw_returns_exit_status_and_feeds_stdin
        PASS [   0.006s] (1815/4622) otto-k8s cli::tests::run_reports_enoent_as_not_installed
        PASS [   0.210s] (1816/4622) otto-k8s cli::tests::run_times_out
        PASS [   0.044s] (1817/4622) otto-k8s cli::tests::tolerant_run_surfaces_auth_failures_and_reauths_once
        PASS [   0.011s] (1818/4622) otto-k8s cli::tests::unauthorized_is_classified_as_credentials_rejected
        PASS [   0.010s] (1819/4622) otto-k8s clusters::tests::argo_resource_detection
        PASS [   0.007s] (1820/4622) otto-k8s clusters::tests::aws_env_rules
        PASS [   0.007s] (1821/4622) otto-k8s clusters::tests::capabilities_roundtrip_through_cache_json
        PASS [   0.006s] (1822/4622) otto-k8s clusters::tests::clean_ns_lowercases_and_trims
        PASS [   0.006s] (1823/4622) otto-k8s clusters::tests::config_view_parsing_reads_only_contexts_and_servers
        PASS [   0.006s] (1824/4622) otto-k8s clusters::tests::tilde_expansion
        PASS [   0.203s] (1825/4622) otto-k8s eks_token::tests::a_disallowed_exec_plugin_is_refused_and_never_run
        PASS [   0.013s] (1826/4622) otto-k8s eks_token::tests::exec_invocation_reads_command_args_env
        PASS [   0.011s] (1827/4622) otto-k8s eks_token::tests::negative_entry_holds_until_the_kubeconfig_changes
        PASS [   0.008s] (1828/4622) otto-k8s eks_token::tests::parses_exec_credential
        PASS [   0.016s] (1829/4622) otto-k8s eks_token::tests::token_file_is_private
        PASS [   0.007s] (1830/4622) otto-k8s http::pod_http_route_tests::get_reads_and_mutations_need_exec
        PASS [   0.007s] (1831/4622) otto-k8s install::tests::arch_labels
        PASS [   0.007s] (1832/4622) otto-k8s install::tests::locate_ladder_falls_back_to_data_dir_bin
        PASS [   0.007s] (1833/4622) otto-k8s install::tests::log_tail_is_capped_on_line_boundaries
        PASS [   0.006s] (1834/4622) otto-k8s install::tests::sha256_verification_accepts_matches_and_refuses_mismatches
        PASS [   0.006s] (1835/4622) otto-k8s install::tests::start_is_idempotent_while_running_and_broadcasts
        PASS [   0.006s] (1836/4622) otto-k8s install::tests::version_parsers
        PASS [   0.006s] (1837/4622) otto-k8s list_cache::tests::entries_expire_and_keys_separate_params
        PASS [   0.006s] (1838/4622) otto-k8s list_cache::tests::if_none_match_forms
        PASS [   0.007s] (1839/4622) otto-k8s list_cache::tests::version_follows_content_and_body_is_valid_json
        PASS [   0.006s] (1840/4622) otto-k8s list_cache::tests::version_is_stable_across_ages_and_quantises_metrics
        PASS [   0.006s] (1841/4622) otto-k8s list_gateway::tests::label_selectors_are_encoded
        PASS [   0.006s] (1842/4622) otto-k8s list_gateway::tests::reap_drops_idle_gateways_and_stale_failures
        PASS [   0.006s] (1843/4622) otto-k8s logs::tests::cap_keeps_the_tail
        PASS [   0.068s] (1844/4622) otto-k8s logs::tests::dropping_the_stream_kills_the_child
        PASS [   0.008s] (1845/4622) otto-k8s logs::tests::flag_shaped_names_are_rejected
        PASS [   0.012s] (1846/4622) otto-k8s logs::tests::follow_stream_ends_when_child_exits_and_appends_stderr
        PASS [   0.036s] (1847/4622) otto-k8s logs::tests::heavy_stderr_does_not_stall_stdout
        PASS [   0.006s] (1848/4622) otto-k8s logs::tests::logs_argv_from_query
        PASS [   0.092s] (1849/4622) otto-k8s logs::tests::read_capped_keeps_only_the_tail_in_a_ring
        PASS [   0.313s] (1850/4622) otto-k8s logs::tests::read_capped_kills_the_child_at_the_deadline
        PASS [   0.025s] (1851/4622) otto-k8s logs::tests::selector_argv_fans_out_with_prefix
        PASS [   0.014s] (1852/4622) otto-k8s logs::tests::tail_is_clamped
        PASS [   0.011s] (1853/4622) otto-k8s monitor::cache::tests::closed_entries_expire_at_their_boundary
        PASS [   0.010s] (1854/4622) otto-k8s monitor::cache::tests::cycle_entries_invalidate_on_a_new_cycle
        PASS [   0.008s] (1855/4622) otto-k8s monitor::cache::tests::fleet_entries_survive_the_floor_then_follow_the_generation
        PASS [   4.545s] (1856/4622) otto-git watch::tests::an_edit_emits_one_event_and_ignored_churn_emits_none
        PASS [   0.030s] (1857/4622) otto-k8s monitor::cache::tests::flight_serialises_identical_keys
        PASS [   0.010s] (1858/4622) otto-k8s monitor::classify::tests::crash_on_error_exit
        PASS [   0.009s] (1859/4622) otto-k8s monitor::classify::tests::evicted_is_drain
        PASS [   0.007s] (1860/4622) otto-k8s monitor::classify::tests::job_completion_is_completed_not_restart
        PASS [   0.007s] (1861/4622) otto-k8s monitor::classify::tests::first_cycle_without_baseline_emits_nothing
        PASS [   0.007s] (1862/4622) otto-k8s monitor::classify::tests::oom_from_last_state
        PASS [   0.007s] (1863/4622) otto-k8s monitor::classify::tests::otto_action_marks_planned
        PASS [   0.006s] (1864/4622) otto-k8s monitor::classify::tests::restart_count_reset_on_recreate_is_not_negative
        PASS [   0.006s] (1865/4622) otto-k8s monitor::classify::tests::probe_kill_from_events
        PASS [   0.006s] (1866/4622) otto-k8s monitor::classify::tests::scaling_event_marks_scale
        PASS [   0.007s] (1867/4622) otto-k8s monitor::classify::tests::rollout_is_planned_churn
        PASS [   0.006s] (1868/4622) otto-k8s monitor::classify::tests::unknown_keeps_raw_reason
        PASS [   0.006s] (1869/4622) otto-k8s monitor::classify::tests::snapshot_from_pod_json
        PASS [   0.007s] (1870/4622) otto-k8s monitor::classify::tests::workload_derivation
        PASS [   0.007s] (1871/4622) otto-k8s monitor::classify::tests::version_change_is_detected_per_workload
        PASS [   0.007s] (1872/4622) otto-k8s monitor::collector::tests::event_hints_filter_reasons_and_since
        PASS [   0.007s] (1873/4622) otto-k8s monitor::collector::tests::event_watch_lines_parse_incrementally
        PASS [   0.007s] (1874/4622) otto-k8s monitor::collector::tests::metrics_server_containers_sum_into_one_pod_sample
        PASS [   0.007s] (1875/4622) otto-k8s monitor::collector::tests::events_ndjson_encodes_class_and_detail
        PASS [   0.006s] (1876/4622) otto-k8s monitor::collector::tests::repeated_failures_back_off_without_shortening_configured_interval
        PASS [   0.006s] (1877/4622) otto-k8s monitor::collector::tests::purge_only_when_retention_is_below_the_table_ttl
        PASS [   0.006s] (1878/4622) otto-k8s monitor::collector::tests::samples_ndjson_rows_carry_workload_and_labels
        PASS [   0.007s] (1879/4622) otto-k8s monitor::collector::tests::status_rows_only_for_changed_pods
        PASS [   0.007s] (1880/4622) otto-k8s monitor::collector::tests::status_samples_cover_the_six_metrics
        PASS [   0.008s] (1881/4622) otto-k8s monitor::collector::tests::transport_cache_expires_and_follows_the_config
        PASS [   0.006s] (1882/4622) otto-k8s monitor::fleet::tests::events_sort_allowlist_and_paging
        PASS [   0.006s] (1883/4622) otto-k8s monitor::fleet::tests::filter_parses_and_rejects
        PASS [   0.006s] (1884/4622) otto-k8s monitor::fleet::tests::filters_and_pods
        PASS [   0.006s] (1885/4622) otto-k8s monitor::fleet::tests::requests_query_needs_path_label
        PASS [   0.006s] (1886/4622) otto-k8s monitor::fleet::tests::scope_limits_every_fleet_query_to_granted_clusters_and_namespaces
        PASS [   0.007s] (1887/4622) otto-k8s monitor::fleet::tests::series_variants
        PASS [   0.006s] (1888/4622) otto-k8s monitor::fleet::tests::table_queries_group_and_filter
        PASS [   0.007s] (1889/4622) otto-k8s monitor::gateway::tests::fingerprint_follows_the_kubeconfig_mtime
        PASS [   0.066s] (1890/4622) otto-k8s monitor::gateway::tests::proxies_pod_paths_over_one_process
        PASS [   0.008s] (1891/4622) otto-k8s monitor::gateway::tests::socket_dir_is_private
        PASS [   0.007s] (1892/4622) otto-k8s monitor::health::tests::error_spike_needs_min_pct
        PASS [   0.167s] (1893/4622) otto-k8s monitor::collector::tests::status_rewrites_the_snapshot_only_when_it_changed
        PASS [   0.007s] (1894/4622) otto-k8s monitor::health::tests::human_bytes_units
        PASS [   0.007s] (1895/4622) otto-k8s monitor::health::tests::memory_trend_alone_is_an_outlier
        PASS [   0.007s] (1896/4622) otto-k8s monitor::health::tests::outliers_pick_each_kind_once
        PASS [   0.006s] (1897/4622) otto-k8s monitor::latest::tests::stamp_must_match
        PASS [   0.007s] (1898/4622) otto-k8s monitor::health::tests::seed_counts_pods_ready_limits_and_crashloop
        PASS [   0.006s] (1899/4622) otto-k8s monitor::parse::tests::collapse_sums_across_dropped_labels_and_keeps_code_and_le
        PASS [   0.007s] (1900/4622) otto-k8s monitor::parse::tests::collapse_keeps_path_and_method_only_when_asked_and_never_on_buckets
        PASS [   0.007s] (1901/4622) otto-k8s monitor::parse::tests::health_probe
        PASS [   0.007s] (1902/4622) otto-k8s monitor::parse::tests::json_mappings_units_and_labels
        PASS [   0.007s] (1903/4622) otto-k8s monitor::parse::tests::prometheus_cap
        PASS [   0.007s] (1904/4622) otto-k8s monitor::parse::tests::prometheus_cap_drops_buckets_before_counters
        PASS [   0.007s] (1905/4622) otto-k8s monitor::parse::tests::prometheus_counter_gauge_histogram_with_labels_and_escapes
        PASS [   0.007s] (1906/4622) otto-k8s monitor::parse::tests::prometheus_malformed_labels_counted
        PASS [   0.006s] (1907/4622) otto-k8s monitor::parse::tests::units
        PASS [   0.006s] (1908/4622) otto-k8s monitor::probes::tests::exclusion_json_shape
        PASS [   0.006s] (1909/4622) otto-k8s monitor::probes::tests::glob_basics
        PASS [   0.006s] (1910/4622) otto-k8s monitor::probes::tests::exclusion_kinds
        PASS [   0.007s] (1911/4622) otto-k8s monitor::probes::tests::row_roundtrip_tolerates_garbage
        PASS [   0.007s] (1912/4622) otto-k8s monitor::probes::tests::presets_parse_and_validate
        PASS [   0.007s] (1913/4622) otto-k8s monitor::probes::tests::selector_eq_ne_exists
        PASS [   0.007s] (1914/4622) otto-k8s monitor::probes::tests::validate_limits
        PASS [   0.006s] (1915/4622) otto-k8s monitor::queries::tests::counters
        PASS [   0.006s] (1916/4622) otto-k8s monitor::queries::tests::events_sql_filters
        PASS [   0.006s] (1917/4622) otto-k8s monitor::queries::tests::latest_reads_use_the_last_value_table
        PASS [   0.006s] (1918/4622) otto-k8s monitor::queries::tests::namespace_scope_reaches_series_and_events_sql
        PASS [   0.007s] (1919/4622) otto-k8s monitor::queries::tests::p95_interpolates_and_handles_inf
        PASS [   0.007s] (1920/4622) otto-k8s monitor::queries::tests::planner_picks_the_coarsest_tier_that_fits
        PASS [   0.006s] (1921/4622) otto-k8s monitor::queries::tests::request_rates_escapes_and_ranges
        PASS [   0.006s] (1922/4622) otto-k8s monitor::queries::tests::series_counter_uses_rate
        PASS [   0.006s] (1923/4622) otto-k8s monitor::queries::tests::steps_align_to_rollup_grains
        PASS [   0.006s] (1924/4622) otto-k8s monitor::queries::tests::spans_snap_to_the_grain_and_count_covered_seconds
        PASS [   0.007s] (1925/4622) otto-k8s monitor::queries::tests::wide_planner_and_stitched_totals
        PASS [   0.007s] (1926/4622) otto-k8s monitor::queries::tests::wide_builders_read_the_wide_tables
        PASS [   0.007s] (1927/4622) otto-k8s monitor::queries::tests::window_and_ident
        PASS [   0.006s] (1928/4622) otto-k8s monitor::schema::tests::backfill_is_per_partition_and_respects_tier_keep
        PASS [   0.006s] (1929/4622) otto-k8s monitor::schema::tests::ddl_has_every_table_and_tiered_ttls
        PASS [   0.006s] (1930/4622) otto-k8s monitor::schema::tests::purge_targets_one_cluster_only
        PASS [   0.006s] (1931/4622) otto-k8s monitor::schema::tests::sql_str_escapes
        PASS [   0.006s] (1932/4622) otto-k8s monitor::schema::tests::ttl_alters_never_rewrite_and_floor_is_one_day
        PASS [   0.006s] (1933/4622) otto-k8s monitor::schema::tests::views_feed_every_tier_from_raw
        PASS [   0.006s] (1934/4622) otto-k8s monitor::schema::tests::wide_tiers_are_small_granule_and_fed_from_the_cycle_table
        PASS [   0.006s] (1935/4622) otto-k8s monitor::scrape::tests::an_app_error_proves_the_proxy_works
        PASS [   0.006s] (1936/4622) otto-k8s monitor::scrape::tests::decide_takes_the_first_decisive_verdict
        PASS [   0.314s] (1937/4622) otto-k8s monitor::scrape::tests::forward_pool_is_bounded_with_a_stable_resident_set
        PASS [   0.007s] (1938/4622) otto-k8s monitor::scrape::tests::forward_port_parse
        PASS [   0.006s] (1939/4622) otto-k8s monitor::scrape::tests::grouping_uses_default_port_and_reports_unresolved
        PASS [   0.006s] (1940/4622) otto-k8s monitor::scrape::tests::kubectl_raw_verdicts
        PASS [   0.006s] (1941/4622) otto-k8s monitor::scrape::tests::only_an_api_server_refusal_selects_port_forward
        PASS [   0.006s] (1942/4622) otto-k8s monitor::scrape::tests::proxy_path_shape
        PASS [   0.006s] (1943/4622) otto-k8s monitor::scrape::tests::sniff_sample_spreads_over_targets
        PASS [   0.006s] (1944/4622) otto-k8s monitor::wide::tests::cycle_rows_skip_empty_pods_and_forget_vanished_series
        PASS [   0.006s] (1945/4622) otto-k8s monitor::wide::tests::increments_are_reset_aware
        PASS [   0.006s] (1946/4622) otto-k8s monitor::wide::tests::jvm_pools_sum_and_gauge_rank_wins
        PASS [   0.006s] (1947/4622) otto-k8s monitor::wide::tests::pod_row_folds_counters_memory_and_histogram
        PASS [   0.006s] (1948/4622) otto-k8s monitor::wide::tests::seed_reads_counters_only_and_matches_series_keys
        PASS [   0.006s] (1949/4622) otto-k8s pod_http::tests::bodies_are_capped_and_binary_is_base64
        PASS [   0.006s] (1950/4622) otto-k8s pod_http::tests::credential_headers_are_redacted
        PASS [   0.006s] (1951/4622) otto-k8s pod_http::tests::forget_is_a_no_op_for_an_unknown_cluster
        PASS [   0.006s] (1952/4622) otto-k8s pod_http::tests::headers_are_validated
        PASS [   0.006s] (1953/4622) otto-k8s pod_http::tests::only_pre_send_proxy_failures_fall_back
        PASS [   0.006s] (1954/4622) otto-k8s pod_http::tests::paths_are_plain_absolute_paths
        PASS [   0.006s] (1955/4622) otto-k8s pod_http::tests::prod_mutations_need_the_typed_name
        PASS [   0.006s] (1956/4622) otto-k8s pod_http::tests::running_pods_and_proxy_refusal
        PASS [   0.008s] (1957/4622) otto-k8s pod_http::tests::validate_requires_exactly_one_target_and_sane_fields
        PASS [   0.006s] (1958/4622) otto-k8s resources::tests::application_extras
        PASS [   0.006s] (1959/4622) otto-k8s resources::tests::containers_table_includes_init_containers
        PASS [   0.006s] (1960/4622) otto-k8s resources::tests::deployment_math
        PASS [   0.006s] (1961/4622) otto-k8s resources::tests::events_sorted_newest_first
        PASS [   0.006s] (1962/4622) otto-k8s resources::tests::flag_shaped_object_names_never_reach_kubectl
        PASS [   0.006s] (1963/4622) otto-k8s resources::tests::kind_parsing_and_kubectl_names
        PASS [   0.006s] (1964/4622) otto-k8s resources::tests::nodes_and_top_nodes
        PASS [   0.537s] (1965/4622) otto-k8s monitor::schema::backfill::tests::a_missing_hour_view_never_replaces_history_older_than_raw
        PASS [   0.006s] (1966/4622) otto-k8s resources::tests::other_kinds_smoke
        PASS [   0.006s] (1967/4622) otto-k8s resources::tests::pod_status_and_health_rules
        PASS [   0.006s] (1968/4622) otto-k8s resources::tests::quantities
        PASS [   0.006s] (1969/4622) otto-k8s resources::tests::query_filter
        PASS [   0.006s] (1970/4622) otto-k8s resources::tests::rollout_extras
        PASS [   0.006s] (1971/4622) otto-k8s resources::tests::secrets_never_expose_values
        PASS [   0.006s] (1972/4622) otto-k8s resources::tests::top_merge_into_pod_rows
        PASS [   0.007s] (1973/4622) otto-k8s sessions::tests::exec_argv_default_shell_and_explicit_command
        PASS [   0.006s] (1974/4622) otto-k8s sessions::tests::k9s_argv
        PASS [   0.784s] (1975/4622) otto-k8s::fake_kubectl actions_run_kubectl_and_are_audited
        PASS [   0.778s] (1976/4622) otto-k8s::fake_kubectl capabilities_probe_is_cached_until_refresh
        PASS [   0.162s] (1977/4622) otto-k8s::fake_kubectl cluster_crud_roundtrip
        PASS [   0.594s] (1978/4622) otto-k8s::fake_kubectl delegated_cluster_admin_cannot_attach_repoint_or_read_hidden_configuration
        PASS [   0.577s] (1979/4622) otto-k8s::fake_kubectl exec_spawns_a_k8s_session_with_the_contract_argv
        PASS [   0.157s] (1980/4622) otto-k8s::fake_kubectl fleet_and_overview_are_filtered_to_the_callers_grants
        PASS [   0.164s] (1981/4622) otto-k8s::fake_kubectl fleet_routes_need_clickhouse
        PASS [   0.167s] (1982/4622) otto-k8s::fake_kubectl fleet_routes_validate_and_aggregate_from_clickhouse_only
        PASS [   0.371s] (1983/4622) otto-k8s::fake_kubectl import_writes_a_private_kubeconfig_and_validates_it
        PASS [   0.163s] (1984/4622) otto-k8s::fake_kubectl kubeconfig_exec_plugins_are_allow_listed
        PASS [   0.631s] (1985/4622) otto-k8s::fake_kubectl forbidden_namespace_maps_to_403
        PASS [   0.614s] (1986/4622) otto-k8s::fake_kubectl logs_endpoint_returns_text_and_streams_when_following
        PASS [   0.609s] (1987/4622) otto-k8s::fake_kubectl metrics_for_one_pod_hits_the_single_pod_path
        PASS [   0.638s] (1988/4622) otto-k8s::fake_kubectl monitor_auto_transport_keeps_proxy_on_an_app_404
        PASS [   0.614s] (1989/4622) otto-k8s::fake_kubectl monitor_auto_transport_tries_several_pods_before_deciding
        PASS [   0.620s] (1990/4622) otto-k8s::fake_kubectl monitor_auto_transport_uses_port_forward_when_the_api_server_denies_proxy
        PASS [   0.160s] (1991/4622) otto-k8s::fake_kubectl monitor_enabling_without_sink_is_409
        PASS [   0.818s] (1992/4622) otto-k8s::fake_kubectl monitor_cycle_at_2k_pods_fits_the_spawn_and_time_budget
        PASS [   0.159s] (1993/4622) otto-k8s::fake_kubectl monitor_events_parse_detail_and_filter
        PASS [   0.162s] (1994/4622) otto-k8s::fake_kubectl monitor_overview_rejects_bad_window_and_lists_clusters
        PASS [   0.162s] (1995/4622) otto-k8s::fake_kubectl monitor_put_validates_and_persists
        PASS [   0.166s] (1996/4622) otto-k8s::fake_kubectl monitor_routes_enforce_cluster_grants
        PASS [   0.624s] (1997/4622) otto-k8s::fake_kubectl monitor_health_digest_reports_disabled_then_stats
        PASS [   0.159s] (1998/4622) otto-k8s::fake_kubectl monitor_series_rejects_bad_ident
        PASS [   0.657s] (1999/4622) otto-k8s::fake_kubectl monitor_run_now_sweeps_pods_and_writes_samples
        PASS [   0.621s] (2000/4622) otto-k8s::fake_kubectl monitor_test_probes_reports_per_probe_parse
        PASS [   0.152s] (2001/4622) otto-k8s::fake_kubectl new_clusters_are_private_and_guessed_namespace_reads_are_denied
        PASS [   1.607s] (2002/4622) otto-k8s::fake_kubectl namespace_workloads_do_not_grant_secrets_metrics_exec_or_mutation
        PASS [   1.703s] (2003/4622) otto-k8s::fake_kubectl resources_list_is_304_for_an_unchanged_list_across_a_cache_miss
        PASS [   0.685s] (2004/4622) otto-k8s::fake_kubectl resources_list_pages_through_the_list_gateway
        PASS [   0.152s] (2005/4622) otto-k8s::fake_kubectl scoped_workloads_redact_the_cluster_wide_status_row
        PASS [   0.614s] (2006/4622) otto-k8s::fake_kubectl resources_pods_are_normalised_and_merged_with_metrics
        PASS [   0.334s] (2007/4622) otto-k8s::fake_kubectl status_reports_the_fake_kubectl
        PASS [   0.605s] (2008/4622) otto-k8s::fake_kubectl secrets_rows_carry_no_values
        PASS [   0.009s] (2009/4622) otto-k8s::monitor_minikube one_cycle_against_the_current_context
        PASS [   0.009s] (2010/4622) otto-mcp auto_approve::tests::audit_reason_names_the_policy
        PASS [   0.007s] (2011/4622) otto-mcp auto_approve::tests::disabled_and_unknown_rules_never_cover
        PASS [   0.007s] (2012/4622) otto-mcp auto_approve::tests::irreversible_needs_a_per_tool_rule_with_the_second_toggle
        PASS [   0.006s] (2013/4622) otto-mcp auto_approve::tests::most_specific_rule_is_the_one_recorded
        PASS [   0.006s] (2014/4622) otto-mcp auto_approve::tests::no_rules_no_auto_approval
        PASS [   0.006s] (2015/4622) otto-mcp auto_approve::tests::scope_must_match_the_call
        PASS [   0.008s] (2016/4622) otto-mcp auto_approve::tests::tool_and_category_rules_cover
        PASS [   0.029s] (2017/4622) otto-mcp client::tests::a_concurrent_call_reuses_the_busy_session_instead_of_spawning
        PASS [   0.117s] (2018/4622) otto-mcp client::tests::a_cross_host_redirect_does_not_forward_the_secret_header
        PASS [   0.243s] (2019/4622) otto-mcp client::tests::a_dead_parked_session_is_replaced_once
        PASS [   0.008s] (2020/4622) otto-mcp client::tests::a_server_request_on_the_stream_is_answered_while_it_is_open
        PASS [   0.594s] (2021/4622) otto-k8s::fake_kubectl test_endpoint_uses_base_args_and_reports_server_version
        PASS [   0.124s] (2022/4622) otto-mcp client::tests::chunked_http_and_sse_stop_at_cap_before_the_stream_ends
        PASS [   0.022s] (2023/4622) otto-mcp client::tests::concurrent_ops_do_not_serialize
        PASS [   0.007s] (2024/4622) otto-mcp client::tests::http_sse_response_after_notification_end_to_end
        PASS [   0.006s] (2025/4622) otto-mcp client::tests::network_configuration_reaches_stdio_servers_but_credentials_do_not
        PASS [   0.010s] (2026/4622) otto-mcp client::tests::newline_free_response_stops_at_cap
        PASS [   0.016s] (2027/4622) otto-mcp client::tests::notifications_share_the_response_budget
        PASS [   0.006s] (2028/4622) otto-mcp client::tests::pick_response_prefers_matching_id_then_any_response
        PASS [   0.006s] (2029/4622) otto-mcp client::tests::redirects_stay_on_the_origin
        PASS [   1.556s] (2030/4622) otto-mcp client::tests::concurrent_burst_keeps_two_server_processes
        PASS [   0.017s] (2031/4622) otto-mcp client::tests::sse_notification_before_result_returns_the_result
        PASS [   0.024s] (2032/4622) otto-mcp client::tests::stdio_call_tool
        PASS [   0.013s] (2033/4622) otto-mcp client::tests::stdio_health_initializes
        PASS [   0.022s] (2034/4622) otto-mcp client::tests::stdio_list_tools
        PASS [   0.008s] (2035/4622) otto-mcp client::tests::stdio_server_request_with_colliding_id_is_answered_not_returned
        PASS [   0.007s] (2036/4622) otto-mcp client::tests::stdio_servers_inherit_only_the_base_environment
        PASS [   0.037s] (2037/4622) otto-mcp client::tests::stdio_session_is_reused_across_ops
        PASS [   0.009s] (2038/4622) otto-mcp outward::tests::a_dot_segment_cannot_traverse_to_another_route
        PASS [   0.008s] (2039/4622) otto-mcp outward::tests::an_update_keeps_every_field_it_did_not_send
        PASS [   0.010s] (2040/4622) otto-mcp outward::tests::api_client_tools_present_classified_and_routed
        PASS [   0.008s] (2041/4622) otto-mcp outward::tests::api_execute_rejects_brace_overrides_in_route_for
        PASS [   0.007s] (2042/4622) otto-mcp outward::tests::approval_gate_honours_the_per_tool_exemption
        PASS [   0.008s] (2043/4622) otto-mcp outward::tests::assistant_memory_tools_present_classified_and_routed
        PASS [   0.009s] (2044/4622) otto-mcp outward::tests::aws_k8s_tools_present_and_classified
        PASS [   0.008s] (2045/4622) otto-mcp outward::tests::classification_lists_reference_real_tools
        PASS [   0.008s] (2046/4622) otto-mcp outward::tests::confluence_page_tools_route_and_are_tiered
        PASS [   0.007s] (2047/4622) otto-mcp outward::tests::confluence_page_urls_and_transition_names_resolve
        PASS [   0.008s] (2048/4622) otto-mcp outward::tests::create_tool_is_marked_mutating
        PASS [   0.007s] (2049/4622) otto-mcp outward::tests::dangerous_detail_surfaces_api_targets
        PASS [   0.007s] (2050/4622) otto-mcp outward::tests::dangerous_detail_surfaces_cadence_and_destination
        PASS [   0.007s] (2051/4622) otto-mcp outward::tests::dangerous_detail_surfaces_console_targets
        PASS [   0.007s] (2052/4622) otto-mcp outward::tests::dangerous_detail_surfaces_new_tool_targets
        PASS [   0.007s] (2053/4622) otto-mcp outward::tests::design_tools_are_default_on_reads_and_route_to_the_design_api
        PASS [   0.007s] (2054/4622) otto-mcp outward::tests::design_writes_are_approval_gated_and_route_to_the_design_api
        PASS [   0.008s] (2055/4622) otto-mcp outward::tests::every_spec_is_well_formed_and_classified
        PASS [   0.008s] (2056/4622) otto-mcp outward::tests::exempt_list_is_validated_normalized_and_pruned
        PASS [   0.007s] (2057/4622) otto-mcp outward::tests::git_tools_take_a_friendly_repo_ref_and_list_repos_spans_workspaces
        PASS [   0.008s] (2058/4622) otto-mcp outward::tests::headline_features_present_and_governed
        PASS [   0.007s] (2059/4622) otto-mcp outward::tests::initialize_negotiates_to_a_supported_protocol_version
        PASS [   0.006s] (2060/4622) otto-mcp outward::tests::internal_reviewer_scope_does_not_depend_on_outward_server_toggle
        PASS [   0.007s] (2061/4622) otto-mcp outward::tests::long_running_tools_get_a_longer_self_call_budget
        PASS [   0.007s] (2062/4622) otto-mcp outward::tests::new_discovery_and_git_tools_route_and_classify
        PASS [   0.007s] (2063/4622) otto-mcp outward::tests::pick_vault_workspace_prefers_writable_for_mutating_tools
        PASS [   0.006s] (2064/4622) otto-mcp outward::tests::pin_verdict_denies_what_it_cannot_verify
        PASS [   0.007s] (2065/4622) otto-mcp outward::tests::pr_number_aliases_and_strings_normalize_before_hashing
        PASS [   0.007s] (2066/4622) otto-mcp outward::tests::query_db_readonly_sql_guard_lives_in_route_for
        PASS [   0.007s] (2067/4622) otto-mcp outward::tests::room_tools_are_default_enabled_and_route
        PASS [   0.007s] (2068/4622) otto-mcp outward::tests::route_for_maps_aws_console
        PASS [   0.008s] (2069/4622) otto-mcp outward::tests::route_for_maps_git_issues_swarm_memory_usage
        PASS [   0.007s] (2070/4622) otto-mcp outward::tests::route_for_maps_k8s_console
        PASS [   0.007s] (2071/4622) otto-mcp outward::tests::route_for_maps_workflows_and_brokers
        PASS [   0.007s] (2072/4622) otto-mcp outward::tests::route_for_rejects_missing_args_and_unknown_tool
        PASS [   0.008s] (2073/4622) otto-mcp outward::tests::run_workflow_forwards_review_mode
        PASS [   0.008s] (2074/4622) otto-mcp outward::tests::scheduled_task_tools_are_registered
        PASS [   0.007s] (2075/4622) otto-mcp outward::tests::self_call_errors_keep_the_whole_actionable_message
        PASS [   0.008s] (2076/4622) otto-mcp outward::tests::self_improvement_tools_present_classified_and_routed
        PASS [   0.007s] (2077/4622) otto-mcp outward::tests::ui_error_envelope_shape
        PASS [   0.007s] (2078/4622) otto-mcp outward::tests::ui_tools_are_classified
        PASS [   0.007s] (2079/4622) otto-mcp outward::tests::ui_tools_are_default_on_and_survive_an_old_saved_list
        PASS [   0.007s] (2080/4622) otto-mcp outward::tests::ui_tools_from_a_session_skip_only_the_master_switch
        PASS [   0.008s] (2081/4622) otto-mcp outward::tests::vault_tools_do_not_require_workspace_id
        PASS [   0.007s] (2082/4622) otto-mcp outward::tests::write_tools_are_dangerous_reads_are_default_enabled
        PASS [   0.006s] (2083/4622) otto-mcp outward::ui_commands::tests::catalog_problems_catch_each_rule
        PASS [   0.007s] (2084/4622) otto-mcp outward::ui_commands::tests::embedded_catalog_parses_and_is_valid
        PASS [   0.007s] (2085/4622) otto-mcp outward::ui_commands::tests::mutating_follows_risk
        PASS [   0.007s] (2086/4622) otto-mcp outward::ui_commands::tests::pane_key_matches_the_ui
        PASS [   0.007s] (2087/4622) otto-mcp outward::ui_commands::tests::phase_one_commands_exist
        PASS [   0.007s] (2088/4622) otto-mcp outward::ui_commands::tests::specs_mirror_the_catalog
        PASS [   0.006s] (2089/4622) otto-mcp outward::ui_commands::tests::unknown_fields_in_the_file_are_rejected
        PASS [   0.007s] (2090/4622) otto-mcp outward::ui_commands::tests::validate_args_enforces_the_schema
        PASS [   0.006s] (2091/4622) otto-mcp policy::tests::deny_wins_over_low_priority_allow
        PASS [   0.007s] (2092/4622) otto-mcp policy::tests::glob_helper
        PASS [   0.007s] (2093/4622) otto-mcp policy::tests::min_injection_matches_at_or_above
        PASS [   0.007s] (2094/4622) otto-mcp policy::tests::most_restrictive_wins_among_matches
        PASS [   0.006s] (2095/4622) otto-mcp policy::tests::no_rules_allows
        PASS [   0.007s] (2096/4622) otto-mcp policy::tests::require_approval_for_glob
        PASS [   0.007s] (2097/4622) otto-mcp risk::tests::delete_keyword_is_dangerous_even_without_annotations
        PASS [   0.006s] (2098/4622) otto-mcp risk::tests::destructive_hint_is_dangerous
        PASS [   0.006s] (2099/4622) otto-mcp risk::tests::fetch_keyword_is_medium_injection
        PASS [   0.006s] (2100/4622) otto-mcp risk::tests::open_world_hint_is_high_injection
        PASS [   0.006s] (2101/4622) otto-mcp risk::tests::read_only_hint_is_read_low
        PASS [   0.007s] (2102/4622) otto-mcp risk::tests::unlabeled_fails_closed_write_medium
        PASS [   2.115s] (2103/4622) otto-mcp client::tests::slow_parallel_calls_keep_a_pool_of_two_sessions
        PASS [   0.189s] (2104/4622) otto-mcp service::batch_tests::an_executed_outbound_call_stays_within_its_statement_budget
        PASS [   0.168s] (2105/4622) otto-mcp service::batch_tests::dropped_armed_audit_guard_finalizes_the_row_as_failed
        PASS [   0.167s] (2106/4622) otto-mcp service::batch_tests::enforced_batch_verdicts_equal_the_single_checks
        PASS [   0.163s] (2107/4622) otto-mcp service::batch_tests::legacy_visible_tools_cost_a_fixed_handful_of_statements
        PASS [   0.007s] (2108/4622) otto-mcp service::tests::canonical_hash_is_key_order_independent
        PASS [   0.007s] (2109/4622) otto-mcp service::tests::sweep_probes_only_recently_used_servers
        PASS [   0.160s] (2110/4622) otto-mcp service::batch_tests::recheck_deny_rewrites_the_pre_exec_row_not_a_second_row
        PASS [   0.196s] (2111/4622) otto-mcp::pipeline_e2e allowlist_and_policy_deny
        PASS [   0.168s] (2112/4622) otto-mcp::pipeline_e2e delegated_configure_cannot_attach_or_repoint_native_mcp_credentials
        PASS [   0.177s] (2113/4622) otto-mcp::pipeline_e2e discover_labels_risk_and_health_probes
        PASS [   0.186s] (2114/4622) otto-mcp::pipeline_e2e full_governance_flow
        PASS [   0.184s] (2115/4622) otto-mcp::pipeline_e2e governed_calls_reuse_one_pooled_client
        PASS [   0.186s] (2116/4622) otto-mcp::pipeline_e2e http_filters_servers_tools_configuration_and_guessed_actions
        PASS [   0.174s] (2117/4622) otto-mcp::pipeline_e2e resource_denial_blocks_even_readonly_tool_and_dry_run
        PASS [   0.007s] (2118/4622) otto-memory governance::tests::agents_md_tagged_fact
        PASS [   0.006s] (2119/4622) otto-memory governance::tests::cursorrules_tagged_constraint
        PASS [   0.006s] (2120/4622) otto-memory governance::tests::empty_content_yields_no_memories
        PASS [   0.007s] (2121/4622) otto-memory governance::tests::empty_sections_filtered
        PASS [   0.006s] (2122/4622) otto-memory governance::tests::invalid_states_rejected
        PASS [   0.006s] (2123/4622) otto-memory governance::tests::parses_h2_sections
        PASS [   0.006s] (2124/4622) otto-memory governance::tests::parses_no_headings_as_single_section
        PASS [   0.006s] (2125/4622) otto-memory governance::tests::valid_states_accepted
        PASS [   0.172s] (2126/4622) otto-mcp::pipeline_e2e sweep_is_lazy_for_unused_stdio_servers
        PASS [   0.176s] (2127/4622) otto-memory::collections_graph code_chunks_are_searchable
        PASS [   0.164s] (2128/4622) otto-memory::collections_graph graphify_import_builds_traversable_graph
        PASS [   0.170s] (2129/4622) otto-memory::integrity bump_access_counts_each_hit_once_in_one_statement
        PASS [   0.193s] (2130/4622) otto-memory::integrity concurrent_saves_on_a_file_database_all_succeed
        PASS [   0.164s] (2131/4622) otto-memory::integrity fts_is_written_with_the_row_and_drift_is_reconciled_on_start
        PASS [   0.157s] (2132/4622) otto-memory::integrity merge_whose_text_equals_a_source_keeps_that_source_live
        PASS [   0.160s] (2133/4622) otto-memory::integrity reimporting_a_governance_file_keeps_accepted_memories
        PASS [   0.155s] (2134/4622) otto-memory::integrity resaving_a_forgotten_memory_reactivates_it
        PASS [   0.158s] (2135/4622) otto-memory::integrity split_refuses_parts_equal_to_the_parent_or_each_other
        PASS [   0.161s] (2136/4622) otto-memory::integrity undo_token_is_not_serialized_and_undo_is_pinned_to_its_memory
        PASS [   0.163s] (2137/4622) otto-memory::integrity undo_tokens_are_random_and_expire
        PASS [   0.155s] (2138/4622) otto-memory::integrity update_into_a_duplicate_body_is_a_conflict
        PASS [   0.162s] (2139/4622) otto-memory::integrity warm_fts_reconciles_before_the_first_request
        PASS [   0.179s] (2140/4622) otto-memory::needle exact_duplicate_is_noop
        PASS [   0.179s] (2141/4622) otto-memory::needle kinds_filter_applies_before_limit
        PASS [   0.183s] (2142/4622) otto-memory::needle needle_in_haystack_over_http
        PASS [   0.187s] (2143/4622) otto-memory::needle needle_in_haystack_via_service
        PASS [   0.167s] (2144/4622) otto-memory::needle semantic_path_finds_related
        PASS [   0.166s] (2145/4622) otto-memory::sharing private_memory_is_hidden_from_other_members
        PASS [   0.183s] (2146/4622) otto-memory::remote_share team_shares_one_memory_across_instances
        PASS [   0.010s] (2147/4622) otto-memory::vault markdown_round_trips
        PASS [   0.160s] (2148/4622) otto-memory::vault save_writes_an_obsidian_note
        PASS [   0.015s] (2149/4622) otto-product analysis::tests::fanout_caps_providers_and_total_agents
        PASS [   0.010s] (2150/4622) otto-product analysis::tests::story_start_lock_is_per_story
        PASS [   0.010s] (2151/4622) otto-product analysis::tests::supervised_runner_panic_runs_the_crash_hook
        PASS [   0.007s] (2152/4622) otto-product chat::tests::canvas_doc_from_mermaid_action
        PASS [   0.007s] (2153/4622) otto-product chat::tests::canvas_doc_from_nodes_action_synthesizes_mermaid
        PASS [   0.007s] (2154/4622) otto-product chat::tests::context_includes_version_mockup_and_discovery
        PASS [   0.007s] (2155/4622) otto-product chat::tests::context_respects_budget
        PASS [   0.007s] (2156/4622) otto-product chat::tests::prompt_has_sentinel_and_actions_contract
        PASS [   0.007s] (2157/4622) otto-product chat::tests::split_actions_extracts_array_and_prose
        PASS [   0.007s] (2158/4622) otto-product chat::tests::split_actions_no_block_keeps_prose
        PASS [   0.007s] (2159/4622) otto-product design_format::tests::legacy_formats_keep_kind_mockup
        PASS [   0.008s] (2160/4622) otto-product design_format::tests::mime_ext_and_names_are_consistent
        PASS [   0.007s] (2161/4622) otto-product design_format::tests::parses_the_four_formats_case_insensitively
        PASS [   0.008s] (2162/4622) otto-product design_format::tests::stubs_render_before_the_agent_commits
        PASS [   0.007s] (2163/4622) otto-product design_format::tests::unknown_format_is_invalid_not_html
        PASS [   0.007s] (2164/4622) otto-product design_scene3d::tests::blender_script_golden
        PASS [   0.007s] (2165/4622) otto-product design_scene3d::tests::gltf_objects_export_as_named_empties_not_paths
        PASS [   0.007s] (2166/4622) otto-product design_scene3d::tests::python_literals_are_escaped
        PASS [   0.320s] (2167/4622) otto-memory::vault reindex_shared_vault_makes_it_searchable
        PASS [   0.009s] (2168/4622) otto-product design_scene3d::tests::rejects_oversized_documents
        PASS [   0.008s] (2169/4622) otto-product design_scene3d::tests::rejects_unknown_types_bad_numbers_and_unsafe_ids
        PASS [   0.008s] (2170/4622) otto-product design_scene3d::tests::v2_blender_export_falls_back_for_tokens_and_hides_srcs
        PASS [   0.007s] (2171/4622) otto-product design_scene3d::tests::v2_documents_validate_and_v1_stays_readable
        PASS [   0.008s] (2172/4622) otto-product design_scene3d::tests::v2_rejects_bad_tokens_uris_states_and_ranges
        PASS [   0.007s] (2173/4622) otto-product design_scene3d::tests::validates_the_spec_example_and_the_empty_scene
        PASS [   0.007s] (2174/4622) otto-product extract::tests::analysis_summary_classifies_bullets
        PASS [   0.007s] (2175/4622) otto-product extract::tests::answered_question_becomes_qa
        PASS [   0.006s] (2176/4622) otto-product extract::tests::unanswered_question_is_skipped
        PASS [   0.167s] (2177/4622) otto-product http::tests::create_and_list_learning
        PASS [   0.167s] (2178/4622) otto-product http::tests::children_route_files_a_doc_under_the_epic
        PASS [   0.156s] (2179/4622) otto-product http::tests::get_story_detail_flat
        PASS [   0.159s] (2180/4622) otto-product http::tests::flat_patch_learning
        PASS [   0.157s] (2181/4622) otto-product http::tests::list_stories_empty
        PASS [   0.158s] (2182/4622) otto-product http::tests::patch_moves_marks_and_detaches_with_one_level_guard
        PASS [   0.162s] (2183/4622) otto-product http::tests::publish_as_story_rejects_non_owner_account
        PASS [   0.161s] (2184/4622) otto-product http::tests::reviewed_confluence_missing_review
        PASS [   0.165s] (2185/4622) otto-product http::tests::reviewed_confluence_reference
        PASS [   0.166s] (2186/4622) otto-product http::tests::reviewed_confluence_new_version
        PASS [   0.162s] (2187/4622) otto-product http::tests::reviewed_confluence_title
        PASS [   0.165s] (2188/4622) otto-product http::tests::reviewed_confluence_same_version_body
        PASS [   0.158s] (2189/4622) otto-product http::tests::reviewed_jira_missing_review
        PASS [   0.166s] (2190/4622) otto-product http::tests::reviewed_confluence_unchanged_payload
        PASS [   0.158s] (2191/4622) otto-product http::tests::reviewed_jira_new_version
        PASS [   0.157s] (2192/4622) otto-product http::tests::reviewed_jira_reference
        PASS [   0.165s] (2193/4622) otto-product http::tests::reviewed_jira_same_version_body
        PASS [   0.161s] (2194/4622) otto-product http::tests::reviewed_jira_title
        PASS [   0.159s] (2195/4622) otto-product http::tests::transcript_legacy_list_keeps_full_body_compatibility
        PASS [   0.163s] (2196/4622) otto-product http::tests::reviewed_jira_unchanged_payload
        PASS [   0.163s] (2197/4622) otto-product http::tests::transcript_summary_cursor_survives_timestamp_ties_and_new_imports
        PASS [   0.176s] (2198/4622) otto-product http::tests::transcript_search_reaches_old_collapsed_body_with_literal_unicode_counts
        PASS [   0.157s] (2199/4622) otto-product http::tests::transcript_summary_search_and_detail_authorize_owning_story
        PASS [   0.009s] (2200/4622) otto-product media::csp_tests::active_attachment_types_are_sandboxed
        PASS [   0.008s] (2201/4622) otto-product media::tests::base_updated_at_guard
        PASS [   0.186s] (2202/4622) otto-product http::tests::transcript_summary_page_excludes_100_large_bodies
        PASS [   0.007s] (2203/4622) otto-product media::tests::design_mimes_are_allowed_sniffed_and_kind_design
        PASS [   0.007s] (2204/4622) otto-product media::tests::event_content_is_source_for_text_and_null_for_binaries
        PASS [   0.007s] (2205/4622) otto-product media::tests::ext_matches_mime
        PASS [   0.007s] (2206/4622) otto-product media::tests::path_within_allows_contained
        PASS [   0.035s] (2207/4622) otto-product media::tests::content_put_guards
        PASS [   0.007s] (2208/4622) otto-product media::tests::path_within_blocks_escape
        PASS [   0.007s] (2209/4622) otto-product media::tests::rejects_disallowed_mime
        PASS [   0.006s] (2210/4622) otto-product media::tests::sanitize_strips_path_components
        PASS [   0.007s] (2211/4622) otto-product media::tests::sniff_detects_png_mismatch
        PASS [   0.007s] (2212/4622) otto-product media::tests::sniff_binary_and_text_types
        PASS [   0.007s] (2213/4622) otto-product refine::tests::parse_malformed_preserves_reply_no_update
        PASS [   0.007s] (2214/4622) otto-product refine::tests::parse_extracts_reply_and_updated_body
        PASS [   0.007s] (2215/4622) otto-product refine::tests::parse_null_updated_is_none
        PASS [   0.007s] (2216/4622) otto-product refine::tests::prompt_includes_history_story_and_discovery_context
        PASS [   0.007s] (2217/4622) otto-product run::tests::autonomy_directive_instructs_no_questions_and_assumptions
        PASS [   0.007s] (2218/4622) otto-product run::tests::augment_with_out_path_appends_write_instruction_and_path
        PASS [   0.007s] (2219/4622) otto-product run::tests::build_analysis_prompt_includes_context_path_reference
        PASS [   0.007s] (2220/4622) otto-product run::tests::build_analysis_prompt_includes_output_contract_marker
        PASS [   0.006s] (2221/4622) otto-product run::tests::build_analysis_prompt_includes_prior_summary_when_given
        PASS [   0.006s] (2222/4622) otto-product run::tests::build_analysis_prompt_includes_skill_body
        PASS [   0.007s] (2223/4622) otto-product run::tests::build_analysis_prompt_omits_prior_summary_section_when_none
        PASS [   0.007s] (2224/4622) otto-product run::tests::build_plan_prompt_includes_context_path_reference
        PASS [   0.007s] (2225/4622) otto-product run::tests::build_plan_prompt_includes_plan_contract_marker
        PASS [   0.007s] (2226/4622) otto-product run::tests::build_plan_summarizer_prompt_includes_candidates_and_consolidate_contract
        PASS [   0.007s] (2227/4622) otto-product run::tests::build_rewrite_prompt_includes_body_markdown_contract_marker
        PASS [   0.007s] (2228/4622) otto-product run::tests::build_rewrite_prompt_includes_context_path_reference
        PASS [   0.007s] (2229/4622) otto-product run::tests::build_summarizer_prompt_includes_consolidate_dedupe_and_questions_schema
        PASS [   0.007s] (2230/4622) otto-product run::tests::build_rewrite_prompt_includes_writer_skill_body
        PASS [   0.007s] (2231/4622) otto-product run::tests::build_tests_prompt_includes_skill_body_verbatim
        PASS [   0.007s] (2232/4622) otto-product run::tests::build_tests_prompt_includes_context_path_reference
        PASS [   0.007s] (2233/4622) otto-product run::tests::build_tests_prompt_includes_testcases_contract_marker
        PASS [   0.007s] (2234/4622) otto-product run::tests::build_tests_prompt_skill_body_mentions_happy_and_coverage_guidance
        PASS [   0.006s] (2235/4622) otto-product run::tests::extract_json_block_empty_string_returns_none
        PASS [   0.006s] (2236/4622) otto-product run::tests::extract_json_block_fence_wins_over_prose_brace
        PASS [   0.007s] (2237/4622) otto-product run::tests::extract_json_block_finds_bare_object
        PASS [   0.007s] (2238/4622) otto-product run::tests::extract_json_block_finds_json_in_fence
        PASS [   0.007s] (2239/4622) otto-product run::tests::extract_json_block_returns_none_for_prose
        PASS [   0.007s] (2240/4622) otto-product run::tests::extract_json_block_nested_json_balanced
        PASS [   0.007s] (2241/4622) otto-product run::tests::narrative_from_clarifications_contains_note_body
        PASS [   0.007s] (2242/4622) otto-product run::tests::narrative_from_clarifications_contains_answered_question
        PASS [   0.006s] (2243/4622) otto-product run::tests::narrative_from_tests_contains_story_title
        PASS [   0.007s] (2244/4622) otto-product run::tests::narrative_from_tests_flags_nonempty_review_note
        PASS [   0.007s] (2245/4622) otto-product run::tests::session_cwd_passes_real_path_through_unchanged
        PASS [   0.007s] (2246/4622) otto-product run::tests::narrative_from_tests_highlights_changes_requested_case
        PASS [   0.009s] (2247/4622) otto-product run::tests::session_cwd_two_calls_yield_distinct_dirs
        PASS [   0.009s] (2248/4622) otto-product run::tests::session_cwd_rewrites_shared_temp_fallback_to_existing_child
        PASS [   0.006s] (2249/4622) otto-product run::tests::summary_findings_parses_summarizer_schema
        PASS [   0.006s] (2250/4622) otto-product service::cwd_tests::root_home_and_missing_cwds_are_rejected
        PASS [   0.006s] (2251/4622) otto-product service::cwd_tests::workspace_temp_and_git_cwds_are_accepted
        PASS [   0.034s] (2252/4622) otto-product run::tests::session_cwd_uses_a_stable_swept_root
        PASS [   0.158s] (2253/4622) otto-product service::tests::authorize_account_id_owner_root_ok_stranger_forbidden
        PASS [   0.157s] (2254/4622) otto-product service::tests::authorize_story_account_guards_bound_credential
        PASS [   0.167s] (2255/4622) otto-product service::tests::build_agent_context_includes_transcript_body
        PASS [   0.161s] (2256/4622) otto-product service::tests::build_inject_bundle_assembles_content_and_excludes_discarded_questions
        PASS [   0.008s] (2257/4622) otto-product service::tests::build_questions_comment_formats_correctly
        PASS [   0.158s] (2258/4622) otto-product service::tests::create_draft_makes_draft_story_and_version
        PASS [   0.159s] (2259/4622) otto-product service::tests::import_story_creates_story_version_event_with_adf_body
        PASS [   0.158s] (2260/4622) otto-product service::tests::publish_as_story_rebinds_draft_story_to_jira
        PASS [   0.161s] (2261/4622) otto-product service::tests::post_questions_posts_combined_comment_and_updates_status
        PASS [   0.008s] (2262/4622) otto-product service::tests::raw_page_version_reads_import_and_publish_rows
        PASS [   0.154s] (2263/4622) otto-product service::tests::record_import_stores_story_version_event_without_network
        PASS [   0.156s] (2264/4622) otto-product service::tests::refresh_story_adds_version_when_body_changes
        PASS [   0.008s] (2265/4622) otto-product service::tests::render_testcases_markdown_groups_by_category_and_renders_steps
        PASS [   0.007s] (2266/4622) otto-product service::tests::render_testcases_markdown_tolerates_malformed_steps_json
        PASS [   0.158s] (2267/4622) otto-product service::tests::refresh_story_no_new_version_when_body_unchanged
        PASS [   0.008s] (2268/4622) otto-product service::tests::watch_cursor_roundtrip_handles_same_timestamp_ties
        PASS [   0.007s] (2269/4622) otto-product swarm::tests::brief_includes_discovery_framing_and_abs_attachment_paths
        PASS [   0.155s] (2270/4622) otto-product service::tests::update_draft_body_edits_in_place_and_syncs_title
        PASS [   0.007s] (2271/4622) otto-product swarm::tests::derived_status_all_done
        PASS [   0.007s] (2272/4622) otto-product swarm::tests::derived_status_any_error_wins
        PASS [   0.007s] (2273/4622) otto-product swarm::tests::derived_status_mixed_keeps_persisted
        PASS [   0.006s] (2274/4622) otto-product swarm::tests::empty_plan_yields_no_tasks
        PASS [   0.006s] (2275/4622) otto-product swarm::tests::ignores_h1_and_keeps_h2_h4
        PASS [   0.006s] (2276/4622) otto-product swarm::tests::parses_task_headings_with_bodies
        PASS [   0.006s] (2277/4622) otto-product swarm::tests::strips_various_task_prefixes
        PASS [   0.006s] (2278/4622) otto-product watcher::tests::build_reconcile_prompt_empty_questions_shows_none
        PASS [   0.006s] (2279/4622) otto-product watcher::tests::build_reconcile_prompt_fences_comments_as_untrusted_data
        PASS [   0.006s] (2280/4622) otto-product watcher::tests::build_reconcile_prompt_includes_new_comments_text
        PASS [   0.006s] (2281/4622) otto-product watcher::tests::build_reconcile_prompt_includes_question_id_and_text
        PASS [   0.006s] (2282/4622) otto-product watcher::tests::build_reconcile_prompt_includes_recommended_next_step_contract_marker
        PASS [   0.007s] (2283/4622) otto-product watcher::tests::watcher_reconcile_uses_the_untrusted_runner
        PASS [   0.171s] (2284/4622) otto-product::memory_ingest product_artifacts_become_searchable_memories
        PASS [   0.168s] (2285/4622) otto-product::memory_ingest recall_brief_groups_story_memories
        PASS [   0.009s] (2286/4622) otto-rbac cache::tests::disabled_cache_is_always_miss
        PASS [   0.009s] (2287/4622) otto-rbac cache::tests::evict_single_removes_entry
        PASS [   0.007s] (2288/4622) otto-rbac cache::tests::expired_entry_is_a_miss
        PASS [   0.007s] (2289/4622) otto-rbac cache::tests::evict_user_removes_all_tokens_for_that_user
        PASS [   0.006s] (2290/4622) otto-rbac cache::tests::hit_and_miss
        PASS [   0.006s] (2291/4622) otto-rbac cache::tests::grants_invalidator_impl_delegates_to_evict_user
        PASS [   0.006s] (2292/4622) otto-rbac cache::tests::process_wide_eviction_reaches_every_live_cache
        PASS [   0.006s] (2293/4622) otto-rbac passwords::tests::password_policy
        PASS [   0.049s] (2294/4622) otto-rbac passwords::tests::bounded_verify_runs_off_thread_and_matches
        PASS [   0.048s] (2295/4622) otto-rbac passwords::tests::roundtrip
        PASS [   0.177s] (2296/4622) otto-rbac tokens::tests::api_token_lifecycle_mint_list_auth_revoke
        PASS [   0.166s] (2297/4622) otto-rbac tokens::tests::api_token_revoke_is_owner_scoped
        PASS [   0.160s] (2298/4622) otto-rbac tokens::tests::boot_sweep_expires_pre_cutover_legacy_label_tokens
        PASS [   0.162s] (2299/4622) otto-rbac tokens::tests::boot_sweep_expires_managed_session_tokens_only
        PASS [   0.155s] (2300/4622) otto-rbac tokens::tests::cached_login_token_served_from_cache_on_repeat
        PASS [   0.159s] (2301/4622) otto-rbac tokens::tests::boot_sweep_spares_sessions_that_survived_the_restart
        PASS [   0.158s] (2302/4622) otto-rbac tokens::tests::cached_revoked_api_token_rejected_immediately
        PASS [   0.162s] (2303/4622) otto-rbac tokens::tests::cached_revoke_all_for_user_evicts_user_tokens
        PASS [   0.158s] (2304/4622) otto-rbac tokens::tests::cached_revoked_login_token_rejected_immediately
        PASS [   0.180s] (2305/4622) otto-rbac tokens::tests::expired_otp_cannot_be_verified
        PASS [   0.008s] (2306/4622) otto-rbac tokens::tests::generate_otp_is_six_digits
        PASS [   0.164s] (2307/4622) otto-rbac tokens::tests::expired_share_token_fails_auth
        PASS [   0.161s] (2308/4622) otto-rbac tokens::tests::impersonation_rejects_disabled_target
        PASS [   0.163s] (2309/4622) otto-rbac tokens::tests::impersonation_token_expires
        PASS [   0.162s] (2310/4622) otto-rbac tokens::tests::impersonation_token_is_never_cached_revoke_is_instant
        PASS [   0.157s] (2311/4622) otto-rbac tokens::tests::impersonation_token_resolves_real_and_effective
        PASS [   0.199s] (2312/4622) otto-rbac tokens::tests::lapsed_otp_share_is_listed_dormant_and_extend_is_capped
        PASS [   0.168s] (2313/4622) otto-rbac tokens::tests::legacy_mcp_token_is_unrestricted
        PASS [   0.163s] (2314/4622) otto-rbac tokens::tests::list_shares_for_session_lists_live_only
        PASS [   0.162s] (2315/4622) otto-rbac tokens::tests::managed_session_token_rejects_deleted_session_even_after_authentication
        PASS [   0.159s] (2316/4622) otto-rbac tokens::tests::managed_session_tokens_revoke_across_restart_without_touching_personal_tokens
        PASS [   0.160s] (2317/4622) otto-rbac tokens::tests::managed_token_origin_distinguishes_agent_calls_from_personal_tokens
        PASS [   0.162s] (2318/4622) otto-rbac tokens::tests::mcp_token_scope_round_trips_through_authenticate
        PASS [   0.159s] (2319/4622) otto-rbac tokens::tests::multiple_mcp_tokens_per_user_coexist
        PASS [   0.188s] (2320/4622) otto-rbac tokens::tests::otp_share_is_pending_until_verified
        PASS [   0.177s] (2321/4622) otto-rbac tokens::tests::otp_share_window_clamps_to_12h
        PASS [   0.196s] (2322/4622) otto-rbac tokens::tests::otp_verify_succeeds_once_then_is_single_use
        PASS [   0.163s] (2323/4622) otto-rbac tokens::tests::plain_share_is_never_otp_pending
        PASS [   0.169s] (2324/4622) otto-rbac tokens::tests::purge_expired_drops_only_long_expired_non_share_rows
        PASS [   0.167s] (2325/4622) otto-rbac tokens::tests::revoke_all_for_user_clears_shares_too
        PASS [   0.161s] (2326/4622) otto-rbac tokens::tests::revoke_all_for_user_invalidates_every_token
        PASS [   0.164s] (2327/4622) otto-rbac tokens::tests::revoke_mcp_tokens_leaves_scoped_tokens_alone
        PASS [   0.161s] (2328/4622) otto-rbac tokens::tests::revoke_share_is_owner_scoped
        PASS [   0.159s] (2329/4622) otto-rbac tokens::tests::revoked_share_token_fails_auth
        PASS [   0.158s] (2330/4622) otto-rbac tokens::tests::root_owned_share_does_not_grant_root
        PASS [   0.164s] (2331/4622) otto-rbac tokens::tests::rotate_mcp_token_rotates_only_the_selected_token
        PASS [   0.157s] (2332/4622) otto-rbac tokens::tests::rotate_mcp_token_unknown_id_is_none
        PASS [   0.163s] (2333/4622) otto-rbac tokens::tests::session_token_lifecycle
        PASS [   0.164s] (2334/4622) otto-rbac tokens::tests::share_token_authenticates_with_viewer_scope
        PASS [   0.161s] (2335/4622) otto-rbac tokens::tests::share_token_carries_editor_scope
        PASS [   0.161s] (2336/4622) otto-rbac tokens::tests::share_token_is_never_cached_revoke_is_instant
        PASS [   0.159s] (2337/4622) otto-rbac tokens::tests::share_token_rejects_admin_role
        PASS [   0.162s] (2338/4622) otto-rbac tokens::tests::share_token_ttl_is_clamped
        PASS [   0.163s] (2339/4622) otto-rbac tokens::tests::share_token_ttl_is_fixed_not_sliding
        PASS [   0.162s] (2340/4622) otto-rbac tokens::tests::token_inventory_distinguishes_durable_ownership_from_legacy_label_candidates
        PASS [   0.160s] (2341/4622) otto-rbac tokens::tests::uncached_revokes_evict_the_shared_authenticator_cache
        PASS [   0.166s] (2342/4622) otto-rbac tokens::tests::vault_reviewer_token_fails_closed_when_persisted_scope_is_missing
        PASS [   0.160s] (2343/4622) otto-rbac tokens::tests::vault_reviewer_token_is_server_bound_and_read_only
        PASS [   0.189s] (2344/4622) otto-rbac tokens::tests::verified_otp_share_repends_after_window
        PASS [   0.174s] (2345/4622) otto-rbac::resource_access child_derived_parent_discovery_requires_one_child_to_survive_denies
        PASS [   0.311s] (2346/4622) otto-rbac tokens::tests::wrong_otps_burn_the_code_after_the_cap
        PASS [   0.160s] (2347/4622) otto-rbac::resource_access direct_denial_restricts_one_group_member_without_restricting_peers
        PASS [   0.166s] (2348/4622) otto-rbac::resource_access child_scope_is_exact_and_denies_win_across_multiple_groups
        PASS [   0.164s] (2349/4622) otto-rbac::resource_access failed_policy_audit_rolls_back_the_policy_head_and_version
        PASS [   0.167s] (2350/4622) otto-rbac::resource_access group_and_role_editing_primitives_round_trip
        PASS [   0.166s] (2351/4622) otto-rbac::resource_access legacy_root_and_live_membership_have_distinct_behavior
        PASS [   0.168s] (2352/4622) otto-rbac::resource_access live_evaluation_distinguishes_deleted_resources_from_existing_legacy_resources
        PASS [   0.007s] (2353/4622) otto-rbac::resource_access operation_catalogues_cover_cloud_and_cluster_resources
        PASS [   0.166s] (2354/4622) otto-rbac::resource_access non_discover_operations_require_discovery_at_the_same_effective_scope
        PASS [   0.164s] (2355/4622) otto-rbac::resource_access policy_writes_compare_and_swap_and_validate_rules
        PASS [   0.168s] (2356/4622) otto-rbac::resource_access raw_resource_insert_is_enforced_empty_before_owner_initialization
        PASS [   0.164s] (2357/4622) otto-rbac::resource_access roles_are_validated_presets_and_owner_initialization_is_enforced
        PASS [   0.016s] (2358/4622) otto-review engine::exclude_tests::otto_dir_is_excluded_once_in_main_and_linked_worktrees
        PASS [   0.007s] (2359/4622) otto-review engine::exclude_tests::untracked_omission_marker_matches_the_partial_diff_marker
        PASS [   0.007s] (2360/4622) otto-review engine::orchestrator_tests::cancel_flags_registered_before_staggered_spawns
        PASS [   0.009s] (2361/4622) otto-review engine::orchestrator_tests::checks_lens_is_not_read_only_in_orchestrator_prompt
        PASS [   0.007s] (2362/4622) otto-review engine::orchestrator_tests::effective_review_mode_tags_stored_vs_default
        PASS [   0.006s] (2363/4622) otto-review engine::orchestrator_tests::fan_out_is_default_and_unchanged
        PASS [   0.006s] (2364/4622) otto-review engine::orchestrator_tests::orchestrator_budget_scales_with_lenses_and_caps
        PASS [   0.006s] (2365/4622) otto-review engine::orchestrator_tests::orchestrator_mode_expands_one_run_per_provider
        PASS [   0.006s] (2366/4622) otto-review engine::orchestrator_tests::orchestrator_prompt_inlines_a_resolved_lens_method
        PASS [   0.007s] (2367/4622) otto-review engine::orchestrator_tests::orchestrator_prompt_lists_every_lens_and_per_lens_paths
        PASS [   0.006s] (2368/4622) otto-review engine::review_lens_prompt_tests::blank_lens_name_still_forbids_substitution
        PASS [   0.006s] (2369/4622) otto-review engine::review_lens_prompt_tests::empty_skill_returns_agent_prompt_unchanged
        PASS [   0.006s] (2370/4622) otto-review engine::review_lens_prompt_tests::names_lens_permits_it_and_forbids_substitution
        PASS [   0.006s] (2371/4622) otto-review engine::review_r10_tests::parse_draft_comments_survives_inverted_brackets
        PASS [   0.007s] (2372/4622) otto-review engine::review_r10_tests::render_diff_marks_omitted_files_and_reports_partial
        PASS [   0.006s] (2373/4622) otto-review engine::review_r10_tests::resolve_blocker_requires_a_pr_checkout
        PASS [   0.006s] (2374/4622) otto-review engine::review_r10_tests::review_wait_budget_exceeds_agent_plus_summarizer
        PASS [   0.006s] (2375/4622) otto-review engine::review_scope_tests::decided_comments_are_not_redrafted_by_a_summarizer_rerun
        PASS [   0.006s] (2376/4622) otto-review engine::review_scope_tests::diff_paths_cover_both_sides_and_skip_content_lines
        PASS [   0.006s] (2377/4622) otto-review engine::review_scope_tests::only_an_anchor_rejection_falls_back_to_a_general_comment
        PASS [   0.006s] (2378/4622) otto-review engine::review_scope_tests::only_clean_runs_are_complete
        PASS [   0.006s] (2379/4622) otto-review engine::reviewer_slot_tests::concurrency_env_parses_with_a_floor_of_one
        PASS [   0.006s] (2380/4622) otto-review engine::severity_tests::blockers_are_counted_in_the_stored_vocabulary
        PASS [   0.006s] (2381/4622) otto-review engine::severity_tests::rank_orders_highest_first
        PASS [   0.006s] (2382/4622) otto-review fallback::tests::duplicates_across_agents_collapse_with_agreement
        PASS [   0.006s] (2383/4622) otto-review fallback::tests::empty_batches_yield_empty_array
        PASS [   0.006s] (2384/4622) otto-review fallback::tests::never_truncates_however_many_findings
        PASS [   0.006s] (2385/4622) otto-review fallback::tests::rank_is_severity_then_agreement_then_location_and_stable
        PASS [   0.006s] (2386/4622) otto-review session::tests::augment_prompt_includes_path_and_base
        PASS [   0.006s] (2387/4622) otto-review session::tests::bracketed_paste_cannot_be_closed_early
        PASS [   0.005s] (2388/4622) otto-review session::tests::empty_array_is_a_complete_turn_but_garbage_is_not
        PASS [   0.005s] (2389/4622) otto-review session::tests::findings_path_unique_per_agent
        PASS [   0.006s] (2390/4622) otto-review session::tests::late_lens_files_are_merged_and_unfinished_lenses_named
        PASS [   0.006s] (2391/4622) otto-review session::tests::lens_covered_by_ignores_orchestrator_rows
        PASS [   0.005s] (2392/4622) otto-review session::tests::lens_covered_only_by_a_finished_sibling_of_the_same_lens
        PASS [   0.078s] (2393/4622) otto-review engine::reviewer_slot_tests::spawned_reviewers_never_exceed_the_cap
        PASS [   0.006s] (2394/4622) otto-review session::tests::parse_findings_accepts_skill_style_keys
        PASS [   0.006s] (2395/4622) otto-review session::tests::parse_findings_is_lenient_per_element
        PASS [   0.006s] (2396/4622) otto-review session::tests::parse_findings_keeps_lens_and_slug_is_sanitised
        PASS [   0.006s] (2397/4622) otto-review session::tests::parse_findings_prefers_canonical_keys_and_maps_severities
        PASS [   0.006s] (2398/4622) otto-review session::tests::parse_findings_tolerates_fences_prose_and_garbage
        PASS [   0.006s] (2399/4622) otto-review session::tests::paste_counts_as_echoed_when_the_tui_collapses_it_to_a_placeholder
        PASS [   0.006s] (2400/4622) otto-review session::tests::paste_probe_is_short_normalized_and_skips_blank_lines
        PASS [   0.007s] (2401/4622) otto-review session::tests::per_lens_files_glob_deleted_per_attempt
        PASS [   0.006s] (2402/4622) otto-review session::tests::review_done_suspends_reviewer_sessions
        PASS [   0.006s] (2403/4622) otto-review session::tests::review_session_meta_is_confined_without_project_settings
        PASS [   0.006s] (2404/4622) otto-review session::tests::review_skills_extra_dirs_is_claude_only
        PASS [   0.006s] (2405/4622) otto-review session::tests::stopped_agent_note_matches_stop_endpoint_wording
        PASS [   0.007s] (2406/4622) otto-review session::tests::stuck_note_reports_the_real_window
        PASS [   0.007s] (2407/4622) otto-review session::tests::styled_echo_is_detected_once_escapes_are_stripped
        PASS [   0.006s] (2408/4622) otto-review session::tests::wait_for_tui_false_on_deadline_without_output
        PASS [   0.007s] (2409/4622) otto-review session::tests::user_record_after_scans_only_past_the_offset
        PASS [   0.007s] (2410/4622) otto-review summarizer::tests::publishes_pending_sessions_and_cleans_up_for_every_provider
        PASS [   0.008s] (2411/4622) otto-review summarizer::tests::retry_results_are_isolated_and_partial_json_is_not_complete
        PASS [   0.037s] (2412/4622) otto-review summarizer::tests::timeout_cancel_and_errors_release_the_published_session
        PASS [   0.006s] (2413/4622) otto-review worktree::tests::sha_matches_full_and_abbreviated_heads_only
        PASS [   0.188s] (2414/4622) otto-review worktree::tests::fork_pr_from_main_checks_out_the_head_sha_not_origin_main
        PASS [   0.012s] (2415/4622) otto-server agent_refs::tests::directory_rows_are_projected_and_annotated
        PASS [   0.012s] (2416/4622) otto-server agent_refs::tests::errors_list_candidates_so_the_agent_can_retry_at_once
        PASS [   0.011s] (2417/4622) otto-server agent_refs::tests::every_kind_is_well_formed
        PASS [   0.011s] (2418/4622) otto-server agent_refs::tests::looks_like_id_recognises_ulids_and_integers_only
        PASS [   0.012s] (2419/4622) otto-server agent_refs::tests::matches_id_then_name_case_insensitively_across_workspaces
        PASS [   0.203s] (2420/4622) otto-review worktree::tests::teardown_deletes_the_fetched_pr_review_ref
        PASS [   0.011s] (2421/4622) otto-server agent_refs::tests::status_errors_keep_their_class_without_doubling_the_prefix
        PASS [   0.012s] (2422/4622) otto-server agent_refs::tests::nested_and_keyed_rows_are_read
        PASS [   0.012s] (2423/4622) otto-server agent_session::tests::detects_injected_reminder_echo
        PASS [   0.012s] (2424/4622) otto-server agent_session::tests::confirm_needle_samples_a_distinctive_slice
        PASS [   0.011s] (2425/4622) otto-server agent_session::tests::normalize_ws_collapses_all_whitespace
        PASS [   0.011s] (2426/4622) otto-server agent_session::tests::prompt_entered_matches_only_our_user_turn
        PASS [   0.011s] (2427/4622) otto-server agent_session::tests::stall_trip_does_not_fire_during_handoff_linger
        PASS [   0.011s] (2428/4622) otto-server agent_session::tests::stall_trip_skipped_while_pending_children_progress
        PASS [   0.012s] (2429/4622) otto-server agent_session::tests::strict_result_protocol_accepts_validated_file_without_changing_legacy_completion
        PASS [   0.012s] (2430/4622) otto-server agent_session::tests::strict_result_protocol_blocks_oracle_idle_and_quiet_completion
        PASS [   0.012s] (2431/4622) otto-server agent_session::tests::submit_confirm_scales_with_live_sessions
        PASS [   0.012s] (2432/4622) otto-server agent_tasks_nudge::tests::ansi_is_stripped_and_prompts_detected
        PASS [   0.011s] (2433/4622) otto-server agent_tasks_nudge::tests::nudge_text_is_the_contract_line
        PASS [   0.012s] (2434/4622) otto-server agent_tasks_nudge::tests::captured_shell_nudge_requires_the_nested_cli_to_be_alive
        PASS [   0.010s] (2435/4622) otto-server agent_tasks_nudge::tests::safety_tick_is_fast_only_while_pending
        PASS [   0.011s] (2436/4622) otto-server agent_tasks_nudge::tests::only_claude_codex_agents_are_nudgeable
        PASS [   0.010s] (2437/4622) otto-server agent_tasks_nudge::tests::sanitize_strips_control_chars_and_paste_terminators
        PASS [   0.011s] (2438/4622) otto-server api_helpers::tests::ansi_c_quoting
        PASS [   0.011s] (2439/4622) otto-server api_helpers::tests::assert_exists_not_exists_lte_gte
        PASS [   0.012s] (2440/4622) otto-server api_helpers::tests::assert_header_and_body_text_and_regex
        PASS [   0.011s] (2441/4622) otto-server api_helpers::tests::assert_json_path_ops
        PASS [   0.010s] (2442/4622) otto-server api_helpers::tests::assert_status_and_duration
        PASS [   0.011s] (2443/4622) otto-server api_helpers::tests::assertion_desc_carries_the_actual_value
        PASS [   0.012s] (2444/4622) otto-server api_helpers::tests::assert_unknown_kind_is_failed_not_panic
        PASS [   0.011s] (2445/4622) otto-server api_helpers::tests::attached_short_flags_are_split
        PASS [   0.011s] (2446/4622) otto-server api_helpers::tests::basic_auth_from_user_flag
        PASS [   0.011s] (2447/4622) otto-server api_helpers::tests::convenience_flags_map_to_headers_auth_and_method
        PASS [   0.011s] (2448/4622) otto-server api_helpers::tests::basic_auth_header_decoded
        PASS [   0.011s] (2449/4622) otto-server api_helpers::tests::data_implies_post
        PASS [   0.011s] (2450/4622) otto-server api_helpers::tests::data_urlencode_encodes_like_curl
        PASS [   0.011s] (2451/4622) otto-server api_helpers::tests::form_urlencode
        PASS [   0.011s] (2452/4622) otto-server api_helpers::tests::form_flag_builds_a_multipart_body
        PASS [   0.011s] (2453/4622) otto-server api_helpers::tests::get_with_query_string
        PASS [   0.011s] (2454/4622) otto-server api_helpers::tests::get_flag_sends_data_as_query
        PASS [   0.011s] (2455/4622) otto-server api_helpers::tests::json_path_dot_and_bracket
        PASS [   0.011s] (2456/4622) otto-server api_helpers::tests::json_flag_sets_body_and_headers
        PASS [   0.011s] (2457/4622) otto-server api_helpers::tests::json_path_quoted_keys_and_misses
        PASS [   0.011s] (2458/4622) otto-server api_helpers::tests::openapi_builds_paths_and_methods
        PASS [   0.011s] (2459/4622) otto-server api_helpers::tests::simple_get
        PASS [   0.011s] (2460/4622) otto-server api_helpers::tests::post_json_with_headers_and_bearer
        PASS [   0.011s] (2461/4622) otto-server api_helpers::tests::value_flags_never_become_the_url
        PASS [   0.012s] (2462/4622) otto-server api_secrets::tests::async_helpers_match_sync_and_skip_foreign_reads
        PASS [   0.011s] (2463/4622) otto-server api_secrets::tests::checked_secret_read_distinguishes_missing_valid_unavailable_and_corrupt
        PASS [   0.011s] (2464/4622) otto-server api_secrets::tests::jwt_claims_decodes_exp_never_returns_token
        PASS [   0.010s] (2465/4622) otto-server api_secrets::tests::mask_jwts_replaces_tokens_and_keeps_other_text
        PASS [   0.011s] (2466/4622) otto-server api_secrets::tests::jwt_claims_scans_plain_text
        PASS [   0.010s] (2467/4622) otto-server api_secrets::tests::mask_variables_masks_secret_shaped_keys
        PASS [   0.010s] (2468/4622) otto-server api_secrets::tests::mask_kv_rows_masks_authorization_and_secret_shaped
        PASS [   0.010s] (2469/4622) otto-server api_secrets::tests::redact_covers_plaintext_and_markers
        PASS [   0.010s] (2470/4622) otto-server api_secrets::tests::resolve_rejects_foreign_and_resolves_own
        PASS [   0.012s] (2471/4622) otto-server api_secrets::tests::scrub_secrets_masks_every_occurrence
        PASS [   0.012s] (2472/4622) otto-server api_secrets::tests::scrub_response_json_matches_typed_scrub
        PASS [   0.011s] (2473/4622) otto-server api_secrets::tests::secret_shaped_names
        PASS [   0.011s] (2474/4622) otto-server api_secrets::tests::scrubs_script_tests_warnings_and_nested_result_metadata
        PASS [   0.011s] (2475/4622) otto-server api_secrets::tests::split_drops_stale_members_on_type_change
        PASS [   0.011s] (2476/4622) otto-server api_secrets::tests::set_cookie_always_masked
        PASS [   0.012s] (2477/4622) otto-server api_secrets::tests::split_moves_plaintext_and_keeps_markers
        PASS [   0.012s] (2478/4622) otto-server api_secrets::tests::strip_secret_vars
        PASS [   0.011s] (2479/4622) otto-server assistant_host::tests::run_at_resolves_through_the_once_cadence
        PASS [   0.164s] (2480/4622) otto-server auth::session_owner_tests::non_owner_editor_is_forbidden
        PASS [   0.161s] (2481/4622) otto-server auth::session_owner_tests::owner_is_allowed
        PASS [   0.160s] (2482/4622) otto-server auth::session_owner_tests::root_is_always_allowed
        PASS [   0.158s] (2483/4622) otto-server auth::session_owner_tests::workspace_admin_non_owner_is_allowed
        PASS [   0.010s] (2484/4622) otto-server boot::tests::boot_line_lists_every_phase_in_order
        PASS [   0.010s] (2485/4622) otto-server browser_login_throttle::tests::a_rejected_attempt_is_not_itself_recorded
        PASS [   0.009s] (2486/4622) otto-server browser_login_throttle::tests::allows_up_to_the_cap_then_rejects
        PASS [   0.009s] (2487/4622) otto-server browser_login_throttle::tests::domains_are_independent
        PASS [   0.009s] (2488/4622) otto-server cli_update::tests::body_all_failed_says_none_updated
        PASS [   0.009s] (2489/4622) otto-server cli_update::tests::body_all_ok_lists_every_provider_as_updated
        PASS [   0.009s] (2490/4622) otto-server cli_update::tests::body_one_failure_names_the_provider_and_reason
        PASS [   0.009s] (2491/4622) otto-server cli_update::tests::body_reload_disabled_omits_the_reload_sentence
        PASS [   0.010s] (2492/4622) otto-server cli_update::tests::body_reload_failures_are_counted
        PASS [   0.010s] (2493/4622) otto-server cli_update::tests::body_separates_updated_from_already_current_and_counts_deferred
        PASS [   0.009s] (2494/4622) otto-server cli_update::tests::catch_up_missed_window
        PASS [   0.009s] (2495/4622) otto-server cli_update::tests::config_defaults_on
        PASS [   0.010s] (2496/4622) otto-server cli_update::tests::config_partial_json_keeps_defaults
        PASS [   0.009s] (2497/4622) otto-server cli_update::tests::due_after_time_when_never_ran
        PASS [   0.009s] (2498/4622) otto-server cli_update::tests::exit_zero_without_a_version_change_is_not_an_update
        PASS [   0.009s] (2499/4622) otto-server cli_update::tests::local_tz_path_is_evaluated
        PASS [   0.010s] (2500/4622) otto-server cli_update::tests::not_due_before_scheduled_time
        PASS [   0.008s] (2501/4622) otto-server cli_update::tests::not_due_when_already_ran_today
        PASS [   0.008s] (2502/4622) otto-server cli_update::tests::parse_time
        PASS [   0.009s] (2503/4622) otto-server cors_tests::preflight_is_cacheable_for_allowed_origins_only
        PASS [   0.009s] (2504/4622) otto-server database_changes::tests::a_failed_later_statement_never_marks_the_batch_successful
        PASS [   0.169s] (2505/4622) otto-server database_changes::tests::change_permissions_intersect_page_workspace_and_direct_denies
        PASS [   0.010s] (2506/4622) otto-server database_changes::tests::targets_are_canonical_and_cannot_alias_the_lock
        PASS [   0.009s] (2507/4622) otto-server db_assist::tests::context_md_carries_details
        PASS [   0.009s] (2508/4622) otto-server db_assist::tests::extract_fenced_sql_block
        PASS [   0.009s] (2509/4622) otto-server db_assist::tests::first_line_picks_first_nonempty
        PASS [   0.008s] (2510/4622) otto-server db_assist::tests::investigate_prompt_references_result_md
        PASS [   0.008s] (2511/4622) otto-server db_assist::tests::mode_normalizes_and_drives_task
        PASS [   0.008s] (2512/4622) otto-server db_assist::tests::node_label_handles_tagged_bare_and_empty
        PASS [   0.008s] (2513/4622) otto-server db_assist::tests::prompt_has_sentinel_schema_q_and_question
        PASS [   0.009s] (2514/4622) otto-server db_assist::tests::q_script_bakes_port_id_key_and_endpoint
        PASS [   0.621s] (2515/4622) otto-server design_blender::tests::detect_cache_serves_within_ttl
        PASS [   0.222s] (2516/4622) otto-server design_blender::tests::detect_reports_not_installed_cleanly_when_absent
        PASS [   0.010s] (2517/4622) otto-server design_blender::tests::job_registry_prunes_expired_finished_jobs
        PASS [   0.009s] (2518/4622) otto-server design_blender::tests::parses_blender_version_line
        PASS [   0.010s] (2519/4622) otto-server design_blender::tests::registry_tracks_in_flight_per_attachment_and_caps_permits
        PASS [   0.009s] (2520/4622) otto-server design_blender::tests::render_command_is_headless_with_out_dir_after_separator
        PASS [   0.008s] (2521/4622) otto-server design_hall::tests::scene3d_content_is_schema_validated
        PASS [   0.008s] (2522/4622) otto-server feature_guard::credential_class_tests::non_human_credentials_are_refused_on_admin_and_secret_only
        PASS [   0.008s] (2523/4622) otto-server feature_guard::resource_route_tests::creates_and_imports_do_not_lower_feature_tiers
        PASS [   0.009s] (2524/4622) otto-server feature_guard::root_route_tests::agent_sessions_never_reach_host_files_and_read_only_never_acts
        PASS [   0.009s] (2525/4622) otto-server feature_guard::root_route_tests::host_files_routes_are_recognised
        PASS [   0.121s] (2526/4622) otto-server feature_guard::root_route_tests::root_routes_apply_agent_rules
        PASS [   0.009s] (2527/4622) otto-server feature_guard::root_route_tests::share_and_mcp_tokens_reach_no_root_route
        PASS [   0.008s] (2528/4622) otto-server feature_guard::scope_tests::any_share_may_ask_whoami_but_not_post_to_it
        PASS [   0.008s] (2529/4622) otto-server feature_guard::scope_tests::editor_share_may_input_its_session_only
        PASS [   0.009s] (2530/4622) otto-server feature_guard::scope_tests::everything_else_is_denied
        PASS [   0.008s] (2531/4622) otto-server feature_guard::scope_tests::extracts_concrete_session_id
        PASS [   0.008s] (2532/4622) otto-server feature_guard::scope_tests::internal_reviewer_mcp_token_cannot_reach_direct_vault_mutations
        PASS [   0.009s] (2533/4622) otto-server feature_guard::scope_tests::mcp_token_reaches_the_audit_append_but_only_by_post
        PASS [   0.009s] (2534/4622) otto-server feature_guard::scope_tests::mcp_token_reaches_the_light_enabled_read_but_only_by_get
        PASS [   0.009s] (2535/4622) otto-server feature_guard::scope_tests::viewer_share_may_get_its_session_only
        PASS [   0.009s] (2536/4622) otto-server finding_agent::tests::cargo_plan_maps_files_and_names_to_real_filters
        PASS [   0.062s] (2537/4622) otto-server finding_agent::tests::detect_new_test_finds_added_file
        PASS [   0.008s] (2538/4622) otto-server finding_agent::tests::is_test_path_heuristic
        PASS [   0.063s] (2539/4622) otto-server finding_agent::tests::stamp_fix_detects_new_commit
        PASS [   0.009s] (2540/4622) otto-server finding_agent::tests::zero_tests_run_is_not_a_pass
        PASS [   0.008s] (2541/4622) otto-server finding_context::tests::empty_when_no_enabled
        PASS [   0.008s] (2542/4622) otto-server finding_context::tests::renders_enabled_rules_only
        PASS [   0.009s] (2543/4622) otto-server history_index::tests::index_row_falls_back_to_mtime_for_dates
        PASS [   0.010s] (2544/4622) otto-server history_index::tests::lists_top_level_claude_and_codex_rollouts_only
        PASS [   0.008s] (2545/4622) otto-server host_guard::tests::client_ip_trust_comes_from_the_setting_not_the_allow_list
        PASS [   0.017s] (2546/4622) otto-server host_guard::tests::configured_hosts_add_names_and_pin_tailscale
        PASS [   0.009s] (2547/4622) otto-server host_guard::tests::host_parsing_strips_port_and_case
        PASS [   0.017s] (2548/4622) otto-server host_guard::tests::middleware_rejects_foreign_host_and_passes_ours
        PASS [   0.016s] (2549/4622) otto-server host_guard::tests::only_our_own_mdns_names_are_trusted
        PASS [   0.017s] (2550/4622) otto-server host_guard::tests::rebinding_names_are_refused_ip_literals_and_ours_allowed
        PASS [   0.009s] (2551/4622) otto-server improve_channels::tests::applied_edits_collapse_duplicate_targets
        PASS [   0.009s] (2552/4622) otto-server improve_channels::tests::applied_plus_pending_notes_both
        PASS [   0.008s] (2553/4622) otto-server improve_channels::tests::nothing_changed_is_silent
        PASS [   0.009s] (2554/4622) otto-server improve_channels::tests::pending_only_says_awaiting_approval
        PASS [   0.009s] (2555/4622) otto-server k8s_monitor_scheduler::tests::reconcile_is_a_noop_when_in_sync
        PASS [   0.009s] (2556/4622) otto-server k8s_monitor_scheduler::tests::reconcile_starts_stops_and_restarts_on_change
        PASS [   0.008s] (2557/4622) otto-server live_events::tests::classifies_access_writes
        PASS [   0.009s] (2558/4622) otto-server live_events::tests::emits_only_after_a_successful_write
        PASS [   0.012s] (2559/4622) otto-server login_throttle::tests::a_flooded_map_still_locks_existing_accounts_and_fails_closed
        PASS [   0.009s] (2560/4622) otto-server login_throttle::tests::locks_after_threshold_then_clears_on_success
        PASS [   0.008s] (2561/4622) otto-server login_throttle::tests::one_client_spraying_usernames_locks_its_client_key
        PASS [   0.009s] (2562/4622) otto-server login_throttle::tests::username_lockout_survives_ip_rotation
        PASS [   0.214s] (2563/4622) otto-server lsp::pool::tests::a_stalled_server_backpressures_client_sends
        PASS [   0.018s] (2564/4622) otto-server lsp::pool::tests::different_owners_never_share_a_server
        PASS [   2.189s] (2565/4622) otto-server automation_ctx::handoff_tests::restart_reattaches_a_workflow_handoff_and_records_its_real_outcome
        PASS [   0.218s] (2566/4622) otto-server lsp::pool::tests::shared_documents_are_ref_counted_and_diagnostics_routed
        PASS [   0.342s] (2567/4622) otto-server lsp::pool::tests::idle_server_is_reaped_and_a_quick_reattach_reuses_it
        PASS [   0.028s] (2568/4622) otto-server lsp::root_tests::lsp_root_must_sit_inside_a_member_workspace
        PASS [   0.019s] (2569/4622) otto-server mcp_auto_approve::tests::catalog_badges_and_toggle_follow_the_guardrail
        PASS [   0.015s] (2570/4622) otto-server mcp_auto_approve::tests::categories_are_validated_and_never_carry_the_irreversible_flag
        PASS [   0.011s] (2571/4622) otto-server mcp_auto_approve::tests::create_pr_is_auto_approvable_merge_needs_the_second_toggle
        PASS [   0.011s] (2572/4622) otto-server mcp_auto_approve::tests::reads_and_unknown_tools_are_rejected
        PASS [   0.010s] (2573/4622) otto-server mcp_auto_approve::tests::the_guardrail_tier_is_a_subset_of_the_mutating_set
        PASS [   0.008s] (2574/4622) otto-server mcp_capabilities::search_tests::cancel_guard_sets_the_flag_on_drop
        PASS [   0.233s] (2575/4622) otto-server lsp::pool::tests::two_sockets_for_the_same_lang_and_root_share_one_server
        PASS [   0.010s] (2576/4622) otto-server mcp_capabilities::search_tests::confine_rejects_escapes
        PASS [   0.012s] (2577/4622) otto-server mcp_capabilities::search_tests::finds_case_insensitive_matches_with_line_numbers
        PASS [   0.011s] (2578/4622) otto-server mcp_capabilities::search_tests::stops_on_cancel_and_on_budgets
        PASS [   0.011s] (2579/4622) otto-server mcp_outward::tests::a_gated_bare_id_call_learns_the_objects_workspace
        PASS [   0.012s] (2580/4622) otto-server mcp_outward::tests::every_ref_arg_names_a_real_tool_argument_and_kind
        PASS [   0.009s] (2581/4622) otto-server mcp_outward::tests::plain_ids_from_an_unpinned_caller_need_no_lookup
        PASS [   0.012s] (2582/4622) otto-server mcp_outward::tests::every_tool_has_a_workspace_pin_story
        PASS [   0.011s] (2583/4622) otto-server mcp_outward::tests::workspace_rules_skip_unverifiable_and_library_tools
        PASS [   0.011s] (2584/4622) otto-server mockup_assist::tests::capped_read_refuses_non_utf8_and_missing
        PASS [   0.009s] (2585/4622) otto-server mockup_assist::tests::extract_fenced_html_and_mermaid
        PASS [   0.010s] (2586/4622) otto-server mockup_assist::tests::excalidraw_and_scene3d_prompts_carry_their_schemas
        PASS [   0.010s] (2587/4622) otto-server mockup_assist::tests::html_prompt_has_sentinel_file_and_rules
        PASS [   0.010s] (2588/4622) otto-server mockup_assist::tests::mermaid_prompt_points_at_mmd_file
        PASS [   0.011s] (2589/4622) otto-server mockup_assist::tests::unknown_format_is_rejected_not_defaulted
        PASS [   0.011s] (2590/4622) otto-server mockup_assist::tests::resolve_prefers_edited_file_then_reply
        PASS [   0.011s] (2591/4622) otto-server model_catalog::tests::claude_ids_from_docs_snapshot
        PASS [   0.011s] (2592/4622) otto-server model_catalog::tests::agy_cli_output_parses
        PASS [   0.010s] (2593/4622) otto-server model_catalog::tests::codex_ids_from_docs_snapshot
        PASS [   0.010s] (2594/4622) otto-server model_catalog::tests::codex_raw_fallback_filters_assets
        PASS [   0.010s] (2595/4622) otto-server model_catalog::tests::gemini_ids_token_scan
        PASS [   0.010s] (2596/4622) otto-server model_catalog::tests::models_dev_snapshot_parses_per_family
        PASS [   0.011s] (2597/4622) otto-server modules::agent_input_rule_tests::agent_token_reaches_only_its_own_session_and_its_workers
        PASS [   0.011s] (2598/4622) otto-server modules::browser_proxy_tests::base_href_is_html_escaped
        PASS [   0.011s] (2599/4622) otto-server modules::browser_proxy_tests::bearer_token_param_is_no_longer_accepted
        PASS [   0.011s] (2600/4622) otto-server modules::browser_proxy_tests::every_proxy_response_carries_sandbox_csp
        PASS [   0.010s] (2601/4622) otto-server modules::browser_proxy_tests::ticket_is_bound_to_its_url_and_burned_on_mismatch
        PASS [   0.010s] (2602/4622) otto-server modules::browser_proxy_tests::expired_ticket_is_rejected
        PASS [   0.011s] (2603/4622) otto-server modules::commit_pr_draft_tests::compose_passthrough_when_no_skill
        PASS [   0.011s] (2604/4622) otto-server modules::browser_proxy_tests::ticket_is_single_use
        PASS [   0.010s] (2605/4622) otto-server modules::commit_pr_draft_tests::jira_key_parsed_from_branch
        PASS [   0.011s] (2606/4622) otto-server modules::commit_pr_draft_tests::compose_prepends_skill
        PASS [   0.012s] (2607/4622) otto-server modules::commit_pr_draft_tests::jira_prefixed_when_missing_left_alone_when_present
        PASS [   0.013s] (2608/4622) otto-server modules::proxy_cap_tests::upstream_body_over_the_cap_is_refused
        PASS [   0.009s] (2609/4622) otto-server modules::review_cancel_guard_tests::guard_keeps_a_newer_attempts_flag
        PASS [   0.009s] (2610/4622) otto-server modules::review_cancel_guard_tests::guard_unregisters_its_own_flag_on_drop
        PASS [   0.009s] (2611/4622) otto-server modules::review_cleanup_tests::finished_review_temp_files_are_removed_but_not_the_worktree
        PASS [   0.009s] (2612/4622) otto-server modules::review_cleanup_tests::only_settled_review_agents_are_retryable
        PASS [   0.008s] (2613/4622) otto-server modules::review_retry_tests::agent_retry_needs_a_settled_agent_and_a_settled_review
        PASS [   0.010s] (2614/4622) otto-server modules::review_retry_tests::empty_pr_draft_names_uncommitted_work
        PASS [   0.009s] (2615/4622) otto-server modules::review_retry_tests::local_review_checkout_is_recognised_as_the_repo
        PASS [   0.009s] (2616/4622) otto-server modules::review_retry_tests::orchestrator_row_keeps_its_lens_slugs_for_retry
        PASS [   0.014s] (2617/4622) otto-server modules::review_retry_tests::retry_sweeps_temp_files_only_when_no_agent_is_left
        PASS [   0.030s] (2618/4622) otto-server modules::staged_skill_package_tests::bundled_fallback_materializes_native_and_neutral_views
        PASS [   0.012s] (2619/4622) otto-server modules::staged_skill_package_tests::library_package_takes_precedence_over_bundled_fallback
        PASS [   0.030s] (2620/4622) otto-server modules::staged_skill_package_tests::partial_staging_reports_each_successful_package
        PASS [   0.010s] (2621/4622) otto-server modules::staged_skill_package_tests::unsafe_names_never_escape_or_remove_outside_bundle
        PASS [   0.330s] (2622/4622) otto-server modules::readiness_tests::readiness_fills_unpushed_and_freshness
        PASS [   0.163s] (2623/4622) otto-server modules::terminal_input_access_tests::alternate_input_checks_current_resource_page_owner_and_workspace
        PASS [   0.010s] (2624/4622) otto-server monitor::tests::reauth_line_early_in_a_large_chunk_is_detected
        PASS [   0.009s] (2625/4622) otto-server monitor::tests::reauth_line_split_across_chunks_is_detected
        PASS [   0.009s] (2626/4622) otto-server monitor::tests::tail_survives_multibyte_glyphs
        PASS [   0.010s] (2627/4622) otto-server personal_agent_activity::tests::cursor_from_a_previous_process_is_not_current
        PASS [   0.009s] (2628/4622) otto-server personal_agent_activity::tests::gate_kinds_map_to_entries
        PASS [   0.009s] (2629/4622) otto-server personal_agent_activity::tests::recent_after_returns_only_newer_entries
        PASS [   0.010s] (2630/4622) otto-server personal_agent_activity::tests::ring_is_capped_newest_first_and_clearable
        PASS [   0.010s] (2631/4622) otto-server personal_agent_policy::tests::directed_sessions_keep_normal_governance
        PASS [   0.009s] (2632/4622) otto-server personal_agent_policy::tests::meta_flag_parsing
        PASS [   0.010s] (2633/4622) otto-server personal_agent_policy::tests::read_only_http_allows_reads_and_listed_read_posts_only
        PASS [   0.010s] (2634/4622) otto-server personal_agent_policy::tests::read_only_is_not_bypassed_by_rules_or_sensitivity
        PASS [   0.010s] (2635/4622) otto-server personal_agent_policy::tests::read_only_refuses_every_mutating_tool_and_sends
        PASS [   0.010s] (2636/4622) otto-server personal_agent_policy::tests::read_only_still_reads
        PASS [   0.009s] (2637/4622) otto-server personal_agent_policy::tests::rules_derive_enforcement_from_plain_language
        PASS [   0.009s] (2638/4622) otto-server personal_agent_policy::tests::rules_force_approval_or_deny_for_matching_mutations
        PASS [   0.009s] (2639/4622) otto-server personal_agent_policy::tests::sensitive_actions_always_force_approval
        PASS [   0.009s] (2640/4622) otto-server personal_agent_policy::tests::sensitive_gate_ignores_reads_and_pagination_tokens
        PASS [   0.173s] (2641/4622) otto-server monitor::tests::session_end_releases_tail_and_flag
        PASS [   0.010s] (2642/4622) otto-server plugins::proxy_timeout_tests::a_live_plugin_is_relayed
        PASS [   0.150s] (2643/4622) otto-server plugins::proxy_timeout_tests::replacing_enabled_plugin_stops_old_process_and_disables_rotated_token
        PASS [   0.009s] (2644/4622) otto-server policy::tests::admin_impersonate_start_is_users_admin_stop_is_exempt
        PASS [   0.008s] (2645/4622) otto-server policy::tests::admin_sessions_overview_is_users_admin
        PASS [   0.008s] (2646/4622) otto-server policy::tests::agent_root_write_allow_list_is_outward_only_and_never_admin_or_secret
        PASS [   0.009s] (2647/4622) otto-server policy::tests::agents_family
        PASS [   0.009s] (2648/4622) otto-server policy::tests::assistant_routes_ride_the_agents_feature
        PASS [   0.009s] (2649/4622) otto-server policy::tests::browser_credentials_require_edit_even_to_list
        PASS [   0.008s] (2650/4622) otto-server policy::tests::browser_live_routes_are_classified
        PASS [   0.009s] (2651/4622) otto-server policy::tests::browser_login_is_edit
        PASS [   0.008s] (2652/4622) otto-server policy::tests::browser_proxy_ticket_mint_is_edit
        PASS [   0.009s] (2653/4622) otto-server policy::tests::browser_query_is_edit_like_page
        PASS [   0.009s] (2654/4622) otto-server policy::tests::browser_summarize_send_and_vault_save_are_edit
        PASS [   0.009s] (2655/4622) otto-server policy::tests::connection_mgmt_is_admin
        PASS [   0.008s] (2656/4622) otto-server policy::tests::connection_open_is_edit
        PASS [   0.009s] (2657/4622) otto-server policy::tests::context_put_is_admin
        PASS [   0.313s] (2658/4622) otto-server plugins::proxy_timeout_tests::a_hung_plugin_gets_504_after_the_deadline
        PASS [   0.009s] (2659/4622) otto-server policy::tests::credential_classes_cover_the_findings_and_leave_ordinary_routes_alone
        PASS [   0.009s] (2660/4622) otto-server policy::tests::db_assist_routes_are_connections_edit_query_is_exempt
        PASS [   0.009s] (2661/4622) otto-server policy::tests::db_multi_run_reads_are_view_runs_are_edit
        PASS [   0.010s] (2662/4622) otto-server policy::tests::db_read_is_view_write_is_edit
        PASS [   0.010s] (2663/4622) otto-server policy::tests::design_hall_routes_ride_the_design_feature
        PASS [   0.009s] (2664/4622) otto-server policy::tests::git_family
        PASS [   0.008s] (2665/4622) otto-server policy::tests::host_filesystem_requires_agents_edit_not_any_signed_in_user
        PASS [   0.009s] (2666/4622) otto-server policy::tests::issues_product_swarm_apiclient_families
        PASS [   0.009s] (2667/4622) otto-server policy::tests::kill_sessions_is_agents
        PASS [   0.009s] (2668/4622) otto-server policy::tests::library_get_view_write_admin
        PASS [   0.009s] (2669/4622) otto-server policy::tests::mcp_control_plane_rbac
        PASS [   0.009s] (2670/4622) otto-server policy::tests::mcp_http_transport_and_tokens_rbac
        PASS [   0.008s] (2671/4622) otto-server policy::tests::model_catalog_read_view_refresh_edit
        PASS [   0.008s] (2672/4622) otto-server policy::tests::mongosh_probe_is_database_view
        PASS [   0.009s] (2673/4622) otto-server policy::tests::per_session_usage_is_a_usage_read
        PASS [   0.009s] (2674/4622) otto-server policy::tests::promote_suffix_does_not_leak_into_other_families
        PASS [   0.009s] (2675/4622) otto-server policy::tests::proof_pack_routes_are_feature_gated
        PASS [   0.009s] (2676/4622) otto-server policy::tests::public_routes_exempt
        PASS [   0.008s] (2677/4622) otto-server policy::tests::recap_revision_requires_the_same_feature_permission_as_owner_detail
        PASS [   0.009s] (2678/4622) otto-server policy::tests::s3_download_to_writes_the_host_so_view_is_not_enough
        PASS [   0.009s] (2679/4622) otto-server policy::tests::s3_object_writes_need_edit_and_presign_and_logs_stay_view
        PASS [   0.009s] (2680/4622) otto-server policy::tests::scratch_workspace_is_agents_view
        PASS [   0.009s] (2681/4622) otto-server policy::tests::self_improvement_config_admin_run_edit
        PASS [   0.009s] (2682/4622) otto-server policy::tests::self_owned_routes_exempt
        PASS [   0.009s] (2683/4622) otto-server policy::tests::sftp_browse_is_view_transfer_is_edit
        PASS [   0.011s] (2684/4622) otto-server policy::tests::skill_eval_promote_is_admin
        PASS [   0.009s] (2685/4622) otto-server policy::tests::snips_routes_ride_the_agents_feature
        PASS [   0.011s] (2686/4622) otto-server policy::tests::static_catalogs_exempt
        PASS [   0.010s] (2687/4622) otto-server policy::tests::unknown_protected_path_denies
        PASS [   0.011s] (2688/4622) otto-server policy::tests::users_and_settings_admin
        PASS [   0.011s] (2689/4622) otto-server policy::tests::usage_insights_settings_admin_or_view
        PASS [   0.011s] (2690/4622) otto-server policy::tests::vault_docs_agent_routes_ride_the_product_feature
        PASS [   0.011s] (2691/4622) otto-server policy::tests::vault_text_file_route_requires_product_edit
        PASS [   0.011s] (2692/4622) otto-server policy::tests::workflows_and_channels_families
        PASS [   0.011s] (2693/4622) otto-server policy::tests::workspace_axis_routes_exempt
        PASS [   0.011s] (2694/4622) otto-server proof::tests::classify_kinds
        PASS [   0.011s] (2695/4622) otto-server product_host::cancel_registry_tests::unregister_only_removes_the_same_flag
        PASS [   0.011s] (2696/4622) otto-server proof::tests::pr_gate_decision
        PASS [   0.010s] (2697/4622) otto-server proof::tests::prepare_content_redacts_secrets
        PASS [   0.009s] (2698/4622) otto-server proof::tests::proof_locks_prune_unheld_entries
        PASS [   0.009s] (2699/4622) otto-server proof::tests::risky_file_segments_not_substrings
        PASS [   0.016s] (2700/4622) otto-server proof::tests::run_command_captures_success_and_failure
        PASS [   0.059s] (2701/4622) otto-server proof::tests::prepare_content_caps_and_reports
        PASS [   0.010s] (2702/4622) otto-server repo_directory::tests::ambiguity_is_reported_unless_the_callers_workspace_settles_it
        PASS [   0.009s] (2703/4622) otto-server repo_directory::tests::listing_puts_the_current_workspace_first
        PASS [   0.009s] (2704/4622) otto-server repo_directory::tests::normalize_remote_unifies_https_ssh_and_scp_spellings
        PASS [   0.009s] (2705/4622) otto-server repo_directory::tests::not_found_lists_near_misses_or_what_is_available
        PASS [   0.009s] (2706/4622) otto-server repo_directory::tests::remote_like_refs_never_fall_back_to_a_repo_with_a_different_remote
        PASS [   0.163s] (2707/4622) otto-server repo_directory::tests::a_workspace_pinned_token_cannot_resolve_outside_its_pin
        PASS [   0.164s] (2708/4622) otto-server repo_directory::tests::resolution_never_crosses_into_an_unreadable_workspace
        PASS [   0.010s] (2709/4622) otto-server repo_directory::tests::resolves_by_id_path_remote_and_name
        PASS [   0.164s] (2710/4622) otto-server repo_directory::tests::resolves_a_repo_registered_in_another_readable_workspace
        PASS [   0.010s] (2711/4622) otto-server rooms::auth::tests::only_exact_room_subprotocol_pair_is_accepted
        PASS [   0.009s] (2712/4622) otto-server rooms::ice::tests::ice_urls_never_accept_embedded_credentials
        PASS [   0.010s] (2713/4622) otto-server rooms::ice::tests::public_origins_reject_credentials_paths_and_remote_http
        PASS [   0.159s] (2714/4622) otto-server resource_sessions::tests::resource_terminal_rechecks_page_revocation_and_legacy_execution_tier
        PASS [   0.023s] (2715/4622) otto-server rooms::recap::archive::tests::interrupted_suffix_preserves_original_bytes_and_recovers_prefix_lazily
        PASS [   0.022s] (2716/4622) otto-server rooms::recap::archive::tests::owner_isolation_restart_and_pagination
        PASS [   0.018s] (2717/4622) otto-server rooms::recap::archive::tests::quota_rejects_before_writing_and_summary_checks_size
        PASS [   0.148s] (2718/4622) otto-server rooms::recap::archive::tests::recap_revision_cold_polling_reads_no_bodies_or_index_at_small_and_large_extents
        PASS [   0.020s] (2719/4622) otto-server rooms::recap::archive::tests::recap_revision_detects_in_place_draft_change_with_restored_mtime
        PASS [   0.018s] (2720/4622) otto-server rooms::recap::archive::tests::recap_revision_observes_external_draft_replacement_rewrite_removal_and_metadata
        PASS [   0.014s] (2721/4622) otto-server rooms::recap::archive::tests::recap_revision_rejects_draft_symlinks_without_reading_the_target
        PASS [   0.009s] (2722/4622) otto-server rooms::recap::archive::tests::rejects_archive_symlink
        PASS [   0.013s] (2723/4622) otto-server rooms::recap::archive::tests::revocation_fences_queued_events_without_waiting_for_writer
        PASS [   0.014s] (2724/4622) otto-server rooms::recap::archive::tests::revoked_source_cannot_write_image_after_waiting_for_archive_lock
        PASS [   0.042s] (2725/4622) otto-server rooms::recap::archive::tests::sparse_index_and_journal_recovery_preserve_tail
        PASS [   0.010s] (2726/4622) otto-server rooms::recap::consent::tests::capture_needs_every_current_member_and_explicit_start
        PASS [   0.009s] (2727/4622) otto-server rooms::recap::consent::tests::stopped_recaps_cannot_restart
        PASS [   0.009s] (2728/4622) otto-server rooms::recap::consent::tests::withdrawal_and_new_member_fence_old_uploads_and_never_auto_resume
        PASS [   0.570s] (2729/4622) otto-server rooms::recap::archive::tests::full_detail_polling_cost_reads_unchanged_bodies_on_every_tick
        PASS [   0.011s] (2730/4622) otto-server rooms::recap::media::tests::explicit_finalization_keeps_already_accepted_recognition
        PASS [   0.009s] (2731/4622) otto-server rooms::recap::media::tests::final_pre_mute_chunk_is_kept_but_post_mute_speech_is_rejected
        PASS [   0.009s] (2732/4622) otto-server rooms::recap::media::tests::rejects_non_wav_and_oversized_images
        PASS [   0.009s] (2733/4622) otto-server rooms::recap::media::tests::withdrawal_cancels_pending_recognition_and_releases_processor
        PASS [   0.009s] (2734/4622) otto-server rooms::recap_engines::chunks::tests::no_unicode_or_tail_is_lost
        PASS [   0.225s] (2735/4622) otto-server rooms::recap::finalization_tests::finish_waits_for_actual_archive_write_after_recognition_finishes
        PASS [   0.011s] (2736/4622) otto-server rooms::recap_engines::process::tests::bounded_reader_rejects_overflow
        PASS [   0.026s] (2737/4622) otto-server rooms::recap_engines::process::tests::child_timeout_and_failure_are_errors
        PASS [   0.009s] (2738/4622) otto-server rooms::recap_engines::speech::segment_tests::settings_require_local_paths_and_bounded_threads
        PASS [   0.009s] (2739/4622) otto-server rooms::recap_engines::speech::segment_tests::timestamped_segments_preserve_hebrew_and_reject_bad_offsets
        PASS [   0.008s] (2740/4622) otto-server rooms::recap_engines::speech::tests::accepts_only_bounded_mono_pcm
        PASS [   0.048s] (2741/4622) otto-server rooms::recap_engines::summary::tests::empty_or_oversized_context_fails_before_any_model_call
        PASS [   0.009s] (2742/4622) otto-server rooms::recap_engines::summary::tests::invented_event_references_are_not_saved
        PASS [   0.009s] (2743/4622) otto-server rooms::recap_engines::summary::tests::isolated_argv_never_interpolates_evidence
        PASS [   0.009s] (2744/4622) otto-server rooms::recap_engines::vision::tests::malformed_and_large_jpeg_cannot_reach_native_decoder
        PASS [   0.008s] (2745/4622) otto-server rooms::terminal::tests::input_decodes_the_existing_terminal_wire_format
        PASS [   0.012s] (2746/4622) otto-server rooms::terminal::tests::repeated_pause_rearms_auto_resume
        PASS [   0.009s] (2747/4622) otto-server rooms::terminal::tests::resume_requests_one_snapshot_only_when_output_was_skipped
        PASS [   0.009s] (2748/4622) otto-server rooms::terminal::tests::resync_bursts_coalesce_without_starving_recovery
        PASS [   0.009s] (2749/4622) otto-server rooms::terminal::tests::terminal_credit_frames_parse_without_a_driver_epoch
        PASS [   0.009s] (2750/4622) otto-server rooms::terminal::tests::terminal_flow_frames_need_no_driver_epoch
        PASS [   0.009s] (2751/4622) otto-server rooms::tests::chat_is_attributed_bounded_and_retries_deduplicate
        PASS [   0.010s] (2752/4622) otto-server rooms::tests::chat_retention_nonce_window_and_annotation_clear_are_bounded
        PASS [   0.218s] (2753/4622) otto-server rooms::recap_engines::process::tests::cancelling_recognition_kills_its_process
        PASS [   0.009s] (2754/4622) otto-server rooms::tests::concurrent_admissions_never_exceed_four_people
        PASS [   0.009s] (2755/4622) otto-server rooms::tests::disconnect_fences_old_generation_and_withdraws_media
        PASS [   0.009s] (2756/4622) otto-server rooms::tests::expiry_and_host_disconnect_cannot_restore_media
        PASS [   0.011s] (2757/4622) otto-server rooms::tests::geometry_updates_fence_annotations_without_lifting_host_blocks
        PASS [   0.009s] (2758/4622) otto-server rooms::tests::guest_cannot_admit_or_upgrade_invitation
        PASS [   0.010s] (2759/4622) otto-server rooms::tests::presenter_permission_and_annotation_revoke_epochs_are_independent
        PASS [   0.011s] (2760/4622) otto-server rooms::tests::invitation_is_single_use_and_pending_projection_is_private
        PASS [   0.011s] (2761/4622) otto-server rooms::tests::room_actions_reject_spoofed_identity_and_unknown_commands
        PASS [   0.011s] (2762/4622) otto-server rooms::tests::room_limits_and_session_uniqueness_are_enforced
        PASS [   0.010s] (2763/4622) otto-server routes::activity::tests::bash_tool_becomes_command_trail
        PASS [   0.011s] (2764/4622) otto-server routes::activity::tests::all_done_requires_nonempty_and_all_completed
        PASS [   0.011s] (2765/4622) otto-server routes::activity::tests::codex_turn_complete_maps_to_session_trail
        PASS [   0.011s] (2766/4622) otto-server routes::activity::tests::failed_tool_is_error_level
        PASS [   0.011s] (2767/4622) otto-server routes::activity::tests::read_tool_is_filtered_out
        PASS [   0.011s] (2768/4622) otto-server routes::activity::tests::mcp_tool_falls_through_to_generic
        PASS [   0.010s] (2769/4622) otto-server routes::activity::tests::skill_tool_becomes_skill_trail
        PASS [   0.010s] (2770/4622) otto-server routes::activity::tests::task_create_and_update_become_upserts
        PASS [   0.011s] (2771/4622) otto-server routes::activity::tests::todowrite_syncs_tasks_without_trail
        PASS [   0.014s] (2772/4622) otto-server routes::activity::tests::trail_detail_is_capped_at_write
        PASS [   0.010s] (2773/4622) otto-server routes::activity::tests::transition_detects_completion_start_and_plan
        PASS [   0.008s] (2774/4622) otto-server routes::activity::tests::user_prompt_becomes_user_trail
        PASS [   0.011s] (2775/4622) otto-server routes::api_automation_runs::tests::bounds_dataset_work_and_rejects_empty_automation
        PASS [   0.008s] (2776/4622) otto-server routes::api_client::tests::agent_callers_are_recognised_for_new_host_confirmation
        PASS [   0.009s] (2777/4622) otto-server routes::api_client::tests::an_invalid_tunnel_proxy_fails_instead_of_going_direct
        PASS [   0.008s] (2778/4622) otto-server routes::api_client::tests::apply_extras_settings_maps_onto_exec
        PASS [   0.009s] (2779/4622) otto-server routes::api_client::tests::attach_body_ships_only_what_the_viewer_needs
        PASS [   0.008s] (2780/4622) otto-server routes::api_client::tests::build_overview_filters_and_masks
        PASS [   0.008s] (2781/4622) otto-server routes::api_client::tests::caller_source_reads_session_header
        PASS [   0.009s] (2782/4622) otto-server routes::api_client::tests::check_override_vars_rejects_braces
        PASS [   0.009s] (2783/4622) otto-server routes::api_client::tests::cookie_jars_are_per_user_within_a_workspace
        PASS [   0.009s] (2784/4622) otto-server routes::api_client::tests::cookie_jars_are_workspace_isolated
        PASS [   0.008s] (2785/4622) otto-server routes::api_client::tests::enabled_kv_filters_disabled_and_empty
        PASS [   0.009s] (2786/4622) otto-server routes::api_client::tests::env_secret_probe_sees_nested_and_ignores_replaced_keys
        PASS [   0.214s] (2787/4622) otto-server routes::api_client::tests::a_timeout_names_the_requests_own_limit
        PASS [   0.010s] (2788/4622) otto-server routes::api_client::tests::extraction_misses_are_reported_and_headers_status_extract
        PASS [   0.010s] (2789/4622) otto-server routes::api_client::tests::history_rows_keep_only_a_body_preview
        PASS [   0.009s] (2790/4622) otto-server routes::api_client::tests::history_summary_query_limits_keep_existing_contract
        PASS [   0.010s] (2791/4622) otto-server routes::api_client::tests::idle_cookie_jars_are_swept_unless_held
        PASS [   0.009s] (2792/4622) otto-server routes::api_client::tests::known_hosts_collects_human_requests_and_history
        PASS [   0.010s] (2793/4622) otto-server routes::api_client::tests::merged_auth_for_update_keeps_when_absent
        PASS [   0.177s] (2794/4622) otto-server routes::api_client::tests::execute_with_env_secret_never_reads_full_request_rows
        PASS [   0.011s] (2795/4622) otto-server routes::api_client::tests::net_guard_blocks_internal_addresses
        PASS [   0.011s] (2796/4622) otto-server routes::api_client::tests::net_guard_check_url_rejects_loopback_and_schemes
        PASS [   0.011s] (2797/4622) otto-server routes::api_client::tests::non_ascii_response_headers_are_kept
        PASS [   0.010s] (2798/4622) otto-server routes::api_client::tests::oauth_secrets_bind_to_the_saved_token_endpoint
        PASS [   0.011s] (2799/4622) otto-server routes::api_client::tests::oauth_errors_prefer_the_endpoint_message_and_bound_the_excerpt
        PASS [   0.011s] (2800/4622) otto-server routes::api_client::tests::renaming_a_secret_moves_its_keychain_value
        PASS [   0.010s] (2801/4622) otto-server routes::api_client::tests::repeated_request_headers_are_all_sent
        PASS [   0.161s] (2802/4622) otto-server routes::api_client::tests::overriding_a_variable_does_not_rebind_secrets
        PASS [   0.160s] (2803/4622) otto-server routes::api_client::tests::request_writes_emit_api_client_changed
        PASS [   0.009s] (2804/4622) otto-server routes::api_client::tests::safe_methods_need_no_confirm
        PASS [   0.160s] (2805/4622) otto-server routes::api_client::tests::resolve_exec_auth_resolves_own_and_rejects_foreign
        PASS [   0.160s] (2806/4622) otto-server routes::api_client::tests::secrets_stay_bound_to_their_hosts
        PASS [   0.010s] (2807/4622) otto-server routes::api_client::tests::shape_agent_caps_body_and_drops_base64
        PASS [   0.009s] (2808/4622) otto-server routes::api_client::tests::shape_request_agent_redacts_auth_headers_and_body
        PASS [   0.010s] (2809/4622) otto-server routes::api_client::tests::stamp_agent_merges_into_existing_extras
        PASS [   0.009s] (2810/4622) otto-server routes::api_client::tests::substitute_replaces_known_and_keeps_unknown
        PASS [   0.009s] (2811/4622) otto-server routes::api_client::tests::timeouts_report_the_limit_that_applied
        PASS [   0.010s] (2812/4622) otto-server routes::api_client::tests::unresolved_placeholders_are_found_where_the_step_would_send_them
        PASS [   0.010s] (2813/4622) otto-server routes::api_oauth::tests::actor_is_reloaded_so_disabled_or_demoted_root_cannot_retain_privileges
        PASS [   0.009s] (2814/4622) otto-server routes::api_oauth::tests::callback_state_is_single_use_and_expires
        PASS [   0.009s] (2815/4622) otto-server routes::api_oauth::tests::changed_authorization_is_not_overwritten
        PASS [   0.010s] (2816/4622) otto-server routes::api_oauth::tests::s256_matches_rfc7636_vector
        PASS [   0.009s] (2817/4622) otto-server routes::api_oauth::tests::verifier_has_required_entropy_and_url_safe_encoding
        PASS [   0.009s] (2818/4622) otto-server routes::api_response_cache::tests::evicts_oldest_over_cap_but_keeps_newest
        PASS [   0.009s] (2819/4622) otto-server routes::api_response_cache::tests::expires_after_ttl
        PASS [   0.009s] (2820/4622) otto-server routes::api_response_cache::tests::scoped_to_workspace_and_user
        PASS [   0.163s] (2821/4622) otto-server routes::api_client::tests::secure_all_sweeps_and_is_idempotent
        PASS [   0.009s] (2822/4622) otto-server routes::api_stream::tests::empty_block_yields_nothing
        PASS [   0.011s] (2823/4622) otto-server routes::api_stream::tests::defaults_event_name_to_message_and_skips_comments
        PASS [   0.010s] (2824/4622) otto-server routes::api_stream::tests::framer_folds_crlf_even_when_split
        PASS [   0.009s] (2825/4622) otto-server routes::api_stream::tests::framer_keeps_utf8_split_across_chunks
        PASS [   0.025s] (2826/4622) otto-server routes::api_stream::tests::framer_is_chunking_invariant
        PASS [   0.010s] (2827/4622) otto-server routes::api_stream::tests::parses_named_event_with_multiline_data
        PASS [   0.009s] (2828/4622) otto-server routes::assistant::tests::attachment_names_are_one_plain_segment
        PASS [   0.353s] (2829/4622) otto-server routes::auth_routes::tests::quality_login_handler_rotating_peers_lock_username_but_desktop_can_recover
        PASS [   0.482s] (2830/4622) otto-server routes::auth_routes::tests::quality_login_handler_client_bucket_stops_username_spraying
        PASS [   0.010s] (2831/4622) otto-server routes::backup::tests::scrub_removes_secret_keys_and_redacts_values
        PASS [   0.009s] (2832/4622) otto-server routes::backup::tests::secret_key_filter
        PASS [   0.010s] (2833/4622) otto-server routes::backup_git::files::tests::anchored_parent_does_not_follow_a_replacement_symlink
        PASS [   0.019s] (2834/4622) otto-server routes::backup_git::files::tests::stale_leaf_and_oversized_files_are_rejected
        PASS [   0.277s] (2835/4622) otto-server routes::auth_routes::tests::quality_login_router_ignores_spoofed_forwarding_headers_and_scopes_local_exemption
        PASS [   0.208s] (2836/4622) otto-server routes::backup_git::tests::commit_only_snapshot_preserves_unrelated_staging
        PASS [   0.201s] (2837/4622) otto-server routes::backup_git::tests::export_is_stable_preserves_unrelated_and_round_trips
        PASS [   0.195s] (2838/4622) otto-server routes::backup_git::tests::git_attributes_cannot_transform_snapshot_bytes
        PASS [   0.033s] (2839/4622) otto-server routes::backup_git::tests::malformed_manifest_returns_an_error_instead_of_panicking
        PASS [   0.241s] (2840/4622) otto-server routes::backup_git::tests::head_change_invalidates_export_and_commit
        PASS [   0.570s] (2841/4622) otto-server routes::backup_git::tests::registered_vault_git_export_does_not_capture_itself
        PASS [   0.342s] (2842/4622) otto-server routes::backup_git::tests::removed_owned_files_commit_but_unlisted_files_survive
        PASS [   0.133s] (2843/4622) otto-server routes::backup_git::tests::stale_preview_and_edited_managed_files_are_rejected
        PASS [   0.026s] (2844/4622) otto-server routes::backup_git::tests::symlink_destination_and_parent_traversal_are_rejected
        PASS [   0.160s] (2845/4622) otto-server routes::browser::tests::annotation_roundtrip_and_page_netguard
        PASS [   1.186s] (2846/4622) otto-server routes::backup_git::tests::remote_sync_fast_forwards_and_refuses_divergence
        PASS [   0.010s] (2847/4622) otto-server routes::browser::tests::ask_block_does_not_neutralize_the_users_own_question
        PASS [   0.009s] (2848/4622) otto-server routes::browser::tests::ask_block_inlines_every_mark_inside_the_fence
        PASS [   0.009s] (2849/4622) otto-server routes::browser::tests::ask_block_neutralizes_a_hostile_title
        PASS [   0.010s] (2850/4622) otto-server routes::browser::tests::ask_block_with_no_marks_points_at_tools_and_ends_with_question
        PASS [   0.160s] (2851/4622) otto-server routes::browser::tests::annotation_update_and_delete_via_http
        PASS [   0.163s] (2852/4622) otto-server routes::browser::tests::ask_rejects_cross_workspace_session
        PASS [   0.166s] (2853/4622) otto-server routes::browser::tests::ask_writes_context_and_question_into_live_session
        PASS [   0.010s] (2854/4622) otto-server routes::browser::tests::context_block_caps_excerpt
        PASS [   0.009s] (2855/4622) otto-server routes::browser::tests::context_block_caps_selector
        PASS [   0.009s] (2856/4622) otto-server routes::browser::tests::context_block_fences_a_hostile_selector
        PASS [   0.010s] (2857/4622) otto-server routes::browser::tests::context_block_has_exact_shape
        PASS [   0.009s] (2858/4622) otto-server routes::browser::tests::context_block_neuters_a_hostile_title
        PASS [   0.009s] (2859/4622) otto-server routes::browser::tests::context_block_neuters_forged_prefix_lines_inside_the_fence
        PASS [   0.166s] (2860/4622) otto-server routes::browser::tests::browser_input_aliases_reject_resource_denied_session
        PASS [   0.162s] (2861/4622) otto-server routes::browser::tests::create_annotation_rejects_oversized_selector
        PASS [   0.162s] (2862/4622) otto-server routes::browser::tests::create_tab_rejects_non_web_urls
        PASS [   0.160s] (2863/4622) otto-server routes::browser::tests::credential_create_rejects_empty_fields
        PASS [   0.166s] (2864/4622) otto-server routes::browser::tests::credential_crud_via_http_and_list_never_leaks_secret
        PASS [   0.162s] (2865/4622) otto-server routes::browser::tests::credential_routes_require_editor_role
        PASS [   0.163s] (2866/4622) otto-server routes::browser::tests::credential_unique_constraint_via_http
        PASS [   0.163s] (2867/4622) otto-server routes::browser::tests::cross_workspace_credential_idor_is_blocked
        PASS [   0.011s] (2868/4622) otto-server routes::browser::tests::engine_idle_stop_needs_quiet_and_no_calls_in_flight
        PASS [   0.171s] (2869/4622) otto-server routes::browser::tests::cross_workspace_tab_idor_is_blocked
        PASS [   0.013s] (2870/4622) otto-server routes::browser::tests::idle_engine_is_stopped_and_restarted_on_next_use
        PASS [   0.171s] (2871/4622) otto-server routes::browser::tests::failed_reader_nav_leaves_the_tab_untouched
        PASS [   0.166s] (2872/4622) otto-server routes::browser::tests::live_routes_check_the_role_on_the_tabs_workspace
        PASS [   0.163s] (2873/4622) otto-server routes::browser::tests::live_settings_are_validated_and_persisted
        PASS [   0.248s] (2874/4622) otto-server routes::browser::tests::live_status_and_engine_gating
        PASS [   0.155s] (2875/4622) otto-server routes::browser::tests::login_403_when_credential_not_agent_enabled
        PASS [   0.162s] (2876/4622) otto-server routes::browser::tests::login_404_when_no_credential_for_domain
        PASS [   0.159s] (2877/4622) otto-server routes::browser::tests::login_is_rate_limited_per_domain
        PASS [   0.161s] (2878/4622) otto-server routes::browser::tests::login_succeeds_and_audit_log_never_carries_the_password
        PASS [   0.159s] (2879/4622) otto-server routes::browser::tests::missing_tab_and_annotation_ids_404
        PASS [   0.009s] (2880/4622) otto-server routes::browser::tests::page_query_include_html_defaults_on_and_zero_or_false_drops_it
        PASS [   0.162s] (2881/4622) otto-server routes::browser::tests::navigate_page_and_query_on_one_url_render_once
        PASS [   0.158s] (2882/4622) otto-server routes::browser::tests::query_rejects_a_bad_selector_before_fetching
        PASS [   0.161s] (2883/4622) otto-server routes::browser::tests::reader_nav_with_a_title_does_not_refetch
        PASS [   0.161s] (2884/4622) otto-server routes::browser::tests::send_rejects_cross_workspace_session
        PASS [   0.010s] (2885/4622) otto-server routes::browser::tests::summarize_prompt_carries_sentinel_free_capped_markdown_inside_fence
        PASS [   0.009s] (2886/4622) otto-server routes::browser::tests::summarize_prompt_neuters_a_hostile_title
        PASS [   0.166s] (2887/4622) otto-server routes::browser::tests::send_writes_context_block_into_live_session
        PASS [   0.161s] (2888/4622) otto-server routes::browser::tests::tab_crud_via_http
        PASS [   0.010s] (2889/4622) otto-server routes::browser::tests::vault_note_has_frontmatter_summary_and_marks
        PASS [   0.009s] (2890/4622) otto-server routes::browser::tests::vault_note_neuters_a_hostile_title_heading
        PASS [   0.009s] (2891/4622) otto-server routes::browser::tests::vault_note_neuters_forged_prefix_lines_in_every_page_sourced_field
        PASS [   0.009s] (2892/4622) otto-server routes::browser::tests::vault_note_path_slugifies_url
        PASS [   0.009s] (2893/4622) otto-server routes::browser::tests::vault_note_yaml_escapes_hostile_url_and_title
        PASS [   0.165s] (2894/4622) otto-server routes::browser::tests::tab_patch_rejects_unknown_mode
        PASS [   0.164s] (2895/4622) otto-server routes::browser::tests::vault_save_rejects_malformed_url_when_summary_supplied
        PASS [   0.166s] (2896/4622) otto-server routes::browser::tests::vault_save_requires_editor_role
        PASS [   0.174s] (2897/4622) otto-server routes::browser::tests::vault_save_writes_note_with_mark_section
        PASS [   0.010s] (2898/4622) otto-server routes::browser_live::tests::live_errors_map_to_contract_codes
        PASS [   0.011s] (2899/4622) otto-server routes::browser_live::tests::viewer_grants
        PASS [   0.011s] (2900/4622) otto-server routes::channel_webhook::tests::ct_eq_matches_only_identical_keys
        PASS [   0.010s] (2901/4622) otto-server routes::channel_webhook::tests::extract_key_prefers_custom_header_then_bearer
        PASS [   0.010s] (2902/4622) otto-server routes::connection_export::tests::password_export_is_explicit_and_unknown_options_rejected
        PASS [   0.010s] (2903/4622) otto-server routes::connection_export::tests::selected_workspaces_include_globals_but_never_other_workspaces
        PASS [   0.162s] (2904/4622) otto-server routes::browser::tests::viewer_role_cannot_write
        PASS [   0.010s] (2905/4622) otto-server routes::findings::tests::jira_create_claim_is_exclusive_until_dropped
        PASS [   0.010s] (2906/4622) otto-server routes::fs::tests::artifact_secret_checks_remain_separate
        PASS [   0.010s] (2907/4622) otto-server routes::fs::tests::browse_sync_keeps_complete_sorted_listing_and_canonical_paths
        PASS [   0.010s] (2908/4622) otto-server routes::fs::tests::browse_sync_lists_accessible_symlinks_and_skips_broken_or_special_targets
        PASS [   0.010s] (2909/4622) otto-server routes::fs::tests::filesystem_routes_retain_share_and_mcp_endpoint_scopes
        PASS [   0.009s] (2910/4622) otto-server routes::fs::tests::filesystem_work_keeps_capacity_until_canceled_blocking_job_exits
        PASS [   0.159s] (2911/4622) otto-server routes::email_sender::tests::reverify_without_sender_or_secret_is_invalid_and_stays_unverified
        PASS [   0.011s] (2912/4622) otto-server routes::fs::tests::non_root_deny_covers_firmlink_spellings
        PASS [   0.010s] (2913/4622) otto-server routes::fs::tests::non_root_deny_covers_otto_data_dir_and_its_secrets
        PASS [   0.010s] (2914/4622) otto-server routes::fs::tests::non_root_deny_covers_ssh_and_key_files_through_dotdot
        PASS [   0.011s] (2915/4622) otto-server routes::fs::tests::non_root_deny_refuses_key_like_files_anywhere
        PASS [   0.119s] (2916/4622) otto-server routes::fs::tests::filesystem_work_timeout_leaves_async_runtime_responsive
        PASS [   0.011s] (2917/4622) otto-server routes::fs::tests::os_permission_errors_keep_the_attempted_path
        PASS [   0.013s] (2918/4622) otto-server routes::fs::tests::os_denied_temporary_files_and_directories_are_not_bypassed
        PASS [   0.012s] (2919/4622) otto-server routes::fs::tests::os_permissions_allow_reading_synthetic_key_filename
        PASS [   0.013s] (2920/4622) otto-server routes::fs::tests::os_permissions_allow_listing_outside_configured_roots
        PASS [   0.014s] (2921/4622) otto-server routes::fs::tests::os_permissions_http_requires_auth_and_preserves_regular_file_access
        PASS [   0.014s] (2922/4622) otto-server routes::fs::tests::regular_file_reads_keep_caps_binary_detection_and_canonical_paths
        PASS [   0.014s] (2923/4622) otto-server routes::fs::tests::stat_sync_answers_existence_and_kind_without_listing
        PASS [   0.015s] (2924/4622) otto-server routes::fs::tests::restricted_read_refuses_credential_files_and_links_to_them
        PASS [   0.012s] (2925/4622) otto-server routes::goal_loops::human_credential_tests::managed_author_token_cannot_record_human_decisions
        PASS [   0.012s] (2926/4622) otto-server routes::handover::tests::a_target_has_only_one_delivery_claim_until_it_is_released
        PASS [   0.011s] (2927/4622) otto-server routes::handover::tests::compose_prompt_includes_brief_and_focus
        PASS [   0.011s] (2928/4622) otto-server routes::handover::tests::compose_prompt_omits_empty_sections
        PASS [   0.011s] (2929/4622) otto-server routes::handover::tests::strip_ansi_removes_color_and_cursor_moves
        PASS [   0.011s] (2930/4622) otto-server routes::handover::tests::plain_shell_is_not_a_handover_agent
        PASS [   0.011s] (2931/4622) otto-server routes::handover::tests::summary_prompt_weaves_in_focus
        PASS [   0.011s] (2932/4622) otto-server routes::handover::tests::strip_ansi_removes_osc_titles
        PASS [   0.011s] (2933/4622) otto-server routes::handover::tests::tail_cap_keeps_recent_and_marks_truncation
        PASS [   0.011s] (2934/4622) otto-server routes::handover::tests::summary_prompt_without_focus_has_no_priority_line
        PASS [   0.010s] (2935/4622) otto-server routes::handover::tests::tail_cap_respects_char_boundaries
        PASS [   0.010s] (2936/4622) otto-server routes::handover::tests::transcript_digest_extracts_roles_and_tools
        PASS [   0.010s] (2937/4622) otto-server routes::handover::tests::transcript_digest_handles_string_content
        PASS [   0.011s] (2938/4622) otto-server routes::history_page::tests::empty_budget_page_keeps_scanned_cursor_and_scope
        PASS [   0.010s] (2939/4622) otto-server routes::history_page::tests::unicode_and_literal_substrings_preserve_existing_matching
        PASS [   0.012s] (2940/4622) otto-server routes::history_page::tests::matching_beyond_first_hundred_is_returned_without_skipping_cursor_lookahead
        PASS [   0.011s] (2941/4622) otto-server routes::logs::tests::all_files_next_offset_tracks_newest_file
        PASS [   0.011s] (2942/4622) otto-server routes::logs::tests::capped_read_keeps_newest_whole_lines
        PASS [   0.011s] (2943/4622) otto-server routes::logs::tests::reads_updates_from_offset
        PASS [   0.011s] (2944/4622) otto-server routes::logs::tests::reads_full_log_without_line_cap
        PASS [   0.011s] (2945/4622) otto-server routes::logs::tests::tail_reports_offset_of_first_kept_line
        PASS [   0.011s] (2946/4622) otto-server routes::logs::tests::rejects_path_traversal
        PASS [   0.010s] (2947/4622) otto-server routes::mcp_cp::tests::next_setting_from_absent_is_a_single_override
        PASS [   0.011s] (2948/4622) otto-server routes::logs::tests::tails_requested_number_of_lines
        PASS [   0.010s] (2949/4622) otto-server routes::mcp_cp::tests::next_setting_from_object_preserves_other_overrides
        PASS [   0.011s] (2950/4622) otto-server routes::mcp_cp::tests::next_setting_from_false_preserves_known_workspaces_as_false
        PASS [   0.010s] (2951/4622) otto-server routes::mcp_cp::tests::next_setting_from_true_is_a_single_override
        PASS [   0.165s] (2952/4622) otto-server routes::mcp_servers::tests::provider_merge_resolves_secret_env_for_mcp_json
        PASS [   0.159s] (2953/4622) otto-server routes::mcp_servers::tests::secret_env_blob_write_keep_and_clear
        PASS [   0.010s] (2954/4622) otto-server routes::meta::walkthrough_tests::context_dependent_provider_programs_remain_unchecked_including_builtin_overrides
        PASS [   0.012s] (2955/4622) otto-server routes::meta::walkthrough_tests::custom_provider_detection_uses_its_configured_executable
        PASS [   0.009s] (2956/4622) otto-server routes::meta::walkthrough_tests::rejects_non_github_urls
        PASS [   0.013s] (2957/4622) otto-server routes::meta::walkthrough_tests::tool_probe_is_single_flight_and_cached
        PASS [   0.063s] (2958/4622) otto-server routes::mission::tests::concurrent_misses_share_one_build
        PASS [   0.158s] (2959/4622) otto-server routes::meta::walkthrough_tests::share_and_mcp_tokens_are_not_signed_in_for_meta
        PASS [   0.010s] (2960/4622) otto-server routes::network_profiles::tests::network_profile_and_direct_status_routes_keep_connections_permissions
        PASS [   0.009s] (2961/4622) otto-server routes::personal_agents::autonomy::tests::merge_enforces_caps_and_keeps_omitted_sections
        PASS [   0.009s] (2962/4622) otto-server routes::personal_agents::autonomy::tests::merge_keeps_server_fields_and_derives_enforcement
        PASS [   0.009s] (2963/4622) otto-server routes::personal_agents::chat_lock_tests::chat_lock_serialises_per_agent
        PASS [   0.009s] (2964/4622) otto-server routes::personal_agents::tests::agent_credentials_are_bound_to_their_own_room_session
        PASS [   0.010s] (2965/4622) otto-server routes::personal_agents::tests::presets_are_disabled_editable_rows
        PASS [   0.009s] (2966/4622) otto-server routes::personal_agents::tests::provider_and_delivery_validators
        PASS [   0.010s] (2967/4622) otto-server routes::personal_agents::tests::room_names_are_trimmed_required_and_capped
        PASS [   0.160s] (2968/4622) otto-server routes::network_profiles::tests::direct_network_status_checks_owner_feature_and_bastion_access
        PASS [   0.009s] (2969/4622) otto-server routes::personal_agents::tests::room_post_cap_is_16k
        PASS [   0.009s] (2970/4622) otto-server routes::proof::proof_route_tests::proof_artifact_view_flags_sql_trimmed_content_as_truncated
        PASS [   0.009s] (2971/4622) otto-server routes::proof::proof_route_tests::proof_cursor_roundtrips
        PASS [   0.009s] (2972/4622) otto-server routes::proof::proof_route_tests::summary_work_items_parse_and_validate
        PASS [   0.009s] (2973/4622) otto-server routes::proof_pack::tests::memory_record_links_commit_and_test
        PASS [   0.009s] (2974/4622) otto-server routes::proof_pack::tests::summary_counts_and_markdown
        PASS [   0.176s] (2975/4622) otto-server routes::resource_access::tests::activation_requires_current_preview_and_stale_saves_conflict
        PASS [   0.010s] (2976/4622) otto-server routes::resource_access::tests::child_scoped_delegation_cannot_grant_all_databases
        PASS [   0.010s] (2977/4622) otto-server routes::resource_access::tests::delegated_admin_can_grant_query_to_other_user
        PASS [   0.009s] (2978/4622) otto-server routes::resource_access::tests::delegated_admin_cannot_disable_enforcement
        PASS [   0.010s] (2979/4622) otto-server routes::resource_access::tests::delegated_admin_cannot_grant_schema_changes_beyond_ceiling
        PASS [   0.009s] (2980/4622) otto-server routes::resource_access::tests::delegated_admin_cannot_grant_self_through_group_membership
        PASS [   0.009s] (2981/4622) otto-server routes::resource_access::tests::delegated_admin_cannot_remove_an_existing_restriction
        PASS [   0.234s] (2982/4622) otto-server routes::resource_access::tests::capabilities_batch_preserves_child_denials_and_bounds
        PASS [   0.166s] (2983/4622) otto-server routes::resource_access::tests::failed_direct_launcher_retirement_does_not_activate_policy
        PASS [   0.163s] (2984/4622) otto-server routes::resource_access::tests::resource_management_is_private_and_effective_access_is_scoped
        PASS [   0.012s] (2985/4622) otto-server routes::scheduled_tasks::tests::field_validators
        PASS [   0.010s] (2986/4622) otto-server routes::scheduled_tasks::tests::presets_present_and_shaped
        PASS [   0.009s] (2987/4622) otto-server routes::scheduled_tasks::tests::preview_lists_the_cron_weekday_actually_typed
        PASS [   0.009s] (2988/4622) otto-server routes::scheduled_tasks::tests::preview_respects_timezone_and_spent_once
        PASS [   0.009s] (2989/4622) otto-server routes::scheduled_tasks::tests::provider_check_allows_known_and_custom_slugs
        PASS [   0.009s] (2990/4622) otto-server routes::scratch_guard_tests::every_other_workspace_family_is_refused_under_scratch
        PASS [   0.009s] (2991/4622) otto-server routes::scratch_guard_tests::paths_outside_the_scratch_subtree_are_untouched
        PASS [   0.009s] (2992/4622) otto-server routes::scratch_guard_tests::session_family_broadcast_and_activity_summary_are_allowed
        PASS [   0.163s] (2993/4622) otto-server routes::scheduled_tasks::tests::non_owner_editor_cannot_retarget_a_task
        PASS [   0.010s] (2994/4622) otto-server routes::share::tests::configured_domain_wins_and_is_trimmed
        PASS [   0.010s] (2995/4622) otto-server routes::share::tests::emailed_shares_refuse_lan_unless_a_domain_is_configured
        PASS [   0.010s] (2996/4622) otto-server routes::share::tests::extend_budget_caps_each_share_independently
        PASS [   0.009s] (2997/4622) otto-server routes::share::tests::lan_listener_origin_requires_a_bound_listener
        PASS [   0.010s] (2998/4622) otto-server routes::share::tests::loopback_host_falls_back_to_lan_listener
        PASS [   0.009s] (2999/4622) otto-server routes::share::tests::loopback_host_without_listener_is_flagged_unreachable
        PASS [   0.009s] (3000/4622) otto-server routes::share::tests::origin_is_remote_rejects_loopback_and_empty
        PASS [   0.161s] (3001/4622) otto-server routes::settings::secrets_reset_tests::reset_store_refuses_non_root_and_agent_tokens
        PASS [   0.010s] (3002/4622) otto-server routes::share::tests::origin_reach_separates_lan_from_remote
        PASS [   0.009s] (3003/4622) otto-server routes::share::tests::remote_host_is_kept_over_lan_listener
        PASS [   0.011s] (3004/4622) otto-server routes::snips::tests::png_dims_parses_ihdr
        PASS [   0.012s] (3005/4622) otto-server routes::slash_commands::tests::lists_builtins_plus_project_and_user_commands_and_skills
        PASS [   0.010s] (3006/4622) otto-server routes::snips::tests::valid_id_rejects_traversal_shapes
        PASS [   0.009s] (3007/4622) otto-server routes::swarm_ingest::tests::epic_title_prefers_goal_heading_then_name
        PASS [   0.010s] (3008/4622) otto-server routes::swarm_ingest::tests::title_dedupe_is_normalized
        PASS [   0.009s] (3009/4622) otto-server routes::swarm_ingest::tests::unknown_mockup_format_is_rejected_not_html
        PASS [   0.009s] (3010/4622) otto-server routes::swarm_webhook::tests::repo_path_must_be_a_registered_repo
        PASS [   0.009s] (3011/4622) otto-server routes::swarm_webhook::tests::verify_cmd_from_the_webhook_is_detected
        PASS [   0.009s] (3012/4622) otto-server routes::telemetry::tests::ingestion_rejects_dynamic_names_and_routes_atomically
        PASS [   0.010s] (3013/4622) otto-server routes::telemetry::tests::producer_contract_accepts_mixed_batch_and_rejects_private_names
        PASS [   0.011s] (3014/4622) otto-server routes::transcript::tests::artifact_allow_list_is_cwd_data_and_temp_only
        PASS [   0.010s] (3015/4622) otto-server routes::transcript::tests::effective_provider_prefers_nested_capture_for_shells
        PASS [   0.009s] (3016/4622) otto-server routes::transcript::tests::history_resumable_ignores_status_and_archive
        PASS [   0.011s] (3017/4622) otto-server routes::transcript::tests::named_accounts_resolve_same_provider_session_id_only_in_their_own_home
        PASS [   0.010s] (3018/4622) otto-server routes::transcript::tests::transcript_roots_honour_env_override
        PASS [   0.010s] (3019/4622) otto-server routes::usage::scope_tests::root_sees_everything_others_only_their_sessions
        PASS [   0.011s] (3020/4622) otto-server routes::usage::session_usage_tests::filter_keeps_only_visible_sessions
        PASS [   0.195s] (3021/4622) otto-server routes::swarm_ingest::tests::swarm_scope_rejects_ids_outside_the_session_workspace
        PASS [   0.010s] (3022/4622) otto-server routes::workbench::tests::sniffs_images_and_rejects_others
        PASS [   0.010s] (3023/4622) otto-server routes::workflow_progress::tests::checkpoint_cursor_is_bound_to_run_and_valid_offset
        PASS [   0.010s] (3024/4622) otto-server routes::workflows::approval_gate_tests::approval_ancestors_finds_every_gate_a_partial_run_would_skip
        PASS [   0.010s] (3025/4622) otto-server routes::workflows::tests::all_new_kinds_are_in_catalog
        PASS [   0.010s] (3026/4622) otto-server routes::workflows::tests::every_template_uses_known_kinds_with_an_agent
        PASS [   0.011s] (3027/4622) otto-server routes::workflows::tests::flow_templates_are_valid
        PASS [   0.011s] (3028/4622) otto-server routes::workflows::tests::flow_templates_open_a_pr
        PASS [   0.010s] (3029/4622) otto-server routes::workflows::tests::no_template_node_overlaps_another
        PASS [   0.010s] (3030/4622) otto-server routes::workflows::tests::review4_product_publish_template_has_preview_then_approval_then_live
        PASS [   0.234s] (3031/4622) otto-server routes::users::tests::own_password_change_requires_the_current_password
        PASS [   0.186s] (3032/4622) otto-server routes::workflows::tests::review4_version_http_default_and_requested_pages_are_bounded
        PASS [   0.166s] (3033/4622) otto-server routes::workflows::tests::review4_version_http_exclusive_cursor_reaches_oldest_despite_new_version
        PASS [   0.175s] (3034/4622) otto-server routes::workflows::tests::review4_version_http_full_detail_and_oldest_restore_remain_reachable
        PASS [   0.158s] (3035/4622) otto-server routes::workflows::tests::review4_version_http_summary_excludes_definition_bodies
        PASS [   0.164s] (3036/4622) otto-server routes::workflows::tests::review4_workflow_route_snapshot_conflict_never_partially_saves
        PASS [   0.010s] (3037/4622) otto-server routes::workflows::tests::run_workflow_non_object_input_with_review_mode_is_400
        PASS [   0.009s] (3038/4622) otto-server routes::workflows::tests::run_workflow_null_input_becomes_object
        PASS [   0.009s] (3039/4622) otto-server routes::workflows::tests::run_workflow_rejects_unknown_review_mode_400
        PASS [   0.010s] (3040/4622) otto-server routes::workflows::tests::run_workflow_seeds_review_mode_into_input
        PASS [   0.010s] (3041/4622) otto-server routes::workflows::tests::run_workflow_without_review_mode_leaves_input_untouched
        PASS [   0.009s] (3042/4622) otto-server routes::workflows::tests::templates_cover_the_three_games
        PASS [   0.009s] (3043/4622) otto-server routes::workflows::tests::test_flow_templates_shape
        PASS [   0.009s] (3044/4622) otto-server routes::workflows::tests::webhook_token_is_64_hex_chars
        PASS [   0.009s] (3045/4622) otto-server routes::workflows::tests::workflow_trigger_validation_accepts_canonical_events_and_rejects_bad_destinations
        PASS [   0.009s] (3046/4622) otto-server routes::workspaces::tests::reject_system_workspace_is_409_for_scratch_and_ok_otherwise
        PASS [   0.310s] (3047/4622) otto-server routes::workflows::tests::review4_workflow_routes_publish_matching_snapshots_with_run_admission
        PASS [   0.159s] (3048/4622) otto-server run_callback::tests::deliver_is_noop_without_callback_url
        PASS [   0.010s] (3049/4622) otto-server run_callback::tests::payload_carries_error_for_failed_runs
        PASS [   0.009s] (3050/4622) otto-server run_callback::tests::payload_marks_completed_with_draft
        PASS [   0.009s] (3051/4622) otto-server run_callback::tests::payload_marks_the_approval_gate
        PASS [   0.009s] (3052/4622) otto-server run_channels::tests::approval_decision_parsing
        PASS [   0.009s] (3053/4622) otto-server run_channels::tests::run_arg_extraction
        PASS [   0.009s] (3054/4622) otto-server run_context::tests::packet_includes_goal_body_and_commit_instruction
        PASS [   0.009s] (3055/4622) otto-server run_engine::cancel_tests::approval_prompt_names_the_push_and_its_remote
        PASS [   0.160s] (3056/4622) otto-server run_callback::tests::deliver_records_ssrf_block_for_loopback_callback
        PASS [   0.010s] (3057/4622) otto-server run_engine::tests::goal_loop_construction_is_valid
        PASS [   0.038s] (3058/4622) otto-server run_engine::cancel_tests::cancel_drops_the_in_flight_stage_then_the_run_goes_idle
        PASS [   0.009s] (3059/4622) otto-server run_engine::tests::review_outcome_only_trusts_done
        PASS [   0.011s] (3060/4622) otto-server run_engine::tests::in_flight_guard_is_exclusive
        PASS [   0.097s] (3061/4622) otto-server run_engine::tests::review_wait_wakes_on_its_event_and_ignores_others
        PASS [   0.012s] (3062/4622) otto-server run_notices::tests::a_settled_run_drops_its_approval_gate_keys
        PASS [   0.011s] (3063/4622) otto-server run_notices::tests::clip_flattens_and_truncates
        PASS [   0.009s] (3064/4622) otto-server run_notices::tests::goal_loop_statuses_worth_a_notice
        PASS [   0.009s] (3065/4622) otto-server run_notices::tests::one_notice_per_failure_streak
        PASS [   0.009s] (3066/4622) otto-server run_notices::tests::streaks_are_per_entity
        PASS [   0.009s] (3067/4622) otto-server run_notices::tests::workflow_events_map_to_verdicts
        PASS [   0.264s] (3068/4622) otto-server run_engine::tests::review_wait_falls_back_to_the_safety_recheck_and_the_deadline
        PASS [   0.010s] (3069/4622) otto-server run_sources::tests::clean_truncates_and_redacts
        PASS [   0.009s] (3070/4622) otto-server run_sources::tests::parse_owner_repo_num_works
        PASS [   0.009s] (3071/4622) otto-server run_sources::tests::strip_tags_keeps_text
        PASS [   0.155s] (3072/4622) otto-server run_service::tests::cancel_stops_only_the_runs_own_stage_sessions
        PASS [   0.184s] (3073/4622) otto-server scheduled_tasks_engine_tests::quality_legacy_handoff_does_not_consume_or_deliver_edited_task
        PASS [   0.185s] (3074/4622) otto-server scheduled_tasks_engine_tests::quality_malformed_handoff_does_not_consume_or_deliver_edited_task
        PASS [   2.191s] (3075/4622) otto-server scheduled_tasks_engine_tests::quality_recovered_failed_handoff_report_is_owned_by_its_run
        PASS [   2.180s] (3076/4622) otto-server scheduled_tasks_engine_tests::quality_recovered_handoff_preserves_admitted_generation_and_destination
        PASS [   0.192s] (3077/4622) otto-server scheduled_tasks_engine_tests::review5_scheduled_admission_content_edit_preserves_eligibility
        PASS [   0.204s] (3078/4622) otto-server scheduled_tasks_engine_tests::review4_schedule_http_edit_and_away_back_fence_actual_settlement
        PASS [   0.160s] (3079/4622) otto-server scheduled_tasks_engine_tests::review5_scheduled_admission_manual_run_allows_disabled_task
        PASS [   0.163s] (3080/4622) otto-server scheduled_tasks_engine_tests::review5_scheduled_admission_fresh_resumed_snapshot_runs
        PASS [   0.163s] (3081/4622) otto-server scheduled_tasks_engine_tests::review5_scheduled_admission_rejects_disable_enable_aba
        PASS [   0.163s] (3082/4622) otto-server scheduled_tasks_engine_tests::review5_scheduled_admission_rejects_disabled_snapshot
        PASS [   0.165s] (3083/4622) otto-server scheduled_tasks_engine_tests::review5_scheduled_admission_rejects_retime_aba
        PASS [   0.165s] (3084/4622) otto-server scheduled_tasks_engine_tests::review5_scheduled_admission_rejects_retimed_snapshot
        PASS [   0.162s] (3085/4622) otto-server scheduled_tasks_engine_tests::review5_scheduled_admission_same_snapshot_has_one_running_row
        PASS [   0.163s] (3086/4622) otto-server scheduled_tasks_engine_tests::workflow_task_overlap_is_recorded_skipped_not_error
        PASS [   0.162s] (3087/4622) otto-server self_call::tests::reuses_one_token_per_user_and_purpose
        PASS [   0.173s] (3088/4622) otto-server self_call::tests::rotation_never_revokes_a_token_in_use
        PASS [   0.160s] (3089/4622) otto-server self_call::tests::session_bound_tokens_are_agent_credentials
        PASS [   0.010s] (3090/4622) otto-server skill_eval::tests::best_iter_prefers_high_score_then_latest
        PASS [   0.158s] (3091/4622) otto-server self_call::tests::sweeps_leftover_tokens_once_per_database
        PASS [   0.011s] (3092/4622) otto-server skill_eval::tests::cap_impl_diff_backs_off_to_a_char_boundary
        PASS [   0.010s] (3093/4622) otto-server skill_eval::tests::diff_marks_changes
        PASS [   0.010s] (3094/4622) otto-server skill_eval::tests::parse_findings_tolerant
        PASS [   0.012s] (3095/4622) otto-server skill_eval::tests::diff_trims_common_ends_and_caps_the_lcs
        PASS [   0.009s] (3096/4622) otto-server skill_eval::tests::sanitize_makes_safe_names
        PASS [   0.010s] (3097/4622) otto-server skill_eval::tests::parse_improvement_object
        PASS [   0.011s] (3098/4622) otto-server skill_eval::tests::score_subtracts_by_severity
        PASS [   0.012s] (3099/4622) otto-server skill_review::staging_tests::copy_skill_tree_skips_symlinks
        PASS [   0.010s] (3100/4622) otto-server skill_review::staging_tests::ignored_entries_cover_env_variants_but_not_lookalikes
        PASS [   0.013s] (3101/4622) otto-server skill_review::staging_tests::copy_skill_tree_strips_local_artifacts_at_every_depth
        PASS [   0.012s] (3102/4622) otto-server skill_review::staging_tests::prune_ignored_never_reaches_through_a_symlinked_dir
        PASS [   0.011s] (3103/4622) otto-server skill_review::staging_tests::prune_ignored_strips_a_staged_tree_in_place
        PASS [   0.161s] (3104/4622) otto-server skill_review::staging_tests::stage_target_copies_a_library_skill_without_secrets
        PASS [   0.163s] (3105/4622) otto-server skill_review::staging_tests::real_skill_dir_rejects_traversal_and_bundled_and_resolves_library_skills
        PASS [   0.012s] (3106/4622) otto-server skill_review::static_tests::api_route_fragments_are_not_paths
        PASS [   0.023s] (3107/4622) otto-server skill_review::static_tests::bad_bloated_do_not_publish
        PASS [   0.017s] (3108/4622) otto-server skill_review::static_tests::bad_conflicts_do_not_publish
        PASS [   0.016s] (3109/4622) otto-server skill_review::static_tests::bad_no_examples_ready_with_fixes
        PASS [   0.017s] (3110/4622) otto-server skill_review::static_tests::bad_script_risk_do_not_publish
        PASS [   0.011s] (3111/4622) otto-server skill_review::static_tests::cited_reference_that_exists_is_not_flagged
        PASS [   0.011s] (3112/4622) otto-server skill_review::static_tests::cited_reference_that_is_absent_is_high
        PASS [   0.010s] (3113/4622) otto-server skill_review::static_tests::dead_absolute_path_in_prose_is_flagged
        PASS [   0.011s] (3114/4622) otto-server skill_review::static_tests::directives_with_reasons_do_not_fire
        PASS [   0.011s] (3115/4622) otto-server skill_review::static_tests::missing_skill_md_is_critical
        PASS [   0.018s] (3116/4622) otto-server skill_review::static_tests::good_focused_is_ready
        PASS [   0.013s] (3117/4622) otto-server skill_review::static_tests::paths_inside_code_fences_are_ignored
        PASS [   0.013s] (3118/4622) otto-server skill_review::static_tests::placeholder_and_url_paths_are_ignored
        PASS [   0.012s] (3119/4622) otto-server spa::tests::csp_broad_sources_are_the_documented_ones
        PASS [   0.013s] (3120/4622) otto-server skill_review::static_tests::prohibition_heavy_fires_low_without_moving_the_score
        PASS [   0.011s] (3121/4622) otto-server spa::tests::hashed_asset_names_follow_vites_pattern
        PASS [   0.011s] (3122/4622) otto-server spa::tests::hashed_assets_are_immutable_and_the_document_revalidates
        PASS [   0.011s] (3123/4622) otto-server spa::tests::injected_assets_serve_root_and_deep_links
        PASS [   0.012s] (3124/4622) otto-server spa::tests::injected_assets_preserve_binary_bytes_and_mime
        PASS [   0.013s] (3125/4622) otto-server spa::tests::missing_api_and_websocket_routes_never_load_spa_assets
        PASS [   0.013s] (3126/4622) otto-server spa::tests::missing_build_assets_are_404_not_the_spa_document
        PASS [   0.012s] (3127/4622) otto-server spa::tests::unavailable_ui_and_missing_index_remain_distinct
        PASS [   0.012s] (3128/4622) otto-server spa::tests::spa_responses_carry_csp_and_anti_framing
        PASS [   0.021s] (3129/4622) otto-server state_archive::tests::assets_are_exclusive_and_symlinks_cannot_redirect_publish_or_rollback
        PASS [   0.174s] (3130/4622) otto-server state_archive::tests::credentials_are_removed_by_structure_and_declared_secret_names
        PASS [   0.012s] (3131/4622) otto-server state_archive::tests::design_blobs_are_archived_best_effort_and_restore_by_hash
        PASS [   0.011s] (3132/4622) otto-server state_archive::tests::imported_terminal_history_keeps_its_status
        PASS [   0.348s] (3133/4622) otto-server state_archive::tests::cross_profile_rows_restore_with_real_constraints_and_inert_runtime
        PASS [   0.184s] (3134/4622) otto-server state_archive::tests::invalid_foreign_keys_roll_back_every_insert_and_permissions_are_rejected
        PASS [   0.011s] (3135/4622) otto-server state_archive::tests::partial_publication_is_removed_and_manifest_rejects_unsafe_assets
        PASS [   0.012s] (3136/4622) otto-server telemetry::tests::aborted_request_is_recorded_as_cancelled
        PASS [   0.010s] (3137/4622) otto-server telemetry::tests::context_rejects_zero_ids_extra_data_and_versions
        PASS [   0.009s] (3138/4622) otto-server telemetry::tests::long_polls_and_upgrades_are_not_timed
        PASS [   0.009s] (3139/4622) otto-server telemetry::tests::workspace_routes_keep_the_feature_component
        PASS [   0.062s] (3140/4622) otto-server transcript_cache::tests::a_reader_of_the_grown_file_joins_the_running_fold
        PASS [   0.011s] (3141/4622) otto-server transcript_cache::tests::an_append_during_the_fold_is_served_but_not_cached
        PASS [   0.010s] (3142/4622) otto-server transcript_cache::tests::cache_charge_includes_owned_fold_metadata
        PASS [   0.063s] (3143/4622) otto-server transcript_cache::tests::canceled_waiter_keeps_worker_permit_and_same_key_coalesces
        PASS [   0.011s] (3144/4622) otto-server transcript_cache::tests::changes_during_fold_are_never_published_as_current
        PASS [   0.015s] (3145/4622) otto-server transcript_cache::tests::least_recent_ready_entries_are_evicted
        PASS [   0.011s] (3146/4622) otto-server transcript_cache::tests::replacement_append_and_sidecar_changes_invalidate
        PASS [   0.010s] (3147/4622) otto-server transcript_cache::tests::sweep_releases_idle_folds_without_another_read
        PASS [   0.011s] (3148/4622) otto-server transcript_cache::tests::unchanged_pages_reuse_one_real_file_fold
        PASS [   0.010s] (3149/4622) otto-server transcript_tail::tests::a_failed_initial_fold_releases_the_waiting_read
        PASS [   0.062s] (3150/4622) otto-server transcript_tail::tests::a_read_waits_for_the_tails_initial_fold_instead_of_folding_again
        PASS [   0.010s] (3151/4622) otto-server transcript_tail::tests::aggregate_admission_rejects_without_leaking_charge
        PASS [   0.329s] (3152/4622) otto-server state_archive::tests::preview_binding_ignores_unrelated_rows_but_changes_on_import_conflict
        PASS [   0.012s] (3153/4622) otto-server transcript_tail::tests::growing_past_live_budget_retires_to_an_explicit_refetch
        PASS [   0.012s] (3154/4622) otto-server transcript_tail::tests::git_branch_reads_head_and_follows_worktree_gitdir
        PASS [   0.010s] (3155/4622) otto-server transcript_tail::tests::live_draft_drops_timer_hint_and_tip_rows
        PASS [   0.012s] (3156/4622) otto-server transcript_tail::tests::live_draft_caps_to_the_tail
        PASS [   0.010s] (3157/4622) otto-server transcript_tail::tests::live_draft_is_empty_right_after_a_prompt_and_tolerates_no_box
        PASS [   0.009s] (3158/4622) otto-server transcript_tail::tests::live_draft_takes_the_region_between_echo_and_input_box
        PASS [   0.010s] (3159/4622) otto-server transcript_tail::tests::oversized_fallback_coalesces_changes_and_ignores_unchanged_files
        PASS [   0.010s] (3160/4622) otto-server transcript_tail::tests::oversized_initial_fold_is_rejected_before_reading_its_body
        PASS [   0.010s] (3161/4622) otto-server transcript_tail::tests::per_tail_charge_limit_is_checked_before_global_reservation
        PASS [   0.009s] (3162/4622) otto-server transcript_tail::tests::screen_parts_splits_input_and_status_rows
        PASS [   0.009s] (3163/4622) otto-server transcript_tail::tests::slot_guard_frees_the_registry_entry_on_drop
        PASS [   0.053s] (3164/4622) otto-server transcript_tail::tests::oversized_delta_is_trimmed_under_the_cap_and_the_tool_lookup_is_full
        PASS [   0.025s] (3165/4622) otto-server transcript_tail::tests::trim_prefers_text_and_leaves_small_deltas_alone
        PASS [   0.010s] (3166/4622) otto-server transport::tests::boot_id_is_stable_per_process
        PASS [   0.046s] (3167/4622) otto-server transcript_tail::tests::stepping_a_growing_file_matches_a_whole_file_fold
        PASS [   0.010s] (3168/4622) otto-server ui_bridge::tests::awaiting_human_extends_the_deadline_within_the_cap
        PASS [   0.009s] (3169/4622) otto-server ui_bridge::tests::client_frames_parse_strictly
        PASS [   0.009s] (3170/4622) otto-server ui_bridge::tests::command_round_trip_and_reply_auth
        PASS [   0.009s] (3171/4622) otto-server ui_bridge::tests::deadlines_follow_the_catalog_and_the_statement_timeout
        PASS [   0.009s] (3172/4622) otto-server ui_bridge::tests::dropping_the_agent_call_cancels_the_command
        PASS [   0.008s] (3173/4622) otto-server ui_bridge::tests::grant_table
        PASS [   0.009s] (3174/4622) otto-server ui_bridge::tests::human_credential_table
        PASS [   0.009s] (3175/4622) otto-server ui_bridge::tests::opened_target_matches_the_window_or_its_side_pane
        PASS [   0.008s] (3176/4622) otto-server ui_bridge::tests::pick_never_crosses_users
        PASS [   0.008s] (3177/4622) otto-server ui_bridge::tests::pick_opens_through_the_main_document_when_nothing_shows_it
        PASS [   0.009s] (3178/4622) otto-server ui_bridge::tests::pick_prefers_the_document_showing_the_module
        PASS [   0.009s] (3179/4622) otto-server ui_bridge::tests::pick_ranks_focused_then_visible_then_recent
        PASS [   0.009s] (3180/4622) otto-server ui_bridge::tests::pick_requires_the_capability
        PASS [   0.008s] (3181/4622) otto-server ui_bridge::tests::pick_shell_commands_prefer_the_main_pane
        PASS [   0.009s] (3182/4622) otto-server ui_bridge::tests::pick_stays_on_the_sessions_device
        PASS [   0.009s] (3183/4622) otto-server ui_bridge::tests::pick_with_unknown_device_uses_any_of_the_owners_windows
        PASS [   0.009s] (3184/4622) otto-server ui_bridge::tests::register_hello_and_unregister
        PASS [   0.009s] (3185/4622) otto-server ui_bridge::tests::reply_codes_normalize_to_the_contract
        PASS [   0.009s] (3186/4622) otto-server ui_bridge::tests::request_event_is_rate_limited_per_session
        PASS [   0.009s] (3187/4622) otto-server ui_bridge::tests::results_are_row_capped_and_redacted
        PASS [   0.009s] (3188/4622) otto-server ui_bridge::tests::revoke_and_close_end_pending_commands
        PASS [   0.314s] (3189/4622) otto-server ui_bridge::tests::timeout_sends_a_cancel_frame
        PASS [   0.030s] (3190/4622) otto-server ui_bridge::tests::ui_errors_reach_the_agent_with_normalized_codes
        PASS [   0.017s] (3191/4622) otto-server vault_docs_agent::tests::cap_chars_is_char_boundary_safe
        PASS [   0.016s] (3192/4622) otto-server vault_docs_agent::tests::errored_writer_waits_only_while_a_peer_is_still_moving
        PASS [   0.614s] (3193/4622) otto-server ui_bridge::tests::awaiting_human_progress_keeps_the_command_alive
        PASS [   0.010s] (3194/4622) otto-server vault_docs_agent::tests::interrupted_sweep_flips_only_non_terminal_states
        PASS [   0.010s] (3195/4622) otto-server vault_docs_agent::tests::malformed_reviewer_output_is_not_clean_and_consumes_targeted_retry
        PASS [   0.010s] (3196/4622) otto-server vault_docs_agent::tests::multi_writer_prompt_confines_to_its_draft_dir
        PASS [   0.009s] (3197/4622) otto-server vault_docs_agent::tests::okf_block_inlines_skill_for_non_claude
        PASS [   0.010s] (3198/4622) otto-server vault_docs_agent::tests::orphan_drafts_move_to_trash_with_collision_suffix
        PASS [   0.009s] (3199/4622) otto-server vault_docs_agent::tests::parse_results_is_tolerant
        PASS [   0.009s] (3200/4622) otto-server vault_docs_agent::tests::partial_staging_inlines_only_failed_packages
        PASS [   0.009s] (3201/4622) otto-server vault_docs_agent::tests::payload_without_kind_or_note_path_still_deserializes_as_docs
        PASS [   0.009s] (3202/4622) otto-server vault_docs_agent::tests::refine_prompt_first_turn_inlines_capped_content
        PASS [   0.009s] (3203/4622) otto-server vault_docs_agent::tests::retry_handler_state_composition_flags_only_the_requested_error_slot
        PASS [   0.160s] (3204/4622) otto-server vault_docs_agent::tests::interrupted_recovery_persists_flat_and_nested_review_states
        PASS [   0.009s] (3205/4622) otto-server vault_docs_agent::tests::retry_terminates_an_inflight_turn_before_signalling_but_keeps_failed_session_live
        PASS [   0.010s] (3206/4622) otto-server vault_docs_agent::tests::review_findings_parser_accepts_empty_and_source_backed_arrays
        PASS [   0.009s] (3207/4622) otto-server vault_docs_agent::tests::review_findings_parser_rejects_malformed_or_unproven_output
        PASS [   0.013s] (3208/4622) otto-server vault_docs_agent::tests::review_loop_exhausts_exactly_at_user_iteration_limit
        PASS [   0.013s] (3209/4622) otto-server vault_docs_agent::tests::review_loop_runs_dirty_revision_then_all_reviewers_clean
        PASS [   0.011s] (3210/4622) otto-server vault_docs_agent::tests::review_prompt_carries_method_focus_evidence_and_result_contract
        PASS [   0.010s] (3211/4622) otto-server vault_docs_agent::tests::review_request_defaults_method_and_iterations
        PASS [   0.011s] (3212/4622) otto-server vault_docs_agent::tests::review_request_validation_is_actionable
        PASS [   0.011s] (3213/4622) otto-server vault_docs_agent::tests::review_revision_prompt_carries_findings_and_changed_path_results_contract
        PASS [   0.011s] (3214/4622) otto-server vault_docs_agent::tests::review_round_decision_requires_same_round_clean_and_honors_cap
        PASS [   0.011s] (3215/4622) otto-server vault_docs_agent::tests::review_round_driver_fans_out_fresh_reviewers_and_persists_visible_states
        PASS [   0.010s] (3216/4622) otto-server vault_docs_agent::tests::review_round_driver_maps_clean_revision_exhaustion_and_partial_failure
        PASS [   0.011s] (3217/4622) otto-server vault_docs_agent::tests::run_state_transitions_respect_terminal_states
        PASS [   0.010s] (3218/4622) otto-server vault_docs_agent::tests::single_writer_prompt_targets_finals_and_results_file
        PASS [   0.010s] (3219/4622) otto-server vault_docs_agent::tests::skills_block_renders_on_non_okf_vaults_too
        PASS [   0.011s] (3220/4622) otto-server vault_docs_agent::tests::staged_package_guidance_is_provider_specific
        PASS [   0.012s] (3221/4622) otto-server vault_docs_agent::tests::summarizer_prompt_inlines_drafts_under_the_cap
        PASS [   0.011s] (3222/4622) otto-server vault_docs_agent::tests::target_dir_normalizes_and_rejects_traversal
        PASS [   0.010s] (3223/4622) otto-server vault_docs_agent::tests::targeted_failed_slot_retry_preserves_completed_peers_and_round_findings
        PASS [   0.010s] (3224/4622) otto-server vault_docs_agent::tests::written_fallback_diffs_under_target_dir_only
        PASS [   0.175s] (3225/4622) otto-server workflow_engine::product_publish_tests::agent_session_token_cannot_approve_a_workflow_human_gate
        PASS [   0.172s] (3226/4622) otto-server workflow_engine::product_publish_tests::review4_product_publish_dry_run_captures_complete_review_and_destination
        PASS [   2.173s] (3227/4622) otto-server workflow_engine::product_publish_tests::review4_product_publish_forged_missing_or_denied_approval_cannot_publish
        PASS [   0.194s] (3228/4622) otto-server workflow_engine::product_publish_tests::review4_product_publish_ordinary_approval_api_keeps_legacy_shape
        PASS [   4.368s] (3229/4622) otto-server workflow_engine::product_publish_tests::review4_product_publish_gate_forwards_snapshot_and_publishes_frozen_destination
        PASS [   2.196s] (3230/4622) otto-server workflow_engine::product_publish_tests::review4_product_publish_stale_content_and_config_override_require_new_review
        PASS [   0.182s] (3231/4622) otto-server workflow_engine::tests::a_canceled_finalize_never_overwrites_a_retry
        PASS [   0.010s] (3232/4622) otto-server workflow_engine::tests::activity_snapshots_are_rate_limited_and_bounded
        PASS [   0.009s] (3233/4622) otto-server workflow_engine::tests::brief_summary_collapses_and_truncates
        PASS [   0.535s] (3234/4622) otto-server workflow_engine::tests::cancel_watch_reads_status_only_and_wakes_on_announce
        PASS [   0.187s] (3235/4622) otto-server workflow_engine::tests::cancel_watch_skip_reports_the_approval_park
        PASS [   0.009s] (3236/4622) otto-server workflow_engine::tests::canvas_node_ext_matches_mode
        PASS [   0.009s] (3237/4622) otto-server workflow_engine::tests::chat_target_resolves_origin_and_override
        PASS [   0.011s] (3238/4622) otto-server workflow_engine::tests::checkpointed_loop_resumes_safe_inner_work_and_preserves_siblings
        PASS [   0.010s] (3239/4622) otto-server workflow_engine::tests::checks_review_agent_runs_and_flags_failures_as_bugs
        PASS [   0.009s] (3240/4622) otto-server workflow_engine::tests::classify_resume_fails_on_interrupted_side_effect_step
        PASS [   0.009s] (3241/4622) otto-server workflow_engine::tests::classify_resume_finishes_a_fully_settled_run
        PASS [   0.009s] (3242/4622) otto-server workflow_engine::tests::classify_resume_honors_persisted_retry_scope
        PASS [   0.009s] (3243/4622) otto-server workflow_engine::tests::classify_resume_reenters_at_interrupted_idempotent_step
        PASS [   0.008s] (3244/4622) otto-server workflow_engine::tests::classify_resume_reenters_at_waiting_approval_node
        PASS [   0.008s] (3245/4622) otto-server workflow_engine::tests::classify_resume_resumes_at_first_pending_between_boundaries
        PASS [   0.009s] (3246/4622) otto-server workflow_engine::tests::classify_resume_stale_approval_flag_never_masks_a_side_effect_step
        PASS [   0.009s] (3247/4622) otto-server workflow_engine::tests::collect_pr_targets_empty_when_only_working_directory
        PASS [   0.009s] (3248/4622) otto-server workflow_engine::tests::collect_pr_targets_fan_in_multiple_repos
        PASS [   0.009s] (3249/4622) otto-server workflow_engine::tests::collect_pr_targets_loop_repos_and_explicit_params
        PASS [   0.009s] (3250/4622) otto-server workflow_engine::tests::collect_pr_targets_single_review_reference
        PASS [   0.009s] (3251/4622) otto-server workflow_engine::tests::completion_lines_are_the_documented_texts
        PASS [   0.008s] (3252/4622) otto-server workflow_engine::tests::decide_active_branch_runs
        PASS [   0.009s] (3253/4622) otto-server workflow_engine::tests::decide_entry_node_runs_with_no_sources
        PASS [   0.009s] (3254/4622) otto-server workflow_engine::tests::decide_errored_predecessor_poisons
        PASS [   0.009s] (3255/4622) otto-server workflow_engine::tests::decide_inactive_only_branch_skips
        PASS [   0.009s] (3256/4622) otto-server workflow_engine::tests::decide_join_runs_from_active_side_only
        PASS [   0.008s] (3257/4622) otto-server workflow_engine::tests::descendants_scope_is_self_plus_downstream
        PASS [   0.009s] (3258/4622) otto-server workflow_engine::tests::driver_registry_counts_overlapping_drivers
        PASS [   0.008s] (3259/4622) otto-server workflow_engine::tests::e2e_subagents_parses_count_and_hold
        PASS [   0.009s] (3260/4622) otto-server workflow_engine::tests::eval_outgoing_prunes_false_edges
        PASS [   0.009s] (3261/4622) otto-server workflow_engine::tests::explicit_zero_disables_even_transient_retries
        PASS [   0.009s] (3262/4622) otto-server workflow_engine::tests::fetchable_branch_name_rejects_refspec_injection
        PASS [   0.065s] (3263/4622) otto-server workflow_engine::tests::git_main_worktree_maps_linked_worktree_to_origin
        PASS [   0.009s] (3264/4622) otto-server workflow_engine::tests::interrupted_loop_requires_checkpoint_before_replay
        PASS [   0.008s] (3265/4622) otto-server workflow_engine::tests::keep_session_param_defaults_false
        PASS [   0.076s] (3266/4622) otto-server workflow_engine::tests::log_persist_coalesces_bursts_and_flushes_the_tail
        PASS [   0.009s] (3267/4622) otto-server workflow_engine::tests::match_repo_path_deepest_repo_wins
        PASS [   0.009s] (3268/4622) otto-server workflow_engine::tests::match_repo_path_exact_subdir_and_sibling
        PASS [   0.009s] (3269/4622) otto-server workflow_engine::tests::normalize_prompt_fills_from_msg_only
        PASS [   0.151s] (3270/4622) otto-server workflow_engine::tests::orphan_sweep_errors_driverless_runs_after_two_passes
        PASS [   0.009s] (3271/4622) otto-server workflow_engine::tests::param_str_list_accepts_array_or_csv
        PASS [   0.009s] (3272/4622) otto-server workflow_engine::tests::parse_checks_strings_and_objects
        PASS [   0.008s] (3273/4622) otto-server workflow_engine::tests::phase_text_strips_the_glyph
        PASS [   0.008s] (3274/4622) otto-server workflow_engine::tests::prepare_context_gets_agent_retry_budget_only_with_a_prompt
        PASS [   0.009s] (3275/4622) otto-server workflow_engine::tests::reportable_skips_structural_and_review
        PASS [   0.124s] (3276/4622) otto-server workflow_engine::tests::resolve_wf_base_fetches_a_branch_created_after_the_clone
        PASS [   0.009s] (3277/4622) otto-server workflow_engine::tests::restart_keeps_pending_sibling_in_original_scope
        PASS [   0.200s] (3278/4622) otto-server workflow_engine::tests::retry_backoff_wakes_on_a_cancel
        PASS [   0.011s] (3279/4622) otto-server workflow_engine::tests::retry_consumer_receives_adopted_output_but_fresh_partial_run_uses_input
        PASS [   0.009s] (3280/4622) otto-server workflow_engine::tests::retry_policy_resolution_and_clamps
        PASS [   0.009s] (3281/4622) otto-server workflow_engine::tests::review_association_survives_completed_async_steps_and_retry_sessions
        PASS [   0.009s] (3282/4622) otto-server workflow_engine::tests::review_run_mode_precedence_run_input_over_node_param
        PASS [   0.008s] (3283/4622) otto-server workflow_engine::tests::review_run_reads_mode_from_run_env_not_node_input
        PASS [   0.008s] (3284/4622) otto-server workflow_engine::tests::run_acts_as_its_starter_else_workflow_creator
        PASS [   0.008s] (3285/4622) otto-server workflow_engine::tests::run_gate_caps_parallel_runs_at_two
        PASS [   0.008s] (3286/4622) otto-server workflow_engine::tests::run_summary_has_status_steps_and_score
        PASS [   0.009s] (3287/4622) otto-server workflow_engine::tests::seed_input_explicit_keys_win
        PASS [   0.010s] (3288/4622) otto-server workflow_engine::tests::seed_input_fills_blanks_from_first_valid_entry
        PASS [   0.010s] (3289/4622) otto-server workflow_engine::tests::seed_input_no_valid_entries_is_identity
        PASS [   0.009s] (3290/4622) otto-server workflow_engine::tests::settle_interrupted_nodes_leaves_nothing_running
        PASS [   0.009s] (3291/4622) otto-server workflow_engine::tests::side_effect_kinds_are_not_restart_resumable
        PASS [   0.010s] (3292/4622) otto-server workflow_engine::tests::skill_names_parse_skill_and_skills_deduped
        PASS [   0.010s] (3293/4622) otto-server workflow_engine::tests::skip_marker_key_is_per_run_and_step
        PASS [   0.010s] (3294/4622) otto-server workflow_engine::tests::success_path_keeps_phase_lines_in_order_and_caps_at_200
        PASS [   0.010s] (3295/4622) otto-server workflow_engine::tests::success_suspends_step_session_unless_keep_session
        PASS [   0.010s] (3296/4622) otto-server workflow_engine::tests::topo_detects_cycle
        PASS [   0.010s] (3297/4622) otto-server workflow_engine::tests::topo_orders_a_chain
        PASS [   0.010s] (3298/4622) otto-server workflow_engine::tests::wf_step_rules_no_longer_forbid_subagents
        PASS [   0.010s] (3299/4622) otto-server workflow_trigger_scheduler::tests::cron_cadence_supported_via_shared_engine
        PASS [   0.010s] (3300/4622) otto-server workflow_trigger_scheduler::tests::interval_due_after_window
        PASS [   0.010s] (3301/4622) otto-server workflow_trigger_scheduler::tests::interval_due_when_never_run
        PASS [   0.009s] (3302/4622) otto-server workflow_trigger_scheduler::tests::interval_not_due_within_window
        PASS [   0.009s] (3303/4622) otto-server workflow_trigger_scheduler::tests::never_run_cron_catches_up_its_first_fire_from_creation
        PASS [   0.010s] (3304/4622) otto-server workflow_trigger_scheduler::tests::resumed_trigger_does_not_fire_its_missed_run
        PASS [   0.156s] (3305/4622) otto-server workflow_trigger_scheduler::tests::review4_trigger_admission_failure_does_not_consume_occurrence
        PASS [   0.153s] (3306/4622) otto-server workflow_trigger_scheduler::tests::review4_trigger_admission_rejects_disable
        PASS [   0.149s] (3307/4622) otto-server workflow_trigger_scheduler::tests::review4_trigger_admission_rejects_disable_enable
        PASS [   0.151s] (3308/4622) otto-server workflow_trigger_scheduler::tests::review4_trigger_admission_rejects_retime
        PASS [   0.152s] (3309/4622) otto-server workflow_trigger_scheduler::tests::review4_trigger_admission_rejects_retime_away_back
        PASS [   0.153s] (3310/4622) otto-server workflow_trigger_scheduler::tests::review4_trigger_captured_cursor_stays_stale_after_run_finishes
        PASS [   0.154s] (3311/4622) otto-server workflow_trigger_scheduler::tests::review4_trigger_current_due_admission_preserves_pinned_definition
        PASS [   0.151s] (3312/4622) otto-server workflow_trigger_scheduler::tests::review4_trigger_overlap_is_checked_inside_admission_transaction
        PASS [   0.152s] (3313/4622) otto-server workflow_trigger_scheduler::tests::review4_trigger_same_snapshot_concurrent_admission_queues_once
        PASS [   0.009s] (3314/4622) otto-server workflow_trigger_scheduler::tests::timezone_is_threaded_through
        PASS [   0.008s] (3315/4622) otto-server workflow_trigger_scheduler::tests::unknown_cadence_is_never_due
        PASS [   0.008s] (3316/4622) otto-server workgraph_projector::tests::pr_item_follows_its_review
        PASS [   0.008s] (3317/4622) otto-server workgraph_projector::tests::pr_source_key_skips_pr_less_reviews
        PASS [   0.009s] (3318/4622) otto-server workgraph_projector::tests::reconcile_runs_on_lag_or_the_safety_net
        PASS [   0.008s] (3319/4622) otto-server workgraph_projector::tests::reconcile_secs_honours_the_env_override
        PASS [   0.157s] (3320/4622) otto-server workgraph_projector::tests::reconcile_sessions_statement_budget
        PASS [   0.009s] (3321/4622) otto-server workgraph_projector::tests::workflow_events_project_only_status_changes
        PASS [   0.009s] (3322/4622) otto-server ws_events::tests::assistant_events_are_owner_scoped
        PASS [   0.009s] (3323/4622) otto-server ws_events::tests::auth_caches_expire_roles_and_evict_removed_sessions
        PASS [   0.009s] (3324/4622) otto-server ws_events::tests::design_events_are_workspace_scoped
        PASS [   0.009s] (3325/4622) otto-server ws_events::tests::non_owner_editor_is_denied_session_events
        PASS [   0.009s] (3326/4622) otto-server ws_events::tests::non_session_events_keep_prior_scope
        PASS [   0.009s] (3327/4622) otto-server ws_events::tests::owner_and_root_short_circuit_before_admin_db_check
        PASS [   0.008s] (3328/4622) otto-server ws_events::tests::owner_receives_own_session_events
        PASS [   0.009s] (3329/4622) otto-server ws_events::tests::resync_frame_shape
        PASS [   0.008s] (3330/4622) otto-server ws_events::tests::root_receives_session_events_without_role_rows
        PASS [   0.008s] (3331/4622) otto-server ws_events::tests::scoped_token_denied_on_events_stream
        PASS [   0.008s] (3332/4622) otto-server ws_events::tests::session_family_events_route_to_session_scope
        PASS [   0.009s] (3333/4622) otto-server ws_events::tests::subscribe_ack_carries_sorted_topics_and_boot_id
        PASS [   0.009s] (3334/4622) otto-server ws_events::tests::subscribe_frame_parses_caps_and_clears
        PASS [   0.008s] (3335/4622) otto-server ws_events::tests::transport_invalidation_events_are_scoped
        PASS [   0.008s] (3336/4622) otto-server ws_events::tests::unscoped_token_allowed_onto_events_stream
        PASS [   0.009s] (3337/4622) otto-server ws_events::tests::workspace_admin_non_owner_receives_session_events
        PASS [   0.009s] (3338/4622) otto-server ws_events::tests::workspace_viewer_caches_one_check_per_workspace
        PASS [   0.042s] (3339/4622) otto-server ws_fanout::tests::events_with_no_socket_are_not_wrapped
        PASS [   0.010s] (3340/4622) otto-server ws_fanout::tests::every_socket_shares_one_frame_and_one_serialization
        PASS [   0.009s] (3341/4622) otto-server ws_fanout::tests::separate_buses_get_separate_pumps_and_a_dropped_bus_closes
        PASS [   0.009s] (3342/4622) otto-server ws_fanout::tests::streaming_events_bypass_the_bus
        PASS [   0.165s] (3343/4622) otto-server::it activity_isolation::admin_and_root_see_full_summary
        PASS [   8.421s] (3344/4622) otto-server workflow_engine::product_publish_tests::review4_product_publish_real_api_rejects_stale_same_run_gate_after_retry
        PASS [   0.166s] (3345/4622) otto-server::it activity_isolation::non_admin_summary_excludes_other_users_sessions
        PASS [   0.170s] (3346/4622) otto-server::it activity_isolation::non_owner_editor_forbidden_on_tasks
        PASS [   0.170s] (3347/4622) otto-server::it activity_isolation::non_owner_editor_forbidden_on_trail
        PASS [   0.166s] (3348/4622) otto-server::it activity_isolation::non_owner_editor_forbidden_on_trail_and_task_writes
        PASS [   0.161s] (3349/4622) otto-server::it activity_isolation::owner_admin_root_can_read_tasks
        PASS [   0.159s] (3350/4622) otto-server::it activity_isolation::owner_admin_root_can_read_trail
        PASS [   0.170s] (3351/4622) otto-server::it activity_isolation::owner_and_root_can_write_trail_and_tasks
        PASS [   0.170s] (3352/4622) otto-server::it admin_sessions::non_admin_cannot_list_sessions
        PASS [   0.163s] (3353/4622) otto-server::it admin_sessions::non_admin_cannot_terminate
        PASS [   0.174s] (3354/4622) otto-server::it admin_sessions::root_sees_all_sessions
        PASS [   0.172s] (3355/4622) otto-server::it admin_sessions::terminate_kills_session_and_evicts_viewers
        PASS [   0.011s] (3356/4622) otto-server::it auth_security::forwarding_headers_are_not_a_throttle_input
        PASS [   0.011s] (3357/4622) otto-server::it auth_security::ip_rotation_does_not_defeat_username_lockout
        PASS [   0.010s] (3358/4622) otto-server::it auth_security::lockout_trips_after_threshold_and_resets_on_success
        PASS [   0.169s] (3359/4622) otto-server::it admin_sessions::users_admin_sees_other_users_sessions
        PASS [   0.167s] (3360/4622) otto-server::it auth_security::revoke_all_on_credential_change_invalidates_outstanding_tokens
        PASS [   0.165s] (3361/4622) otto-server::it auth_security::token_mint_authenticate_revoke_cycle
        PASS [   0.166s] (3362/4622) otto-server::it canvas_refs_api::cross_workspace_attach_is_rejected
        PASS [   0.265s] (3363/4622) otto-server::it canvas_refs_api::canvas_files_are_served_once_and_scoped_to_the_workspace
        PASS [   0.172s] (3364/4622) otto-server::it canvas_refs_api::list_add_list_remove_list_roundtrip
        PASS [   0.171s] (3365/4622) otto-server::it canvas_refs_api::viewer_can_list_but_not_mutate
        PASS [   0.161s] (3366/4622) otto-server::it email_sender_storage::put_stores_password_in_keychain_not_db
        PASS [   0.166s] (3367/4622) otto-server::it email_sender_storage::reconfigure_resets_verification
        PASS [   0.011s] (3368/4622) otto-server::it every_integration_test_file_is_linked
        PASS [   0.080s] (3369/4622) otto-server::it git_spawn_guard::no_bare_git_spawns
        PASS [   0.165s] (3370/4622) otto-server::it grants_api::admin_can_set_and_read_grants
        PASS [   0.163s] (3371/4622) otto-server::it grants_api::capabilities_reflects_grant
        PASS [   0.011s] (3372/4622) otto-server::it grants_api::grants_routes_have_correct_policy
        PASS [   0.166s] (3373/4622) otto-server::it grants_api::capabilities_root_gets_all_admin
        PASS [   0.159s] (3374/4622) otto-server::it grants_api::non_admin_cannot_put_grants
        PASS [   0.163s] (3375/4622) otto-server::it grants_api::put_grants_writes_audit_entry
        PASS [   0.167s] (3376/4622) otto-server::it impersonation::admin_can_impersonate_plain_user
        PASS [   0.165s] (3377/4622) otto-server::it impersonation::audit_records_real_and_effective
        PASS [   0.162s] (3378/4622) otto-server::it impersonation::authz_uses_effective_user_and_confines
        PASS [   0.175s] (3379/4622) otto-server::it impersonation::cannot_impersonate_root
        PASS [   0.166s] (3380/4622) otto-server::it impersonation::cannot_impersonate_self
        PASS [   0.167s] (3381/4622) otto-server::it impersonation::cannot_impersonate_users_admin
        PASS [   0.166s] (3382/4622) otto-server::it impersonation::impersonation_token_cannot_mint_pat
        PASS [   0.163s] (3383/4622) otto-server::it impersonation::impersonation_token_cannot_nest
        PASS [   0.159s] (3384/4622) otto-server::it impersonation::stop_revokes
        PASS [   0.386s] (3385/4622) otto-server::it mcp_auto_approve::a_bare_id_from_another_workspaces_session_is_never_auto_approved
        PASS [   0.337s] (3386/4622) otto-server::it mcp_auto_approve::a_governed_read_call_stays_within_its_statement_budget
        PASS [   0.354s] (3387/4622) otto-server::it mcp_auto_approve::a_governed_self_call_is_bound_to_the_calling_session
        PASS [   0.343s] (3388/4622) otto-server::it mcp_auto_approve::a_native_irreversible_writer_is_governed_for_its_session
        PASS [   0.361s] (3389/4622) otto-server::it mcp_auto_approve::a_pinned_token_echoing_its_pin_cannot_reach_another_workspace
        PASS [   0.358s] (3390/4622) otto-server::it mcp_auto_approve::a_probed_reads_spoofed_workspace_never_reaches_the_audit
        PASS [   0.352s] (3391/4622) otto-server::it mcp_auto_approve::a_spoofed_workspace_never_selects_an_auto_approve_rule
        PASS [   0.344s] (3392/4622) otto-server::it mcp_auto_approve::a_ui_tool_reply_carries_the_session_grant
        PASS [   0.422s] (3393/4622) otto-server::it mcp_auto_approve::a_waiter_on_a_card_a_sibling_spent_is_denied_promptly
        PASS [   0.366s] (3394/4622) otto-server::it mcp_auto_approve::an_agent_credential_cannot_decide_approvals_but_its_owner_can
        PASS [   0.369s] (3395/4622) otto-server::it mcp_auto_approve::an_agent_improvement_edit_decision_always_needs_a_person
        PASS [   0.360s] (3396/4622) otto-server::it mcp_auto_approve::an_approval_is_bound_to_the_requesting_session
        PASS [   0.627s] (3397/4622) otto-server::it mcp_auto_approve::an_approval_resumes_the_waiting_call_on_the_change_event
        PASS [   0.415s] (3398/4622) otto-server::it mcp_auto_approve::an_enforced_audit_page_and_stats_read_the_caller_once
        PASS [   0.375s] (3399/4622) otto-server::it mcp_auto_approve::auto_approved_create_pr_runs_without_an_approval_and_is_audited
        PASS [   0.345s] (3400/4622) otto-server::it mcp_auto_approve::compat_shim_and_disabling_a_tool_drop_its_per_tool_rules
        PASS [   0.371s] (3401/4622) otto-server::it mcp_auto_approve::create_pr_without_a_rule_enqueues_an_approval
        PASS [   0.375s] (3402/4622) otto-server::it mcp_auto_approve::irreversible_merge_needs_a_per_tool_rule_and_the_second_toggle
        PASS [   0.339s] (3403/4622) otto-server::it mcp_auto_approve::light_enabled_read_matches_the_status_and_reports_the_grant
        PASS [   0.369s] (3404/4622) otto-server::it mcp_auto_approve::mutating_calls_stay_within_their_statement_budgets
        PASS [   7.640s] (3405/4622) otto-server::it k8s_backfill_budget::backfill_recovers_partial_writes_and_lost_acknowledgements
        PASS [   0.470s] (3406/4622) otto-server::it mcp_auto_approve::one_approval_runs_one_of_two_waiting_calls
        PASS [   0.371s] (3407/4622) otto-server::it mcp_auto_approve::operator_setting_changes_apply_to_the_next_call
        PASS [   1.202s] (3408/4622) otto-server::it k8s_backfill_budget::backfill_retry_preserves_completed_tiers_and_new_inserts
        PASS [   0.367s] (3409/4622) otto-server::it mcp_auto_approve::scoped_and_category_rules_apply_only_where_they_say
        PASS [   0.409s] (3410/4622) otto-server::it mcp_auto_approve::the_audit_list_does_not_query_per_row
        PASS [   0.348s] (3411/4622) otto-server::it mcp_auto_approve::the_bridge_audit_append_is_session_bound
        PASS [   0.350s] (3412/4622) otto-server::it mcp_auto_approve::the_pending_count_matches_the_list
        PASS [   1.194s] (3413/4622) otto-server::it k8s_monitor_clickhouse::every_query_builder_runs_on_a_real_clickhouse
        PASS [   0.442s] (3414/4622) otto-server::it personal_agent_policy::activity_and_guard_reads_stay_within_budget
        PASS [   0.366s] (3415/4622) otto-server::it personal_agent_policy::agent_credentials_are_confined_on_files_and_root_routes
        PASS [   1.326s] (3416/4622) otto-server::it k8s_monitor_clickhouse::every_rollup_tier_matches_raw_on_the_same_range
        PASS [   0.627s] (3417/4622) otto-server::it personal_agent_policy::agent_token_broadcast_and_relay_never_reach_a_sibling
        PASS [   0.340s] (3418/4622) otto-server::it personal_agent_policy::agent_tokens_lose_root_authority_on_unreviewed_writes
        PASS [   0.357s] (3419/4622) otto-server::it personal_agent_policy::an_agent_rule_forces_approval_only_for_matching_targets
        PASS [   2.229s] (3420/4622) otto-server::it k8s_monitor_clickhouse::old_raw_install_is_backfilled_once_then_fed_by_views
        PASS [   8.428s] (3421/4622) otto-server::it personal_agent_policy::an_idle_swarm_coordinator_issues_no_statements_between_safety_ticks
        PASS [   0.407s] (3422/4622) otto-server::it personal_agent_policy::bearer_token_param_is_no_longer_accepted_on_any_socket
        PASS [   0.382s] (3423/4622) otto-server::it personal_agent_policy::read_only_session_is_refused_mutations_at_the_tool_and_http_layers
        PASS [   0.397s] (3424/4622) otto-server::it personal_agent_policy::sensitive_actions_need_approval_even_with_an_auto_approve_rule
        PASS [   0.114s] (3425/4622) otto-server::it policy_coverage::every_protected_route_has_a_policy_entry
        PASS [   0.133s] (3426/4622) otto-server::it policy_coverage::governed_self_call_targets_are_never_person_only_routes
        PASS [   0.111s] (3427/4622) otto-server::it policy_coverage::policy_decisions_match_the_golden_snapshot
        PASS [   0.159s] (3428/4622) otto-server::it provider_resolve::precedence_is_requested_then_workspace_then_global_then_claude
        PASS [   0.163s] (3429/4622) otto-server::it provider_resolve::unknown_workspace_and_db_errors_surface_instead_of_falling_back
        PASS [   0.477s] (3430/4622) otto-server::it rbac_matrix::agent_credentials_are_refused_on_every_admin_and_secret_route
        PASS [   0.307s] (3431/4622) otto-server::it rbac_matrix::assistant_routes_follow_the_agents_view_edit_ladder
        PASS [   0.160s] (3432/4622) otto-server::it rbac_matrix::canvas_grant_alone_does_not_open_design_routes
        PASS [   0.164s] (3433/4622) otto-server::it rbac_matrix::connections_edit_user_can_open_but_not_manage_globals
        PASS [   9.997s] (3434/4622) otto-server::it k8s_monitor_clickhouse::rows_read_per_refresh_before_and_after
        PASS [   0.310s] (3435/4622) otto-server::it rbac_matrix::db_assist_route_is_connections_edit_not_database
        PASS [   0.156s] (3436/4622) otto-server::it rbac_matrix::db_view_user_can_read_db
        PASS [   0.163s] (3437/4622) otto-server::it rbac_matrix::db_view_user_cannot_admin
        PASS [   0.159s] (3438/4622) otto-server::it rbac_matrix::db_view_user_cannot_manage_conns
        PASS [   0.180s] (3439/4622) otto-server::it rbac_matrix::db_view_user_cannot_touch_agents
        PASS [   0.159s] (3440/4622) otto-server::it rbac_matrix::db_view_user_cannot_touch_swarm
        PASS [   0.156s] (3441/4622) otto-server::it rbac_matrix::db_view_user_cannot_write_db
        PASS [   0.434s] (3442/4622) otto-server::it rbac_matrix::design_grants_follow_the_view_edit_admin_ladder
        PASS [   0.371s] (3443/4622) otto-server::it rbac_matrix::every_write_route_refuses_agent_root_authority_unless_allow_listed
        PASS [   0.297s] (3444/4622) otto-server::it rbac_matrix::personal_document_viewer_cannot_save
        PASS [   0.157s] (3445/4622) otto-server::it rbac_matrix::root_passes_everything
        PASS [   0.162s] (3446/4622) otto-server::it rbac_matrix::unknown_protected_route_403
        PASS [   0.229s] (3447/4622) otto-server::it resume_missing_cwd::resuming_an_agent_whose_folder_was_deleted_is_409_and_creates_nothing
        PASS [   0.221s] (3448/4622) otto-server::it review_agent_retry::retrying_a_live_review_agent_is_a_conflict
        PASS [   0.223s] (3449/4622) otto-server::it review_comment_states::approving_a_declined_comment_is_a_conflict_until_restored
        PASS [   0.194s] (3450/4622) otto-server::it rooms_api::recap_revision_http_is_owner_scoped_and_observes_external_draft_changes
        PASS [   2.552s] (3451/4622) otto-server::it rooms_api::room_http_auth_admission_driver_and_terminal_process_are_isolated
        PASS [   0.013s] (3452/4622) otto-server::it route_inventory::cfg_test_items_are_stripped_before_route_extraction
        PASS [   0.013s] (3453/4622) otto-server::it route_inventory::contract_parser_reads_every_route_spelling
        PASS [   0.194s] (3454/4622) otto-server::it route_inventory::documented_paths_are_well_formed
        PASS [   0.315s] (3455/4622) otto-server::it route_inventory::registered_and_documented_routes_match_exactly
        PASS [   0.011s] (3456/4622) otto-server::it route_inventory::route_extractor_reads_method_routers
        PASS [   0.011s] (3457/4622) otto-server::it router_mount::concrete_fills_params_and_wildcards
        PASS [   0.881s] (3458/4622) otto-server::it router_mount::every_inventoried_route_is_mounted_on_the_daemon_router
        PASS [   0.164s] (3459/4622) otto-server::it run_repo_scope::chat_working_directory_outside_the_workspace_is_refused_in_the_thread
        PASS [   0.234s] (3460/4622) otto-server::it run_repo_scope::launching_a_run_on_another_workspaces_repo_is_not_found
        PASS [   0.256s] (3461/4622) otto-server::it run_repo_scope::manual_run_location_is_limited_to_the_workflows_workspace
        PASS [   0.220s] (3462/4622) otto-server::it run_repo_scope::manual_workflow_run_with_a_foreign_repo_id_is_refused
        PASS [   0.220s] (3463/4622) otto-server::it run_repo_scope::webhook_body_cannot_set_reserved_run_input_keys
        PASS [  47.883s] (3464/4622) otto-server::it k8s_monitor_clickhouse::wide_tiers_match_a_raw_increment_reference
        PASS [   0.213s] (3465/4622) otto-server::it runtime_lag::events_fanout_of_a_queued_burst_stays_under_budget
        PASS [   0.215s] (3466/4622) otto-server::it runtime_lag::events_socket_serialization_of_big_frames_stays_under_budget
        PASS [   0.169s] (3467/4622) otto-server::it runtime_lag::negative_control_a_blocking_step_is_caught
        PASS [   0.498s] (3468/4622) otto-server::it runtime_lag::transcript_fold_of_a_20mb_file_never_blocks_a_worker
        PASS [   0.169s] (3469/4622) otto-server::it share_api::list_shares_for_user_spans_sessions_and_is_owner_scoped
        PASS [   0.226s] (3470/4622) otto-server::it session_screen::session_screen_live_gated_unknown_and_offline
        PASS [   0.163s] (3471/4622) otto-server::it share_api::list_shares_returns_live_shares_for_session
        PASS [   0.167s] (3472/4622) otto-server::it share_api::mint_admin_share_is_rejected
        PASS [   0.165s] (3473/4622) otto-server::it share_api::owner_mints_editor_share_carries_editor_scope
        PASS [   0.166s] (3474/4622) otto-server::it share_api::owner_mints_viewer_share_and_token_authenticates
        PASS [   0.167s] (3475/4622) otto-server::it share_api::revoke_all_shares_clears_all_for_user
        PASS [   0.171s] (3476/4622) otto-server::it share_api::revoked_share_token_cannot_authenticate
        PASS [   0.167s] (3477/4622) otto-server::it share_api::scoped_token_cannot_list_shares
        PASS [   0.011s] (3478/4622) otto-server::it share_api::share_routes_have_correct_policy
        PASS [   0.168s] (3479/4622) otto-server::it share_api::scoped_token_cannot_mint_share
        PASS [   0.162s] (3480/4622) otto-server::it share_api::share_session_id_lookup_works
        PASS [   0.181s] (3481/4622) otto-server::it share_otp::expired_otp_is_rejected
        PASS [   0.193s] (3482/4622) otto-server::it share_otp::extend_destination_is_read_from_row_not_request
        PASS [   0.230s] (3483/4622) otto-server::it share_otp::extend_emails_fresh_otp_to_locked_recipient_and_re_pends
        PASS [   0.166s] (3484/4622) otto-server::it share_otp::extend_rejects_plain_non_otp_share
        PASS [   0.207s] (3485/4622) otto-server::it share_otp::get_session_denied_until_otp_verified
        PASS [   0.178s] (3486/4622) otto-server::it share_otp::mint_otp_share_emails_code_and_is_pending
        PASS [   0.182s] (3487/4622) otto-server::it share_otp::mint_otp_share_revokes_on_delivery_failure
        PASS [   0.164s] (3488/4622) otto-server::it share_otp::otp_mint_requires_verified_sender
        PASS [   0.011s] (3489/4622) otto-server::it share_otp::share_extend_is_exempt
        PASS [   0.010s] (3490/4622) otto-server::it share_otp::share_verify_is_exempt
        PASS [   0.162s] (3491/4622) otto-server::it share_otp::plain_share_has_no_otp_gate
        PASS [   0.173s] (3492/4622) otto-server::it share_scope_guard::editor_share_can_input_its_session
        PASS [   0.167s] (3493/4622) otto-server::it share_scope_guard::editor_share_still_bounded_to_one_session
        PASS [   0.165s] (3494/4622) otto-server::it share_scope_guard::normal_root_token_unaffected
        PASS [   0.167s] (3495/4622) otto-server::it share_scope_guard::viewer_share_can_get_its_session
        PASS [   0.321s] (3496/4622) otto-server::it share_scope_guard::share_whoami_reports_the_scoped_role
        PASS [   0.169s] (3497/4622) otto-server::it share_scope_guard::viewer_share_cannot_enumerate_sessions
        PASS [   0.162s] (3498/4622) otto-server::it share_scope_guard::viewer_share_cannot_input
        PASS [   0.160s] (3499/4622) otto-server::it share_scope_guard::viewer_share_cannot_reach_non_session_routes
        PASS [   0.166s] (3500/4622) otto-server::it share_scope_guard::viewer_share_cannot_touch_other_session
        PASS [   0.165s] (3501/4622) otto-server::it swarm_scope_api::boot_reaper_finalizes_a_running_analysis
        PASS [   0.167s] (3502/4622) otto-server::it swarm_scope_api::canvas_assist_stop_is_scoped_and_idempotent
        PASS [   0.169s] (3503/4622) otto-server::it swarm_scope_api::goal_patch_null_clears_fields
        PASS [   0.164s] (3504/4622) otto-server::it swarm_scope_api::lifecycle_routes_refuse_a_foreign_swarm
        PASS [   0.169s] (3505/4622) otto-server::it swarm_scope_api::plan_and_recruit_refuse_foreign_rows
        PASS [   0.168s] (3506/4622) otto-server::it swarm_scope_api::stop_analysis_agent_refuses_a_foreign_agent
        PASS [   0.168s] (3507/4622) otto-server::it swarm_scope_api::stop_story_agents_kills_rewrite_test_and_plan_sessions
        PASS [   0.169s] (3508/4622) otto-server::it swarm_scope_api::stop_verification_blocks_the_task
        PASS [   0.165s] (3509/4622) otto-server::it swarm_scope_api::task_assignee_stays_on_roster_and_null_clears
        PASS [   0.275s] (3510/4622) otto-server::it swarm_scope_api::worktree_survives_a_legacy_agent_branch
        PASS [   0.388s] (3511/4622) otto-server::it ui_control::agent_credential_cannot_open_sessions_outside_its_workspace
        PASS [   1.369s] (3512/4622) otto-server::it ui_control::events_socket_closes_on_revoke_with_the_auth_cache_on
        PASS [   1.876s] (3513/4622) otto-server::it ui_control::agent_drives_the_window_end_to_end
        PASS [   1.357s] (3514/4622) otto-server::it ui_control::events_socket_closes_when_revoked_during_handshake_authentication
        PASS [   1.848s] (3515/4622) otto-server::it ui_control::events_socket_closes_when_its_token_is_revoked
        PASS [   0.325s] (3516/4622) otto-server::it ui_control::nested_resume_meta_is_server_owned
        PASS [   0.313s] (3517/4622) otto-server::it ui_control::notification_settings_write_is_root_only
        PASS [   0.690s] (3518/4622) otto-server::it ui_control::only_session_credentials_drive_and_only_their_owners_windows
        PASS [   0.175s] (3519/4622) otto-server::it workbench_api::docs_are_private_to_their_owner
        PASS [   0.156s] (3520/4622) otto-server::it workbench_api::image_assets_roundtrip_and_reject_non_images
        PASS [   0.154s] (3521/4622) otto-server::it workbench_api::revision_history_exclusive_cursor_survives_new_save_and_reaches_oldest_restore
        PASS [   0.160s] (3522/4622) otto-server::it workbench_api::revisions_coalesce_seal_diff_and_restore
        PASS [   0.159s] (3523/4622) otto-server::it workbench_api::trash_restore_and_permanent_delete
        PASS [   2.365s] (3524/4622) otto-server::it ui_control::events_socket_retries_revocation_after_one_transient_auth_failure
        PASS [   0.195s] (3525/4622) otto-server::snips annotated_rejects_unknown_snip
        PASS [   0.172s] (3526/4622) otto-server::snips annotated_save_updates_clipboard_and_copy_prefers_annotated
        PASS [   0.169s] (3527/4622) otto-server::snips capture_cancel_reports_cancelled
        PASS [   0.164s] (3528/4622) otto-server::snips capture_success_creates_snip_and_copies
        PASS [   0.165s] (3529/4622) otto-server::snips invalid_ids_are_not_found_and_do_not_traverse
        PASS [   0.170s] (3530/4622) otto-server::snips raw_15mb_upload_and_annotated_save_within_budget
        PASS [   0.162s] (3531/4622) otto-server::snips raw_png_upload_and_annotated_save_with_cache_validators
        PASS [   0.160s] (3532/4622) otto-server::snips upload_rejects_non_png_and_empty
        PASS [   0.019s] (3533/4622) otto-sessions accounts::tests::account_launch_keeps_native_home_and_removes_alternate_credentials
        PASS [   0.008s] (3534/4622) otto-sessions accounts::tests::enterprise_routing_is_rejected_without_erasing_policy
        PASS [   0.007s] (3535/4622) otto-sessions accounts::tests::later_cli_config_cannot_override_subscription_authentication
        PASS [   0.007s] (3536/4622) otto-sessions accounts::tests::profile_paths_reject_traversal_and_login_uses_subscription
        PASS [   0.007s] (3537/4622) otto-sessions http::list_query_tests::foreground_ids_and_sources_parse_into_the_filter
        PASS [   0.007s] (3538/4622) otto-sessions http::list_query_tests::more_than_64_ids_is_rejected
        PASS [   0.007s] (3539/4622) otto-sessions lifecycle::tests::exists_via_exact_path
        PASS [   0.008s] (3540/4622) otto-sessions lifecycle::tests::exists_via_fallback_scan_when_cwd_encoding_differs
        PASS [   0.007s] (3541/4622) otto-sessions lifecycle::tests::gone_when_no_transcript
        PASS [   0.007s] (3542/4622) otto-sessions lifecycle::tests::gone_when_projects_dir_missing
        PASS [   0.007s] (3543/4622) otto-sessions lifecycle::tests::project_dir_encoding_matches_claude
        PASS [   0.007s] (3544/4622) otto-sessions lifecycle::tests::transcript_path_is_under_projects
        PASS [   0.007s] (3545/4622) otto-sessions lifecycle::tests::transcript_path_resolves_claude_and_classifies_failures
        PASS [   0.164s] (3546/4622) otto-server::snips upload_roundtrip_and_clipboard_sink
        PASS [   0.007s] (3547/4622) otto-sessions lifecycle::tests::unknown_provider_is_unverifiable
        PASS [   0.008s] (3548/4622) otto-sessions lifecycle::tests::unreadable_transcript_is_unknown_not_gone
        PASS [   0.007s] (3549/4622) otto-sessions manager::tests::add_dir_args_emits_for_any_non_shell_with_extra_dirs
        PASS [   0.006s] (3550/4622) otto-sessions manager::tests::add_dir_args_empty_for_shell_or_no_dirs
        PASS [   0.220s] (3551/4622) otto-sessions manager::tests::archive::auto_archive_rechecks_staleness_under_the_lock
        PASS [   0.239s] (3552/4622) otto-sessions manager::tests::archive::quality_auto_archive_ignores_irrelevant_history_and_reaches_later_candidates
        PASS [   0.187s] (3553/4622) otto-sessions manager::tests::archive_and_restore_emit_authoritative_rows_to_every_subscriber
        PASS [   0.008s] (3554/4622) otto-sessions manager::tests::background_origin_sessions_still_suspend_when_idle
        PASS [   0.182s] (3555/4622) otto-sessions manager::tests::attach_guard_counts_and_releases
        PASS [   0.007s] (3556/4622) otto-sessions manager::tests::capture_scan_backs_off_after_the_first_input
        PASS [   0.009s] (3557/4622) otto-sessions manager::tests::claude_open_turn_keeps_session_alive
        PASS [   0.007s] (3558/4622) otto-sessions manager::tests::clean_provider_title_strips_newlines_and_clips
        PASS [   0.008s] (3559/4622) otto-sessions manager::tests::codex_creds_preserve_session_source_for_mcp_policy
        PASS [   0.008s] (3560/4622) otto-sessions manager::tests::codex_open_task_keeps_session_alive
        PASS [   0.009s] (3561/4622) otto-sessions manager::tests::codex_rollout_path_finds_by_uuid_suffix
        PASS [   0.010s] (3562/4622) otto-sessions manager::tests::codex_rollout_match_filters_to_top_level_in_cwd
        PASS [   0.007s] (3563/4622) otto-sessions manager::tests::cpu_verdict_is_the_pure_descendant_cpu_rule
        PASS [   0.181s] (3564/4622) otto-sessions manager::tests::create_refuses_unsafe_session_folders
        PASS [   0.009s] (3565/4622) otto-sessions manager::tests::descendant_cpu_excludes_the_root_and_walks_depth
        PASS [   0.007s] (3566/4622) otto-sessions manager::tests::env_based_mcp_providers_preserve_reviewer_source
        PASS [   0.012s] (3567/4622) otto-sessions manager::tests::evict_if_same_ignores_superseded_handle
        PASS [   0.334s] (3568/4622) otto-sessions manager::tests::deferred_adoption_retry_waits_for_the_resume_lock
        PASS [   0.185s] (3569/4622) otto-sessions manager::tests::evict_signal_fires_to_subscribers
        PASS [   0.192s] (3570/4622) otto-sessions manager::tests::evict_without_subscribers_is_noop
        PASS [   0.198s] (3571/4622) otto-sessions manager::tests::failed_respawn_after_retiring_marks_session_reconnectable
        PASS [   0.189s] (3572/4622) otto-sessions manager::tests::human_resize_rejects_out_of_range_grids
        PASS [   0.186s] (3573/4622) otto-sessions manager::tests::idle_suspend_skips_attached_sessions
        PASS [   0.186s] (3574/4622) otto-sessions manager::tests::idle_suspend_skips_recently_viewed_sessions
        PASS [   0.183s] (3575/4622) otto-sessions manager::tests::idle_suspend_skips_sessions_an_engine_turn_is_watching
        PASS [   0.187s] (3576/4622) otto-sessions manager::tests::input_records_capture_probe
        PASS [   0.189s] (3577/4622) otto-sessions manager::tests::kill_if_idle_rechecks_guards_under_the_lock
        PASS [   0.008s] (3578/4622) otto-sessions manager::tests::lean_turn_args_only_for_opted_in_claude
        PASS [   0.190s] (3579/4622) otto-sessions manager::tests::late_capture_claims_rollout_written_after_spawn_window
        PASS [   0.008s] (3580/4622) otto-sessions manager::tests::live_cap_holds_and_excess
        PASS [   0.346s] (3581/4622) otto-sessions manager::tests::live_cap_suspends_least_recently_used_unwatched_sessions
        PASS [   0.007s] (3582/4622) otto-sessions manager::tests::manual_origin_sessions_are_recognised
        PASS [   0.006s] (3583/4622) otto-sessions manager::tests::manual_sessions_are_suspended_after_the_manual_grace
        PASS [   0.185s] (3584/4622) otto-sessions manager::tests::missing_cwd_exemption_uses_the_configured_data_dir
        PASS [   0.008s] (3585/4622) otto-sessions manager::tests::model_args_absent_model_empty
        PASS [   0.007s] (3586/4622) otto-sessions manager::tests::model_args_blank_model_empty
        PASS [   0.007s] (3587/4622) otto-sessions manager::tests::model_args_builtin_template_with_model
        PASS [   0.007s] (3588/4622) otto-sessions manager::tests::model_args_custom_template
        PASS [   0.007s] (3589/4622) otto-sessions manager::tests::model_args_model_is_trimmed
        PASS [   0.007s] (3590/4622) otto-sessions manager::tests::model_args_no_template_drops_model
        PASS [   0.535s] (3591/4622) otto-sessions manager::tests::named_account_fake_cli_keeps_home_after_manager_restart_and_rejects_foreign_profiles
        PASS [   1.361s] (3592/4622) otto-sessions manager::tests::lifecycle_mutations_wait_for_in_flight_restart
        PASS [   0.009s] (3593/4622) otto-sessions manager::tests::nested_probe_backs_off_after_misses_and_resets
        PASS [   0.007s] (3594/4622) otto-sessions manager::tests::nested_resume_command_reflects_the_captured_launch
        PASS [   0.175s] (3595/4622) otto-sessions manager::tests::network_prepare_failure_removes_new_row_and_preserves_existing_pty
        PASS [   0.007s] (3596/4622) otto-sessions manager::tests::normalize_pty_input_strips_wrapping_and_collapses
        PASS [   0.167s] (3597/4622) otto-sessions manager::tests::optimistic_input_claim_reverts_only_its_own_claim
        PASS [   0.008s] (3598/4622) otto-sessions manager::tests::parse_claude_first_prompt_none_when_no_user_turn
        PASS [   0.006s] (3599/4622) otto-sessions manager::tests::parse_claude_first_prompt_reads_array_text_parts
        PASS [   0.006s] (3600/4622) otto-sessions manager::tests::parse_claude_first_prompt_skips_meta_and_wrappers
        PASS [   0.006s] (3601/4622) otto-sessions manager::tests::parse_codex_first_prompt_falls_back_to_input_text
        PASS [   0.006s] (3602/4622) otto-sessions manager::tests::parse_codex_first_prompt_prefers_user_message_event
        PASS [   0.006s] (3603/4622) otto-sessions manager::tests::passive_resume_earns_no_manual_hold
        PASS [   0.170s] (3604/4622) otto-sessions manager::tests::passive_resume_is_cleared_by_input_not_by_emulator_replies
        PASS [   0.047s] (3605/4622) otto-sessions manager::tests::pick_claims_content_match_over_older_rollout
        PASS [   0.009s] (3606/4622) otto-sessions manager::tests::pick_never_claims_contradicting_content
        PASS [   0.008s] (3607/4622) otto-sessions manager::tests::pick_refuses_ambiguous_without_content
        PASS [   0.007s] (3608/4622) otto-sessions manager::tests::pick_sole_candidate_claims_without_probe
        PASS [   0.025s] (3609/4622) otto-sessions manager::tests::process_table_is_taken_lazily_and_once
        PASS [   0.894s] (3610/4622) otto-sessions manager::tests::natural_exit_of_current_process_marks_exited
        PASS [   0.175s] (3611/4622) otto-sessions manager::tests::prune_keeps_background_session_when_transcript_lookup_fails
        PASS [   0.186s] (3612/4622) otto-sessions manager::tests::prune_keeps_foreground_sessions_and_prunes_background_ones
        PASS [   0.008s] (3613/4622) otto-sessions manager::tests::ps_time_parses_all_shapes
        PASS [   0.008s] (3614/4622) otto-sessions manager::tests::read_only_args_strip_the_shell_for_read_only_claude_sessions
        PASS [   0.007s] (3615/4622) otto-sessions manager::tests::read_only_review_args_keep_subagents_and_drop_project_settings
        PASS [   0.007s] (3616/4622) otto-sessions manager::tests::read_only_sandbox_denies_project_claude_config
        PASS [   0.012s] (3617/4622) otto-sessions manager::tests::read_provider_title_reads_a_capped_head
        PASS [   0.008s] (3618/4622) otto-sessions manager::tests::reap_decision_targets_only_idle_background_agents
        PASS [   0.186s] (3619/4622) otto-sessions manager::tests::prune_keeps_session_with_existing_transcript
        PASS [   0.007s] (3620/4622) otto-sessions manager::tests::resolve_grid_cols_out_of_range_falls_back
        PASS [   0.007s] (3621/4622) otto-sessions manager::tests::resolve_grid_in_range
        PASS [   0.007s] (3622/4622) otto-sessions manager::tests::resolve_grid_none_yields_defaults
        PASS [   0.007s] (3623/4622) otto-sessions manager::tests::resolve_grid_rows_out_of_range_falls_back
        PASS [   0.007s] (3624/4622) otto-sessions manager::tests::restart_would_interrupt_guards_every_live_turn_signal
        PASS [   0.181s] (3625/4622) otto-sessions manager::tests::removing_session_revokes_persisted_tokens_without_in_memory_mapping
        PASS [   0.008s] (3626/4622) otto-sessions manager::tests::resume_refuses_a_missing_folder_but_not_scratch_or_otto_dirs
        PASS [   0.180s] (3627/4622) otto-sessions manager::tests::restore_all_revokes_leftover_session_credentials
        PASS [   0.008s] (3628/4622) otto-sessions manager::tests::review_argv_per_provider_is_locked_down
        PASS [   0.486s] (3629/4622) otto-sessions manager::tests::retiring_a_session_revokes_its_managed_credentials
        PASS [   0.008s] (3630/4622) otto-sessions manager::tests::rollout_first_user_message_read
        PASS [   0.379s] (3631/4622) otto-sessions manager::tests::room_authority_delayed_submit_keeps_its_original_epoch
        PASS [   0.198s] (3632/4622) otto-sessions manager::tests::room_authority_gates_all_human_input_and_process_replacement
        PASS [   0.007s] (3633/4622) otto-sessions manager::tests::sandbox_decision_confines_unlisted_providers_by_default
        PASS [   0.006s] (3634/4622) otto-sessions manager::tests::sandbox_decision_covers_scheduled_shell_tasks
        PASS [   0.007s] (3635/4622) otto-sessions manager::tests::sandbox_decision_gates_correctly
        PASS [   1.186s] (3636/4622) otto-sessions manager::tests::rollout_actively_written_detects_writer
        PASS [   0.170s] (3637/4622) otto-sessions manager::tests::sandbox_protects_the_configured_data_dir
        PASS [   0.009s] (3638/4622) otto-sessions manager::tests::scan_agy_conversation_matches_fresh_unclaimed_cwd
        PASS [   0.412s] (3639/4622) otto-sessions manager::tests::saved_grid_is_the_latest_after_rapid_resizes
        PASS [   0.397s] (3640/4622) otto-sessions manager::tests::shutdown_waits_for_an_in_flight_status_write
        PASS [   0.189s] (3641/4622) otto-sessions manager::tests::size_authority_typing_owner_blocks_passive_resizers
        PASS [   0.010s] (3642/4622) otto-sessions manager::tests::spawn_sized_restores_grid
        PASS [   0.007s] (3643/4622) otto-sessions manager::tests::stale_open_turn_does_not_hold_a_session
        PASS [   1.302s] (3644/4622) otto-sessions manager::tests::superseded_exit_does_not_mark_new_process_exited
        PASS [   0.195s] (3645/4622) otto-sessions manager::tests::suspend_marks_reconnectable_and_keeps_row
        PASS [   1.299s] (3646/4622) otto-sessions manager::tests::suspend_survives_late_exit_of_slow_dying_child
        PASS [   0.026s] (3647/4622) otto-sessions manager::tests::sweep_cpu_verdict_is_shared_between_the_idle_and_cap_passes
        PASS [   0.014s] (3648/4622) otto-sessions manager::tests::sweep_hold_names_the_guard_that_keeps_a_session_alive
        PASS [   0.012s] (3649/4622) otto-sessions manager::tests::title_eligible_guards_ownership_and_lifecycle
        PASS [   0.011s] (3650/4622) otto-sessions manager::tests::unreadable_transcript_falls_back_to_legacy_decision
        PASS [   0.180s] (3651/4622) otto-sessions manager::tests::workspace_context_refreshes_on_create_and_restart_including_reviews
        PASS [   0.008s] (3652/4622) otto-sessions mcp::retirement_tests::retiring_direct_credentials_preserves_other_servers_and_preview_is_readonly
        PASS [   0.007s] (3653/4622) otto-sessions mcp::tests::codex_mcp_inject_args_builds_c_overrides
        PASS [   0.006s] (3654/4622) otto-sessions mcp::tests::codex_mcp_inject_args_escapes_quotes_and_backslashes
        PASS [   0.006s] (3655/4622) otto-sessions mcp::tests::codex_user_server_args_builds_and_skips
        PASS [   0.021s] (3656/4622) otto-sessions mcp::tests::concurrent_reconciles_do_not_lose_updates
        PASS [   0.007s] (3657/4622) otto-sessions mcp::tests::disable_propagates_removal
        PASS [   0.007s] (3658/4622) otto-sessions mcp::tests::empty_set_removes_managed_preserves_hand_added
        PASS [   0.007s] (3659/4622) otto-sessions mcp::tests::grok_project_config_created_when_missing
        PASS [   0.007s] (3660/4622) otto-sessions mcp::tests::grok_project_config_upsert_preserves_user_entries
        PASS [   0.008s] (3661/4622) otto-sessions mcp::tests::grok_user_servers_reconcile_and_remove
        PASS [   0.007s] (3662/4622) otto-sessions mcp::tests::missing_marker_adopts_reserved_and_matching_names
        PASS [   0.007s] (3663/4622) otto-sessions mcp::tests::reconcile_writes_managed_set_and_marker
        PASS [   0.006s] (3664/4622) otto-sessions mcp::tests::user_server_with_reserved_name_is_skipped
        PASS [   0.007s] (3665/4622) otto-sessions names::tests::builtin_allocates_famous_first
        PASS [   0.007s] (3666/4622) otto-sessions names::tests::builtin_capacity_is_huge
        PASS [   0.016s] (3667/4622) otto-sessions names::tests::builtin_never_repeats_under_load
        PASS [   0.007s] (3668/4622) otto-sessions names::tests::custom_empty_falls_back
        PASS [   0.006s] (3669/4622) otto-sessions names::tests::custom_recycles_then_suffixes
        PASS [   0.006s] (3670/4622) otto-sessions names::tests::resolve_accent_folding
        PASS [   0.006s] (3671/4622) otto-sessions names::tests::resolve_bare_leading_name
        PASS [   0.006s] (3672/4622) otto-sessions names::tests::resolve_broadcast_keyword
        PASS [   0.006s] (3673/4622) otto-sessions names::tests::resolve_multi_and_full_name_word
        PASS [   0.006s] (3674/4622) otto-sessions names::tests::resolve_single_colon
        PASS [   0.006s] (3675/4622) otto-sessions names::tests::resolve_unaddressed_is_untouched
        PASS [   4.194s] (3676/4622) otto-sessions manager::tests::shutdown_retires_every_session_within_its_budget_despite_held_locks
        PASS [   0.007s] (3677/4622) otto-sessions names::tests::unknown_builtin_is_none
        PASS [   0.007s] (3678/4622) otto-sessions nested::tests::ambiguous_window_is_refused
        PASS [   0.007s] (3679/4622) otto-sessions nested::tests::claude_transcript_matched_by_birth_window
        PASS [   0.007s] (3680/4622) otto-sessions nested::tests::cyclic_table_terminates
        PASS [   0.006s] (3681/4622) otto-sessions nested::tests::does_not_mistake_mentions_for_the_cli
        PASS [   0.006s] (3682/4622) otto-sessions nested::tests::etime_parses_every_ps_shape
        PASS [   0.006s] (3683/4622) otto-sessions nested::tests::finds_the_oldest_agent_anywhere_under_the_pty
        PASS [   0.007s] (3684/4622) otto-sessions nested::tests::has_children_sees_a_live_child_and_not_a_leaf
        PASS [   0.007s] (3685/4622) otto-sessions nested::tests::process_table_keeps_argv_spaces_and_computes_start
        PASS [   0.006s] (3686/4622) otto-sessions nested::tests::recognizes_native_and_js_entrypoints
        PASS [   0.006s] (3687/4622) otto-sessions nested::tests::resume_command_refuses_control_bytes_and_relative_dirs
        PASS [   0.007s] (3688/4622) otto-sessions nested::tests::resume_commands_match_each_provider_and_quote_their_inputs
        PASS [   0.007s] (3689/4622) otto-sessions network::tests::network_exact_env_mapping_and_partial_failure_cleanup
        PASS [   0.152s] (3690/4622) otto-sessions network::tests::network_authorization_rechecks_membership_feature_and_shell_permission
        PASS [   0.040s] (3691/4622) otto-sessions network::tests::network_pty_exit_releases_forwards_and_marks_stopped
        PASS [   0.007s] (3692/4622) otto-sessions prompt_guard::tests::composite_fans_out_to_each_scanner
        PASS [   0.007s] (3693/4622) otto-sessions prompt_guard::tests::detects_claude_trust_prompt_and_selects_yes
        PASS [   0.006s] (3694/4622) otto-sessions prompt_guard::tests::detects_codex_and_agy_folder_prompts
        PASS [   0.006s] (3695/4622) otto-sessions prompt_guard::tests::detects_grok_and_custom_provider_folder_trust
        PASS [   0.006s] (3696/4622) otto-sessions prompt_guard::tests::detects_shared_continue_prompts_per_provider
        PASS [   0.006s] (3697/4622) otto-sessions prompt_guard::tests::ignores_normal_output_and_shell
        PASS [   0.006s] (3698/4622) otto-sessions prompt_guard::tests::on_output_survives_multibyte_output
        PASS [   0.006s] (3699/4622) otto-sessions prompt_guard::tests::prompt_early_in_a_large_chunk_is_detected
        PASS [   0.006s] (3700/4622) otto-sessions prompt_guard::tests::session_end_drops_per_session_state
        PASS [   0.006s] (3701/4622) otto-sessions providers::tests::builtin_model_templates
        PASS [   0.006s] (3702/4622) otto-sessions providers::tests::builtin_override_without_template_drops_it
        PASS [   0.006s] (3703/4622) otto-sessions providers::tests::custom_model_template_from_override
        PASS [   0.006s] (3704/4622) otto-sessions providers::tests::disabled_providers_hidden_from_names_but_still_spawnable
        PASS [   0.006s] (3705/4622) otto-sessions providers::tests::reload_preserves_skip_mode
        PASS [   0.006s] (3706/4622) otto-sessions providers::tests::resolve_default_skips_disabled_providers
        PASS [   0.006s] (3707/4622) otto-sessions providers::tests::skip_permissions_off_drops_the_flag_only
        PASS [   0.006s] (3708/4622) otto-sessions providers::tests::skip_permissions_on_by_default
        PASS [   0.009s] (3709/4622) otto-sessions room_authority::tests::idle_cleanup_preserves_active_rooms_and_cloned_lock_waiters
        PASS [   0.006s] (3710/4622) otto-sessions room_authority::tests::idle_cleanup_waits_for_revoked_queued_writer_authorization
        PASS [   0.006s] (3711/4622) otto-sessions room_authority::tests::room_authority_end_revokes_old_members_and_new_room_has_new_epoch
        PASS [   0.006s] (3712/4622) otto-sessions room_authority::tests::room_authority_only_current_driver_and_process_can_write
        PASS [   0.006s] (3713/4622) otto-sessions room_authority::tests::room_authority_passive_frames_cannot_reclaim_and_scoped_owner_cannot_write
        PASS [   0.006s] (3714/4622) otto-sessions room_authority::tests::room_authority_regrant_same_member_rejects_old_input
        PASS [   0.007s] (3715/4622) otto-sessions room_authority::tests::room_authority_revoke_waits_for_final_enqueue_permit
        PASS [   0.007s] (3716/4622) otto-sessions room_authority::tests::unrelated_reconnect_never_restores_a_guest_after_host_takeover
        PASS [   0.007s] (3717/4622) otto-sessions screen::tests::clips_rows_on_char_boundaries
        PASS [   0.007s] (3718/4622) otto-sessions screen::tests::drops_trailing_blank_rows_and_keeps_the_last_rows
        PASS [   0.011s] (3719/4622) otto-sessions share_throttle::tests::a_full_map_fails_closed
        PASS [   0.008s] (3720/4622) otto-sessions share_throttle::tests::cf_connecting_ip_is_trusted_only_via_the_tunnel_host_on_loopback
        PASS [   0.007s] (3721/4622) otto-sessions share_throttle::tests::different_ips_are_independent
        PASS [   0.007s] (3722/4622) otto-sessions share_throttle::tests::forwarded_lists_use_the_last_hop
        PASS [   0.006s] (3723/4622) otto-sessions share_throttle::tests::ipv6_clients_are_bucketed_by_slash_64
        PASS [   0.006s] (3724/4622) otto-sessions share_throttle::tests::lockout_carries_retry_after
        PASS [   0.006s] (3725/4622) otto-sessions share_throttle::tests::locks_after_threshold_then_clears_on_success
        PASS [   0.006s] (3726/4622) otto-sessions tail_scan::tests::a_needle_early_in_a_large_chunk_is_found
        PASS [   0.006s] (3727/4622) otto-sessions tail_scan::tests::a_needle_split_across_chunks_is_found
        PASS [   0.006s] (3728/4622) otto-sessions tail_scan::tests::multibyte_output_never_panics_and_tail_is_bounded
        PASS [   0.006s] (3729/4622) otto-sessions tail_scan::tests::tail_capacity_shrinks_back_after_a_large_chunk
        PASS [   0.006s] (3730/4622) otto-sessions tail_scan::tests::the_old_trim_then_search_order_missed_it
        PASS [   0.007s] (3731/4622) otto-sessions trust::tests::atomic_replace_keeps_permissions_and_refuses_a_changed_file
        PASS [   0.007s] (3732/4622) otto-sessions trust::tests::claude_corrupt_config_is_an_error_not_an_overwrite
        PASS [   0.006s] (3733/4622) otto-sessions trust::tests::claude_new_folder_gets_trust_and_keeps_other_state
        PASS [   0.006s] (3734/4622) otto-sessions trust::tests::claude_trusted_folder_without_onboarding_key_is_left_alone
        PASS [   0.006s] (3735/4622) otto-sessions trust::tests::codex_trust_is_idempotent
        PASS [   0.006s] (3736/4622) otto-sessions trust::tests::scratch_children_trust_the_stable_root_for_claude
        PASS [   0.007s] (3737/4622) otto-sessions trust::tests::update_config_writes_once_then_is_a_no_op
        PASS [   0.075s] (3738/4622) otto-sessions ws::input_queue_tests::a_full_byte_budget_waits_instead_of_dropping
        PASS [   0.028s] (3739/4622) otto-sessions ws::input_queue_tests::a_full_input_budget_still_reads_acks_so_output_keeps_flowing
        PASS [   0.008s] (3740/4622) otto-sessions ws::input_queue_tests::deferred_input_is_bounded_and_keeps_order
        PASS [   0.048s] (3741/4622) otto-sessions ws::input_queue_tests::emulator_replies_never_coalesce_with_typing_and_a_failed_typing_write_reverts
        PASS [   0.092s] (3742/4622) otto-sessions ws::input_queue_tests::revoked_queue_discards_input_already_queued
        PASS [   0.018s] (3743/4622) otto-sessions ws::input_queue_tests::thousands_of_keystrokes_behind_a_stuck_write_are_all_delivered_in_order
        PASS [   0.009s] (3744/4622) otto-sessions ws::lookup_status_tests::only_a_missing_session_is_404
        PASS [   0.008s] (3745/4622) otto-sessions ws::snapshot_encoding_tests::a_binary_capable_client_gets_raw_bytes_behind_a_header
        PASS [   0.007s] (3746/4622) otto-sessions ws::snapshot_encoding_tests::older_clients_and_empty_snapshots_keep_the_json_form
        PASS [   0.007s] (3747/4622) otto-sessions ws::snapshot_encoding_tests::the_binary_form_saves_the_base64_overhead
        PASS [   0.150s] (3748/4622) otto-sessions ws::tests::agent_session_token_refused_on_other_session
        PASS [   0.161s] (3749/4622) otto-sessions ws::tests::bad_subprotocol_token_rejected
        PASS [   1.143s] (3750/4622) otto-sessions network::tests::network_old_monitor_cannot_clear_replacement_and_death_keeps_error
        PASS [   0.008s] (3751/4622) otto-sessions ws::tests::client_pause_resume_frames_parse
        PASS [   0.007s] (3752/4622) otto-sessions ws::tests::client_resync_opens_the_gate_and_replaces_the_backlog_with_one_snapshot
        PASS [   0.007s] (3753/4622) otto-sessions ws::tests::credit_ack_is_cumulative_and_clamped
        PASS [   0.007s] (3754/4622) otto-sessions ws::tests::credit_and_ack_frames_parse_and_the_window_is_clamped
        PASS [   0.048s] (3755/4622) otto-sessions ws::tests::credit_bounds_unacked_bytes_independent_of_send_rate
        PASS [   0.009s] (3756/4622) otto-sessions ws::tests::credit_emulator_reply_preserves_held_output
        PASS [   0.008s] (3757/4622) otto-sessions ws::tests::credit_flood_skips_to_one_snapshot_at_a_quarter_window
        PASS [   0.007s] (3758/4622) otto-sessions ws::tests::credit_input_while_behind_skips_the_held_backlog
        PASS [   0.157s] (3759/4622) otto-sessions ws::tests::bearer_token_param_is_no_longer_accepted
        PASS [   0.008s] (3760/4622) otto-sessions ws::tests::credit_normal_output_is_untouched
        PASS [   0.007s] (3761/4622) otto-sessions ws::tests::credit_repeated_stalls_never_exceed_the_window
        PASS [   0.007s] (3762/4622) otto-sessions ws::tests::credit_snapshot_supersedes_held_output
        PASS [   0.007s] (3763/4622) otto-sessions ws::tests::credit_stall_deadline_degrades_to_a_snapshot_without_reopening
        PASS [   0.084s] (3764/4622) otto-sessions ws::tests::flow_deadline_fires_and_open_gate_never_does
        PASS [   0.007s] (3765/4622) otto-sessions ws::tests::flow_gate_pause_arms_auto_resume_and_resume_reports_state
        PASS [   0.155s] (3766/4622) otto-sessions ws::tests::editor_share_can_input
        PASS [   0.164s] (3767/4622) otto-sessions ws::tests::locked_ip_still_admits_a_valid_token
        PASS [   0.166s] (3768/4622) otto-sessions ws::tests::mcp_token_refused_on_terminal
        PASS [   0.169s] (3769/4622) otto-sessions ws::tests::no_token_is_401
        PASS [   0.009s] (3770/4622) otto-sessions ws::tests::pause_skip_resume_sends_one_snapshot_then_streams
        PASS [   0.008s] (3771/4622) otto-sessions ws::tests::probe_frame_parses_and_ack_carries_echo_stats
        PASS [   0.199s] (3772/4622) otto-sessions ws::tests::otp_pending_share_denied_until_verified
        PASS [   0.167s] (3773/4622) otto-sessions ws::tests::rate_limit_blocks_locked_ip
        PASS [   0.009s] (3774/4622) otto-sessions ws::tests::resume_without_skipped_output_sends_nothing
        PASS [   0.008s] (3775/4622) otto-sessions ws::tests::resync_swaps_to_the_capture_subscription
        PASS [   0.162s] (3776/4622) otto-sessions ws::tests::read_only_agent_session_cannot_input
        PASS [   0.008s] (3777/4622) otto-sessions ws::tests::scrollback_frame_carries_an_optional_grid_and_depth
        PASS [   0.351s] (3778/4622) otto-sessions ws::tests::scrollback_reply_never_double_applies_queued_output
        PASS [   0.024s] (3779/4622) otto-sessions ws::tests::search_result_frame_is_valid_json_for_tabs_and_control_bytes
        PASS [   0.464s] (3780/4622) otto-sessions ws::tests::revoked_share_is_evicted_within_a_tick
        PASS [   0.180s] (3781/4622) otto-sessions ws::tests::share_for_s1_denied_on_s2
        PASS [   0.212s] (3782/4622) otto-sessions ws::tests::sockets_share_one_reauth_pass_per_token_and_session
        PASS [   0.162s] (3783/4622) otto-sessions ws::tests::subprotocol_token_accepted
        PASS [   0.008s] (3784/4622) otto-sessions ws::tests::view_only_attach_resumes_only_on_real_input
        PASS [   0.165s] (3785/4622) otto-sessions ws::tests::unscoped_owner_token_unchanged
        PASS [   0.016s] (3786/4622) otto-sessions::broadcast_e2e broadcast_delivers_submits_and_targets
        PASS [   0.161s] (3787/4622) otto-sessions ws::tests::viewer_share_is_read_only
        PASS [   0.190s] (3788/4622) otto-sessions::isolation admin_and_root_can_control_any_session
        PASS [   0.169s] (3789/4622) otto-sessions::isolation agent_token_controls_only_its_own_session_and_workers
        PASS [   0.165s] (3790/4622) otto-sessions::isolation bulk_session_actions_respect_resource_denial
        PASS [   0.170s] (3791/4622) otto-sessions::isolation cross_workspace_list_is_owner_scoped_per_workspace
        PASS [   0.159s] (3792/4622) otto-sessions::isolation editor_share_attaches_only_to_its_session
        PASS [   0.223s] (3793/4622) otto-sessions::isolation governance_activation_blocks_pending_create_and_restart_before_configuration_lookup
        PASS [   0.157s] (3794/4622) otto-sessions::isolation list_is_owner_scoped_for_non_admin
        PASS [   0.182s] (3795/4622) otto-sessions::isolation non_owner_editor_cannot_attach_terminal
        PASS [   0.164s] (3796/4622) otto-sessions::isolation non_owner_editor_forbidden_on_all_controls
        PASS [   0.160s] (3797/4622) otto-sessions::isolation non_root_cannot_kill_all_sessions
        PASS [   0.163s] (3798/4622) otto-sessions::isolation owner_and_admin_can_attach_terminal
        PASS [   0.164s] (3799/4622) otto-sessions::isolation owner_can_control_own_session
        PASS [   0.170s] (3800/4622) otto-sessions::isolation resume_preserves_live_pty_and_checks_owner_and_resource
        PASS [   0.162s] (3801/4622) otto-sessions::isolation resume_reports_unsupported_inactive_and_archived_sessions
        PASS [   0.165s] (3802/4622) otto-sessions::isolation resume_starts_inactive_fixture_and_serializes_concurrent_opens
        PASS [   0.163s] (3803/4622) otto-sessions::isolation root_can_kill_all_sessions
        PASS [   0.162s] (3804/4622) otto-sessions::isolation scoped_share_bypasses_owner_gate_on_its_session
        PASS [   0.014s] (3805/4622) otto-sessions::persist_restart holder_entry
        PASS [   0.162s] (3806/4622) otto-sessions::isolation viewer_share_attaches_only_to_its_session
        PASS [   2.196s] (3807/4622) otto-sessions::terminal_latency db_sleep_hook_only_touches_get
        PASS [   0.021s] (3808/4622) otto-sessions::terminal_latency keystroke_reaches_the_pty_while_a_db_read_is_stalled
        PASS [   0.052s] (3809/4622) otto-skills http::tests::install_many_skips_up_to_date_skills
        PASS [   0.008s] (3810/4622) otto-skills http::tests::prune_backups_keeps_newest_n_for_that_skill_only
        PASS [   0.012s] (3811/4622) otto-skills product::tests::second_seed_is_noop_when_marker_matches
        PASS [   0.011s] (3812/4622) otto-skills product::tests::seed_writes_full_dir_tree_and_version_marker
        PASS [   0.006s] (3813/4622) otto-skills product::tests::skill_body_known_and_unknown
        PASS [   0.006s] (3814/4622) otto-skills tests::bundled_development_commit_pr_skills_present
        PASS [   0.006s] (3815/4622) otto-skills tests::bundled_review_skills_are_well_formed
        PASS [   0.014s] (3816/4622) otto-skills tests::bundled_skill_tree_materializes_all_files
        PASS [   0.007s] (3817/4622) otto-skills tests::bundled_skill_tree_preserves_executable_scripts
        PASS [   0.006s] (3818/4622) otto-skills tests::bundled_skill_tree_rejects_symlink_destination
        PASS [   0.006s] (3819/4622) otto-skills tests::frontmatter_parses_scalars
        PASS [   0.007s] (3820/4622) otto-skills tests::install_and_state_round_trip
        PASS [   0.007s] (3821/4622) otto-skills tests::install_commit_message_skill_round_trip
        PASS [   0.006s] (3822/4622) otto-skills tests::okf_authoring_bundles_hard_static_enforcement
        PASS [   0.006s] (3823/4622) otto-skills tests::reviewer_skills_are_complete_packages
        PASS [   0.006s] (3824/4622) otto-skills tests::skill_spec_metadata_semver_drives_bundled_version
        PASS [   0.006s] (3825/4622) otto-skills tests::skills_reviewer_is_bundled_and_readable
        PASS [   0.304s] (3826/4622) otto-state activity::tests::prune_trail_keeps_newest_per_session_index_driven
        PASS [   0.157s] (3827/4622) otto-state activity::tests::replace_tasks_merges_user_rows_and_keeps_ids_stable
        PASS [   0.149s] (3828/4622) otto-state activity::tests::summary_for_user_empty_when_no_own_sessions
        PASS [   0.150s] (3829/4622) otto-state activity::tests::summary_for_user_excludes_other_users_sessions
        PASS [   0.150s] (3830/4622) otto-state activity::tests::upsert_task_by_ext_id
        PASS [   0.150s] (3831/4622) otto-state activity::tests::workspace_summary_reports_latest_trail_per_session
        PASS [   0.148s] (3832/4622) otto-state activity::tests::workspace_summary_returns_all_sessions
        PASS [   0.152s] (3833/4622) otto-state activity::tests::workspace_summary_trail_skips_hidden_sessions
        PASS [   0.160s] (3834/4622) otto-state api_client::tests::automation_crud
        PASS [   0.154s] (3835/4622) otto-state api_client::tests::collection_and_request_crud
        PASS [   0.153s] (3836/4622) otto-state api_client::tests::environment_secret_keys_round_trip
        PASS [   0.155s] (3837/4622) otto-state api_client::tests::environment_single_active
        PASS [   0.152s] (3838/4622) otto-state api_client::tests::get_history_round_trips
        PASS [   0.156s] (3839/4622) otto-state api_client::tests::history_filter_by_q_status_source_and_request_id
        PASS [   0.151s] (3840/4622) otto-state api_client::tests::history_insert_list_clear
        PASS [   0.205s] (3841/4622) otto-state api_client::tests::history_summaries_do_not_transfer_bodies_and_preserve_detail
        PASS [   0.009s] (3842/4622) otto-state api_client::tests::history_summary_backfill_preserves_original_bytes_and_filter_types
        PASS [   0.149s] (3843/4622) otto-state api_client::tests::history_summary_metadata_tracks_direct_legacy_writes_and_malformed_json
        PASS [   0.150s] (3844/4622) otto-state api_client::tests::known_host_urls_selects_human_requests_and_runs
        PASS [   0.161s] (3845/4622) otto-state api_client::tests::prune_history_caps_rows_and_age_per_workspace
        PASS [   0.151s] (3846/4622) otto-state api_client::tests::request_extras_round_trip
        PASS [   0.152s] (3847/4622) otto-state api_client::tests::request_summaries_match_full_rows_and_insert_needs_no_readback
        PASS [   0.151s] (3848/4622) otto-state api_client::tests::storage_stats_count_rows_and_bytes
        PASS [   0.013s] (3849/4622) otto-state api_runs::tests::legacy_inline_runs_stay_readable
        PASS [   0.008s] (3850/4622) otto-state api_runs::tests::prune_runs_is_opt_in_and_keeps_the_newest_finished
        PASS [   0.008s] (3851/4622) otto-state api_runs::tests::reports_are_workspace_scoped_and_restart_retains_completed_steps
        PASS [   0.070s] (3852/4622) otto-state api_runs::tests::thousand_step_run_writes_linear_bytes_and_reads_deltas
        PASS [   0.155s] (3853/4622) otto-state assistant::tests::a_space_slot_moves_to_the_newest_claim
        PASS [   0.151s] (3854/4622) otto-state assistant::tests::another_users_thread_is_not_found
        PASS [   0.149s] (3855/4622) otto-state assistant::tests::cancellation_cannot_be_revived_by_a_late_completion
        PASS [   0.154s] (3856/4622) otto-state assistant::tests::due_reminders_are_claimed_once
        PASS [   0.153s] (3857/4622) otto-state assistant::tests::indexed_turns_are_idempotent_and_page_oldest_first
        PASS [   0.154s] (3858/4622) otto-state assistant::tests::needs_you_queue_counts_and_clears
        PASS [   0.150s] (3859/4622) otto-state assistant::tests::routing_upserts_and_grants_are_per_principal
        PASS [   0.152s] (3860/4622) otto-state aws_accounts::tests::crud_roundtrip
        PASS [   7.449s] (3861/4622) otto-sessions::persist_restart user_sessions_survive_a_daemon_restart_and_engine_ones_do_not
        PASS [   0.159s] (3862/4622) otto-state broker_clusters::tests::crud_round_trip
        PASS [   0.158s] (3863/4622) otto-state broker_ops::tests::lag_alert_crud
        PASS [   0.156s] (3864/4622) otto-state broker_ops::tests::replay_evidence_roundtrip
        PASS [   0.160s] (3865/4622) otto-state browser::tests::annotations_key_on_url_and_survive_tab_delete
        PASS [   0.162s] (3866/4622) otto-state browser::tests::tab_crud_roundtrip
        PASS [   0.008s] (3867/4622) otto-state browser_credentials::tests::match_domain_exact
        PASS [   0.008s] (3868/4622) otto-state browser_credentials::tests::match_domain_rejects_unrelated_and_reverse
        PASS [   0.007s] (3869/4622) otto-state browser_credentials::tests::match_domain_subdomain
        PASS [   0.165s] (3870/4622) otto-state browser_credentials::tests::crud_roundtrip_and_never_serializes_a_secret
        PASS [   0.161s] (3871/4622) otto-state browser_credentials::tests::unique_constraint_on_workspace_domain_username
        PASS [   0.166s] (3872/4622) otto-state canvas::tests::add_ref_is_idempotent_lists_and_removes
        PASS [   0.160s] (3873/4622) otto-state canvas::tests::create_get_list_update_delete_roundtrip
        PASS [   0.160s] (3874/4622) otto-state canvas::tests::deleting_a_scene_cascades_its_refs
        PASS [   0.170s] (3875/4622) otto-state canvas::tests::excalidraw_images_are_stored_once_and_rehydrated_on_restore
        PASS [   0.157s] (3876/4622) otto-state canvas::tests::failed_delete_leaves_the_scene_whole
        PASS [   0.007s] (3877/4622) otto-state canvas::tests::inline_and_ref_scans_need_no_parse
        PASS [   0.159s] (3878/4622) otto-state canvas::tests::format_column_follows_the_document_and_summary_skips_it
        PASS [   0.155s] (3879/4622) otto-state canvas::tests::list_versions_reads_columns_not_documents
        PASS [   0.159s] (3880/4622) otto-state canvas::tests::live_only_file_is_collected_once_the_doc_drops_it
        PASS [   0.218s] (3881/4622) otto-state canvas::tests::live_doc_externalizes_images_and_ref_saves_stay_small
        PASS [   0.175s] (3882/4622) otto-state canvas::tests::pruning_versions_garbage_collects_unreferenced_files
        PASS [   0.174s] (3883/4622) otto-state canvas::tests::versions_snapshot_dedupe_throttle_prune_and_cascade
        PASS [   0.165s] (3884/4622) otto-state connection_sections::tests::create_list_reorder_rename_delete
        PASS [   0.159s] (3885/4622) otto-state connections::tests::environment_and_read_only_round_trip
        PASS [   0.159s] (3886/4622) otto-state connections::tests::list_skips_rows_with_unknown_kind
        PASS [   0.159s] (3887/4622) otto-state connections::tests::list_visible_for_excludes_others_connections
        PASS [   0.159s] (3888/4622) otto-state connections::tests::list_visible_for_shows_own_connections
        PASS [   0.159s] (3889/4622) otto-state connections::tests::list_visible_shows_all_setting_off
        PASS [   0.160s] (3890/4622) otto-state connections::tests::postgres_kind_round_trips
        PASS [   0.177s] (3891/4622) otto-state database_changes::tests::cancellation_before_send_is_terminal_after_restart
        PASS [   0.178s] (3892/4622) otto-state database_changes::tests::cancellation_cannot_be_overwritten_by_late_success
        PASS [   0.179s] (3893/4622) otto-state database_changes::tests::crash_before_send_releases_unsent_targets_without_replay
        PASS [   0.177s] (3894/4622) otto-state database_changes::tests::credentials_targets_and_executor_are_hash_bound
        PASS [   0.178s] (3895/4622) otto-state database_changes::tests::duplicate_and_competing_claims_are_atomic_and_unknown_keeps_lock
        PASS [   0.176s] (3896/4622) otto-state database_changes::tests::independent_approval_cannot_be_bypassed_by_impersonation
        PASS [   0.179s] (3897/4622) otto-state database_changes::tests::partial_rollout_preserves_completed_target_and_stops_unstarted_target
        PASS [   0.181s] (3898/4622) otto-state database_changes::tests::recovery_never_requeues_sent_sql
        PASS [   0.178s] (3899/4622) otto-state database_changes::tests::revision_erases_approval_and_stale_claim_fails
        PASS [   0.008s] (3900/4622) otto-state db::tests::backups_dir_is_created_owner_only
        PASS [   0.178s] (3901/4622) otto-state database_changes::tests::uncertain_single_target_can_be_reconciled_as_partially_applied
        PASS [   0.205s] (3902/4622) otto-state db::tests::open_snapshots_only_when_migrations_are_pending
        PASS [   0.188s] (3903/4622) otto-state db::tests::open_tolerates_versions_applied_by_a_newer_build
        PASS [   0.008s] (3904/4622) otto-state db::tests::pending_versions_lists_unapplied_embedded_in_order
        PASS [   0.008s] (3905/4622) otto-state db::tests::repair_is_noop_on_post_renumber_db
        PASS [   0.007s] (3906/4622) otto-state db::tests::repair_is_noop_when_migrations_table_absent
        PASS [   0.010s] (3907/4622) otto-state db::tests::repair_moves_branch_numbered_rows_in_either_population
        PASS [   0.008s] (3908/4622) otto-state db::tests::repair_renumbers_bricked_vault_rows_and_is_idempotent
        PASS [   0.006s] (3909/4622) otto-state db::tests::snapshot_retention_keeps_the_newest_by_stamp
        PASS [   0.182s] (3910/4622) otto-state db::tests::partials_are_swept_and_backups_dir_is_private_without_pending_migrations
        PASS [   0.008s] (3911/4622) otto-state db::tests::unknown_applied_versions_are_the_newer_builds
        PASS [   0.192s] (3912/4622) otto-state db::tests::snapshots_are_owner_only_and_partials_are_swept
        PASS [   0.158s] (3913/4622) otto-state db_explorer::tests::history_list_previews_big_statements_and_get_returns_full_text
        PASS [   0.156s] (3914/4622) otto-state db_explorer::tests::history_user_a_invisible_to_user_b
        PASS [   0.161s] (3915/4622) otto-state db_explorer::tests::history_unfiltered_sees_all
        PASS [   0.160s] (3916/4622) otto-state db_explorer::tests::history_user_b_sees_own_rows
        PASS [   0.160s] (3917/4622) otto-state db_explorer::tests::history_user_id_is_recorded
        PASS [   0.162s] (3918/4622) otto-state db_explorer::tests::saved_queries_user_a_invisible_to_user_b
        PASS [   0.163s] (3919/4622) otto-state db_explorer::tests::saved_queries_unfiltered_sees_all
        PASS [   0.158s] (3920/4622) otto-state db_explorer::tests::update_saved_patches_name_and_statement_independently
        PASS [   0.159s] (3921/4622) otto-state db_explorer::tests::saved_queries_user_b_sees_own
        PASS [   0.161s] (3922/4622) otto-state email_senders::tests::get_missing_is_none
        PASS [   0.163s] (3923/4622) otto-state email_senders::tests::cascades_on_user_delete
        PASS [   0.160s] (3924/4622) otto-state email_senders::tests::set_verified_records_timestamp
        PASS [   0.160s] (3925/4622) otto-state email_senders::tests::upsert_replaces_and_resets_verification
        PASS [   0.156s] (3926/4622) otto-state email_senders::tests::upsert_then_get_roundtrips_without_password
        PASS [   0.157s] (3927/4622) otto-state eval_lab::tests::golden_crud_and_repo_filter
        PASS [   0.159s] (3928/4622) otto-state eval_lab::tests::regression_dedupe_by_source_iter
        PASS [   0.166s] (3929/4622) otto-state eval_lab::tests::matrix_create_get_list
        PASS [   0.159s] (3930/4622) otto-state finding_events::tests::append_and_list_timeline
        PASS [   0.160s] (3931/4622) otto-state git::tests::create_repo_same_path_returns_existing_row
        PASS [   0.159s] (3932/4622) otto-state git::tests::create_without_expiry_is_none
        PASS [   0.161s] (3933/4622) otto-state git::tests::list_all_repos_spans_workspaces_ordered_by_name
        PASS [   0.160s] (3934/4622) otto-state git::tests::proof_config_defaults_and_roundtrips
        PASS [   0.162s] (3935/4622) otto-state git::tests::token_expiry_round_trips_through_create_update_and_set
        PASS [   0.163s] (3936/4622) otto-state goal_loops::tests::controller_runtime_write_needs_a_running_loop
        PASS [   0.160s] (3937/4622) otto-state goal_loops::tests::create_get_and_iterations_roundtrip
        PASS [   0.159s] (3938/4622) otto-state goal_loops::tests::fail_running_leaves_user_paused_loops_alone
        PASS [   0.158s] (3939/4622) otto-state goal_loops::tests::fail_running_returns_and_flips_rows
        PASS [   0.008s] (3940/4622) otto-state goal_loops::tests::interrupted_window_stops_at_the_last_sign_of_life
        PASS [   0.165s] (3941/4622) otto-state goal_loops::tests::ledger_and_role_slots_survive_reload_without_moving_executors
        PASS [   0.165s] (3942/4622) otto-state goal_loops::tests::pause_never_overwrites_finalize_or_double_banks
        PASS [   0.159s] (3943/4622) otto-state goal_loops::tests::summary_detail_keeps_only_the_newest_bodies
        PASS [   0.158s] (3944/4622) otto-state grants::tests::a_fill_racing_an_invalidation_is_not_cached
        PASS [   0.158s] (3945/4622) otto-state grants::tests::cached_repo_answers_every_feature_from_one_load
        PASS [   0.156s] (3946/4622) otto-state grants::tests::grants_for_returns_all
        PASS [   0.158s] (3947/4622) otto-state grants::tests::no_row_means_none
        PASS [   0.158s] (3948/4622) otto-state grants::tests::root_is_admin_everywhere_without_rows
        PASS [   0.157s] (3949/4622) otto-state grants::tests::root_never_touches_the_cache_and_uncached_repo_is_unchanged
        PASS [   0.156s] (3950/4622) otto-state grants::tests::set_and_read_grants
        PASS [   0.154s] (3951/4622) otto-state grants::tests::set_grants_replaces_atomically
        PASS [   0.156s] (3952/4622) otto-state grants::tests::set_grants_evicts_so_a_revocation_is_immediate
        PASS [   0.158s] (3953/4622) otto-state history_page::tests::disk_claims_span_providers_and_nonadmins_never_see_unclaimed_files
        PASS [   0.158s] (3954/4622) otto-state history_page::tests::cwd_filter_is_literal_and_does_not_match_siblings
        PASS [   0.157s] (3955/4622) otto-state history_page::tests::equal_timestamp_pages_are_lossless
        PASS [   0.172s] (3956/4622) otto-state history_page::tests::metadata_candidates_are_bounded_before_resolution_and_owner_scoped
        PASS [   0.172s] (3957/4622) otto-state improvements::tests::orphaned_running_runs_fail_at_boot
        PASS [   0.163s] (3958/4622) otto-state issues::tests::issue_token_expiry_round_trips
        PASS [   0.007s] (3959/4622) otto-state k8s_clusters::tests::source_parse_roundtrip
        PASS [   0.007s] (3960/4622) otto-state k8s_clusters::tests::wire_shape_omits_empty_optionals
        PASS [   0.159s] (3961/4622) otto-state k8s_clusters::tests::crud_roundtrip_keeps_color_inside_params
        PASS [   0.160s] (3962/4622) otto-state k8s_monitor::tests::cascade_with_cluster
        PASS [   0.159s] (3963/4622) otto-state k8s_monitor::tests::config_roundtrip_and_enabled_filter
        PASS [   0.158s] (3964/4622) otto-state k8s_monitor::tests::keep_snapshot_updates_status_but_not_the_snapshot
        PASS [   0.160s] (3965/4622) otto-state k8s_monitor::tests::meta_read_skips_the_snapshot_and_str_upsert_stores_it_verbatim
        PASS [   0.160s] (3966/4622) otto-state k8s_monitor::tests::status_roundtrip_and_delete
        PASS [   0.007s] (3967/4622) otto-state maintenance::tests::auto_compaction_trigger
        PASS [   0.031s] (3968/4622) otto-state maintenance::tests::boot_seeds_planner_stats_and_compacts_small_fragmented_db
        PASS [   0.038s] (3969/4622) otto-state maintenance::tests::compact_converts_to_incremental_and_frees_pages
        PASS [   0.158s] (3970/4622) otto-state k8s_pod_actions::tests::upsert_list_delete_roundtrip_and_cascade
        PASS [   0.085s] (3971/4622) otto-state maintenance::tests::offline_compaction_swaps_verified_copy_and_keeps_old_until_confirmed
        PASS [   0.008s] (3972/4622) otto-state maintenance::tests::offline_estimate_scales_with_live_data
        PASS [   0.008s] (3973/4622) otto-state mcp_audit::tests::cap_args_json_truncates_long_strings_only
        PASS [   0.007s] (3974/4622) otto-state mcp_audit::tests::padded_payload_keeps_its_tail_visible
        PASS [   0.068s] (3975/4622) otto-state maintenance::tests::unconfirmed_swap_rolls_back_and_request_overrides_failure
        PASS [   0.024s] (3976/4622) otto-state mcp_audit::tests::whole_document_is_byte_capped_with_both_ends
        PASS [   0.156s] (3977/4622) otto-state mcp_audit::tests::record_and_read_back
        PASS [   0.161s] (3978/4622) otto-state mcp_auto_approve::tests::crud_and_applicable_scoping
        PASS [   0.159s] (3979/4622) otto-state mcp_auto_approve::tests::migration_imports_the_legacy_exempt_list
        PASS [   0.159s] (3980/4622) otto-state mcp_auto_approve::tests::workspace_delete_cascades_its_rules
        PASS [   0.160s] (3981/4622) otto-state mcp_control::tests::a_retried_call_reuses_its_pending_approval
        PASS [   0.162s] (3982/4622) otto-state mcp_control::tests::allowlist_deny_beats_allow
        PASS [   0.179s] (3983/4622) otto-state mcp_control::tests::approval_changes_reach_the_hook
        PASS [   0.163s] (3984/4622) otto-state mcp_control::tests::approval_single_use_and_args_binding
        PASS [   0.160s] (3985/4622) otto-state mcp_control::tests::registry_create_and_augmented_cols
        PASS [   0.161s] (3986/4622) otto-state mcp_control::tests::requester_may_decide_an_approval_their_own_agent_raised
        PASS [   0.168s] (3987/4622) otto-state mcp_control::tests::simultaneous_approval_decisions_have_one_winner
        PASS [   0.170s] (3988/4622) otto-state mcp_control::tests::workspace_less_otto_rows_are_only_the_callers_own
        PASS [   0.169s] (3989/4622) otto-state mcp_servers::tests::create_list_update_enabled_delete
        PASS [   0.171s] (3990/4622) otto-state memory::fts_map_tests::legacy_index_gets_its_map_built_and_deduplicated
        PASS [   0.168s] (3991/4622) otto-state memory::fts_map_tests::transient_fts_failure_is_an_error_not_unavailable
        PASS [   0.171s] (3992/4622) otto-state memory::fts_map_tests::upsert_and_remove_go_through_the_rowid_map
        PASS [   0.170s] (3993/4622) otto-state name_themes::tests::active_theme_upsert
        PASS [   0.161s] (3994/4622) otto-state name_themes::tests::custom_theme_crud
        PASS [   0.169s] (3995/4622) otto-state notifications::tests::bulk_read_and_dismiss_are_one_statement_and_owned
        PASS [   0.166s] (3996/4622) otto-state notifications::tests::dedupe_is_per_owner_and_refresh_resets_read
        PASS [   0.162s] (3997/4622) otto-state notifications::tests::hot_queries_use_indexes
        PASS [   0.166s] (3998/4622) otto-state notifications::tests::list_scopes_and_orders_newest_first
        PASS [   0.166s] (3999/4622) otto-state notifications::tests::unread_and_mutations_respect_ownership
        PASS [   0.163s] (4000/4622) otto-state personal_agents::tests::agent_crud_roundtrip
        PASS [   0.178s] (4001/4622) otto-state personal_agents::tests::autonomy_permissions_modes_and_reset_round_trip
        PASS [   0.342s] (4002/4622) otto-state personal_agents::tests::autonomy_is_cached_and_invalidated_on_save_and_delete
        PASS [   0.185s] (4003/4622) otto-state personal_agents::tests::failed_run_keeps_its_live_session
        PASS [   0.187s] (4004/4622) otto-state personal_agents::tests::feed_projection_cuts_the_summary_in_sql
        PASS [   0.171s] (4005/4622) otto-state personal_agents::tests::proactive_counts_are_one_query_for_any_n
        PASS [   0.165s] (4006/4622) otto-state personal_agents::tests::room_activity_is_denormalized_and_recountable
        PASS [   0.162s] (4007/4622) otto-state personal_agents::tests::room_reads_use_the_rowid_index
        PASS [   0.164s] (4008/4622) otto-state personal_agents::tests::rooms_membership_and_messages
        PASS [   0.163s] (4009/4622) otto-state personal_agents::tests::runs_finish_prune_reap
        PASS [   0.162s] (4010/4622) otto-state personal_agents::tests::schedule_create_retry_after_lost_response_is_idempotent
        PASS [   0.178s] (4011/4622) otto-state personal_agents::tests::schedule_scan_is_two_queries_for_any_n
        PASS [   0.171s] (4012/4622) otto-state personal_agents::tests::schedules_are_armed_at_creation_and_rearmable
        PASS [   0.179s] (4013/4622) otto-state personal_agents::tests::schedules_have_independent_cursors
        PASS [   0.178s] (4014/4622) otto-state personal_agents::tests::user_context_compare_and_swap_preserves_concurrent_edits
        PASS [   0.185s] (4015/4622) otto-state pool::tests::acquire_begin_is_immediate
        PASS [   0.010s] (4016/4622) otto-state pool::tests::op_count_counts_statements_and_transactions_across_clones
        PASS [   0.191s] (4017/4622) otto-state pool::tests::begin_read_is_a_snapshot_that_never_blocks_writers
        PASS [   0.321s] (4018/4622) otto-state pool::tests::racing_read_then_write_transactions_both_commit
        PASS [   0.008s] (4019/4622) otto-state pool::tests::routes_only_plain_reads_to_the_reader
        PASS [   0.252s] (4020/4622) otto-state pool::tests::reads_do_not_queue_behind_a_held_write_lock
        PASS [   0.159s] (4021/4622) otto-state product::tests::add_version_auto_increments_version_no
        PASS [   0.176s] (4022/4622) otto-state pool::tests::split_pool_routes_reads_and_writes
        PASS [   0.179s] (4023/4622) otto-state product::tests::analysis_agent_session_id_round_trips
        PASS [   0.177s] (4024/4622) otto-state product::tests::approve_run_testcases_flips_only_that_runs_draft_cases
        PASS [   0.184s] (4025/4622) otto-state product::tests::create_and_get_story_round_trips_all_fields
        PASS [   0.186s] (4026/4622) otto-state product::tests::children_are_filed_under_their_epic_and_patchable
        PASS [   0.164s] (4027/4622) otto-state product::tests::create_story_defaults_to_top_level_story
        PASS [   0.165s] (4028/4622) otto-state product::tests::create_transcript_get_list_round_trip
        PASS [   0.161s] (4029/4622) otto-state product::tests::delete_parent_reparents_children_and_removes_attachment_rows
        PASS [   0.164s] (4030/4622) otto-state product::tests::delete_story_removes_story_and_versions
        PASS [   0.161s] (4031/4622) otto-state product::tests::delete_story_removes_transcripts
        PASS [   0.160s] (4032/4622) otto-state product::tests::delete_transcript_removes_only_target
        PASS [   0.163s] (4033/4622) otto-state product::tests::list_stories_is_global_across_workspaces
        PASS [   0.166s] (4034/4622) otto-state product::tests::list_learnings_active_only_excludes_inactive
        PASS [   0.178s] (4035/4622) otto-state product::tests::update_question_patches_status_and_answer_leaves_text_unchanged
        PASS [   0.181s] (4036/4622) otto-state product::tests::revision_summary_backfill_and_updates_preserve_slim_semantics
        PASS [   0.185s] (4037/4622) otto-state product::tests::update_version_body_changes_title_and_body
        PASS [   0.189s] (4038/4622) otto-state product::tests::update_story_sets_tags_and_get_story_returns_them
        PASS [   0.166s] (4039/4622) otto-state product_attachments::tests::create_get_list_update_delete_roundtrip
        PASS [   0.170s] (4040/4622) otto-state product::tests::version_lists_ship_slim_raw_json
        PASS [   0.161s] (4041/4622) otto-state product_chat::tests::chat_message_roundtrip
        PASS [   0.159s] (4042/4622) otto-state product_discovery::tests::create_get_list_report_status_roundtrip
        PASS [   0.170s] (4043/4622) otto-state product_mockup::tests::create_list_update_delete_roundtrip
        PASS [   0.171s] (4044/4622) otto-state product_refinement::tests::thread_and_message_roundtrip
        PASS [   0.189s] (4045/4622) otto-state proof::proof_perf_tests::proof_archive_stale_session_packs_is_opt_in_and_self_heals
        PASS [   0.203s] (4046/4622) otto-state proof::proof_perf_tests::proof_5k_packs_page_and_scoped_summary_within_budget
        PASS [   0.179s] (4047/4622) otto-state proof::proof_perf_tests::proof_list_packs_pages_by_keyset
        PASS [   0.204s] (4048/4622) otto-state proof::proof_perf_tests::proof_legacy_inline_media_migrates_safely
        PASS [   0.161s] (4049/4622) otto-state proof::proof_perf_tests::proof_meta_and_preview_projections_trim_content
        PASS [   0.183s] (4050/4622) otto-state proof::proof_perf_tests::proof_media_file_store_dedupes_and_gcs
        PASS [   0.161s] (4051/4622) otto-state proof::proof_perf_tests::proof_snapshot_listing_is_meta_only
        PASS [   0.183s] (4052/4622) otto-state provider_accounts::tests::subscription_profiles_are_owner_scoped_and_do_not_store_credentials
        PASS [   0.174s] (4053/4622) otto-state provider_models::tests::delete_and_list_all_grouping
        PASS [   0.177s] (4054/4622) otto-state provider_models::tests::empty_batch_rejected_last_good_kept
        PASS [   0.161s] (4055/4622) otto-state provider_models::tests::manual_shadows_fetched_duplicate
        PASS [   0.164s] (4056/4622) otto-state provider_models::tests::upsert_replaces_fetched_preserves_manual_and_order
        PASS [   0.167s] (4057/4622) otto-state repo_rules::tests::create_list_toggle_delete
        PASS [   0.009s] (4058/4622) otto-state resource_access::live_policy_tests::live_policy_read_routes_to_a_reader_connection
        PASS [   0.172s] (4059/4622) otto-state resource_access::live_policy_tests::live_policy_is_not_found_for_a_missing_resource
        PASS [   0.184s] (4060/4622) otto-state retention::runs::tests::default_policy_keeps_run_history
        PASS [   0.010s] (4061/4622) otto-state retention::runs::tests::run_history_is_opt_in_with_a_floor
        PASS [   0.185s] (4062/4622) otto-state retention::runs::tests::otto_runs_only_terminal_old_and_unproven
        PASS [   0.175s] (4063/4622) otto-state retention::runs::tests::swarm_messages_age_out_and_finished_loops_keep_last_iteration
        PASS [   0.173s] (4064/4622) otto-state retention::runs::tests::swarm_runs_roll_into_spend_before_pruning
        PASS [   0.167s] (4065/4622) otto-state retention::tests::age_windows_for_audit_tables_and_disable_switch
        PASS [   0.163s] (4066/4622) otto-state retention::tests::dedupe_migration_keeps_earliest_artifact_added
        PASS [   0.009s] (4067/4622) otto-state retention::tests::policy_defaults_merge_and_floors
        PASS [   0.167s] (4068/4622) otto-state retention::tests::notifications_age_windows_and_row_cap
        PASS [   0.159s] (4069/4622) otto-state retention::tests::review_artifacts_pruned_only_for_finished_old_reviews
        PASS [   0.182s] (4070/4622) otto-state retention::tests::room_messages_capped_per_room
        PASS [   0.011s] (4071/4622) otto-state review_findings::tests::anchor_prefers_distinctive_line_text_then_title
        PASS [   0.199s] (4072/4622) otto-state retention::tests::work_events_keep_newest_per_item_and_young_rows
        PASS [   0.009s] (4073/4622) otto-state review_findings::tests::finding_state_round_trip
        PASS [   0.008s] (4074/4622) otto-state review_findings::tests::fingerprint_differs_on_different_path
        PASS [   0.008s] (4075/4622) otto-state review_findings::tests::fingerprint_differs_on_different_pr
        PASS [   0.007s] (4076/4622) otto-state review_findings::tests::fingerprint_is_stable_across_identical_inputs
        PASS [   0.009s] (4077/4622) otto-state review_findings::tests::fingerprint_normalises_case_and_whitespace
        PASS [   0.188s] (4078/4622) otto-state review_findings::tests::branch_scoped_resolution_leaves_other_branches_findings_open
        PASS [   0.188s] (4079/4622) otto-state review_findings::tests::legacy_fingerprint_is_matched_and_rekeyed
        PASS [   0.169s] (4080/4622) otto-state review_findings::tests::local_review_findings_dedup_across_local_runs
        PASS [   0.165s] (4081/4622) otto-state review_findings::tests::scoped_resolution_only_touches_reviewed_paths
        PASS [   0.165s] (4082/4622) otto-state review_findings::tests::set_fields_patches_artifacts_only
        PASS [   0.008s] (4083/4622) otto-state review_findings::tests::unknown_state_parses_to_none
        PASS [   0.166s] (4084/4622) otto-state review_findings::tests::set_status_rejects_illegal_transition
        PASS [   0.159s] (4085/4622) otto-state review_findings::tests::upsert_enriches_and_dedups_then_workflow_status_survives
        PASS [   0.163s] (4086/4622) otto-state review_proof_packs::tests::create_and_list_snapshots
        PASS [   0.171s] (4087/4622) otto-state review_proof_packs::tests::proof_exports_keep_everything_unless_pruned_on_request
        PASS [   0.168s] (4088/4622) otto-state reviews::tests::agent_prompts_and_diff_round_trip_and_cleanup
        PASS [   0.162s] (4089/4622) otto-state reviews::tests::comment_post_claim_is_exclusive_and_releasable
        PASS [   0.166s] (4090/4622) otto-state reviews::tests::edit_unposted_comment_respects_state_guards
        PASS [   0.174s] (4091/4622) otto-state reviews::tests::run_context_round_trips_and_upserts
        PASS [   0.178s] (4092/4622) otto-state reviews::tests::set_agent_at_updates_one_row_without_clobbering_siblings
        PASS [   0.180s] (4093/4622) otto-state reviews::tests::set_status_cancelled_round_trips
        PASS [   0.175s] (4094/4622) otto-state reviews::tests::summarizer_completion_cannot_overwrite_cancelled_review
        PASS [   0.171s] (4095/4622) otto-state reviews::tests::summary_fallback_derives_from_agents_json
        PASS [   0.175s] (4096/4622) otto-state reviews::tests::try_begin_rerun_is_exclusive
        PASS [   0.181s] (4097/4622) otto-state runs::tests::cas_blocks_stale_transition
        PASS [   0.182s] (4098/4622) otto-state runs::tests::create_get_roundtrip
        PASS [   0.172s] (4099/4622) otto-state runs::tests::find_awaiting_only_matches_awaiting
        PASS [   0.176s] (4100/4622) otto-state runs::tests::resumable_vs_interrupted_partition
        PASS [   0.187s] (4101/4622) otto-state runs::tests::set_error_never_overwrites_a_terminal_status
        PASS [   0.184s] (4102/4622) otto-state runs::tests::set_fields_and_events
        PASS [   0.174s] (4103/4622) otto-state saved_views::tests::create_list_delete
        PASS [   0.173s] (4104/4622) otto-state saved_views::tests::list_isolated_by_workspace
        PASS [   0.164s] (4105/4622) otto-state scheduled_tasks::tests::create_get_list
        PASS [   0.160s] (4106/4622) otto-state scheduled_tasks::tests::delete_cascades_runs
        PASS [   0.161s] (4107/4622) otto-state scheduled_tasks::tests::finish_without_session_keeps_the_live_one
        PASS [   0.160s] (4108/4622) otto-state scheduled_tasks::tests::list_enabled_excludes_disabled
        PASS [   0.166s] (4109/4622) otto-state scheduled_tasks::tests::prune_keeps_recent_and_returns_paths
        PASS [   0.168s] (4110/4622) otto-state scheduled_tasks::tests::quality_admission_snapshot_preserves_nonzero_epochs_and_original_content
        PASS [   0.166s] (4111/4622) otto-state scheduled_tasks::tests::quality_invalid_admission_snapshots_are_rejected_without_current_task_fallback
        PASS [   0.161s] (4112/4622) otto-state scheduled_tasks::tests::quality_old_insert_read_finish_paths_remain_compatible_with_snapshot_schema
        PASS [   0.181s] (4113/4622) otto-state scheduled_tasks::tests::quality_prune_preserves_reports_still_owned_by_retained_runs
        PASS [   0.179s] (4114/4622) otto-state scheduled_tasks::tests::quality_report_ownership_lookup_does_not_scan_run_history
        PASS [   0.192s] (4115/4622) otto-state scheduled_tasks::tests::reap_flips_running_to_error
        PASS [   0.195s] (4116/4622) otto-state scheduled_tasks::tests::review5_scheduled_admission_consumed_snapshot_cannot_replay_before_settlement
        PASS [   0.173s] (4117/4622) otto-state scheduled_tasks::tests::review5_scheduled_admission_insert_failure_rolls_back_claim
        PASS [   0.171s] (4118/4622) otto-state scheduled_tasks::tests::runs_create_finish_list
        PASS [   0.174s] (4119/4622) otto-state scheduled_tasks::tests::set_runtime_persists_cursor
        PASS [   0.234s] (4120/4622) otto-state scheduled_tasks::tests::tasks_are_armed_at_creation_and_rearmable
        PASS [   0.287s] (4121/4622) otto-state scheduled_tasks::tests::tick_scan_is_one_query_for_any_n
        PASS [   0.217s] (4122/4622) otto-state scheduled_tasks::tests::update_changes_fields_and_clears_skill
        PASS [   0.210s] (4123/4622) otto-state sessions::tests::foreground_filter_matches_is_foreground_agent
        PASS [   0.196s] (4124/4622) otto-state sessions::tests::foreground_list_uses_the_source_index
        PASS [   0.188s] (4125/4622) otto-state sessions::tests::idle_channel_sessions_query_filters_correctly
        PASS [   0.182s] (4126/4622) otto-state sessions::tests::list_all_returns_every_session_across_owners_and_workspaces
        PASS [   0.166s] (4127/4622) otto-state sessions::tests::list_by_workspace_for_user_filters_by_owner
        PASS [   0.251s] (4128/4622) otto-state sessions::tests::list_filtered_matches_the_old_rust_filter
        PASS [   0.166s] (4129/4622) otto-state sessions::tests::list_filtered_spans_workspaces_and_pages_newest_first
        PASS [   0.177s] (4130/4622) otto-state sessions::tests::list_live_by_meta_filters_in_sql
        PASS [   0.178s] (4131/4622) otto-state sessions::tests::list_usage_attribution_returns_all_sessions_unfiltered
        PASS [   0.171s] (4132/4622) otto-state sessions::tests::list_usage_labels_projects_source_without_meta_decode
        PASS [   0.174s] (4133/4622) otto-state sessions::tests::mark_dormant_except_keeps_last_active_and_skips_dormant_rows
        PASS [   0.172s] (4134/4622) otto-state sessions::tests::merge_meta_is_atomic_and_preserves_other_keys
        PASS [   0.179s] (4135/4622) otto-state sessions::tests::prunable_agent_sessions_query_filters_correctly
        PASS [   0.208s] (4136/4622) otto-state sessions::tests::quality_auto_archive_pages_are_bounded_complete_and_covering
        PASS [   0.193s] (4137/4622) otto-state sessions::tests::replacing_saved_delivery_is_one_atomic_update
        PASS [   0.187s] (4138/4622) otto-state sessions::tests::source_column_tracks_meta_edits
        PASS [   0.174s] (4139/4622) otto-state sessions::tests::title_candidates_are_the_sql_side_of_title_eligible
        PASS [   0.208s] (4140/4622) otto-state sessions::tests::unarchived_cwds_under_lists_only_live_children
        PASS [   0.216s] (4141/4622) otto-state sessions::tests::update_status_keep_activity_leaves_last_active
        PASS [   0.009s] (4142/4622) otto-state settings::tests::otto_mcp_enabled_precedence
        PASS [   0.009s] (4143/4622) otto-state settings::tests::pr_draft_model_falls_back_to_the_fast_default
        PASS [   0.209s] (4144/4622) otto-state settings::tests::get_cached_serves_repeats_and_sees_in_process_writes_at_once
        PASS [   0.215s] (4145/4622) otto-state skill_evals::tests::run_iteration_round_trip_and_atomic_agent_update
        PASS [   0.211s] (4146/4622) otto-state skill_evals::tests::scoring_human_and_matrix_dims_round_trip
        PASS [   0.214s] (4147/4622) otto-state skill_evals::tests::summaries_page_by_keyset_and_filter_by_skill
        PASS [   0.197s] (4148/4622) otto-state skill_reviews::tests::round_trip_static_agents_summary
        PASS [   0.188s] (4149/4622) otto-state swarm::tests::agent_edit_carries_schedule_cursor
        PASS [   0.164s] (4150/4622) otto-state swarm::tests::agent_schedule_null_clears_absent_keeps
        PASS [   0.164s] (4151/4622) otto-state swarm::tests::budget_run_queries_and_attempt_numbering
        PASS [   0.165s] (4152/4622) otto-state swarm::tests::bump_task_attempt_increments
        PASS [   0.164s] (4153/4622) otto-state swarm::tests::busy_agents_and_task_status_counts
        PASS [   0.180s] (4154/4622) otto-state swarm::tests::claim_task_is_first_writer_wins_and_keeps_an_assignee
        PASS [   0.180s] (4155/4622) otto-state swarm::tests::fail_running_only_hits_non_terminal_runs
        PASS [   0.171s] (4156/4622) otto-state swarm::tests::fail_running_refunds_interrupted_attempt
        PASS [   0.176s] (4157/4622) otto-state swarm::tests::fail_running_requeues_stranded_in_progress_tasks
        PASS [   0.182s] (4158/4622) otto-state swarm::tests::hot_swarm_queries_use_indexes
        PASS [   0.183s] (4159/4622) otto-state swarm::tests::link_story_if_unlinked_is_first_writer_wins
        PASS [   0.196s] (4160/4622) otto-state swarm::tests::lite_runs_and_latest_task_sessions
        PASS [   0.181s] (4161/4622) otto-state swarm::tests::ready_tasks_picks_up_todo_excludes_backlog
        PASS [   0.167s] (4162/4622) otto-state swarm::tests::ready_tasks_respects_dependencies
        PASS [   0.173s] (4163/4622) otto-state swarm::tests::refund_task_attempt_never_goes_negative
        PASS [   0.208s] (4164/4622) otto-state swarm::tests::replace_standing_goals_swaps_the_set
        PASS [   0.206s] (4165/4622) otto-state swarm::tests::reservation_serializes_competing_producers_and_stop
        PASS [   0.182s] (4166/4622) otto-state swarm::tests::scheduled_reservation_never_reverts_a_concurrent_edit
        PASS [   0.182s] (4167/4622) otto-state swarm::tests::set_task_status_if_is_a_compare_and_set
        PASS [   0.195s] (4168/4622) otto-state swarm::tests::status_manages_runtime_anchor_and_pause_reason
        PASS [   0.190s] (4169/4622) otto-state swarm::tests::stop_active_runs_with_reason_marks_only_in_flight_runs
        PASS [   0.197s] (4170/4622) otto-state swarm::tests::swarm_budget_columns_roundtrip
        PASS [   0.190s] (4171/4622) otto-state swarm::tests::swarm_spend_sums_cost_and_counts_runs
        PASS [   0.165s] (4172/4622) otto-state swarm::tests::update_project_maps_story_unique_violation_to_conflict
        PASS [   0.163s] (4173/4622) otto-state swarm::tests::update_run_if_status_is_a_compare_and_set
        PASS [   0.167s] (4174/4622) otto-state transcript_index::tests::upsert_get_list_retain
        PASS [   0.166s] (4175/4622) otto-state users::tests::first_root_insert_is_conditional_on_an_empty_table
        PASS [   0.172s] (4176/4622) otto-state users::tests::first_root_refused_once_any_user_exists
        PASS [   0.167s] (4177/4622) otto-state vault_docs_runs::tests::list_is_per_vault_newest_first_with_limit
        PASS [   0.165s] (4178/4622) otto-state vault_docs_runs::tests::unfinished_means_running_summarizing_reviewing_or_revising
        PASS [   0.165s] (4179/4622) otto-state vault_docs_runs::tests::upsert_get_and_state_refresh
        PASS [   0.169s] (4180/4622) otto-state workbench::tests::assets_dedupe_per_owner
        PASS [   0.172s] (4181/4622) otto-state workbench::tests::autosaves_coalesce_within_a_burst_and_keep_latest
        PASS [   0.178s] (4182/4622) otto-state workbench::tests::checkpoint_forces_a_new_revision_and_noop_saves_record_nothing
        PASS [   0.204s] (4183/4622) otto-state workbench::tests::concurrent_autosaves_serialize_without_loss
        PASS [   0.166s] (4184/4622) otto-state workbench::tests::docs_are_scoped_per_owner_and_workspace
        PASS [   0.165s] (4185/4622) otto-state workbench::tests::identical_checkpoint_seals_the_autosave_burst
        PASS [   0.009s] (4186/4622) otto-state workbench::tests::line_diff_is_minimal_and_numbered
        PASS [   0.189s] (4187/4622) otto-state workbench::tests::if_hash_refuses_a_stale_content_write_even_within_a_coalesced_burst
        PASS [   0.204s] (4188/4622) otto-state workbench::tests::restore_revision_appends_and_shares_the_blob
        PASS [   0.202s] (4189/4622) otto-state workbench::tests::retention_never_touches_workbench_history
        PASS [   0.014s] (4190/4622) otto-state workflow_progress::progress_write_tests::memoized_node_summary_is_node_summary_and_small
        PASS [   0.028s] (4191/4622) otto-state workflow_progress::progress_write_tests::progress_write_matches_the_whole_run_projection
        PASS [   0.009s] (4192/4622) otto-state workflow_progress::review_association_tests::lightweight_projection_retains_review_association
        PASS [   0.182s] (4193/4622) otto-state workbench::tests::trash_restore_and_permanent_delete
        PASS [   0.179s] (4194/4622) otto-state workflow_progress::tests::absent_checkpoint_detail_is_not_found
        PASS [   0.169s] (4195/4622) otto-state workflow_progress::tests::checkpoint_pages_survive_updates_append_and_raw_derived_order_hints
        PASS [   0.170s] (4196/4622) otto-state workflow_progress::tests::invalid_recovery_json_is_never_replaced_by_empty_projection
        PASS [   0.181s] (4197/4622) otto-state workflow_progress::tests::progress_write_rewrites_the_row_once
        PASS [   0.175s] (4198/4622) otto-state workflow_progress::tests::raw_insert_and_update_repair_exact_bodies_before_conditional_poll
        PASS [   0.624s] (4199/4622) otto-state workflow_progress::tests::large_checkpoint_bodies_are_absent_from_progress_and_unchanged_poll
        PASS [   0.008s] (4200/4622) otto-state workflow_triggers::tests::bad_spec_falls_back_to_empty_object
        PASS [   0.162s] (4201/4622) otto-state workflow_progress::tests::run_head_matches_the_full_run_without_parsing_bodies
        PASS [   0.009s] (4202/4622) otto-state workflow_triggers::tests::default_enabled_is_true
        PASS [   0.008s] (4203/4622) otto-state workflow_triggers::tests::rearms_only_on_resume_or_schedule_key_change
        PASS [   0.174s] (4204/4622) otto-state workflow_triggers::tests::create_accepts_every_trigger_kind_including_chat
        PASS [   0.174s] (4205/4622) otto-state workflow_triggers::tests::review4_retimed_once_rearms_without_trusting_client_cursor
        PASS [   0.165s] (4206/4622) otto-state workflow_triggers::tests::schedule_scan_is_one_query_for_any_n
        PASS [   0.169s] (4207/4622) otto-state workflow_triggers::tests::trigger_cursor_is_server_owned
        PASS [   0.186s] (4208/4622) otto-state workflow_triggers::tests::triggers_are_armed_at_creation_and_on_resume_or_reschedule
        PASS [   0.234s] (4209/4622) otto-state workflows::tests::admit_run_if_idle_admits_exactly_one_concurrent_run
        PASS [   0.171s] (4210/4622) otto-state workflows::tests::create_run_records_the_starter
        PASS [   0.161s] (4211/4622) otto-state workflows::tests::delete_refuses_live_runs_and_missing_run_reads_canceled
        PASS [   0.172s] (4212/4622) otto-state workflows::tests::find_active_run_for_chat_prefers_exact_thread
        PASS [   0.163s] (4213/4622) otto-state workflows::tests::find_by_name_is_scoped_to_the_workspace
        PASS [   0.162s] (4214/4622) otto-state workflows::tests::instructions_round_trip_and_version_snapshot
        PASS [   0.163s] (4215/4622) otto-state workflows::tests::lifecycle_cas_never_undoes_a_cancel
        PASS [   0.195s] (4216/4622) otto-state workflows::tests::prune_runs_keeps_newest_young_active_and_referenced
        PASS [   0.163s] (4217/4622) otto-state workflows::tests::queued_run_ids_are_fifo_by_creation
        PASS [   0.165s] (4218/4622) otto-state workflows::tests::queued_run_pins_the_definition_before_execution
        PASS [   0.165s] (4219/4622) otto-state workflows::tests::reopen_run_only_reopens_finished_runs
        PASS [   0.169s] (4220/4622) otto-state workflows::tests::request_cancel_keeps_the_engines_node_states
        PASS [   0.167s] (4221/4622) otto-state workflows::tests::resume_budget_skips_approval_reentry_and_resets_on_retry
        PASS [   0.186s] (4222/4622) otto-state workflows::tests::retry_scope_is_atomic_and_active_retry_cannot_reset_checkpoints
        PASS [   0.165s] (4223/4622) otto-state workflows::tests::review4_snapshot_conflict_rolls_back_the_complete_publication
        PASS [   0.332s] (4224/4622) otto-state workflows::tests::review4_interleaved_publication_matches_live_and_run_definition
        PASS [   0.164s] (4225/4622) otto-state workflows::tests::run_records_version_and_proof_pack
        PASS [   0.169s] (4226/4622) otto-state workflows::tests::startup_reap_fails_started_runs_but_keeps_the_queue
        PASS [   0.165s] (4227/4622) otto-state workflows::tests::status_reads_never_load_the_run_body_and_cancel_is_announced
        PASS [   0.162s] (4228/4622) otto-state workflows::tests::terminal_update_clears_a_stale_approval_pause
        PASS [   0.162s] (4229/4622) otto-state workflows::tests::update_run_bumps_a_monotonic_rev
        PASS [   0.164s] (4230/4622) otto-state workflows::tests::update_run_progress_never_resurrects_a_canceled_run
        PASS [   0.168s] (4231/4622) otto-state workflows::tests::versioning_snapshot_bump_restore_roundtrip
        PASS [   0.168s] (4232/4622) otto-state workgraph::tests::add_artifact_dedupes_null_refs
        PASS [   0.169s] (4233/4622) otto-state workgraph::tests::approval_flow_and_summary
        PASS [   0.009s] (4234/4622) otto-state workgraph::tests::enum_roundtrip
        PASS [   0.167s] (4235/4622) otto-state workgraph::tests::edges_events_artifacts_and_graph
        PASS [   0.170s] (4236/4622) otto-state workgraph::tests::migration_0126_collapses_null_ref_duplicates
        PASS [   0.009s] (4237/4622) otto-state workgraph::tests::status_normalization
        PASS [   0.254s] (4238/4622) otto-state workgraph::tests::graph_grouped_approvals_and_indexed_plans
        PASS [   0.184s] (4239/4622) otto-state workgraph::tests::unchanged_upsert_does_not_touch_updated_at
        PASS [   0.163s] (4240/4622) otto-state workgraph::tests::upsert_is_idempotent_and_tracks_status
        PASS [   0.165s] (4241/4622) otto-state workspaces::tests::ensure_scratch_is_idempotent_and_heals
        PASS [   0.163s] (4242/4622) otto-state workspaces::tests::list_user_variants_omit_scratch_but_list_all_includes_it
        PASS [   0.165s] (4243/4622) otto-state workspaces::tests::role_of_gives_editor_on_scratch_to_non_member_and_admin_to_root
        PASS [   0.177s] (4244/4622) otto-state::email_senders email_senders_has_expected_columns
        PASS [   0.167s] (4245/4622) otto-state::email_senders email_senders_user_id_is_primary_key
        PASS [   0.198s] (4246/4622) otto-state::learning_checkpoints claims_are_exclusive_and_only_success_advances_checkpoint
        PASS [   0.212s] (4247/4622) otto-state::learning_checkpoints expired_claim_is_recovered_and_old_owner_cannot_commit
        PASS [   0.023s] (4248/4622) otto-state::migration_compat lint_flags_breaking_changes_and_passes_additive_ones
        PASS [   0.235s] (4249/4622) otto-state::learning_checkpoints learning_trail_filters_recency_and_noise_before_limit
        PASS [   0.193s] (4250/4622) otto-state::migration_compat migrations_after_the_baseline_stay_compatible_with_the_previous_build
        PASS [   0.180s] (4251/4622) otto-state::network_profiles network_profiles_preserve_version_and_validate_workspace_and_archive
        PASS [   0.128s] (4252/4622) otto-state::projects migration_preserves_legacy_project_and_backfills_swarm_membership
        PASS [   0.179s] (4253/4622) otto-state::projects metadata_rejects_missing_projects_without_overwriting_existing_membership
        PASS [   0.166s] (4254/4622) otto-state::projects oversized_curated_context_is_rejected_before_it_becomes_launch_arguments
        PASS [   0.161s] (4255/4622) otto-state::projects project_context_is_workspace_checked_and_membership_is_provider_independent
        PASS [   0.170s] (4256/4622) otto-state::projects project_session_paging_filters_owner_before_limit_and_orders_ties
        PASS [   0.173s] (4257/4622) otto-state::projects projects_share_existing_swarm_identity_and_preserve_execution_fields
        PASS [   0.177s] (4258/4622) otto-state::proof_repo artifacts_crud_upsert_and_cascade
        PASS [   0.174s] (4259/4622) otto-state::proof_repo badge_artifacts_match_list_artifacts_without_content
        PASS [   0.161s] (4260/4622) otto-state::proof_repo blob_roundtrip_and_cascade
        PASS [   0.165s] (4261/4622) otto-state::proof_repo list_filters_and_children
        PASS [   0.159s] (4262/4622) otto-state::proof_repo pack_crud_and_ensure_idempotent
        PASS [   0.163s] (4263/4622) otto-state::proof_repo proof_tables_exist
        PASS [   0.164s] (4264/4622) otto-state::proof_repo snapshots_are_monotonic_and_roundtrip
        PASS [   0.165s] (4265/4622) otto-state::proof_repo v2_columns_persist_repo_link_done_sha_waived_at
        PASS [   0.171s] (4266/4622) otto-state::share_tokens auth_sessions_has_share_scope_columns
        PASS [   0.184s] (4267/4622) otto-state::share_tokens auth_sessions_has_scope_index
        PASS [   0.190s] (4268/4622) otto-state::workspace_context workspace_context_cas_preserves_legacy_fields_and_explicitly_clears
        PASS [   0.191s] (4269/4622) otto-state::workspace_context concurrent_workspace_context_editors_cannot_both_save_the_same_revision
        PASS [   0.190s] (4270/4622) otto-state::workspace_context workspace_context_survives_stale_generic_settings_and_machine_rule_updates
        PASS [   0.193s] (4271/4622) otto-state::workspace_context workspace_context_validates_bounds_and_isolates_workspaces
        PASS [   0.016s] (4272/4622) otto-swarm recruiter::tests::cap_skills_ranks_relevant_first
        PASS [   0.021s] (4273/4622) otto-swarm recruiter::tests::cap_skills_fewer_than_cap_returns_all
        PASS [   0.010s] (4274/4622) otto-swarm recruiter::tests::discovery_planner_prompt_is_investigation_framed
        PASS [   0.010s] (4275/4622) otto-swarm recruiter::tests::cap_skills_respects_hard_limit
        PASS [   0.011s] (4276/4622) otto-swarm recruiter::tests::extract_fenced_json
        PASS [   0.011s] (4277/4622) otto-swarm recruiter::tests::extract_balanced_json
        PASS [   0.009s] (4278/4622) otto-swarm runtime::agent_run::registry_tests::plan_and_recruit_handles_are_independent
        PASS [   0.010s] (4279/4622) otto-swarm recruiter::tests::parse_recruited_minimal
        PASS [   0.009s] (4280/4622) otto-swarm runtime::engine::row_workspace_guard::scanner_flags_unchecked_handlers_of_any_binding_shape
        PASS [   0.010s] (4281/4622) otto-swarm runtime::engine::row_workspace_guard::workspace_scoped_row_handlers_check_row_ownership
        PASS [   0.016s] (4282/4622) otto-swarm runtime::engine::waiting_tests::waiting_keeps_since_per_code_and_clears_started_tasks
        PASS [   0.009s] (4283/4622) otto-swarm runtime::run::shared_files_tests::forgetting_the_last_branch_drops_the_swarm_entry
        PASS [   0.010s] (4284/4622) otto-swarm runtime::run::shared_files_tests::turn_cleanup_unregisters_and_removes_the_out_file
        PASS [   0.010s] (4285/4622) otto-swarm runtime::scheduler::tests::daily_armed_after_today_slot_waits_for_tomorrow
        PASS [   0.009s] (4286/4622) otto-swarm runtime::scheduler::tests::daily_respects_schedule_timezone
        PASS [   0.009s] (4287/4622) otto-swarm runtime::scheduler::tests::edited_schedule_keeps_cursor_so_it_does_not_refire
        PASS [   0.010s] (4288/4622) otto-swarm runtime::scheduler::tests::interval_due_when_never_run
        PASS [   0.009s] (4289/4622) otto-swarm runtime::scheduler::tests::interval_not_due_within_window
        PASS [   0.009s] (4290/4622) otto-swarm runtime::verify::tests::advisory_warns_without_fix_loop
        PASS [   0.009s] (4291/4622) otto-swarm runtime::verify::tests::cancel_short_circuits_before_merge
        PASS [   0.008s] (4292/4622) otto-swarm runtime::verify::tests::classify_table
        PASS [   0.009s] (4293/4622) otto-swarm runtime::verify::tests::failed_fix_turn_is_distinct_and_does_not_burn_retries
        PASS [   0.008s] (4294/4622) otto-swarm runtime::verify::tests::far_miss_blocks_merge_and_escalates
        PASS [   0.009s] (4295/4622) otto-swarm runtime::verify::tests::near_miss_warns_only_after_retries_then_merges
        PASS [   0.008s] (4296/4622) otto-swarm runtime::verify::tests::over_budget_stops_with_escalation
        PASS [   0.008s] (4297/4622) otto-swarm runtime::verify::tests::pass_first_then_merge
        PASS [   0.009s] (4298/4622) otto-swarm runtime::verify::tests::sequential_later_goal_runs_after_earlier_passes
        PASS [   0.429s] (4299/4622) otto-swarm runtime::engine::dispatch_tests::stopping_during_readiness_does_not_wait_or_send_late_input
        PASS [   2.216s] (4300/4622) otto-swarm runtime::wake::tests::a_burst_of_pokes_is_one_tick
        PASS [   2.036s] (4301/4622) otto-swarm runtime::wake::tests::a_poke_wakes_the_coordinator_after_the_min_gap
        PASS [   0.009s] (4302/4622) otto-swarm runtime::wake::tests::only_swarm_events_ring
        PASS [   0.008s] (4303/4622) otto-swarm runtime::wake::tests::poke_never_inserts_and_the_last_guard_drops_the_bell
        PASS [   0.008s] (4304/4622) otto-swarm runtime::workspace::tests::agent_worktree_is_keyed_by_project
        PASS [   0.033s] (4305/4622) otto-swarm runtime::wake::tests::cancel_stops_the_wait_at_once
        PASS [   0.009s] (4306/4622) otto-swarm runtime::workspace::tests::cwd_mode_defaults_to_worktree_for_code_projects
        PASS [   0.010s] (4307/4622) otto-swarm runtime::workspace::tests::helper_scripts_parse_flags_and_fail_loud
        PASS [   0.015s] (4308/4622) otto-swarm runtime::workspace::tests::exclude_helpers_is_a_noop_outside_git
        PASS [   0.009s] (4309/4622) otto-swarm runtime::workspace::tests::resolve_skills_agent_only_when_no_layers
        PASS [   0.009s] (4310/4622) otto-swarm runtime::workspace::tests::resolve_skills_unions_team_project_agent
        PASS [   0.037s] (4311/4622) otto-swarm runtime::workspace::tests::helpers_are_excluded_from_git_in_a_checkout
        PASS [   0.191s] (4312/4622) otto-swarm::service create_swarm_applies_defaults_and_threads_the_default_provider
        PASS [   0.174s] (4313/4622) otto-swarm::service delete_agent_and_task_remove_only_that_row
        PASS [   0.009s] (4314/4622) otto-swarm::service every_bundled_preset_parses_into_a_well_formed_org_tree
        PASS [   0.181s] (4315/4622) otto-swarm::service delete_swarm_cascades_to_every_child_and_leaves_siblings
        PASS [   0.183s] (4316/4622) otto-swarm::service instantiating_a_preset_wires_reports_to_by_agent_id
        PASS [   0.180s] (4317/4622) otto-swarm::service org_tree_reports_to_round_trips_and_detail_counts_match
        PASS [   0.181s] (4318/4622) otto-swarm::service update_swarm_is_a_partial_patch_and_null_clears_a_budget
        PASS [   0.022s] (4319/4622) otto-telemetry collector::recovery_tests::collector_resource_identity_covers_stop_exit_cancel_and_pid_reuse
        PASS [   0.011s] (4320/4622) otto-telemetry collector::recovery_tests::ownership_lock_excludes_concurrent_starts_and_releases_on_drop
        PASS [   0.008s] (4321/4622) otto-telemetry collector::recovery_tests::relative_config_arguments_cannot_claim_managed_ownership
        PASS [   0.008s] (4322/4622) otto-telemetry context::tests::uninstrumented_work_keeps_value_and_error
        PASS [   0.008s] (4323/4622) otto-telemetry tests::canceled_pending_export_is_accounted_without_claiming_acceptance
        PASS [   0.008s] (4324/4622) otto-telemetry tests::cancelled_and_unset_spans_stay_distinguishable
        PASS [   0.008s] (4325/4622) otto-telemetry tests::cancelled_export_requeues_unsent_points
        PASS [   0.008s] (4326/4622) otto-telemetry tests::collector_exporter_stats_parse_failures_and_queue_depth
        PASS [   0.007s] (4327/4622) otto-telemetry tests::config_requires_finite_bounded_thresholds
        PASS [   0.011s] (4328/4622) otto-telemetry tests::dismissed_suggestions_and_daily_schedule_survive_restart
        PASS [   0.024s] (4329/4622) otto-telemetry tests::consent_disable_clears_bounded_queue_without_starting_collector
        PASS [   0.008s] (4330/4622) otto-telemetry tests::drain_settlement_never_claims_unconfirmed_exports
        PASS [   0.008s] (4331/4622) otto-telemetry tests::flush_waits_for_the_interval_and_wakes_only_when_urgent
        PASS [   0.010s] (4332/4622) otto-telemetry tests::enable_persists_a_stable_first_analysis_deadline
        PASS [   0.008s] (4333/4622) otto-telemetry tests::nanoseconds_accept_decimal_string
        PASS [   0.010s] (4334/4622) otto-telemetry tests::opt_out_during_profile_setup_cannot_launch_sample
        PASS [   0.008s] (4335/4622) otto-telemetry tests::otlp_is_standard_json_and_does_not_export_error_bodies
        PASS [   0.008s] (4336/4622) otto-telemetry tests::profile_redacts_paths_addresses_and_headers
        PASS [   0.008s] (4337/4622) otto-telemetry tests::ranking_excludes_fast_high_volume_operations
        PASS [   0.008s] (4338/4622) otto-telemetry tests::ranking_uses_self_time_and_collapses_shared_traces
        PASS [   0.010s] (4339/4622) otto-telemetry tests::resource_sample_from_revoked_consent_cannot_publish_after_reenable
        PASS [   0.010s] (4340/4622) otto-telemetry tests::resource_samples_collapse_to_bounded_per_minute_maxima
        PASS [   0.008s] (4341/4622) otto-telemetry tests::slow_query_filters_before_limiting
        PASS [   0.008s] (4342/4622) otto-telemetry tests::span_rejects_content_and_invalid_numbers
        PASS [   0.008s] (4343/4622) otto-telemetry tests::spikes_require_sustained_cpu_or_an_abrupt_memory_increase
        PASS [   0.008s] (4344/4622) otto-telemetry tests::trace_drilldown_is_bounded_by_the_trace_id_lookup
        PASS [   0.033s] (4345/4622) otto-telemetry tests::verified_digest_cache_is_keyed_by_file_identity
        PASS [   0.196s] (4346/4622) otto-vault engine::performance_tests::artifact_index_failure_marks_cache_for_repair
        PASS [   0.715s] (4347/4622) otto-vault engine::performance_tests::autosaves_coalesce_into_one_deduped_revision
        PASS [   0.197s] (4348/4622) otto-vault engine::performance_tests::backlink_context_is_cached_per_source_hash
        PASS [   0.213s] (4349/4622) otto-vault engine::performance_tests::backlink_context_reads_are_bounded_to_the_requested_window
        PASS [   0.203s] (4350/4622) otto-vault engine::performance_tests::basename_candidate_changes_reconcile_existing_incoming_links
        PASS [   0.179s] (4351/4622) otto-vault engine::performance_tests::body_only_save_keeps_graph_generation_and_cached_graph
        PASS [   0.183s] (4352/4622) otto-vault engine::performance_tests::canceled_after_sql_commit_never_leaves_a_fresh_stale_cache
        PASS [   0.482s] (4353/4622) otto-vault engine::performance_tests::canceled_scan_file_and_removal_publications_invalidate_the_cache
        PASS [   0.172s] (4354/4622) otto-vault engine::performance_tests::case_only_rename_preserves_distinct_destination_or_renames_one_entry
        PASS [   0.202s] (4355/4622) otto-vault engine::performance_tests::cold_hydration_serializes_save
        PASS [   0.185s] (4356/4622) otto-vault engine::performance_tests::external_content_only_change_avoids_global_pass_and_delta_keeps_scan_clock
        PASS [   0.175s] (4357/4622) otto-vault engine::performance_tests::failed_structural_scan_retries_link_reconciliation
        PASS [   0.009s] (4358/4622) otto-vault engine::performance_tests::held_file_stat_timestamp_matches_standard_metadata_precision
        PASS [   0.166s] (4359/4622) otto-vault engine::performance_tests::incomplete_walk_preserves_indexed_notes
        PASS [   0.177s] (4360/4622) otto-vault engine::performance_tests::index_delta_rolls_back_derived_rows_and_keeps_source
        PASS [   0.171s] (4361/4622) otto-vault engine::performance_tests::legacy_oversized_rows_reindex_without_signature_change
        PASS [   0.171s] (4362/4622) otto-vault engine::performance_tests::legacy_revision_layout_still_restores
        PASS [   0.174s] (4363/4622) otto-vault engine::performance_tests::local_graph_bfs_uses_indexed_neighbourhood
        PASS [   0.179s] (4364/4622) otto-vault engine::performance_tests::new_note_reconciles_only_candidate_links
        PASS [   0.180s] (4365/4622) otto-vault engine::performance_tests::oversized_note_is_metadata_only
        PASS [   0.194s] (4366/4622) otto-vault engine::performance_tests::quiet_rescan_writes_no_scan_state
        PASS [   0.169s] (4367/4622) otto-vault engine::performance_tests::reappeared_removal_candidate_is_retained
        PASS [   0.195s] (4368/4622) otto-vault engine::performance_tests::removal_failure_keeps_derived_note_atomic
        PASS [   0.176s] (4369/4622) otto-vault engine::performance_tests::rename_survives_a_failed_link_rewrite
        PASS [   6.539s] (4370/4622) otto-telemetry tests::resource_sampling_continues_while_export_worker_is_blocked
        PASS [   1.712s] (4371/4622) otto-vault engine::performance_tests::revision_listing_reads_only_the_path_index
        PASS [   0.216s] (4372/4622) otto-vault engine::performance_tests::scan_cannot_overwrite_newer_api_delta
        PASS [   0.585s] (4373/4622) otto-vault engine::performance_tests::scale_1k_notes_hot_reads_within_budget
        PASS [   0.230s] (4374/4622) otto-vault engine::performance_tests::scan_folder_rename_fences_descendants
        PASS [   0.319s] (4375/4622) otto-vault engine::performance_tests::scan_many_added_targets_reconciles_links_once
        PASS [   0.292s] (4376/4622) otto-vault engine::performance_tests::search_filters_apply_before_the_limit_without_full_reads
        PASS [   0.194s] (4377/4622) otto-vault engine::performance_tests::size_limited_note_shrinking_restores_content_index
        PASS [   0.174s] (4378/4622) otto-vault engine::performance_tests::unchanged_scan_keeps_indexes_and_generation
        PASS [   0.164s] (4379/4622) otto-vault engine::performance_tests::unregister_releases_cached_indexes
        PASS [   0.165s] (4380/4622) otto-vault engine::performance_tests::unregister_retires_a_paused_scan
        PASS [   0.452s] (4381/4622) otto-vault engine::performance_tests::warm_directories_scale_to_twenty_thousand_indexed_files
        PASS [   0.167s] (4382/4622) otto-vault engine::performance_tests::warm_directory_reads_do_not_reload_all_rows
        PASS [   0.168s] (4383/4622) otto-vault engine::performance_tests::warm_save_does_not_scan_unrelated_files
        PASS [   0.181s] (4384/4622) otto-vault engine::performance_tests::warm_status_and_scoped_reads_do_not_recount_notes_and_links
        PASS [   0.009s] (4385/4622) otto-vault parse::tests::broken_yaml_is_fail_soft
        PASS [   0.009s] (4386/4622) otto-vault parse::tests::code_is_excluded
        PASS [   0.008s] (4387/4622) otto-vault parse::tests::comments_are_excluded
        PASS [   0.008s] (4388/4622) otto-vault parse::tests::derive_title_frontmatter_wins
        PASS [   0.008s] (4389/4622) otto-vault parse::tests::derive_title_h1_fallback_for_reserved_index
        PASS [   0.008s] (4390/4622) otto-vault parse::tests::derive_title_parent_dir_for_reserved_without_h1
        PASS [   0.009s] (4391/4622) otto-vault parse::tests::derive_title_stem_last_resort
        PASS [   0.008s] (4392/4622) otto-vault parse::tests::extractor_matches_rewriter_code_rules
        PASS [   0.008s] (4393/4622) otto-vault parse::tests::frontmatter_multiline_scalar_and_block_tags
        PASS [   0.008s] (4394/4622) otto-vault parse::tests::frontmatter_splits_and_parses
        PASS [   0.008s] (4395/4622) otto-vault parse::tests::headings_collected
        PASS [   0.009s] (4396/4622) otto-vault parse::tests::markdown_links_local_and_external
        PASS [   0.008s] (4397/4622) otto-vault parse::tests::no_frontmatter
        PASS [   0.008s] (4398/4622) otto-vault parse::tests::rewrite_keeps_titles_angle_brackets_and_long_fences
        PASS [   0.008s] (4399/4622) otto-vault parse::tests::rewrite_noop_is_bytes_identical
        PASS [   0.009s] (4400/4622) otto-vault parse::tests::rewrite_preserves_everything_else
        PASS [   0.008s] (4401/4622) otto-vault parse::tests::tags_inline_nested_and_not_headings
        PASS [   0.008s] (4402/4622) otto-vault parse::tests::unicode_safe
        PASS [   0.009s] (4403/4622) otto-vault parse::tests::wikilink_forms
        PASS [   1.758s] (4404/4622) otto-vault engine::performance_tests::status_polls_reuse_counts_and_skip_walks_when_watched
        PASS [   0.010s] (4405/4622) otto-vault prepare::tests::preparation_admission_bounds_waiting_work_and_cancellation
        PASS [   0.010s] (4406/4622) otto-vault recovery::gitignore_tests::a_deleted_recovery_dir_gets_its_gitignore_back
        PASS [   0.114s] (4407/4622) otto-vault prepare::tests::exact_threshold_hash_and_metadata_policy
        PASS [   0.009s] (4408/4622) otto-vault resolve::tests::absolute_form
        PASS [   0.008s] (4409/4622) otto-vault resolve::tests::ambiguous_basename_unresolved
        PASS [   0.041s] (4410/4622) otto-vault recovery::tracked_recovery_tests::probe_reports_only_recovery_dirs_git_tracks
        PASS [   0.008s] (4411/4622) otto-vault resolve::tests::dotted_note_names_resolve
        PASS [   0.009s] (4412/4622) otto-vault resolve::tests::attachment_with_extension
        PASS [   0.009s] (4413/4622) otto-vault resolve::tests::relative_form
        PASS [   0.009s] (4414/4622) otto-vault resolve::tests::root_relative_wikilink_without_ext
        PASS [   0.009s] (4415/4622) otto-vault scan::tests::diff_detects_add_change_remove
        PASS [   0.009s] (4416/4622) otto-vault resolve::tests::unique_basename_case_insensitive
        PASS [   0.010s] (4417/4622) otto-vault scan::tests::exact_regular_file_matches_bytes_not_case_or_symlinks
        PASS [   0.010s] (4418/4622) otto-vault scan::tests::walk_skips_hidden_trash_and_lists_notes_vs_files
        PASS [   0.010s] (4419/4622) otto-vault scan::tests::walk_skips_symlinks
        PASS [   0.167s] (4420/4622) otto-vault store::fts_map_tests::legacy_index_gets_its_map_built_and_deduplicated
        PASS [   0.009s] (4421/4622) otto-vault watch::tests::hidden_and_outside_paths_are_not_indexable
        PASS [   0.170s] (4422/4622) otto-vault store::fts_map_tests::replace_and_remove_go_through_the_rowid_map
        PASS [   0.211s] (4423/4622) otto-vault::engine content_generation_changes_for_edits_but_not_unchanged_scans
        PASS [   0.222s] (4424/4622) otto-vault::engine concurrent_text_file_writes_with_one_hash_yield_exactly_one_conflict
        PASS [   0.178s] (4425/4622) otto-vault::engine create_only_text_write_does_not_replace_an_unreadable_existing_file
        PASS [   0.186s] (4426/4622) otto-vault::engine dir_listing_and_switcher_and_search
        PASS [   0.010s] (4427/4622) otto-vault::engine firmlink_spelled_roots_are_refused_for_non_root
        PASS [   0.183s] (4428/4622) otto-vault::engine external_edit_is_picked_up_by_rescan
        PASS [   0.189s] (4429/4622) otto-vault::engine folder_rename_updates_absolute_and_relative_links
        PASS [   0.181s] (4430/4622) otto-vault::engine graph_attributes_survive_pruning_and_fold_type_case
        PASS [   0.179s] (4431/4622) otto-vault::engine graph_full_local_and_flags
        PASS [   0.210s] (4432/4622) otto-vault::engine history_and_trash_directories_are_gitignored
        PASS [   0.187s] (4433/4622) otto-vault::engine okf_index_generation_preserves_declared_version
        PASS [   0.181s] (4434/4622) otto-vault::engine okf_v02_metadata_is_optional_and_generated_at_replaces_timestamp
        PASS [   0.181s] (4435/4622) otto-vault::engine okf_validation_and_indexes
        PASS [   0.179s] (4436/4622) otto-vault::engine path_traversal_rejected
        PASS [   0.188s] (4437/4622) otto-vault::engine parent_swap_after_validation_cannot_redirect_text_write_outside_vault
        PASS [   0.169s] (4438/4622) otto-vault::engine regression_asset_symlink_cannot_escape_the_vault
        PASS [   0.346s] (4439/4622) otto-vault::engine recovery_records_survive_engine_restart_and_guard_hidden_symlinks
        PASS [   0.185s] (4440/4622) otto-vault::engine regression_case_only_rename_prunes_old_row
        PASS [   0.190s] (4441/4622) otto-vault::engine regression_note_read_returns_hash_and_metadata_for_the_bytes_served
        PASS [   0.222s] (4442/4622) otto-vault::engine regression_concurrent_markdown_compare_and_set_accepts_one_writer
        PASS [   0.196s] (4443/4622) otto-vault::engine regression_rename_rewrite_never_retargets_links
        PASS [   0.185s] (4444/4622) otto-vault::engine regression_symlinked_note_does_not_wedge_scans_or_pruning
        PASS [   0.179s] (4445/4622) otto-vault::engine regression_trash_never_replaces_a_previous_deleted_version
        PASS [   0.197s] (4446/4622) otto-vault::engine rename_rewrites_links_on_disk
        PASS [   0.199s] (4447/4622) otto-vault::engine revision_history_records_before_after_and_restores_with_conflict_guard
        PASS [   0.183s] (4448/4622) otto-vault::engine scan_indexes_notes_links_tags
        PASS [   0.187s] (4449/4622) otto-vault::engine trash_restore_preserves_paths_and_refuses_to_overwrite
        PASS [   0.185s] (4450/4622) otto-vault::engine vault_above_a_protected_dir_neither_indexes_nor_moves_it
        PASS [   0.192s] (4451/4622) otto-vault::engine vaults_are_global_across_workspaces
        PASS [   0.181s] (4452/4622) otto-vault::engine wikilink_basename_resolution
        PASS [   0.210s] (4453/4622) otto-vault::engine write_read_conflict_delete_roundtrip
        PASS [   0.232s] (4454/4622) otto-vault::engine write_text_file_is_guarded_versioned_and_scanned
        PASS [   0.187s] (4455/4622) otto-vault::http asset_route_refuses_key_like_files
        PASS [   0.168s] (4456/4622) otto-vault::http non_root_register_refuses_root_home_data_dir_and_their_ancestors
        PASS [   0.171s] (4457/4622) otto-vault::http recovery_routes_require_editor_for_restore_and_allow_viewer_reads
        PASS [   0.241s] (4458/4622) otto-vault::http note_wire_metadata_reports_index_limit_without_truncating_source
        PASS [   0.169s] (4459/4622) otto-vault::http text_file_route_requires_editor_role
        PASS [   0.015s] (4460/4622) otto-workflows catalog::tests::catalog_kinds_are_known
        PASS [   0.009s] (4461/4622) otto-workflows catalog::tests::prepare_context_output_schema_declares_jira
        PASS [   0.009s] (4462/4622) otto-workflows catalog::tests::review_run_catalog_declares_mode_param
        PASS [   0.009s] (4463/4622) otto-workflows chat::tests::binding_candidates_returns_all_matches_in_preference_order
        PASS [   0.009s] (4464/4622) otto-workflows chat::tests::binding_matching
        PASS [   0.008s] (4465/4622) otto-workflows chat::tests::entity_decode_runs_after_token_stripping
        PASS [   0.010s] (4466/4622) otto-workflows chat::tests::feature_branch_in_the_base_field_becomes_a_pr_hint
        PASS [   0.008s] (4467/4622) otto-workflows chat::tests::help_guide_lists_every_op_and_the_trigger_template
        PASS [   0.008s] (4468/4622) otto-workflows chat::tests::ignores_non_control_chatter
        PASS [   0.008s] (4469/4622) otto-workflows chat::tests::inline_goals_and_aliases
        PASS [   0.008s] (4470/4622) otto-workflows chat::tests::jira_ticket_survives_a_slack_link_unfurl
        PASS [   0.009s] (4471/4622) otto-workflows chat::tests::own_ack_guard_matches_anything_built_from_the_shared_prefix
        PASS [   0.011s] (4472/4622) otto-workflows chat::tests::own_ack_prefix_is_recognized
        PASS [   0.009s] (4473/4622) otto-workflows chat::tests::parses_control_synonyms
        PASS [   0.009s] (4474/4622) otto-workflows chat::tests::parses_full_command
        PASS [   0.009s] (4475/4622) otto-workflows chat::tests::parses_pr_field_single_and_multi_repo
        PASS [   0.009s] (4476/4622) otto-workflows chat::tests::requires_action_workflow_and_name
        PASS [   0.010s] (4477/4622) otto-workflows chat::tests::run_command_grammar
        PASS [   0.009s] (4478/4622) otto-workflows chat::tests::slack_html_escapes_are_decoded_in_field_values
        PASS [   0.009s] (4479/4622) otto-workflows chat::tests::thread_pinned_binding_preferred_over_unpinned
        PASS [   0.009s] (4480/4622) otto-workflows chat::tests::tolerates_leading_slack_mention
        PASS [   0.199s] (4481/4622) otto-workflows checkpoint::tests::completed_external_step_is_not_executed_after_reentry
        PASS [   0.689s] (4482/4622) otto-vault::http text_file_route_accepts_decoded_content_through_four_mib_and_rejects_next_byte
        PASS [   0.205s] (4483/4622) otto-workflows checkpoint::tests::inner_retry_budget_and_attempts_are_durable
        PASS [   0.013s] (4484/4622) otto-workflows context::tests::a_steps_edit_to_repos_json_is_read_back_and_survives_merge
        PASS [   0.011s] (4485/4622) otto-workflows context::tests::all_declared_errored_guards_only_total_failure
        PASS [   0.011s] (4486/4622) otto-workflows context::tests::brief_conditional_sections
        PASS [   0.011s] (4487/4622) otto-workflows context::tests::brief_mission_dedups_msg_equal_to_prompt
        PASS [   0.010s] (4488/4622) otto-workflows context::tests::entry_to_target_skips_nulls
        PASS [   0.013s] (4489/4622) otto-workflows context::tests::files_lifecycle_write_and_fallback
        PASS [   0.223s] (4490/4622) otto-workflows checkpoint::tests::unknown_external_outcome_stops_until_operator_retry
        PASS [   0.010s] (4491/4622) otto-workflows context::tests::final_output_skips_errored_and_handles_none
        PASS [   0.016s] (4492/4622) otto-workflows context::tests::final_output_last_content_step
        PASS [   0.010s] (4493/4622) otto-workflows context::tests::instruction_lists_mission_repos_steps
        PASS [   0.011s] (4494/4622) otto-workflows context::tests::list_step_mds_sorts_numerically
        PASS [   0.011s] (4495/4622) otto-workflows context::tests::merge_published_declared_source_wins
        PASS [   0.011s] (4496/4622) otto-workflows context::tests::named_writes_and_has_file
        PASS [   0.010s] (4497/4622) otto-workflows context::tests::parse_entries_tolerant_and_shaped
        PASS [   0.011s] (4498/4622) otto-workflows context::tests::persist_step_respects_agent_file_only_from_winning_attempt
        PASS [   0.011s] (4499/4622) otto-workflows context::tests::preamble_conditional_files
        PASS [   0.010s] (4500/4622) otto-workflows context::tests::preamble_names_files_and_own_target
        PASS [   0.012s] (4501/4622) otto-workflows context::tests::resumed_context_adopts_existing_deliverable_without_overwriting_it
        PASS [   0.011s] (4502/4622) otto-workflows context::tests::slug_sanitizes_and_caps
        PASS [   0.010s] (4503/4622) otto-workflows context::tests::step_md_full_reply_never_truncated
        PASS [   0.011s] (4504/4622) otto-workflows context::tests::step_names_match_user_convention
        PASS [   0.014s] (4505/4622) otto-workflows context::tests::ticket_and_step_briefs_are_readable_for_the_reviewers
        PASS [   0.011s] (4506/4622) otto-workflows prepare::tests::issue_md_header_and_optional_sections
        PASS [   0.011s] (4507/4622) otto-workflows prepare::tests::issue_md_renders_everything
        PASS [   0.011s] (4508/4622) otto-workflows prepare::tests::issue_md_skips_empty_optional_sections
        PASS [   0.011s] (4509/4622) otto-workflows prepare::tests::jira_ticket_field_must_hold_a_key
        PASS [   0.010s] (4510/4622) otto-workflows prepare::tests::key_extraction_order_and_shape
        PASS [   0.009s] (4511/4622) otto-workflows prepare::tests::key_extraction_precedence
        PASS [   0.010s] (4512/4622) otto-workflows retry::tests::retry_backoff_by_error_class
        PASS [   0.010s] (4513/4622) otto-workflows triggers::tests::filter_json_matches_flat_fields
        PASS [   0.010s] (4514/4622) otto-workflows triggers::tests::location_defaults_come_from_the_trigger_spec
        PASS [   0.010s] (4515/4622) otto-workflows triggers::tests::reserved_input_keys_are_stripped_per_source
        PASS [   0.213s] (4516/4622) otto-workflows context::tests::output_json_capped_with_marker
        PASS [   0.011s] (4517/4622) otto-workflows triggers::tests::result_destinations_copy_only_nonempty_strings
        PASS [   0.009s] (4518/4622) otto-workflows triggers::tests::workflow_run_updated_is_not_a_fireable_event_kind
        PASS [   0.010s] (4519/4622) otto-workflows validation::tests::dynamic_values_and_bounded_loops_are_valid
        PASS [   0.010s] (4520/4622) otto-workflows validation::tests::rejects_missing_nodes_cycles_parameters_and_bad_expressions
        PASS [   0.013s] (4521/4622) otto-workgraph normalize::tests::defaults_by_kind
        PASS [   0.010s] (4522/4622) otto-workgraph normalize::tests::sensitive_titles_are_high
        PASS [   0.021s] (4523/4622) ottod::bin/ottod housekeeping::tests::running_marker_reports_an_unclean_previous_run
        PASS [   0.013s] (4524/4622) ottod::bin/ottod housekeeping::tests::stderr_log_is_capped_in_place
        PASS [   0.015s] (4525/4622) ottod::bin/ottod housekeeping::tests::sweep_removes_only_the_exact_dead_patterns
        PASS [   0.024s] (4526/4622) ottod::bin/ottod mcp_tools::tests::a_grant_relists_against_a_daemon_without_the_reply_field
        PASS [   0.009s] (4527/4622) ottod::bin/ottod mcp_tools::tests::a_notification_tools_call_is_not_executed_or_answered
        PASS [   0.172s] (4528/4622) otto-workgraph service::tests::record_emits_on_create_and_status_change_only
        PASS [   0.009s] (4529/4622) ottod::bin/ottod mcp_tools::tests::an_empty_success_body_is_ok_not_a_parse_error
        PASS [   0.012s] (4530/4622) ottod::bin/ottod mcp_tools::tests::api_execute_rejects_brace_overrides
        PASS [   0.010s] (4531/4622) ottod::bin/ottod mcp_tools::tests::api_execute_requires_request_id_or_name
        PASS [   0.009s] (4532/4622) ottod::bin/ottod mcp_tools::tests::assistant_memory_tools_win_over_their_governed_twins
        PASS [   0.010s] (4533/4622) ottod::bin/ottod mcp_tools::tests::assistant_tool_call_surfaces_a_daemon_error
        PASS [   0.010s] (4534/4622) ottod::bin/ottod mcp_tools::tests::assistant_tools_are_shown_only_to_assistant_sessions
        PASS [   0.010s] (4535/4622) ottod::bin/ottod mcp_tools::tests::aws_athena_query_errors_without_sql
        PASS [   0.008s] (4536/4622) ottod::bin/ottod mcp_tools::tests::bounded_lines_drop_an_oversized_line_and_continue
        PASS [   0.011s] (4537/4622) ottod::bin/ottod mcp_tools::tests::browser_login_errors_without_domain
        PASS [   0.009s] (4538/4622) ottod::bin/ottod mcp_tools::tests::browser_login_errors_without_workspace
        PASS [   0.010s] (4539/4622) ottod::bin/ottod mcp_tools::tests::browser_marks_errors_without_workspace
        PASS [   0.009s] (4540/4622) ottod::bin/ottod mcp_tools::tests::browser_navigate_errors_without_url
        PASS [   0.009s] (4541/4622) ottod::bin/ottod mcp_tools::tests::browser_navigate_errors_without_workspace
        PASS [   0.009s] (4542/4622) ottod::bin/ottod mcp_tools::tests::browser_page_errors_without_url
        PASS [   0.009s] (4543/4622) ottod::bin/ottod mcp_tools::tests::browser_page_errors_without_workspace
        PASS [   0.009s] (4544/4622) ottod::bin/ottod mcp_tools::tests::browser_query_errors_without_selector
        PASS [   0.009s] (4545/4622) ottod::bin/ottod mcp_tools::tests::browser_summarize_errors_without_url
        PASS [   0.009s] (4546/4622) ottod::bin/ottod mcp_tools::tests::canvas_create_scene_errors_on_bad_format
        PASS [   0.009s] (4547/4622) ottod::bin/ottod mcp_tools::tests::canvas_create_scene_errors_without_title
        PASS [   0.009s] (4548/4622) ottod::bin/ottod mcp_tools::tests::canvas_create_scene_errors_without_workspace
        PASS [   0.009s] (4549/4622) ottod::bin/ottod mcp_tools::tests::canvas_update_scene_errors_without_source
        PASS [   0.007s] (4550/4622) ottod::bin/ottod mcp_tools::tests::cap_rows_passes_small_arrays
        PASS [   0.008s] (4551/4622) ottod::bin/ottod mcp_tools::tests::cap_rows_truncates_and_marks
        PASS [   0.008s] (4552/4622) ottod::bin/ottod mcp_tools::tests::catalog_lists_feature_read_tools
        PASS [   0.008s] (4553/4622) ottod::bin/ottod mcp_tools::tests::catalog_lists_the_aws_tools
        PASS [   0.008s] (4554/4622) ottod::bin/ottod mcp_tools::tests::catalog_lists_the_browser_tools
        PASS [   0.008s] (4555/4622) ottod::bin/ottod mcp_tools::tests::catalog_lists_the_canvas_write_tools
        PASS [   0.008s] (4556/4622) ottod::bin/ottod mcp_tools::tests::catalog_lists_the_delegation_tools
        PASS [   0.008s] (4557/4622) ottod::bin/ottod mcp_tools::tests::catalog_lists_the_k8s_tools
        PASS [   0.008s] (4558/4622) ottod::bin/ottod mcp_tools::tests::catalog_lists_the_swarm_board_tools
        PASS [   0.007s] (4559/4622) ottod::bin/ottod mcp_tools::tests::catalog_lists_the_vault_tools
        PASS [   0.008s] (4560/4622) ottod::bin/ottod mcp_tools::tests::catalog_lists_the_workbench_tools
        PASS [   0.819s] (4561/4622) ottod::bin/ottod mcp_tools::tests::a_slow_call_no_longer_blocks_the_next_one_or_ping
        PASS [   0.021s] (4562/4622) ottod::bin/ottod mcp_tools::tests::config_path_in_reads_flag_and_eq_forms
        PASS [   0.014s] (4563/4622) ottod::bin/ottod mcp_tools::tests::daemon_error_surfaces_the_problem_message
        PASS [   0.015s] (4564/4622) ottod::bin/ottod mcp_tools::tests::design_reads_are_native_read_only_and_route_to_the_design_api
        PASS [   0.011s] (4565/4622) ottod::bin/ottod mcp_tools::tests::design_writes_are_bridged_through_the_governed_path_only
        PASS [   0.011s] (4566/4622) ottod::bin/ottod mcp_tools::tests::every_governed_spec_is_native_aliased_or_uniquely_advertised
        PASS [   0.009s] (4567/4622) ottod::bin/ottod mcp_tools::tests::feature_read_errors_without_workspace_context
        PASS [   0.010s] (4568/4622) ottod::bin/ottod mcp_tools::tests::finalize_redacts_secrets_in_result
        PASS [   0.010s] (4569/4622) ottod::bin/ottod mcp_tools::tests::governed_git_tools_resolve_across_workspaces_not_the_session_one
        PASS [   0.007s] (4570/4622) ottod::bin/ottod mcp_tools::tests::governed_invoke_args_get_the_session_workspace
        PASS [   0.007s] (4571/4622) ottod::bin/ottod mcp_tools::tests::governed_native_results_map_back
        PASS [   0.007s] (4572/4622) ottod::bin/ottod mcp_tools::tests::governed_stdio_name_maps_the_dotted_catalog_name
        PASS [   0.009s] (4573/4622) ottod::bin/ottod mcp_tools::tests::governed_tool_call_surfaces_daemon_error_not_unknown_tool
        PASS [   0.009s] (4574/4622) ottod::bin/ottod mcp_tools::tests::governed_tools_only_advertise_the_enabled_set
        PASS [   0.009s] (4575/4622) ottod::bin/ottod mcp_tools::tests::governed_tools_skip_native_and_aliased_names
        PASS [   0.008s] (4576/4622) ottod::bin/ottod mcp_tools::tests::initialize_returns_protocol_and_serverinfo
        PASS [   0.007s] (4577/4622) ottod::bin/ottod mcp_tools::tests::initialized_notification_gets_no_reply
        PASS [   0.009s] (4578/4622) ottod::bin/ottod mcp_tools::tests::k8s_action_errors_without_required_ids
        PASS [   0.007s] (4579/4622) ottod::bin/ottod mcp_tools::tests::k8s_logs_path_forwards_filters_but_never_follow
        PASS [   0.007s] (4580/4622) ottod::bin/ottod mcp_tools::tests::list_repos_spans_every_workspace_current_first
        PASS [   0.010s] (4581/4622) ottod::bin/ottod mcp_tools::tests::list_tools_span_every_workspace_through_the_directory
        PASS [   0.007s] (4582/4622) ottod::bin/ottod mcp_tools::tests::merge_upsert_on_update_keeps_every_omitted_stored_field
        PASS [   0.007s] (4583/4622) ottod::bin/ottod mcp_tools::tests::merge_upsert_overlays_args_on_curl_and_omits_auth_when_absent
        PASS [   0.008s] (4584/4622) ottod::bin/ottod mcp_tools::tests::narrow_sources_drop_the_infra_consoles_from_the_listing
        PASS [   0.008s] (4585/4622) ottod::bin/ottod mcp_tools::tests::native_git_tools_take_a_friendly_optional_repo_ref
        PASS [   0.009s] (4586/4622) ottod::bin/ottod mcp_tools::tests::native_refs_resolve_names_and_the_sole_issue_account
        PASS [   0.011s] (4587/4622) ottod::bin/ottod mcp_tools::tests::native_tool_calls_are_audited_through_the_daemon
        PASS [   0.008s] (4588/4622) ottod::bin/ottod mcp_tools::tests::parse_creds_reads_fields_and_requires_token
        PASS [   0.008s] (4589/4622) ottod::bin/ottod mcp_tools::tests::pick_by_name_is_case_insensitive_and_reports_ambiguity
        PASS [   0.008s] (4590/4622) ottod::bin/ottod mcp_tools::tests::read_route_errors_without_workspace_or_required_arg
        PASS [   0.009s] (4591/4622) ottod::bin/ottod mcp_tools::tests::read_route_maps_aws_and_k8s_reads
        PASS [   0.010s] (4592/4622) ottod::bin/ottod mcp_tools::tests::read_route_maps_workspace_and_arg_tools
        PASS [   0.010s] (4593/4622) ottod::bin/ottod mcp_tools::tests::reviewer_read_bridge_maps_only_vault_reads_to_governed_tools
        PASS [   0.013s] (4594/4622) ottod::bin/ottod mcp_tools::tests::room_read_opens_on_the_tail_and_pages_both_ways
        PASS [   0.012s] (4595/4622) ottod::bin/ottod mcp_tools::tests::tail_text_keeps_the_newest_lines
        PASS [   0.011s] (4596/4622) ottod::bin/ottod mcp_tools::tests::tool_catalog_lists_the_api_client_tools
        PASS [   0.009s] (4597/4622) ottod::bin/ottod mcp_tools::tests::tool_catalog_lists_the_connection_db_tools
        PASS [   0.011s] (4598/4622) ottod::bin/ottod mcp_tools::tests::tool_catalog_lists_the_three_priority_tools
        PASS [   0.016s] (4599/4622) ottod::bin/ottod mcp_tools::tests::tools_list_catalog_stays_within_its_byte_budget
        PASS [   0.011s] (4600/4622) ottod::bin/ottod mcp_tools::tests::tools_list_is_answered
        PASS [   0.017s] (4601/4622) ottod::bin/ottod mcp_tools::tests::ui_tools_are_listed_only_with_the_grant_and_a_grant_relists
        PASS [   0.009s] (4602/4622) ottod::bin/ottod mcp_tools::tests::unknown_method_is_method_not_found
        PASS [   0.011s] (4603/4622) ottod::bin/ottod mcp_tools::tests::unknown_tool_returns_error_content
        PASS [   0.010s] (4604/4622) ottod::bin/ottod mcp_tools::tests::vault_docs_review_source_cannot_call_hidden_vault_mutations
        PASS [   0.010s] (4605/4622) ottod::bin/ottod mcp_tools::tests::vault_docs_review_source_gets_read_only_vault_catalog
        PASS [   0.011s] (4606/4622) ottod::bin/ottod mcp_tools::tests::vault_write_file_requires_string_content_but_allows_explicit_empty
        PASS [   0.009s] (4607/4622) ottod::bin/ottod mcp_tools::tests::workbench_history_catalog_exposes_bounded_paging
        PASS [   0.010s] (4608/4622) ottod::bin/ottod mcp_tools::tests::workbench_history_handler_forwards_cursor_and_preserves_direct_revision
        PASS [   0.008s] (4609/4622) ottod::bin/ottod shutdown_budget_tests::steps_never_eat_the_clickhouse_reserve
        PASS [   0.008s] (4610/4622) ottod::bin/ottod shutdown_budget_tests::teardown_deadline_is_anchored_at_the_signal
        PASS [   0.008s] (4611/4622) ottod::bin/ottod shutdown_budget_tests::worst_case_stop_fits_inside_launchd_exit_timeout
        PASS [   0.008s] (4612/4622) ottod::bin/ottod usage_tailer::tests::codex_thread_uuid_from_rollout_filename
        PASS [   0.380s] (4613/4622) ottod::bin/ottod usage_tailer::tests::fsevents_watcher_reports_new_transcripts
        PASS [   0.012s] (4614/4622) ottod::bin/ottod usage_tailer::tests::listings_carry_sizes_and_filter_names
        PASS [   0.011s] (4615/4622) ottod::bin/ottod usage_tailer::tests::read_last_codex_usage_finds_the_newest_cumulative_snapshot
        PASS [   0.009s] (4616/4622) ottod::bin/ottod usage_tailer::tests::read_lines_window_streams_and_widens_for_a_giant_line
        PASS [   0.009s] (4617/4622) ottod::bin/ottod usage_tailer::tests::rebuild_streams_dedups_and_keeps_final_usage
        PASS [   0.194s] (4618/4622) ottod::bin/ottod usage_tailer::tests::streaming_passes_reuse_attribution
        PASS [   0.009s] (4619/4622) ottod::bin/ottod usage_tailer::tests::subagent_transcripts_bill_to_their_parent_session
        PASS [   1.616s] (4620/4622) ottod::bin/ottod mcp_tools::tests::concurrency_is_capped
        PASS [   0.008s] (4621/4622) ottod::bin/ottod usage_tailer::tests::watcher_paths_are_classified
        PASS [   0.892s] (4622/4622) ottod::bin/ottod usage_tailer::tests::unchanged_tree_pass_does_no_attribution_or_reads
────────────
     Summary [ 303.880s] 4622 tests run: 4622 passed, 91 skipped
+ cargo test -p otto-assistant -p otto-context -p otto-state -p otto-mcp -p otto-rbac -p otto-memory -p otto-sessions -p otto-git -p otto-telemetry -p otto-connections -p otto-automation -p otto-agent-run -p otto-channels -p otto-aws -p otto-k8s -p otto-dbviewer -p otto-issues -p otto-improve -p otto-insights -p otto-skills -p otto-server -p otto-brokers -p otto-canvas -p otto-design -p otto-design-assist -p otto-product -p otto-swarm -p otto-review -p otto-vault -p otto-workflows -p otto-workgraph --doc
    Finished `test` profile [unoptimized] target(s) in 0.73s
   Doc-tests otto_agent_run

running 0 tests

test result: ok. 0 passed; 0 failed; 0 ignored; 0 measured; 0 filtered out; finished in 0.00s

   Doc-tests otto_assistant

running 0 tests

test result: ok. 0 passed; 0 failed; 0 ignored; 0 measured; 0 filtered out; finished in 0.00s

   Doc-tests otto_automation

running 0 tests

test result: ok. 0 passed; 0 failed; 0 ignored; 0 measured; 0 filtered out; finished in 0.00s

   Doc-tests otto_aws

running 0 tests

test result: ok. 0 passed; 0 failed; 0 ignored; 0 measured; 0 filtered out; finished in 0.00s

   Doc-tests otto_brokers

running 0 tests

test result: ok. 0 passed; 0 failed; 0 ignored; 0 measured; 0 filtered out; finished in 0.00s

   Doc-tests otto_canvas

running 0 tests

test result: ok. 0 passed; 0 failed; 0 ignored; 0 measured; 0 filtered out; finished in 0.00s

   Doc-tests otto_channels

running 0 tests

test result: ok. 0 passed; 0 failed; 0 ignored; 0 measured; 0 filtered out; finished in 0.00s

   Doc-tests otto_connections

running 0 tests

test result: ok. 0 passed; 0 failed; 0 ignored; 0 measured; 0 filtered out; finished in 0.00s

   Doc-tests otto_context

running 0 tests

test result: ok. 0 passed; 0 failed; 0 ignored; 0 measured; 0 filtered out; finished in 0.00s

   Doc-tests otto_dbviewer

running 0 tests

test result: ok. 0 passed; 0 failed; 0 ignored; 0 measured; 0 filtered out; finished in 0.00s

   Doc-tests otto_design

running 0 tests

test result: ok. 0 passed; 0 failed; 0 ignored; 0 measured; 0 filtered out; finished in 0.00s

   Doc-tests otto_design_assist

running 0 tests

test result: ok. 0 passed; 0 failed; 0 ignored; 0 measured; 0 filtered out; finished in 0.00s

   Doc-tests otto_git

running 0 tests

test result: ok. 0 passed; 0 failed; 0 ignored; 0 measured; 0 filtered out; finished in 0.00s

   Doc-tests otto_improve

running 0 tests

test result: ok. 0 passed; 0 failed; 0 ignored; 0 measured; 0 filtered out; finished in 0.00s

   Doc-tests otto_insights

running 0 tests

test result: ok. 0 passed; 0 failed; 0 ignored; 0 measured; 0 filtered out; finished in 0.00s

   Doc-tests otto_issues

running 0 tests

test result: ok. 0 passed; 0 failed; 0 ignored; 0 measured; 0 filtered out; finished in 0.00s

   Doc-tests otto_k8s

running 0 tests

test result: ok. 0 passed; 0 failed; 0 ignored; 0 measured; 0 filtered out; finished in 0.00s

   Doc-tests otto_mcp

running 0 tests

test result: ok. 0 passed; 0 failed; 0 ignored; 0 measured; 0 filtered out; finished in 0.00s

   Doc-tests otto_memory

running 0 tests

test result: ok. 0 passed; 0 failed; 0 ignored; 0 measured; 0 filtered out; finished in 0.00s

   Doc-tests otto_product

running 0 tests

test result: ok. 0 passed; 0 failed; 0 ignored; 0 measured; 0 filtered out; finished in 0.00s

   Doc-tests otto_rbac

running 0 tests

test result: ok. 0 passed; 0 failed; 0 ignored; 0 measured; 0 filtered out; finished in 0.00s

   Doc-tests otto_review

running 0 tests

test result: ok. 0 passed; 0 failed; 0 ignored; 0 measured; 0 filtered out; finished in 0.00s

   Doc-tests otto_server

running 1 test
test crates/otto-server/src/test_support.rs - test_support (line 11) ... ignored

test result: ok. 0 passed; 0 failed; 1 ignored; 0 measured; 0 filtered out; finished in 0.00s

   Doc-tests otto_sessions

running 0 tests

test result: ok. 0 passed; 0 failed; 0 ignored; 0 measured; 0 filtered out; finished in 0.00s

   Doc-tests otto_skills

running 0 tests

test result: ok. 0 passed; 0 failed; 0 ignored; 0 measured; 0 filtered out; finished in 0.00s

   Doc-tests otto_state

running 0 tests

test result: ok. 0 passed; 0 failed; 0 ignored; 0 measured; 0 filtered out; finished in 0.00s

   Doc-tests otto_swarm

running 0 tests

test result: ok. 0 passed; 0 failed; 0 ignored; 0 measured; 0 filtered out; finished in 0.00s

   Doc-tests otto_telemetry

running 0 tests

test result: ok. 0 passed; 0 failed; 0 ignored; 0 measured; 0 filtered out; finished in 0.00s

   Doc-tests otto_vault

running 0 tests

test result: ok. 0 passed; 0 failed; 0 ignored; 0 measured; 0 filtered out; finished in 0.00s

   Doc-tests otto_workflows

running 0 tests

test result: ok. 0 passed; 0 failed; 0 ignored; 0 measured; 0 filtered out; finished in 0.00s

   Doc-tests otto_workgraph

running 0 tests

test result: ok. 0 passed; 0 failed; 0 ignored; 0 measured; 0 filtered out; finished in 0.00s


[1m==> rust LOC ratchet[0m
+ python3 scripts/loc-ratchet.py
::error::loc-ratchet: crates/otto-dbviewer/src/service.rs: 4172 lines > ratchet 4118 (+54) — move code out instead of adding it
