✔ scratch broadcasts are allowed while mixed and missing recipients are refused (0.397375ms)
✔ saved view filters combine provider, repository and minimum cost (0.08275ms)
✔ tokens parse for every combination (0.422834ms)
✔ generated palettes stay inside the scheme luminance band for any accent (0.843166ms)
✔ photo pixels are clamped into the band (0.433209ms)
✔ text and dim text on chrome glass are AA over every ambient pixel, all five combinations (1.178417ms)
✔ raised glass (menus, palette) is AA over app surfaces; --text survives any backdrop (0.157417ms)
✔ ambientImage: none, a translucent wash, an opaque wallpaper, or the photo (0.248959ms)
✔ API-created minimal automation is editable without assertion/extraction arrays (0.5865ms)
✔ editing an assertion does not mutate the persisted automation snapshot (0.096375ms)
✔ save completion belongs to the initiating tab, never the newly active tab (83.984709ms)
✔ runtime variables are scoped to the restored workspace (45.32925ms)
✔ cleared extras serialize explicitly, and gRPC schema/method round trip (35.5255ms)
✔ OAuth completion updates originating inactive tab and keeps later auth edits (30.556625ms)
✔ cancel during asynchronous pre-script prevents HTTP and clears sending (30.031042ms)
✔ closing the initiating tab cancels a pending pre-script (34.240834ms)
✔ replaced execution ignores late pre-script even with the same tab identity (34.687541ms)
✔ environment stays with the execution snapshot while pre-script is pending (25.130917ms)
✔ opening a saved request never replaces unsaved edits in the active tab (29.967209ms)
✔ a pristine blank tab is reused when opening a saved request (30.785625ms)
✔ history replay rehydrates masked credentials from the saved request, never sends *** (27.264916ms)
✔ automation runs poll deltas and append only the new steps (2030.639417ms)
✔ import creates every item in order and reloads the lists once (27.505625ms)
✔ opening a saved request fetches its full row once and reuses it (28.597375ms)
✔ a restored tab whose saved row is not loaded yet is never repurposed (25.37375ms)
✔ a final run_progress during an in-flight delta GET is latched, not dropped (31.438959ms)
✔ run_progress wakes are coalesced to one delta GET per 250 ms (825.574375ms)
✔ api_client_changed patches the loaded workspace and expires others (1531.212666ms)
✔ switching tabs keeps each tab its own response (31.7465ms)
✔ two tabs send concurrently; a background tab’s response is kept, never cancelled (29.217209ms)
✔ cancel only stops the active tab’s send (25.091625ms)
✔ opening a history entry shows its stored response, flagged as from history (27.030125ms)
✔ api_history_appended refetches only a history list someone asked for (perf H1) (679.592166ms)
✔ concurrent script writes preserve newer unrelated variables: console.log('done') (25.96675ms)
✔ concurrent script writes preserve newer unrelated variables: pm.variables.set('a','one') (24.8005ms)
✔ concurrent script writes preserve newer unrelated variables: pm.variables.unset('remove') (24.647291ms)
✔ loadCollections: late response cannot overwrite workspace B (328.064417ms)
✔ saveCollection: completed write returns to caller but cannot publish into workspace B (332.620125ms)
✔ loadCollections: late response cannot overwrite a new A visit (478.476ms)
✔ saveCollection: completed write returns to caller but cannot publish into a new A visit (478.388583ms)
✔ saveCollection: stale failure does not toast over the new workspace (329.595917ms)
✔ loadEnvironments: late response cannot overwrite workspace B (329.060917ms)
✔ saveEnvironment: completed write returns to caller but cannot publish into workspace B (324.082708ms)
✔ loadEnvironments: late response cannot overwrite a new A visit (473.919416ms)
✔ saveEnvironment: completed write returns to caller but cannot publish into a new A visit (477.037417ms)
✔ saveEnvironment: stale failure does not toast over the new workspace (332.932333ms)
✔ loadAutomations: late response cannot overwrite workspace B (329.901ms)
✔ saveAutomation: completed write returns to caller but cannot publish into workspace B (326.501542ms)
✔ loadAutomations: late response cannot overwrite a new A visit (476.555167ms)
✔ saveAutomation: completed write returns to caller but cannot publish into a new A visit (478.403416ms)
✔ saveAutomation: stale failure does not toast over the new workspace (344.103125ms)
✔ loadCollections: stale error cannot mark a successfully loaded empty workspace as failed (337.478416ms)
✔ loadRequests: stale error cannot mark a successfully loaded empty workspace as failed (328.093875ms)
✔ loadEnvironments: stale error cannot mark a successfully loaded empty workspace as failed (327.4095ms)
✔ late activation cannot clear the new workspace active environment or change its next Send (329.9495ms)
✔ loadAll: old A success cannot overwrite the fresh A visit after A-B-A (325.321083ms)
✔ loadAll: obsolete A failure cannot clear the loading state of a newer A visit (326.920417ms)
✔ lists stay pending until this workspace settles once — a refetch never re-enters "not loaded" (330.201833ms)
✔ a stalled interactive GET rejects with a timeout ApiError (85.155083ms)
✔ a caller abort stays an AbortError (not reported as a timeout) (22.264542ms)
✔ writes and the long lane carry no default deadline (58.26075ms)
✔ authedText: a 401 dispatches the unauthorized event like api.* (21.97675ms)
✔ GraphQL variables: blank → {}, object passes, bad JSON names the line (0.788084ms)
✔ history direct and event invalidations share one snapshot, including duplicate event during fetch (0.594917ms)
✔ history append after fetch began produces exactly one necessary followup (0.246208ms)
✔ history workspace replacement aborts and ignores old response (0.415125ms)
✔ history detail cannot overwrite another selection, workspace, tab or edited draft (0.2945ms)
✔ detail failure preserves draft and clears only its own pending state (0.154584ms)
✔ postman secret and credential-named variables import as Keychain secrets (0.725375ms)
✔ an environment without secrets sends no secret values (0.07ms)
✔ a small response opens two levels (0.667584ms)
✔ a root array of wide objects does not open every row (bounded mount) (1.162416ms)
✔ a scalar root opens nothing but itself (0.0625ms)
✔ a clicked commit diff stays on the interactive lane (66.69775ms)
✔ history walks and remote git still use the long lane (19.269208ms)
✔ a DB schema load or object open (both can dial) uses the long lane (17.333417ms)
✔ empty error responses reject instead of reporting a successful mutation (81.979167ms)
✔ accepted JSON responses retain the updated object (16.386542ms)
✔ genuinely empty accepted and no-content responses resolve without JSON parsing (28.392917ms)
✔ declared text types are always text (0.562541ms)
✔ binary payloads are detected by their decoded bytes (0.139208ms)
✔ persisted tabs never carry plaintext credentials (0.6595ms)
✔ a saved-request tab persists the stored marker, not the typed replacement (0.094959ms)
✔ history replay never sends the literal mask (0.120958ms)
✔ credential-carrying keys mirror the daemon (0.053542ms)
✔ the storage banner is offered only past a size with no limit for that part (0.332375ms)
✔ presets always set a limit (none deletes by default) and sizes read (0.111958ms)
✔ late callbacks from a replaced socket cannot mutate current stream (33.980375ms)
✔ stream console retains a bounded tail and counts discarded messages (12.709917ms)
✔ a message burst updates the console once per animation frame (7.332667ms)
✔ variables resolve in daemon order: built-ins, session, environment, secret, missing (0.678042ms)
✔ variable discovery and highlight segments (0.612083ms)
✔ method and status tones carry words, not only colour (0.118959ms)
✔ collection paths follow the tree order (4.86975ms)
✔ url split and Set-Cookie parsing (0.218458ms)
✔ JSON tree search finds keys and values and opens their ancestors (0.267916ms)
✔ duplicating a request never copies another request’s Keychain marker (0.092375ms)
✔ every user-facing archive goes through ws.requestArchive (3.484375ms)
✔ requestArchive confirms a working agent before archiving (0.81625ms)
✔ SessionView "Save & restart" runs the restart working-guard first (0.176958ms)
✔ a leading @codex routes the turn; the daemon-bound text drops it (0.729667ms)
✔ mid-sentence mentions, emails, handles and other providers never route (0.075125ms)
✔ provider labels read like the mockup chip (0.118708ms)
✔ threads split into Spaces 01–04 and Recent (newest first) (1.058792ms)
✔ the page opens on the remembered thread, else the latest (0.13975ms)
✔ turn kinds map to cards; one card per task; unreferenced thread tasks still show (0.2315ms)
✔ memory chip payloads are validated (0.062333ms)
✔ memory chips sit on the reply that follows them; cards land by time (0.271958ms)
✔ timestamps with different precision still order as instants (0.082708ms)
✔ replies of the current session come from the transcript; older providers stay from the index (0.237333ms)
✔ without a session the index is the whole conversation (0.056042ms)
✔ provider inference from a model id (0.112959ms)
✔ the queue holds exactly the tasks whose newest row is needs_you (0.134792ms)
✔ stale frames and slow snapshots never roll the queue back (0.039792ms)
✔ a snapshot drops what left the queue but keeps what arrived while it was in flight (0.052875ms)
✔ per-thread counts (0.048291ms)
✔ tasks group into board columns, newest change first (0.052833ms)
✔ reminders read Scheduled / Delivered (0.034458ms)
✔ upsertNewer ignores stale rows (0.060917ms)
✔ browser progress is read defensively from result.browser (0.067458ms)
✔ keyword lists and load share (0.12175ms)
✔ limit notice text (0.036791ms)
✔ reminder labels (7.201334ms)
✔ page find includes an unloaded provider match beyond the first transcript page (31.085791ms)
✔ a late old async provider query cannot replace the current matches (5.9075ms)
✔ remote find failure is visible rather than reporting whole-history absence (4.74075ms)
✔ a failed departed provider cannot report its error in the replacement provider (5.329333ms)
✔ closing find aborts pending provider search and prevents late results (4.236917ms)
✔ boot: the saved workspace's session list goes out with /workspaces, and is used once (perf G3) (88.154708ms)
✔ boot: a saved workspace that no longer exists drops its speculative list (perf G3) (36.032584ms)
✔ the archived probe stops once it found rows, and keeps asking while there are none (perf G7) (1100.227084ms)
✔ late workspace selection cannot publish sessions or restore the old layout (24.898208ms)
✔ concurrent refreshes in one workspace coalesce into one trailing load (23.840333ms)
✔ selection waits for a superseding refresh before restoring saved tabs (27.565875ms)
✔ old History pagination cannot append to a new provider list (5.933417ms)
✔ failed workspace selection clears foreign sessions and retry restores the selected layout (27.033417ms)
✔ archive events synchronize membership in two independent windows (51.678208ms)
✔ workspace changes ask before identity, tabs or persistence are replaced (22.148ms)
✔ same-workspace selection cancels a pending workspace leave decision (20.705417ms)
✔ a successful workspace leave saves against the original workspace before switching (24.210625ms)
✔ canceling current workspace archive sends no archive request (20.40725ms)
✔ approved workspace archive asks once and selects its fallback (28.495875ms)
✔ an archive response cannot redirect a newer completed workspace selection (22.634958ms)
✔ archiving the last workspace asks once then enters scratch context (17.686958ms)
✔ a selection made while /workspaces is in flight keeps the list and settles it (side-pane guest) (20.9355ms)
✔ a 401 on /auth/me clears the token and asks for login (54.403625ms)
✔ a 5xx / transport failure keeps the token and stays offline (polled) (10.027792ms)
✔ a failed re-boot of a running app keeps the shell up (8.854292ms)
✔ a stalled /meta moves boot to offline instead of spinning forever (S13-05) (12.277041ms)
✔ a stalled /meta on an in-place re-boot keeps the running shell up (S13-304) (11.988708ms)
✔ impersonation start lives in this tab's sessionStorage, not shared localStorage (S13-07) (6.501792ms)
✔ the impersonation bearer stays in this tab — the shared token is never overwritten (S13-303) (5.73175ms)
✔ an expired impersonation (4401 → 401 path) falls back to the admin session (S13-302) (5.671083ms)
✔ a re-boot whose impersonation token expired lands on the admin, not sign-in (S13-302) (6.174833ms)
✔ the insights report frame is script-only: no popups, no same-origin (0.998042ms)
✔ the insights link bridge only honours the frame, http(s), a user gesture and a rate limit (0.178417ms)
✔ plugin frames: messages are source-checked and the slug is validated before framing (0.329417ms)
✔ latestOnly: a superseded ticket is not current and its signal aborts (38.081958ms)
✔ loops: a background poll landing after Pause cannot restore "running" (25.623667ms)
✔ loops: answerQuestion encodes the question id (13.952833ms)
✔ scheduled tasks: the start snapshot landing after the finish one is dropped (10.473084ms)
✔ lazyComponent: a failed prefetch stays silent and the first open retries (8.700958ms)
✔ the Automate chooser lists the overlapping automations that live outside Automate (S20-18) (1.233958ms)
✔ every Automate page offers the chooser beyond its empty state (2.4965ms)
✔ the chooser hides modules the user cannot open, using the sidebar gate (S20-307) (3.401708ms)
✔ reads pass without a confirm (0.475959ms)
✔ DDL, DML and unknown statements need a confirm (0.136125ms)
✔ base64ToBytes round-trips binary data (native fromBase64 when present) (2.703458ms)
✔ the atob fallback decodes identically (1.712ms)
✔ brandCssVars uses the contract names (same as the server CSS export) (1.16775ms)
✔ resolveToken covers every group, sub-properties and css vars (0.329791ms)
✔ parseTokenRef and tokenRefs mirror the server (0.25975ms)
✔ cssIdent kebab-cases like the Rust exporter (0.077041ms)
✔ contrast: WCAG ratios, levels, ink and on-colour (0.180375ms)
✔ diffTokens reports changed / added / removed with canonical values (0.220833ms)
✔ validateBrandDoc mirrors the server rules (0.400875ms)
✔ normalizeBrandDoc tidies loose values and migrates the Phase 0 scaffold (0.309333ms)
✔ every starter kit validates and has readable primaries (0.368625ms)
✔ editing helpers keep order and pick unique names (0.467166ms)
✔ late annotation read cannot replace another active tab marks (59.336ms)
✔ creating a mark then switching tabs does not append to the new page (16.954583ms)
✔ the script fills only on the credential domain or its subdomains (0.535375ms)
✔ the script refuses a downgrade to plain http off loopback (0.131208ms)
✔ the password and username are JSON-escaped into the script (0.091708ms)
✔ host-side re-check: a redirect during the confirmation blocks the fill (0.075041ms)
✔ eval results are normalised whether quoted or raw (0.083416ms)
✔ the in-page origin check survives a page that poisons String built-ins (S18-307) (0.552959ms)
✔ fitContain letterboxes a wide frame top/bottom and centres it (0.7545ms)
✔ fitContain pillarboxes a tall frame left/right (0.067917ms)
✔ fitContain with a degenerate size draws nothing (0.038625ms)
✔ clientToPage maps through a 2x (retina) frame to CSS px (0.084625ms)
✔ clientToPage handles a downscaled frame (image smaller than the viewport) (0.049834ms)
✔ clientToPage ignores clicks on the letterbox bars (0.05325ms)
✔ clientToPage subtracts the frame offset_top and rejects the bar above it (0.039375ms)
✔ viewportFor clamps to the daemon range and quantises the device scale factor (0.10275ms)
✔ viewportFor lowers the scale factor to stay inside the pixel budget (0.07125ms)
✔ viewportChanged ignores 1px wobble but not a dpr change (0.072375ms)
✔ app chords already handled by the global key map pass through (0.074208ms)
✔ browser-convention chords are handled locally (0.044792ms)
✔ Esc releases the keyboard; ⇧Esc is sent to the page as Escape (0.074083ms)
✔ IME / soft-keyboard keystrokes are ignored (text arrives via input/composition) (0.029459ms)
✔ plain typing, editing and copy chords are forwarded (0.035375ms)
✔ modifierMask uses CDP bits (0.023292ms)
✔ virtualKeyCode covers letters, digits, punctuation and named keys (0.0765ms)
✔ keyPayload is the contract key frame: text on keydown only, Enter types \r, chords type nothing (0.048ms)
✔ coalesce sends the first move at once and the LATEST one per interval (0.104791ms)
✔ coalesce.flush sends the pending move before a click; cancel drops it (0.058125ms)
✔ mergeWheel sums deltas at the latest position; modifier change restarts (0.036083ms)
✔ wheelPixels normalises line and page deltas (0.024834ms)
✔ backoff grows exponentially with a cap and bounded jitter (0.032667ms)
✔ reducer walks connect → live → reconnecting → connecting → live (0.071541ms)
✔ S18-18: accept-then-close servers exhaust the retries instead of looping forever (0.035792ms)
✔ terminal close codes and closed frames end the session without retry (0.038708ms)
✔ the reducer gives up after maxAttempts (0.029875ms)
✔ duplicate connect / stray open / frame-while-not-live are no-ops (0.019583ms)
✔ steady-state frames return the SAME state (no per-frame reactive churn) (0.038958ms)
✔ isStale: a quiet live page is never stale; any non-live socket is (0.028667ms)
✔ input-to-frame latency: first input starts the sample, the next frame ends it (0.026875ms)
✔ meter reports frames in the last second and smooths the latency (0.046167ms)
✔ parseServer ignores junk; buttonName maps DOM buttons (0.062375ms)
✔ safeCursor only lets known CSS cursor keywords through (0.025333ms)
✔ parseBinaryFrame reads the v1 layout: version byte, u32 BE length, JSON header, JPEG (0.098875ms)
✔ parseBinaryFrame drops unknown versions, truncated buffers and bad headers (0.037792ms)
✔ driverFor: agent blocks, another person is "other", me/nobody may drive (0.022958ms)
✔ closed reasons and the SSRF note read as sentences (0.075333ms)
✔ approvalFacts builds where / what / who sees it / as from the held request (0.105042ms)
✔ approvalFacts falls back to the URL host and leaves unknowns out (0.070584ms)
✔ openTab completion cannot enter a different workspace (53.0415ms)
✔ openTab completion cannot enter a new visit to the original workspace (13.206458ms)
✔ openLiveTab completion cannot enter a different workspace (9.894875ms)
✔ openLiveTab completion cannot enter a new visit to the original workspace (8.444708ms)
✔ reader navigation never persists a title obtained from another active tab (9.85175ms)
✔ older reader navigation completing last cannot replace a newer URL (9.172292ms)
✔ overlapping live navigations persist the newest URL even when the first write is slow (8.80825ms)
✔ closing the last active tab invalidates a late reader success before close completes (7.703667ms)
✔ closing the last active tab invalidates a late reader failure before close completes (7.710709ms)
✔ closing a background tab leaves the active reader request valid (8.987209ms)
✔ failed active close restores the previous readable content and selection (7.141ms)
✔ refSha accepts only full sha256 refs (0.412792ms)
✔ the client digest is the server content address (sha256 of the data-URL text) (2.115917ms)
✔ a 3 MB image goes inline once, then every autosave sends a ref (0.230541ms)
✔ an unresolved ref passes through and is not re-learned as inline (0.064ms)
✔ the file cache defaults to a 64 MB bound (0.036958ms)
✔ the file cache is a byte-bounded LRU: past the cap the oldest sha is refetched (0.741333ms)
✔ a board unmount releases its files unless another open board uses them (0.208584ms)
✔ a failed or mid-flight-released fetch leaves nothing behind (0.266208ms)
✔ a push applies once; saves (dirty → false) never re-apply it (54.24525ms)
✔ a push skipped while dirty is spent, not replayed once the save lands (12.81275ms)
✔ another scene's push, docs without source, and tick 0 are ignored (8.09425ms)
✔ queued, superseded scene writes are dropped; the newest doc is sent (49.137041ms)
✔ drafts staged in one tick collapse into a single PUT (12.90575ms)
✔ a save issued during a restore queues behind it and keeps its draft (9.148666ms)
✔ Excalidraw assist failure retains the exact composer prompt (31.406708ms)
✔ Excalidraw reports accepted content and rejects an empty generation result (3.72825ms)
✔ Mermaid assist failure retains the exact composer prompt (6.759334ms)
✔ Mermaid reports accepted content and rejects an empty generation result (3.237333ms)
✔ D2 assist failure retains the exact composer prompt (6.266375ms)
✔ D2 reports accepted content and rejects an empty generation result (2.925916ms)
✔ Canvas keeps an unaccepted prompt while the request is pending (2.02125ms)
✔ late accepted generation cannot clear another scene or a newer prompt (2.37325ms)
✔ Excalidraw restore applies persisted background and grid before the next save (3.907042ms)
✔ Excalidraw grid-only edit gridModeEnabled schedules a persisted snapshot (3.463625ms)
✔ Excalidraw grid-only edit gridSize schedules a persisted snapshot (3.509042ms)
✔ the allow-list parses trimmed, blank-free ids (0.583041ms)
✔ senders already allowed are not offered again (0.083333ms)
✔ allowing a sender appends once, keeping the others (0.066959ms)
✔ a sender reads as name (id), or the id alone (0.044833ms)
✔ toolLine: commands, files and searches read as verb + target (+ dim detail) (0.808083ms)
✔ toolStatus: no result is running while the session is active, else "none" (0.074416ms)
✔ stepSummary says what a group did, in order, naming a single file (0.278542ms)
✔ pendingTool: the newest call without a result in the last response (0.068542ms)
✔ lastLine: the last non-blank output line, clipped (0.059125ms)
✔ countUnread counts items after the last one seen at the bottom (0.04775ms)
✔ askQuestions reads AskUserQuestion input defensively (0.10425ms)
✔ providerName (0.042208ms)
✔ segment: the plan is its own block; the call that wrote it gets no row (0.110584ms)
✔ decorateCodeBlocks: IDE header (label · file · lines · Wrap/Open/Copy), numbered lines, fold, idempotent (0.403875ms)
(node:99410) [DEP0205] DeprecationWarning: `module.register()` is deprecated. Use `module.registerHooks()` instead.
(Use `node --trace-deprecation ...` to show where the warning was created)
✔ foldResponse keeps the first and final message and folds the work between (0.870958ms)
✔ patchStats counts hunk lines only; changedFiles merges per path and treats a Write as new (0.461958ms)
✔ usage sums over a response; the token line names every kind with a tooltip (0.195541ms)
✔ day dividers and paths (7.8975ms)
✔ file references: code spans, prose paths and locations (0.391209ms)
✔ the chat markdown extension: file refs, chips, and URLs left alone (7.052583ms)
✔ linkifyOutput links paths and URLs in escaped command output (0.265541ms)
✔ fence info: language + file name (0.284125ms)
✔ highlightLines tokenizes the whole block and keeps every line self-contained (29.989417ms)
✔ preview parsers: kinds, CSV/TSV, JSON, HTML documents (0.41875ms)
✔ mounted checkpoint loader shows matching-generation membership while progress keeps advancing (27.917125ms)
✔ ⌘W on a non-Agents page never touches the hidden session (170.385584ms)
✔ "Always delete": no dialog, but archive first and delete only after the Undo window (64.286ms)
✔ Undo inside the window keeps the session (62.034833ms)
✔ ⌘W under "Always delete" goes through the undoable path (26.85325ms)
✔ "Always delete" then ⌘⇧T: the reopened session is never deleted (87.398708ms)
✔ "Always delete" then Archived ▸ Restore: no DELETE (82.406292ms)
✔ "Always delete" then another window restores it: the re-check keeps it (83.441334ms)
✔ a toast held open past the grace period still lets Undo win (123.383292ms)
✔ sessionVerbsApply is Agents-only (0.1915ms)
✔ requestArchive asks for a working row the store has no status for (24.74225ms)
✔ requestArchive: an idle unknown row archives at once; a busy shell never asks (45.553958ms)
✔ requestArchive and confirmRestart ask for a working agent (20.772333ms)
✔ two registration effects re-running in one flush keep both sets (84.600917ms)
✔ a stale unregister never removes the set that replaced it (6.946667ms)
✔ registry.all is memoized: unchanged sources hand back the same array (4.817666ms)
✔ typed text is kept per repo and cleared when emptied (40.427208ms)
✔ a draft that lands with no panel watching is parked once (6.406584ms)
✔ a watched repo gets the reply directly (nothing parked) (4.979125ms)
✔ a reopened composer shares the pending send claim while other sessions remain usable (69.077583ms)
✔ production send keeps a remounted draft and allows only one pending request (26.399625ms)
✔ send is refused while an image upload is still pending (19.634583ms)
✔ renaming retains unknown parameters and TLS shorthand (29.916833ms)
✔ secure URI schemes enable TLS and Mongo passwords leave URI fields (19.061916ms)
✔ explicit field clears preserve unrelated advanced TLS and tunnel settings (3.753625ms)
✔ Mongo URI: an encodable-character password never stays in the visible string (S16-15) (14.362167ms)
✔ Mongo URI: an unencoded `/` in the password never stays visible (S16-307) (12.568ms)
✔ stableGroupTurns reuses the item object of every unchanged group (1.344416ms)
✔ stableGroupTurns re-groups when a member turn joins or leaves a response (0.191541ms)
✔ md cache: hits return the memo, misses render once, bounds evict oldest (0.397458ms)
✔ indexToRenderItem is memoized per index turn object (0.108125ms)
✔ trimTurnHead only cuts in front of a turn with a known cursor (86.548084ms)
✔ a long live chat is capped and "Load earlier" resumes exactly at the dropped head (36.852167ms)
✔ a scheme change moves the token (the old host:port compare missed it) (0.356584ms)
✔ host and port changes move it; path / case / default port do not (0.082125ms)
✔ unparseable input: only an identical string is the same (0.084541ms)
✔ javascript: links are dropped (href and xlink:href, obfuscated too) (0.543125ms)
✔ http(s) links and in-document fragments survive (0.475041ms)
✔ event handlers are dropped regardless of element (img onerror payload) (0.050125ms)
✔ config keeps foreignObject labels but forbids active content (0.071833ms)
✔ fails closed when the purifier cannot run (no DOM) (0.196333ms)
✔ hook is installed only for the duration of one sanitize call (0.812834ms)
✔ D2 style rules are scoped to the diagram (1.149666ms)
✔ a string-embedded brace or comment cannot end a rule early (S18-301) (0.27375ms)
✔ a scope-anchored selector cannot hop to the app with ~ or + (S11-311) (0.148708ms)
✔ foreign @font-face / @keyframes names and fetching values are dropped (0.157625ms)
✔ no browser CSS parser → styles dropped (fail closed) (0.054208ms)
✔ styles without a diagram scope class are dropped (0.188042ms)
✔ scope class comes from D2's wrapper <svg> tags only, not a label element (0.05575ms)
✔ serialized style text is entity-decoded for parsing and re-escaped after (0.069292ms)
✔ successful import never submits the editor draft: DELETE FROM imported (36.328ms)
✔ successful import never submits the editor draft: INSERT INTO audit VALUES (1) (6.319666ms)
✔ successful import never submits the editor draft: SELECT * FROM imported; DELETE FROM imported (4.683125ms)
✔ request-save retry adopts the successfully created collection before the failed second step (3.217375ms)
✔ Recovery Refresh retries failed active history from offset zero (5.511084ms)
✔ Recovery Refresh replaces stale first page and retains it on a later error (5.523333ms)
✔ environment save preserves newer typing and the next Save submits that draft (9.8845ms)
✔ environment save completion cannot replace a newly selected environment (6.697291ms)
✔ environment failed save retains its draft for retry (5.753334ms)
✔ environment Save in a former workspace cannot reseed the current draft (6.800541ms)
✔ successful import after a connection change never refreshes another connection metadata (3.790917ms)
✔ environment saved secret rename updates its stored marker while preserving newer unrelated edits (5.121375ms)
✔ environment saved secret rename updates its stored marker while preserving another secret rename (4.0315ms)
✔ request-save sheet does not continue its second mutation after changing workspace (1.395208ms)
✔ guarded import approval remains bound to its captured connection (2.63775ms)
✔ canceled import while typed confirmation waits cannot retry after late approval (3.962ms)
✔ old import completion leaves a replacement table dialog open (3.506792ms)
✔ guarded import retry uses the submitted format/path/table despite pending form edits (2.961875ms)
✔ unmounting Save request while collection creation waits prevents the unsent request mutation (1.533708ms)
✔ environment A-B-A selection during save reconciles the clean value (4.635583ms)
✔ environment A-B-A selection during save reconciles the clean secret name (5.439916ms)
✔ Cancel synchronously invalidates Save request before Svelte destruction runs (3.476417ms)
✔ environment A-B-A return preserves actual new typing and reconciles saved secret marker (4.125708ms)
✔ database dialogs + page reach storage only through the guarded helpers (S16-304) (1.314625ms)
✔ scratch close cancel retains the exact tab; discard resolves its stable id (25.282334ms)
✔ automation cancel and failed save retain steps; successful save or discard permits leave (8.398584ms)
✔ automation edits arriving during save keep the editor open (4.544209ms)
✔ tail failures retain the buffer and cursors, clear new count and recover on empty success (7.786416ms)
✔ canceled automation navigation keeps the selected editor and request tab (3.313459ms)
✔ a late tail response cannot revive another topic buffer or failure state (4.673292ms)
✔ schema history fetches two selected bodies, caches revisits and aborts superseded detail (5.888083ms)
(node:99972) ExperimentalWarning: localStorage is not available because --localstorage-file was not provided.
(Use `node --trace-warnings ...` to show where the warning was created)
✔ runManagedStatement: switching connections before refusal never asks to approve B for a write to A (124.084625ms)
✔ runManagedStatement: accepted confirmation retries exactly the origin statement and scope (63.990625ms)
✔ runManagedStatement: declined typed confirmation never retries (56.208459ms)
✔ runManagedStatement: revoking access while confirmation waits prevents the retry (46.41775ms)
✔ runQuery: switching connections before refusal never asks to approve B for a write to A (45.28075ms)
✔ runQuery: accepted confirmation retries exactly the origin statement and scope (58.487166ms)
✔ runQuery: declined typed confirmation never retries (45.965542ms)
✔ runQuery: revoking access while confirmation waits prevents the retry (46.745042ms)
✔ runQuery: Stop during confirmation prevents a late accepted retry (45.078375ms)
✔ agent read-only refusal retains the original production guard after switching to development (50.623ms)
✔ walkCanvas: reach order, composite keys ANDed, unconnected cards reported (0.796458ms)
✔ walkCanvas: an edge drawn back into scope flips LEFT/RIGHT (0.135084ms)
✔ toQuery leaves clauses on unjoined cards out of the SQL (0.283667ms)
✔ renameAlias / dropAlias keep every clause consistent (0.344917ms)
✔ FK suggestions: one per unjoined pair, composite keys kept together (0.219791ms)
✔ uniqueAlias sanitizes and suffixes for self-joins (0.119ms)
✔ bars under the cap are untouched (0.356292ms)
✔ 5,000 bars average into MAX_BARS buckets with range labels (1.585375ms)
✔ min-max decimation keeps spikes and stays near the target (0.398625ms)
✔ pie keeps the 11 largest slices plus Other (0.583417ms)
✔ clip ring: newest first, deduped, pinned entries survive the cap (1.295791ms)
✔ grid state: parked per tab, taken once, dropped on close (0.191084ms)
✔ editor history: memory tier outlives the editor, bounded, forgettable (2.372084ms)
✔ connection kinds map to their SQL dialect (0.35775ms)
✔ MySQL: a backslash-escaped quote does not end the string (3.192791ms)
✔ MySQL and ClickHouse: # starts a comment (0.769833ms)
✔ ClickHouse: a double quote is an identifier, not a string (0.364542ms)
✔ code positions stay completable (1.072959ms)
✔ scope database: plain names, db: paths, Redis keyspaces (17.178208ms)
✔ big integer keys keep every digit and stay unquoted (4.422458ms)
✔ row mutations require direct, unique column provenance and a complete single FROM (21.430917ms)
✔ ClickHouse mutation builders reject nonunique keys while inserts remain available (10.870167ms)
✔ Postgres table and schema names fold only unquoted identifiers (6.913042ms)
✔ Postgres mutation builder quotes the resolved source table, not its unquoted spelling (7.697834ms)
✔ trailer lines split from the message (1.023333ms)
✔ ClickHouse native unknown table: title, server suggestion, code chip (0.422125ms)
✔ ClickHouse legacy native text with stack trace still reads cleanly (0.179541ms)
✔ ClickHouse HTTP unknown column with Maybe you meant list (0.088959ms)
✔ ClickHouse syntax error: near token, line/col caret, expected list (0.395375ms)
✔ ClickHouse memory, timeout, auth and readonly (0.138334ms)
✔ ClickHouse mid-stream failure says rows had streamed (E7) (7.153125ms)
✔ ClickHouse network error drops the request URL (0.262416ms)
✔ MySQL unknown column: tagged and legacy shapes, daemon suggestions (0.254667ms)
✔ MySQL syntax, auth, network, pool, timeout (0.255125ms)
✔ Postgres unknown column: server HINT becomes a chip, POSITION a caret (0.220167ms)
✔ Postgres unique violation keeps DETAIL; auth headline (0.080917ms)
✔ Mongo command, write, unreachable — tagged and legacy (0.844125ms)
✔ mongosh script failure: exit code + last error line (0.080708ms)
✔ Redis wrong type, unknown command, auth (0.356875ms)
✔ unrecognised text falls back to its first line (0.149375ms)
✔ offset → line/col and out-of-range positions (0.093625ms)
✔ nearest + applySuggestion (0.283333ms)
✔ column kinds from engine type hints (0.828ms)
✔ row-number column width depends on the row count only (0.072625ms)
✔ moveColumn reorders display positions (0.337167ms)
✔ header filter: contains, exact, comparisons, NULL (0.132625ms)
✔ search highlight splits a cell around every case-insensitive hit (0.097083ms)
✔ row scan text skips NULLs, lower-cases and clips (0.374ms)
✔ scanFor builds once per rows array and is reused (0.222959ms)
✔ prebuild fills the search text in time-boxed slices, scanFor finishes the rest (0.809625ms)
✔ cancel stops a column prebuild; dropColScans frees all but the kept columns (0.520875ms)
✔ dropScan frees the search text (0.080167ms)
✔ memoFilter / memoSort return the cached view for the same key (tab switch back) (0.156542ms)
✔ lines cover keys and values, including collapsed and past-chunk branches (1.291333ms)
✔ vertical flavor draws raw strings and ∅ (0.353834ms)
✔ LineIndex maps flat rows across records (empty records included) and caches lazily (0.161375ms)
✔ reveal opens every ancestor and grows the slices it sits past (0.522291ms)
✔ LineIndex.text: lower-cased, cached per record across searches, budget spills to a rolling cache (0.212458ms)
✔ short values match JSON.stringify exactly (compact and pretty) (0.9705ms)
✔ long values render the same clipped cell text as a full stringify (1.261625ms)
✔ a preview never grows past max + 1 characters (3.081458ms)
✔ bounded work: a 50 KB document previews far faster than it serializes (17.470542ms)
✔ the default-size preview is cached per object (0.131625ms)
✔ value lists split by line when multi-line, else by comma (0.656ms)
✔ scope options come from database / schema / keyspace roots (0.165084ms)
✔ targets fan out per picked scope; no scope = the default database (0.162791ms)
✔ the confirm phrase is the connection name for one guarded connection, else RUN n (0.135292ms)
✔ summary omits zero counts (0.062375ms)
✔ cluster lines explain the decision (0.062792ms)
✔ a partial answer replaces only its runs and keeps the targets (0.639125ms)
✔ a full answer, another job or no previous job replaces everything (0.072542ms)
✔ storage keys are the database-store-era ones (26.910792ms)
✔ defaults: warm in the background, keep-alive on (4.687667ms)
✔ previously saved prefs are read back (3.542125ms)
✔ setters persist and notify keep-alive subscribers (4.217333ms)
✔ Settings → Appearance reads the prefs module, never the database store (0.67175ms)
✔ a change made in another window is adopted here and fires keep-alive listeners once (S13-11) (3.228042ms)
✔ identifiers: backticks for MySQL/ClickHouse, double quotes for Postgres, quote chars escaped (0.464542ms)
✔ string literals: quotes and backslashes escaped per dialect (0.105375ms)
✔ injection attempts stay inside one literal on every dialect (1.236417ms)
✔ values: numbers bare only when numeric; text columns always quoted (0.110416ms)
✔ LIKE helpers escape wildcards so user text matches literally (0.110125ms)
✔ IN lists: quoted items keep commas; every item escaped (0.3685ms)
✔ operators follow the column type (0.066584ms)
✔ GROUP BY / aggregates / HAVING / ORDER BY / LIMIT — MySQL (0.171875ms)
✔ same model — PostgreSQL (double quotes, native NULLS LAST) (0.072292ms)
✔ same model — ClickHouse (uniqExact, native NULLS LAST) (0.108625ms)
✔ joins qualify every column; multi-column ON; aliases only when they differ (0.08725ms)
✔ incomplete rows are skipped, never emitted half-typed (0.055042ms)
✔ booleans: IS TRUE on MySQL/Postgres, = true on ClickHouse (0.05225ms)
✔ OFFSET without LIMIT: MySQL gets the max-limit idiom (0.067208ms)
✔ validate: loose columns under GROUP BY, with a one-click fix (0.191542ms)
✔ validate: duplicate output names, SUM of text, OFFSET without ORDER BY (0.056959ms)
✔ round trip: build → parse → build is stable on every dialect (0.407541ms)
✔ round trip: contains / starts-with / IN / BETWEEN / NULL come back as builder operators (0.144834ms)
✔ parse: hand-written SQL the builder can hold (0.10675ms)
✔ parse: what the builder cannot hold is refused with a reason (0.176ms)
✔ list index deletion is refused without an executable mutation: LRANGE k 0 -1 (0.645875ms)
✔ list index deletion is refused without an executable mutation: LRANGE k 40 42 (0.08275ms)
✔ list index deletion is refused without an executable mutation: LRANGE k 4 4 (0.039917ms)
✔ refusing list deletion retains safe edits at the actual LRANGE offset (0.234625ms)
✔ the grid delete flow cannot open or execute a Redis list mutation (31.561167ms)
✔ SREM: a member with a line break is skipped, never split into a second command (0.56725ms)
✔ HDEL (flat HGETALL) and ZREM (WITHSCORES) refuse line-broken names (0.161125ms)
✔ Insert from JSON: a line-broken field or value refuses the whole document (0.160708ms)
✔ a rename that re-emits a line-broken value from the data is refused as a whole (0.147291ms)
(node:222) ExperimentalWarning: localStorage is not available because --localstorage-file was not provided.
(Use `node --trace-warnings ...` to show where the warning was created)
✔ restore: active connection first, the rest warm 3 at a time without stealing focus (118.275709ms)
✔ restore: a close during the warm-up writes no snapshot (51.200583ms)
✔ restore: "connect on click only" leaves the other tabs idle (46.190208ms)
✔ a tab keeps its uid and its run start time across a reload (60.979083ms)
✔ a daemon restart marks open connections stale and re-warms them (54.879875ms)
(node:238) ExperimentalWarning: localStorage is not available because --localstorage-file was not provided.
(Use `node --trace-warnings ...` to show where the warning was created)
✔ nothing is released while the total fits the budget (0.60675ms)
✔ least-recently-viewed results go first, just enough to fit (0.133875ms)
✔ pinned tabs and small results are never picked (0.089833ms)
✔ size estimate scales with rows, cell payload and batch sets (6.190459ms)
✔ a released stub keeps columns, drops rows and is recognised by identity (0.1015ms)
✔ identifiers, strings and booleans per engine (0.973583ms)
✔ quick-filter chips render per engine (S16-05) (0.224459ms)
✔ boolean chips match boolean cells by value (S16-06) (0.065334ms)
✔ string variables keep backslashes on Postgres (S16-07) (0.078ms)
✔ Postgres splitter: dollar quotes, # operator, standard strings (S16-14) (0.436375ms)
✔ widgets: obvious writes are flagged at save time (S16-08 UI hint) (0.522834ms)
✔ schema-tree table refs are quoted per engine (S16-301) (0.175417ms)
✔ ClickHouse identifiers escape backslashes like the daemon (S16-305) (0.1535ms)
✔ no local identifier/literal quoters outside sql-dialect.ts (S16-305) (14.759416ms)
✔ export refuses statements that are obvious writes (S16-303) (0.21525ms)
✔ analyzeStatement matches countStatements + extractVars on fixtures (2.6705ms)
✔ analyzeStatement matches on a 200-INSERT paste (the lag report) (1.335958ms)
✔ analyzeStatement matches on randomized buffers (differential) (116.470667ms)
✔ stmtPreview bounds list rows and tooltips (0.27625ms)
✔ MySQL: string defaults are re-emitted as literals on rename (0.787917ms)
✔ MySQL: an empty-string default is kept, not dropped (0.136417ms)
✔ MySQL: expression, timestamp and numeric defaults (0.15125ms)
✔ MySQL: collation and comment are restated; untouched columns emit nothing (0.427208ms)
✔ Postgres and ClickHouse defaults are already expressions (0.166417ms)
✔ defaults: Mongo auto-verticals past 10 columns, SQL never (0.715083ms)
✔ stored per-engine prefs merge over the defaults and clamp (0.106458ms)
✔ the new key wins over a leftover legacy value (0.04375ms)
✔ legacy custom threshold: an explicit choice carries to every engine (0.049416ms)
✔ legacy "never" stays never everywhere (0.043208ms)
✔ legacy value equal to the old default takes the new defaults (0.039541ms)
✔ garbage never throws (0.053042ms)
✔ LazyMount hands LoadState `empty`, or the skeleton / error never render (0.8245ms)
✔ LoadState announces loading and errors (0.476833ms)
✔ Skeleton is a labelled status region unless a parent owns the announcement (0.271209ms)
✔ Skeleton adds its loading text AFTER the status region mounts (S19-305) (0.083791ms)
✔ every overlay backdrop uses the scrim tokens, defined for each scheme (1.556042ms)
✔ Modal: only a press that began on the backdrop closes; dismissable gates every close path (0.098292ms)
✔ BottomNav "More" sheet is a real dialog (0.324375ms)
✔ motion: one global spin/pulse, and a reduced-motion alternative for .spinner (0.751875ms)
✔ chart palette is the scheme-aware --cat-* set and wraps (0.779875ms)
✔ status-* tokens are not used for text in shared components (1.188125ms)
✔ Modal names its dialog by the visible title and keeps aria-label for locators (0.166666ms)
✔ status words: working states pulse, terminal states say what happened (0.440792ms)
✔ an unknown turn from an event becomes a placeholder at the front (0.132834ms)
✔ running → done merges ids, keeps a known session and asks for the full turn (0.056708ms)
✔ a late "running" never regresses a finished turn (0.04075ms)
✔ conflict carries the side version; failed carries the error (0.053167ms)
✔ mergeTurns: the server copy wins, local-only and locally finished turns survive (4.452208ms)
✔ verified citations open the reference; unverified ones are flagged and inert (0.229959ms)
✔ no provenance → only what the turn itself cites (0.059333ms)
✔ quick actions map to modes; checks never edit, fixes do (0.184292ms)
✔ "3 variants" is a variants run of 3 focused on the selection (0.102708ms)
✔ composer text → refine; n > 1 → variants (clamped to 4); generate intent kept (0.094125ms)
✔ Fix all: an accessibility review becomes an a11y turn quoting its findings (0.131542ms)
✔ variant branches parse; direction names read well (0.111417ms)
✔ variant cards: running, ready, failed, then accepted vs passed (0.173292ms)
✔ after a daemon restart (no live turns) cards come from versions + provenance (0.046459ms)
✔ a 👎 posts variant_rejected with the reason chip and direction (0.054083ms)
✔ thread: main turns and runs interleave by time; variant turns fold into their run (0.142584ms)
✔ candidate progress counts toward ≥ 3 signals across ≥ 2 designs (0.072625ms)
✔ salient terms: no stop words, longest first, unique (0.571ms)
✔ otto:// URIs parse every selector and reject malformed input (0.883583ms)
✔ links split into Uses / Used in and lineage orders provenance first with citations (0.325583ms)
✔ route parser maps every Design Hall path and falls back to the lobby (0.110583ms)
✔ there are exactly seven studios with unique ids and every format renders (0.100083ms)
✔ project stats, summary and filters (4.382333ms)
✔ epic tree groups implementing artifacts under their epic with per-studio counts (0.198667ms)
✔ signals read as one line from the bounded server payloads (0.133416ms)
✔ small helpers: titles, authors, brand colours and contrast (0.272417ms)
✔ a load that raced typing only flags a head that is really newer (S18-303) (0.077917ms)
✔ bursts collapse into one write of the final count (42.752583ms)
✔ an unchanged count is not re-sent; flush writes at once (121.627208ms)
✔ every blocking e2e gate spec exists (a rename must not empty the gate) (0.531791ms)
✔ gate lists respect the project split: desktop-* only at desktop width, none at phone width (0.185917ms)
✔ gateMatcher matches listed files exactly, not by prefix (0.122125ms)
✔ no gate spec self-skips on its gate project (project.name guards) (5.665417ms)
✔ the guard parser catches a foreign project literal and an excluding include-list (0.1425ms)
✔ the gate runs on the real projects (playwright.config has no separate gate project) (0.134125ms)
✔ flaky-check --gate fails on skipped tests and on a pass count below the floor (0.148167ms)
✔ flaky-check names failed tests in the step summary (0.087791ms)
✔ the advisory red-count ratchet fails only when the count rises (0.340125ms)
✔ small docs emit synchronously on every edit (unchanged contract) (0.677459ms)
✔ a burst of edits on a large doc reads and emits the text once (0.115541ms)
✔ flush delivers the latest text now; a later timer is a no-op (0.057583ms)
✔ cancel drops a pending emit (doc switched under a stale binding) (0.340084ms)
✔ shrinking below the threshold emits synchronously and supersedes the pending one (0.075417ms)
✔ requestVarNames keeps varNames(requestTexts) order with body names supplied separately (0.210167ms)
✔ the parsers see the whole contract (sanity) (0.3365ms)
✔ type_name() agrees with the serde tag of every variant (0.213208ms)
✔ every Rust event is in OttoEvent and ws.md; OttoEvent has no stale tags (0.310334ms)
✔ ws.md documents no stale event tags (0.073041ms)
✔ each event's fields match its OttoEvent member (names + omitted-when-empty → optional) (0.373625ms)
✔ a token change reconnects /ws/events as a first connect for the new identity (56.12675ms)
✔ a plain first connect does not reset identity caches (20.465708ms)
✔ stop() detaches the socket so a quick restart never opens a second one (S13-08) (18.24375ms)
✔ a token change mid-handshake still reconnects (15.12ms)
✔ a stopped client ignores auth changes (13.856917ms)
✔ a throwing event handler is reported once per type, a malformed frame is ignored (S13-06) (15.335625ms)
✔ events: a document that never opened the page loads no page store and fetches nothing for its events (162.67575ms)
✔ events: with the page open (its store announced), every peeked event reaches the store as before (119.759208ms)
✔ events: an allow-listed payload event still loads its store, so the page sees it on mount (21.252292ms)
✔ runWithOtto: a tick for a run the store holds nothing for, with no list loaded, fetches nothing (8.821875ms)
✔ countOccurrences: case-insensitive, non-overlapping, capped (36.615209ms)
✔ active providers: document order, hidden/detached/inactive skipped, nested dropped (5.838459ms)
✔ an inactive outer provider leaves the nested one active (4.093334ms)
✔ countOccurrences: a pre-lowered row is scanned as is (3.669291ms)
✔ findSkipped: data-find-skip subtrees and CodeMirror gutters / panels are neither counted nor painted (3.719ms)
✔ releaseFindProviders tells every registered provider to drop its caches (4.742458ms)
✔ no owners → page find (48.552167ms)
✔ focus-owned openFind beats any pane owner (10.815833ms)
✔ nothing focused → highest-ranked visible terminal (8.837625ms)
✔ a header button holding focus still routes to the pane (7.850833ms)
✔ only rank-0 (parked / hidden) owners → page find (7.035416ms)
✔ unregistered owner no longer takes ⌘F (6.687208ms)
✔ a text field / contenteditable outside the terminal keeps ⌘F on the page (16.96575ms)
✔ an xterm textarea is not "a text field elsewhere" (6.491917ms)
✔ an open modal keeps ⌘F on the page (5.2175ms)
✔ a hidden aria-modal dialog (the compact Drawer kept mounted) does not block the pane (5.288958ms)
✔ last click inside the pane (header, terminal) → the pane (5.024ms)
✔ last click on content beside the pane (loop timeline) → page find (5.467208ms)
✔ the right panel never hands ⌘F to the terminal, even nested in the pane tree (4.36675ms)
✔ the click picks WHICH pane: a lower-ranked pane that was clicked beats an unclicked higher one (4.385666ms)
✔ a find-neutral relay (phone quick-action bar) keeps the last real interaction (4.537125ms)
✔ ranking: a title match beats a keyword-only match (0.549959ms)
✔ ranking: no query lists by frecency, most used first, capped (0.34575ms)
✔ ranking: frecency lifts a used command over an equal fuzzy match (0.162375ms)
✔ frecency boost: bounded and decays with age (0.061125ms)
✔ frecency persistence survives garbage and blocked storage (0.351583ms)
✔ rows: a command-shaped query puts the command first, Ask Otto after (0.201875ms)
✔ rows: free text defaults to Ask Otto even when fuzzy hits exist (0.054792ms)
✔ rows: empty query shows commands only; hits trail with unique keys (0.078583ms)
✔ looksLikeCommand: word prefixes of the title only (0.053625ms)
✔ selection wraps and handles empty lists (0.093625ms)
✔ search hits map to module routes (0.059416ms)
✔ keys: arrows, Enter, ⌘↵, Esc (0.11275ms)
✔ keys: ⌃1–⌃4 switch spaces; ⌃5, ⌘1 and ⌃⇧1 do not (0.062292ms)
✔ keys: IME composition owns every key (0.046792ms)
✔ spaces: defaults are four named, empty, unpinned (0.118ms)
✔ spaces: round-trip keeps name/workspace/model/thread, drops transient fields (0.195875ms)
✔ spaces: garbage, wrong shapes and out-of-range values normalize (0.091792ms)
✔ spaces: a turn left pending by a closed bar is marked not run (0.08575ms)
✔ threads: capped at MAX_THREAD and patched by id (0.075458ms)
✔ presence: auto docks off Home and while working, is full when open or on Home (0.032417ms)
✔ presence: overlays hide it; prefs pin, dock or turn it off (0.070458ms)
✔ geometry: panel budget clamps to the window top and the 560px cap (0.036666ms)
✔ ranking: "git" puts Go to Git above Open Git panel (whole-word Navigate hit) (0.042583ms)
✔ an existing folder passes with the daemon-normalised path — one stat, no listing (S14-306) (0.711292ms)
✔ a file blocks with an inline reason (0.149792ms)
✔ a missing folder blocks (stat 404, confirmed by browse) (0.156708ms)
✔ a daemon without /fs/stat (route 404) falls back to browse (0.172875ms)
✔ busy / forbidden / network failures do not block (the create reports real failures) (0.105667ms)
✔ statPath / browsePath encode the path (0.037958ms)
✔ New Session and the first-run coach pre-check the folder (0.861375ms)
✔ keyboard navigation reaches all entries independently of rendered window (35.586459ms)
✔ selection action respects files and git-only eligibility (3.40475ms)
✔ Back and Forward preserve history until a different folder is opened (0.674792ms)
✔ each breadcrumb targets its exact ancestor including spaces, Unicode, and root (0.121916ms)
✔ shortcut persistence tolerates corrupt data and bounds unique recent folders (0.212375ms)
✔ open tabs fetch immediately, selected first, with at most two requests (69.020459ms)
✔ manual fetch joins background request and always invalidates unchanged refs (18.836458ms)
✔ hidden or unfocused windows defer fetches; closed tabs never start queued work (15.161125ms)
✔ failure backs off despite focus events; manual retry surfaces errors and clears backoff on success (14.191334ms)
✔ restart during an in-flight round does not overlap or revive the stopped timer (13.127459ms)
✔ manual requests share the global two-request limit (11.802ms)
✔ a failed tab bootstrap can retry when the Git page opens later (11.686334ms)
✔ background fetch queued behind manual work rechecks close, stop, hidden and pause before starting (44.176292ms)
✔ manual caller promotes a queued background fetch and retains its request after tab closure (11.423375ms)
✔ background tabs unused for 15 minutes stop fetching; the selected tab and a reactivated tab continue (12.875875ms)
✔ new commits on top splice onto the immutable tail (0.457833ms)
✔ page last sha unknown → full reload (0.063375ms)
✔ a commit above the boundary vanished (deleted branch) → full reload (0.043ms)
✔ a page commit already in the old tail (reorder) → full reload (0.04375ms)
✔ nothing to splice when the page covers everything held (0.0385ms)
✔ small lists render whole (find-in-page keeps working) (0.740959ms)
✔ a 20k-row list mounts only the viewport plus overscan, spacers cover the rest (0.188792ms)
✔ the list starting below the fold (negative rel) still renders its head (0.068166ms)
✔ scrolled past the end clamps to the tail and never inverts (0.046125ms)
✔ events union until a refresh takes them (0.629875ms)
✔ an event without paths makes the set unknown, and it stays unknown (0.07525ms)
✔ an empty list (remote refs moved) touches no file (0.049ms)
✔ a burst past the cap degrades to unknown (0.1275ms)
✔ touches: exact file, parent directory, unknown (0.07425ms)
✔ a change to a shown repo re-reads its local status at once (59.718667ms)
✔ a repo nobody shows is ignored (16.705ms)
✔ a burst while a read is in flight costs exactly one more read (12.897166ms)
✔ a hidden window waits and reads once when visible again (12.200584ms)
✔ the open diff learns which paths a change touched, unioned across a coalesced burst (13.815209ms)
✔ a reopened operation with no unmerged files can continue (0.316292ms)
✔ SwrCache serves fresh, then stale, then drops past max age (0.589625ms)
✔ SwrCache is a bounded LRU (0.071209ms)
✔ invalidatePr drops the repo lists and only that PR (0.111625ms)
✔ a deleted-line comment renders under the deleted row only (0.643083ms)
✔ a new-side (or side-less) comment renders under the new row only (0.086583ms)
✔ outdated and line-less comments go to the file block (0.055208ms)
✔ lineAnchor: deleted → old side, everything else → new side (0.056958ms)
✔ out-of-order selectPrimary keeps the latest repo's status and PRs (58.131625ms)
✔ a stale PR list for a repo that is no longer primary is dropped (19.923041ms)
✔ workspace switch: the older repo list never overwrites the newer one (13.861791ms)
✔ a failed loadRepos is not sticky: the next call retries (14.472ms)
✔ a detect that resolves before the repo list keeps the detected primary (12.591ms)
✔ a failed repo load surfaces an error and retries on demand (12.682125ms)
✔ a non-fast-forward 409 is a rejection the user can act on (0.324042ms)
✔ a refused lease is told apart from a plain rejection (0.050666ms)
✔ anything else — auth, network, other 409s — is not a push refusal (0.068291ms)
✔ the budget is per section, not per folder (2k branches in 40 folders) (0.483834ms)
✔ collapsed folders cost their header only and hide nothing (0.343541ms)
✔ a small section mounts everything (0.054334ms)
✔ growing the budget reveals more rows (0.073042ms)
✔ inactive branches use their own upstream counts; current branch uses fresh status (0.743833ms)
✔ splitRemoteRef keeps the remote and the slash-bearing branch name (0.769459ms)
✔ deleting upstream/feature-x names and pushes to upstream, never origin (38.793666ms)
✔ discard sends the lines picked BEFORE the confirm and names the count (11.113084ms)
✔ a re-fetch while the discard confirm is open discards nothing (7.040625ms)
✔ a shift-click range picks changed lines only (S15-20) (8.289916ms)
✔ conflict edit round-trips CRLF and treats an empty editor as a deliberate empty block (0.123292ms)
✔ "Apply edit" makes the hand-edited text the resolution (2.554875ms)
✔ taking an EMPTY side records the choice (the checkbox no longer desyncs) (1.724375ms)
✔ Draft sends the selected Source as head and never re-points Source (3.756417ms)
✔ a draft landing after the sheet closed touches nothing (2.446208ms)
✔ Cancel mid-push is inert; mid-draft it asks before discarding (2.433125ms)
✔ confirming "Stop drafting and discard?" stops the drafting session (S20-305) (8.806208ms)
✔ posting a comment with an open edit sends nothing (6.042583ms)
✔ a retry is skipped when the earlier attempt already created the comment (0.184208ms)
✔ a comment declined mid "Post all" is skipped (4.692ms)
✔ a commit draft landing after unmount opens no confirm and writes nothing (4.510208ms)
✔ bus polls keep refreshing after the timer budget is spent, toasting once (2.642292ms)
✔ merge sends expected_head_sha and explains a moved head (2.140041ms)
✔ row keys never contain NUL (CSS.escape maps it to U+FFFD) (0.176542ms)
✔ PR diff view state carries across a reload for paths that still exist (0.114209ms)
✔ a lazily fetched file never borrows another file’s hunks (20.821125ms)
✔ ⌘] / Ctrl+N are left to the app; a bare ] moves to the next file (4.673625ms)
✔ a repo pick from another workspace is dropped when the repo list loads (1.965583ms)
✔ PR numbers parse from every forge URL shape (0.103125ms)
✔ markAction refuses binary and absent files, keeps marker-free text as-is (0.36475ms)
✔ "Mark file resolved" never writes an empty body over a binary or absent file (30.468166ms)
✔ a marker-free text file is marked by staging its bytes (side keep), not recomposed (3.9075ms)
✔ fileIsCrlf reads the whole file, so an empty-sided hunk inherits CRLF (0.090792ms)
✔ local + remote delete sends remote_name on the safe and the forced request (18.619167ms)
✔ the retry guard marks a found copy posted so it stops being postable (7.012792ms)
✔ a push that changed auth.rs drops its viewed mark, composer and expansions (0.210375ms)
✔ pinnedHead prefers the modal’s live read over the parent’s copy (0.045667ms)
✔ amendPublishedAt names where HEAD is published, upstream or not (0.062666ms)
✔ human verification preserves identity and evidence after reload (0.39625ms)
✔ changed criterion and malformed revisions do not display accepted evidence (0.245666ms)
✔ a guest survives more than 30 s of refusals and reconnects (a slow deploy) (0.408667ms)
✔ a guest stops after the retry window (a revoked link is not hammered forever) (0.08225ms)
✔ owners keep the fast ladder forever (0.042792ms)
✔ the share page re-arms the terminal when its access re-check succeeds (1.495ms)
✔ 100 content-neutral mutations after a pass run no further pass (0.507916ms)
✔ a size change, a relabel or a restyle re-runs the pass (0.451875ms)
✔ width cache hits only while the element signature is unchanged (0.064167ms)
✔ style writer drops same-value writes (0.385291ms)
✔ frontmatter: flat keys, trailing comments and quotes stripped, body split off (0.709875ms)
✔ frontmatter: CRLF + BOM tolerated; no block → whole text is the body (0.514625ms)
✔ parseSection: shortcuts from the Keys column, group/route/id fallbacks (0.705375ms)
✔ extractShortcuts reads every table under the heading, ignores other tables (0.4945ms)
✔ search ranks title over shortcut over summary over body (0.982334ms)
✔ key helpers normalise, detect and split chords (0.121792ms)
✔ orderSections: group order, Basics reading order, then sidebar order (0.092416ms)
✔ film manifest: missing/empty is handled, chapters validated and sorted (0.148625ms)
✔ History opens working without restarting its PTY (34.201083ms)
✔ History opens running without restarting its PTY (9.855208ms)
✔ History opens idle without restarting its PTY (4.905583ms)
✔ History never unconditionally restarts a stale inactive row whose PTY is now working (4.888875ms)
✔ History Open in Chat updates a warmed Terminal view preference (5.741916ms)
✔ History opens a stale live row through safe resume if its process has since exited (5.2015ms)
✔ History resume completion ignores a destroyed origin (5.563417ms)
✔ History resume completion ignores a new-route origin (5.053458ms)
✔ History resume completion ignores a workspace origin (5.297667ms)
✔ History resume completion ignores a scope origin (3.929625ms)
✔ History resume completion ignores a pending-route origin (3.984167ms)
✔ History resume completion ignores a hash-before-parse origin (4.200417ms)
✔ History import completion after departure does not start a session (3.898333ms)
✔ empty candidate page remains actionable and next request uses scanned cursor (37.946458ms)
✔ a changed filter discards an in-flight continuation and keeps the fresh cursor (10.031584ms)
✔ HomeBox loads every box kind lazily (1.143375ms)
✔ ResultsGrid loads its modal-only children on open (0.336209ms)
✔ CodeEditor keeps language packs and the LSP client out of its static graph (1.15175ms)
✔ service worker serves only hashed /assets/* cache-first and prunes old builds (0.331208ms)
✔ service worker never caches the proxy, plugin UIs or credentialed URLs (0.171125ms)
✔ Otto School (Classrooms) keeps three.js behind a dynamic import (2.197625ms)
✔ host pages load the Needs-you link lazily (it pulls the whole Today store) (1.250917ms)
✔ now() during an in-flight fetch coalesces into one rerun, not a new chain (2.627042ms)
✔ user-started sessions count down on the 24-h manual grace, engine ones on 5 min (0.458333ms)
✔ durations read naturally at every scale (0.065875ms)
✔ settings override the grace; manual 0 = never suspended, so no hint (0.128709ms)
✔ unset or malformed settings fall back to the daemon defaults (0.320042ms)
✔ defaults mirror the daemon constants in manager.rs (1.282375ms)
✔ TableWindow renders small lists whole and windows big ones (38.023875ms)
✔ TableWindow measures the real row height and resets on a new listing (5.356458ms)
✔ podContainers mirrors the daemon (init first, live state + restarts) (10.676792ms)
✔ TableWindow.active gates windowing; a 5000-message peek mounts ≤ 150 rows (SC-08/SC-22) (3.920333ms)
✔ clipLongScalars cuts only >64 KiB strings and keeps untouched subtrees (SC-19) (8.009667ms)
✔ mergeS3Head refreshes the head and keeps the loaded pages (I9) (5.607959ms)
✔ rowAge ticks from created_at, falls back to age_seconds (perf R1) (7.153167ms)
✔ parses the title, headline and headline metrics of a daily summary (2.786458ms)
✔ parses action items: title, metric, current → target, effort, ids and status (0.424958ms)
✔ the Preview body drops the H1 and the parsed Action Plan (0.12675ms)
✔ tolerates format drift: "targets", tag words without ids, "--" separators, no bold (0.399625ms)
✔ falls back cleanly: no H1, no action plan, empty and garbage input (0.661084ms)
✔ metrics ignore action-plan numbers and bare $ rates (0.137166ms)
✔ firstSentence keeps decimals and abbreviations intact (0.069792ms)
✔ parseActionItem with no separators yields just a title (0.144958ms)
✔ parseIndex reads series + ledger and survives junk (0.1545ms)
✔ reportMetrics prefers the summary, then the index row (0.102875ms)
✔ delta tones follow whether up is good for the metric (0.072375ms)
✔ item status: ledger + summary words, regressed wins (0.1455ms)
✔ period keys and sibling artifact paths (0.11225ms)
✔ parseSummaryCached returns the same object for the same text (0.150333ms)
✔ onboarding steps are forms: Enter submits, Back/Skip/Browse are type=button (0.516ms)
✔ password length counts code points (server: chars().count()) (0.101834ms)
✔ a dead daemon reads as "isn’t responding", not the browser’s raw error (0.047458ms)
✔ a failed optional workspace still finishes setup and toasts the error (0.067917ms)
✔ a reload after the root exists resumes the wizard (tab-scoped step) (0.443375ms)
✔ palette handlers ignore IME composition keys (0.4575ms)
✔ History ⌘K resume is registered only when the button would allow it (0.144542ms)
✔ agent-channel UI copy never shows the internal "room" noun (S20-302) (1.648042ms)
✔ an exec session resolved after unmount is deleted, not adopted (24.548583ms)
✔ a mounted view adopts the session (3.487792ms)
✔ autoExec is one-shot: openRow clears it unless the call asks for a shell (0.619708ms)
✔ autoExec is consumed once the Terminal acts on it (S16-306) (0.5375ms)
✔ a live refresh re-reads every paged-in row (0.322166ms)
✔ a live refresh never aborts a Load more, nor truncates past the server cap (0.050458ms)
✔ user-driven loads and appends are one page (0.036ms)
✔ the ring appends in place and keeps the newest `cap` lines (0.6515ms)
✔ a chunk bigger than the cap keeps only its tail (4.134583ms)
✔ the filtered view drops exactly the matches the ring trimmed (0.211625ms)
✔ pending buffer stays capped while the window is hidden (S16-12) (7.437208ms)
✔ a 5k-workload table renders only the rows near the viewport (0.40425ms)
✔ scrolling deep keeps the total height and a bounded slice (0.064875ms)
✔ the expanded detail row shifts every later row by its height (0.060625ms)
✔ the table starting below the fold and empty tables are safe (0.324583ms)
✔ the first cycle ticks at once; a burst inside the gap becomes ONE tick (0.783708ms)
✔ no ticks while hidden; one on return carrying every cluster that cycled (0.118125ms)
✔ a tick that comes due while hidden waits for visibility (0.080792ms)
✔ templates: variables, fill, RESET becomes JSON null (0.761667ms)
✔ path rule mirrors the daemon (0.127709ms)
✔ workload kinds and default port (0.159959ms)
✔ a small list polls every 10 s however slow the load was (0.355792ms)
✔ a big list waits max(30 s, 3 × the last load) (0.061875ms)
✔ the validator prefers the ETag header, else quotes the body version (0.047834ms)
✔ fleet row keys are cluster/ns/workload (+ pod in pod grouping) (0.056083ms)
✔ reuseByKey keeps unchanged objects and returns prev when nothing changed (0.402791ms)
✔ event keys are stable and made unique (0.078958ms)
✔ a conditional GET sends If-None-Match and a 304 resolves notModified (no body read) (67.244667ms)
✔ a conditional GET without a validator is a plain read that returns the body + ETag (22.449708ms)
✔ a conditional GET still throws on an error status (17.854333ms)
✔ per-cluster view state round-trips and repairs malformed fields (0.688584ms)
✔ route grammar: workspace monitor, legacy monitor, fleet and resources (0.128208ms)
✔ keys count only inside the workspace, or with focus on nothing (0.352ms)
✔ the opt-out covers the letters but not Enter / Escape (0.090458ms)
✔ the shortcut sheet and the Help guide have the same groups, in order (1.149417ms)
✔ every group lists the same chords and actions in both places (0.175208ms)
✔ page-scoped chords that exist in code are on the sheet (0.075833ms)
✔ CodeMirror keeps ⌘D / ⌘[ / ⌘] / ⌘U / ⌘I (0.373125ms)
✔ global chords still work inside CodeMirror (0.072958ms)
✔ ⌘U never fires from a plain text field; ⌘D still splits there (0.119084ms)
✔ nothing focused / page body → the global map handles everything (0.363792ms)
✔ ⌃ never stands in for ⌘ on a Mac — ⌃K/⌃T/⌃W are text editing there (0.0895ms)
✔ isMacPlatform recognises Mac / iOS clients only (0.105417ms)
✔ a draft without a source revision becomes dirty after typing (19.340875ms)
✔ explicit Copy retries the clipboard for an unchanged persisted image (20.075167ms)
✔ keyboard Copy explicitly recopies unchanged content (8.819708ms)
✔ a dirty snip without a decoded image fails persistence without spinning (5.527333ms)
✔ close retains a draft after failed persistence and allows explicit discard (6.267209ms)
✔ close waits for the newest annotation while a previous upload is pending (3.824459ms)
✔ failed publishing preview remains unavailable until a successful retry (7.064584ms)
✔ artifact keep-mine never reloads over a draft when history lookup fails (6.591042ms)
✔ Brand keep-mine retries within one save and preserves edits on retry failure (4.713458ms)
✔ SourceSearch preserves existing results and retries the failed page context (5.057583ms)
✔ an older response that lands last is not current (0.385125ms)
✔ cancel invalidates the in-flight ticket (dispose / unmount) (0.060166ms)
✔ run() drops the superseded result and keeps the latest (0.343042ms)
✔ run() swallows a superseded rejection but propagates the current one (0.193625ms)
✔ latestByKey keeps slots independent (0.111792ms)
✔ lazyModule: loads once, queues calls in order, then runs synchronously (1.644209ms)
✔ lazyModule: a failed import drops its calls and retries on the next use (2.003542ms)
✔ lazyModule: peek() sees a module that announced itself under the key, and never imports (0.191167ms)
✔ events: reconnect / restart / periodic events peek page stores instead of loading them (4.526708ms)
✔ events: only allow-listed events load a page store (`.use`) (0.720917ms)
✔ a meta listing carries its truncation flag (0.604958ms)
✔ a bare array (an older daemon) reads as complete (0.081875ms)
✔ the note names how many are shown (0.082917ms)
✔ runs once, then only on events (coalesced), with the safety net while connected (51.726125ms)
✔ socket down → catch-up run, then the fallback cadence; resync refetches (14.145959ms)
✔ socket coming up pushes a pending fallback tick out to the safety net (12.903167ms)
✔ match narrows events; stop unsubscribes and cancels timers (9.34725ms)
✔ a continuous stream still refreshes within maxWaitMs (9.714ms)
✔ minIntervalMs caps event-driven refetches under churn (11.068917ms)
✔ numeric hidden cadence relaxes while connected (8.874ms)
✔ no source → a plain poll at fallbackMs (10.024917ms)
✔ LiveRegistry isolates a throwing listener and reports its types (8.548333ms)
✔ maps auth / missing statuses to human causes (0.393334ms)
✔ keeps the daemon message for other statuses, falls back to the code (0.080041ms)
✔ an unreachable daemon (fetch TypeError) reads as such (0.037709ms)
✔ plain errors and junk never render empty (0.042417ms)
✔ the cap named by the engine error wins, else the counters decide (0.43975ms)
✔ a plain resume is offered only while budget remains (0.076791ms)
✔ the extend prefill is current + 50% and always above what is used (0.355958ms)
(node:827) [DEP0205] DeprecationWarning: `module.register()` is deprecated. Use `module.registerHooks()` instead.
(Use `node --trace-deprecation ...` to show where the warning was created)
✔ renderMarkdownGfm parses the HTML once and focus-tags pre/table on that tree (6.579459ms)
✔ plain prose still takes a single parse (3.695917ms)
✔ Close Tab with no tab to close closes the pop-out window (36.649458ms)
✔ Close Tab that closed a session tab leaves the window alone (4.785375ms)
✔ closePopoutWindow never closes the main window or a pane (0.914541ms)
✔ a lone burst runs once after the quiet window (0.409625ms)
✔ a steady stream (every 200 ms) still refreshes at least every max-wait (0.142459ms)
✔ old Mission load cannot replace a newer workspace or its loading state (29.19775ms)
✔ late saved-view creation does not clear another workspace form or refresh it (6.9105ms)
✔ every kind names the module it opens in (no dead end) (38.260375ms)
✔ id-only kinds route straight to their row (5.151834ms)
✔ pr source keys split on the last colon and reject junk (3.117167ms)
✔ stop uses the owner cancel endpoint only for running, stoppable kinds (2.805792ms)
✔ every Rust WorkKind has a module, a label, an icon and a filter entry (5.178666ms)
✔ an Otto run opens in Run with Otto and stops through its own cancel (3.38625ms)
✔ Esc closes the top sheet (28.070166ms)
✔ Esc already handled inside the sheet (CodeMirror popup) keeps the modal open (4.873167ms)
✔ a busy (non-dismissable) sheet ignores Esc (4.432375ms)
✔ the Tab trap counts contenteditable editors as focusable (0.3715ms)
✔ script motion is smooth by default and instant under reduced motion (0.413958ms)
✔ reducedMotion never throws without a usable matchMedia (0.069667ms)
✔ native embedded context requires Tauri and an injected host, never query flags (0.897792ms)
✔ native pane geometry rejects hidden or invalid rectangles and clips to viewport (0.14625ms)
✔ native presence excludes hidden pane even while WebKit reports visible and focused (0.067583ms)
✔ layout coalesces during IPC and final hide cannot be overtaken by stale geometry (0.218709ms)
✔ layout continues with newest state after rejected native IPC (0.23125ms)
✔ detached surfaces remain addressable when the host split is narrow (0.144542ms)
✔ native layout scales CSS geometry by page zoom in window logical points (0.474958ms)
✔ overlay focus restoration is cancelled when detach or a new overlay wins the race (0.115333ms)
✔ native menus honor primary window focus after macOS window cycling leaves a stale side flag (2.296459ms)
✔ the shared inbox link says how many things need you (S20-07) (0.343583ms)
✔ every narrower needs-you surface links to the one canonical inbox (0.399041ms)
✔ the agent-to-agent transport is never labelled "Rooms" (the sidebar module owns that noun) (1.030208ms)
✔ mixed batch keeps recovery open and retries only the failed submitted configuration (37.520417ms)
✔ all-success batch opens each session once and closes (10.385917ms)
✔ all-failed batch stays open and can complete on retry (6.534959ms)
✔ workspace-bound failed member waits for its original workspace before retry (8.016084ms)
✔ automation notice routes resolve to the item to open (0.624208ms)
✔ a re-fired notice (same id, refreshed by the daemon) replaces the read copy (56.549875ms)
✔ an identical re-delivery is ignored (16.105167ms)
✔ a new notice is prepended (11.650417ms)
✔ awaiting-input banners only for a session you are not watching (A2) (41.562625ms)
✔ canceling a workspace switch prevents a notification from navigating in the old workspace (12.491625ms)
✔ a notice for another workspace's session switches there and opens it (8.898125ms)
✔ a notice for an archived session offers Unarchive and open (17.418875ms)
✔ a deleted session says so instead of failing silently (8.237917ms)
✔ load() keeps notices ingested while the GET was in flight and queues one trailing reload (8.780167ms)
✔ ensureLoaded() joins the in-flight first load instead of fetching twice (boot perf) (8.209167ms)
✔ identity change: a load answered for the previous identity is dropped, then re-run (S13-02) (11.593333ms)
✔ a failed load with ingested rows settles, keeps the rows and reports the error (7.4155ms)
✔ the bell spins only until a load settles and shows rows + inline Retry on a failed refresh (2.475584ms)
✔ OKF verifier mapping and list derive the same advisory trust tier (0.602667ms)
✔ staleness uses an absolute inclusive deadline and verification is independent (0.18675ms)
✔ legacy and absent metadata remain readable, unknown types are accepted (0.103416ms)
✔ editing lifecycle fields preserves nested provenance and body (4.324834ms)
✔ new concept template is v0.2, draft and unverified, with YAML-safe titles (1.715875ms)
✔ ⌥ composing an ASCII symbol (DE ⌥L = @, ⌥5 = [) counts (0.379875ms)
✔ US-layout ⌥ glyphs, letters, arrows and other chords do not (0.072958ms)
✔ the hint shows once, and only while Option is Meta (0.311ms)
✔ one word of a multi-word title never addresses the session (51.610625ms)
✔ the whole title, the handle, @handle and handle: still address (12.224ms)
✔ close by a single title word falls through instead of archiving (10.784ms)
✔ close <whole name> of one idle session archives at once (9.447333ms)
✔ close all / several / a working one / "stop <name>" ask first (7.049458ms)
✔ a provider close never includes background workflow / review agents (S13-04) (6.582833ms)
✔ "delete <name>" resolves by name and asks before a permanent delete (7.447583ms)
✔ a "working" plain shell is not mid-turn: close <name> archives at once (8.901708ms)
✔ scheduled save retains fields typed during PATCH and saves again to the same task (63.34325ms)
✔ scheduled create adopts its new ID while preserving post-submit edits (21.265917ms)
✔ scheduled failed save retains all newer fields (15.367584ms)
✔ scheduled agents navigation uses the form leave decision (14.505667ms)
✔ scheduled workspace navigation uses the form leave decision (17.126834ms)
✔ scheduled clean navigation does not ask, late save cannot close replacement form (13.179792ms)
✔ goal agents navigation preserves criterion and budget drafts (6.530458ms)
✔ goal workspace navigation preserves criterion and budget drafts (4.507584ms)
✔ goal budget-only changes are a draft and clean navigation does not ask (8.327417ms)
✔ late goal launch cannot redirect a replacement workspace (7.086542ms)
✔ scheduled create completion cannot replace another workspace list (24.335208ms)
✔ scheduled A-B-A ignores old A success and finally (7.984833ms)
✔ scheduled A-B-A ignores old A failure and finally (7.263625ms)
✔ scheduled reversed same-workspace load cannot replace the latest success (6.926916ms)
✔ goal create after A-B cannot reload a departed context (13.298458ms)
✔ goal create after A-B-A cannot reload a departed context (8.462125ms)
✔ goal A-B-A ignores old list success and finally (9.039958ms)
✔ goal A-B-A ignores old list failure and finally (9.825708ms)
✔ goal reversed same-workspace lists preserve the newer result (7.321167ms)
✔ goal workspace Keep retains A; Discard closes the persistent parent and never resurrects A (6.0925ms)
✔ goal clean workspace leave settles the parent without prompting (7.878875ms)
✔ goal local Cancel calls the real parent once (3.760375ms)
✔ goal discarded pending launch uses actual store without replacing B or redirecting its parent (12.275ms)
✔ pending workflow save cannot retarget Run to B (49.377541ms)
✔ pending workflow save cannot retarget Run to null (14.028375ms)
✔ Run admission covers validation and releases after validation failure (8.780417ms)
✔ late Run response cannot install under a different workflow (8.310417ms)
✔ late version read cannot replace current drawer or its loading state (9.614667ms)
✔ Restore captures version identity before discard confirmation (8.047917ms)
✔ replacement import fetches global scope, confirms empty visible workspace, and fails closed (3.6065ms)
✔ extended budget survives Resume failure and retry skips repeat PATCH (3.453042ms)
✔ dirty work item selection retains draft and route until discard is accepted (4.851791ms)
✔ mounted tool catalogue batches 1000 decisions and releases refresh work (29.74175ms)
✔ Mission request refresh updates approvals without replacing active draft (5.479333ms)
✔ Mission approve refresh updates approvals without replacing active draft (5.026042ms)
✔ Mission deny refresh updates approvals without replacing active draft (3.677375ms)
✔ Mission refresh begun before Edit cannot overwrite later typing (3.058167ms)
✔ Mission refresh keeps the original edit baseline when server fields change (3.2675ms)
✔ Mission successful Save supersedes an older same-item read (4.483958ms)
✔ Mission Save preserves changes typed after submission and Cancel restores saved values (2.983167ms)
✔ Mission failed Save retains the draft and baseline (2.739291ms)
✔ Mission A-B-A reads retain the newest item visit and seed clean navigation (2.604917ms)
✔ open is first, unknown server actions are hidden (0.796541ms)
✔ the canvas hit's legacy 'Open in Canvas' label still opens (0.106208ms)
✔ a repo hit routes to its repo (0.046834ms)
✔ context names the kind, title, subtitle and id (0.069375ms)
✔ search error remains visible and a successful retry clears it (27.431708ms)
✔ superseded search cannot overwrite a newer result or raise its error (4.548417ms)
✔ paneTier maps widths onto full / compact / minimal / micro at the CSS breakpoints (0.434958ms)
✔ an unmeasured pane is full, never a flash of the minimal header (0.086875ms)
✔ tierAtMost orders the tiers widest → narrowest (0.051416ms)
✔ a stored Split preference reads as Chat; unknown values fall back to the default (0.050333ms)
✔ the view toggle flips between the two remaining views (0.040666ms)
✔ cwdLabel shows the last folder of a path (0.112667ms)
✔ paneDetails keeps only the facts that exist, in a stable order (0.394667ms)
✔ the transcript store migrates a stored Split to Chat once and drops the split fraction (63.20325ms)
✔ Home/End set the value's min/max (0.646708ms)
✔ Home/End set the value's min/max on an inverted (leading-edge) separator (0.060708ms)
✔ invert flips the arrows (and RTL mirrors them) (0.067375ms)
✔ an incremental answer prepends only new items and keeps the runs it did not carry (1.741125ms)
✔ the merged ring is capped like the daemon ring (2.19875ms)
✔ only approval events for approvals the feed shows trigger a refresh (0.107166ms)
✔ a daemon restart (new epoch) resets the cursor and items instead of freezing the feed (0.111ms)
✔ the daemon-side reset flag is honoured even without an epoch to compare (0.108209ms)
✔ loadSchedules: A then B preserves independent agent results (52.183792ms)
✔ loadSchedules: B then A preserves independent agent results (14.351625ms)
✔ loadSchedules: newer same-agent result survives stale success (10.902667ms)
✔ loadSchedules: newer same-agent result survives stale failure (10.275333ms)
✔ loadRuns: A then B preserves independent agent results (7.308584ms)
✔ loadRuns: B then A preserves independent agent results (6.671458ms)
✔ loadRuns: newer same-agent result survives stale success (6.661125ms)
✔ loadRuns: newer same-agent result survives stale failure (6.857958ms)
✔ Proof filter replacement ignores old success and its loading completion (8.247583ms)
✔ Proof filter replacement ignores old failure and its loading completion (6.08325ms)
✔ Proof workspace A-B-A rejects the first A response and retains final cursor (5.39ms)
✔ Proof old load-more success cannot publish across filter change (5.413083ms)
✔ Proof old load-more failure cannot publish across filter change (6.31575ms)
✔ Proof close invalidates pending detail success (4.645ms)
✔ Proof close invalidates pending detail failure (4.830625ms)
✔ Proof detail completion cannot clear an active list spinner (4.639583ms)
✔ Insights queued latest model drains after schedule success (4.079458ms)
✔ Insights queued latest model drains after schedule failure (2.573834ms)
✔ Insights failed queued model stays retryable after successful schedule save (2.83475ms)
✔ Insights provider reset cancels an older debounced model from the prior provider (2.369875ms)
✔ Insights rejected provider preserves its model when rejection is before debounce (2.2785ms)
✔ Insights rejected provider preserves its model when rejection is after debounce (2.224584ms)
✔ Insights Retry debounce state compiles without a nonreactive update warning (37.768125ms)
✔ PAT mint keeps the uncopied secret through repeated submit and clipboard failure until Done (3.185583ms)
✔ AccountPicker exposes pending lookup and an in-place retry without losing drafts or explicit account (3.753959ms)
✔ AccountPicker provider change and unmount reject obsolete lookup publication (2.620708ms)
✔ personal agent list A-B-A keeps newer rows after stale success (5.674959ms)
✔ personal agent list A-B-A keeps newer rows after stale failure (5.906917ms)
✔ personal agent old completion does not clear a newer loading state (5.940833ms)
✔ template retry preserves the first created agent and schedule request key (33.393291ms)
✔ Athena history keeps its response region and rejects a late foreign history (9.812791ms)
✔ 100 visited Assistant threads retain only acquired data and reconnect refreshes one view (33.486833ms)
✔ late Assistant fetch and live events cannot revive released history or remove pending sends (88.345458ms)
✔ AgentDocuments navigation keeps dirty drafts and blocks pending-save departure (3.661042ms)
✔ AgentAutonomy navigation keeps dirty drafts and blocks pending-save departure (1.3205ms)
✔ in-flight guard: a due tick never overlaps a pending run (46.777375ms)
✔ failures back off x2 up to maxBackoff, success resets (10.474334ms)
✔ resolving false counts as a failure (8.414917ms)
✔ hidden: pause skips ticks with no timer, and runs once on return (7.164417ms)
✔ hidden: a numeric cadence keeps polling slower while hidden (8.701708ms)
✔ stop aborts the in-flight run and never reschedules (5.354833ms)
✔ an owner signal stops the poller; immediate:false waits one cadence (4.840083ms)
✔ jitter stays within ±fraction (5.651167ms)
✔ mapLimit caps concurrency and keeps order (8.88925ms)
✔ status backoff (Athena / Logs Insights): 1,1,2,2,3,5 then capped at 5 s (0.595792ms)
✔ status backoff: 15 s at every step while the window is hidden (0.06875ms)
✔ adaptive delay (Logs tail): 2 → 4 → 8 → 10 cap, reset to 2 on data (0.060375ms)
✔ adaptive cadence (Kafka tail): 3 → 6 → 12 → 15 cap, reset on new messages (0.068791ms)
✔ effectiveRefreshMs: all-regions mode is floored at 30 s, single region unchanged (0.046916ms)
✔ pollWhileVisible honours a `get ms()` getter fed by adaptiveCadence (14.014791ms)
✔ createLimiter(2) (AccountsOverview probe stagger): never more than 2 in flight, all run (9.63225ms)
✔ quiet cadence (Kafka Overview metrics): 4 s, then 8 → 10 s after 3 unchanged samples, snaps back on change (0.20325ms)
✔ at most 8 PRs stay cached, least recently used first out (45.267708ms)
✔ expired entries are swept when another PR is opened (10.927291ms)
✔ the byte budget evicts older PRs; loaded files are charged (19.527625ms)
✔ favorites first, then the visible order, mapped + deduped + capped (0.771208ms)
✔ modules the user cannot see (RBAC / hidden) are never warmed (0.076167ms)
✔ plugin routes and unknown ids are skipped (0.07225ms)
✔ only a local daemon on a non-phone without Save-Data prefetches (0.153417ms)
✔ resource attribution includes reparented owned WebKit XPCs, excludes foreign coalitions/system WebKit and driver (39.1515ms)
✔ coalition cache reuses stable identities, invalidates reused PIDs, and never keeps an exited owner (6.839458ms)
✔ Chromium keeps descendant attribution without a macOS coalition lookup (5.418291ms)
✔ a new story always seeds the form (0.639125ms)
✔ a detail replacement keeps unsaved edits and refreshes untouched fields (0.07075ms)
✔ an unedited form follows the server (0.04575ms)
✔ after the user saves, the saved text stays in the form (0.040875ms)
✔ every Overview Jira write is confirmed before it is sent (0.637917ms)
✔ workspace-only loads never read the reactive story selection (72.187583ms)
✔ late draft mutation cannot replace a newly selected story (24.758916ms)
✔ late collection response and loading completion belong to their selection (20.648709ms)
✔ late workspace list response cannot replace the current workspace (19.7ms)
✔ dirty Product story, tab and view transitions respect Keep editing (19.536584ms)
✔ A to B to A cannot revive a request from the earlier A lifetime (16.260583ms)
✔ S18-01: a Jira title/description write for A never patches B after a switch (16.351875ms)
✔ S18-03: captureSelection goes stale on A → B → A (a re-open is a new owner) (20.926084ms)
✔ import into 50 transcripts from the first page preserves ordinary cursor reachability (73.605583ms)
✔ import into 51 transcripts from the first page preserves ordinary cursor reachability (28.30475ms)
✔ import into 51 transcripts from an older page preserves ordinary cursor reachability (23.569334ms)
✔ import into 100 transcripts from the first page preserves ordinary cursor reachability (20.259042ms)
✔ import into 100 transcripts from an older page preserves ordinary cursor reachability (18.336875ms)
✔ a delayed pre-import page cannot replace the refreshed first page after POST (15.592459ms)
✔ leaving an off-page search reveal restores the ordinary boundary item and cursor (20.713416ms)
✔ real registry unregister stops Product search before its next cursor GET (30.457084ms)
✔ real registry unregister releases retained search rows even when the pending read rejects (26.588375ms)
✔ real asynchronous reveal honors close before expanding, painting or scrolling (31.548667ms)
✔ real asynchronous reveal honors no-results query before expanding, painting or scrolling (32.19975ms)
✔ real asynchronous reveal honors normal reveal before expanding, painting or scrolling (28.185666ms)
✔ opening collapsed transcript history transfers only a bounded thin first page (73.977833ms)
✔ expanding a thin transcript fetches its body through the actual Overview handler (37.091542ms)
✔ transcript cache enforces both byte and entry bounds and rehydrates evicted bodies (25.809292ms)
✔ summary pagination stays bounded and older collapsed search reveals the correct body (28.815042ms)
✔ failed body loading can retry without losing the selected summary (32.625ms)
✔ late transcript body belongs to the original story lifetime (25.073667ms)
✔ an oversized body stays out of the cache and remains downloadable in full (32.863625ms)
✔ readiness follows registry tool detection for built-in and custom providers (45.283916ms)
✔ context-dependent and legacy unchecked providers remain launchable without claiming readiness (6.570917ms)
✔ late story destinations cannot replace the newly selected account (33.3815ms)
✔ late rfc destinations cannot replace the newly selected account (6.45775ms)
✔ destination retry preserves the typed RFC title and parent (4.687583ms)
✔ story submit binds the exact reviewed body and metadata despite later detail updates (37.43875ms)
✔ rfc submit binds the exact reviewed body and metadata despite later detail updates (7.225042ms)
✔ a preview without a content version binds null identity and the exact empty-body digest (6.298083ms)
✔ publication conflict disables the stale preview until explicit review reload (6.236917ms)
✔ Recap unchanged completed archive polls metadata without retransferring its body (41.748708ms)
✔ Recap summary metadata alone updates without another body request (10.48725ms)
✔ Recap append beyond an older complete page updates metadata without rereading that page (9.252625ms)
✔ Recap partial newest page appends after a missed event, then resumes cheap unchanged checks (8.137416ms)
✔ Recap exact page boundary exposes the next cursor without appending 101 rows or moving the page (9.491584ms)
✔ Recap external draft replacement and removal remain observable after capture stops (7.419292ms)
✔ Recap delayed old body cannot be acknowledged as a newer draft revision (5.871958ms)
✔ Recap explicit refresh still reads body and a closed panel ignores pending body completion (7.181667ms)
✔ Recap revision error retains content and recovery clears error without rereading unchanged body (6.893125ms)
✔ Recap revision failures back off the real visible poller and recovery restores cadence (29.908917ms)
✔ a burst of edits renders only the first (running) and the newest job (2.314167ms)
✔ jobs without isStale keep strict FIFO order (0.269334ms)
✔ a failing job or a throwing isStale never wedges the chain (0.258666ms)
✔ REST DTOs: otto-core structs and their types.ts mirrors agree (3.091292ms)
✔ membership waits for snapshot and fails closed after ten seconds of silence (11.522541ms)
✔ silence deadline resets per server frame rather than rounding to the heartbeat tick (0.577292ms)
✔ signal parser rejects oversized, malformed and unknown media envelopes (0.587417ms)
✔ ending room while screen permission is pending stops the late stream and publishes nothing (0.488208ms)
✔ presenter permission is required before opening a screen picker (0.080958ms)
✔ late microphone capture cannot reactivate after leaving audio (0.741791ms)
✔ a host generation change invalidates a pending guest picker even if disconnect was missed (0.220667ms)
✔ server coordinator shutdown stops the host microphone and audio context (0.289584ms)
✔ moderation mute then lift cannot revive a picker opened before moderation (0.518ms)
✔ recap accessor exposes only the host raw live microphone and withdraws muted audio (0.442375ms)
✔ 25 screen source replacements and 25 audio rejoins reuse negotiated sender slots (15.542167ms)
✔ removing a member during a pending video replacement cannot recreate its audio mix (0.564042ms)
✔ revoking a source during pending slot reuse clears the newly attached video track (0.489375ms)
✔ a retained receiver stream binds new source IDs without another ontrack event (10.977709ms)
✔ a binding-only publisher replacement triggers forwarding to another guest (8.739166ms)
✔ offer glare still accepts ICE for the current remote generation (0.78475ms)
✔ initial ignored-offer candidates are not replayed into a different accepted generation (0.602917ms)
✔ negotiation chooses the local description after a pending remote offer changes signaling state (0.298333ms)
✔ local preview demand never subscribes to the publisher through the server (0.174917ms)
✔ revocation stops capture that resolves after the permission picker (0.512875ms)
✔ failed source replacement preserves the existing capture (0.203625ms)
✔ revoked permission is rechecked at capture commit and concurrent pickers cannot leak (0.0975ms)
✔ four-presenter host star stays under aggregate video ceiling with one full pin per viewer (0.273958ms)
✔ grid budgets are shared per viewer and hidden sources stop encoding (0.09575ms)
✔ dimensions preserve aspect ratio, never upscale and invalid metadata disables transmission (0.076459ms)
✔ host mixes exclude the recipient, room-muted, departed and locally muted senders (0.470041ms)
✔ source geometry invalidates on resize but not intentional quality downscale (0.126875ms)
✔ encodes bounded mono16k PCM WAV with clamping and duration-preserving downsampling (0.518625ms)
✔ screen difference retains first/changed frames and skips small noise (0.069125ms)
✔ bounded upload queue drops overflow and invalidates queued work when consent epoch changes (0.447375ms)
✔ invites require an explicit secure host and exactly one fragment capability (0.984417ms)
✔ room sockets carry no query credential and use the room endpoint (0.082334ms)
✔ pin is local and a stopped source falls back to the terminal (0.047583ms)
✔ annotation positions account for letterboxing and reject the margins (0.081291ms)
✔ only recognized automatic terminal reports are passive input (0.250541ms)
✔ late annotation events cannot restore cleared or revoked marks (0.1985ms)
✔ closed Rooms view: an event bumps activity and fetches nothing (61.268084ms)
✔ open view appends the event message with no GET, deduped by id (16.032375ms)
✔ unmount evicts all but the selected room; a resync re-reads the tail (13.540666ms)
✔ go() without guards navigates (69.875625ms)
✔ a guard returning false keeps the route; true lets it through (18.6295ms)
✔ a link / typed hash is reverted when a guard declines (12.31775ms)
✔ back() asks the guards; unregistering removes the guard (13.055791ms)
✔ replace() is never guarded (10.457541ms)
✔ room invitation is captured only in memory and removed before route history is recorded (12.561709ms)
✔ openModule resumes a module where it was left; the active module goes home (12.061334ms)
✔ workspace leave decisions run guards without navigating or accepting same-route exemptions (11.958542ms)
✔ a newer route decision invalidates a pending workspace decision (13.215625ms)
✔ a share token survives a reload of the guest page (tab sessionStorage), never in the URL (31.031375ms)
✔ native Back then Forward moves the in-app pointer and keeps forward history (70.134459ms)
✔ a refused native Back is undone with history.go, not by overwriting the entry (17.547667ms)
✔ an approved native Back under a guard lands on the target (14.423792ms)
✔ a new link navigation after Back still truncates forward history (12.454458ms)
✔ ContextMenu key and ⇧F10 open the menu; nothing else does (0.64025ms)
✔ keyboard menu opens at the start edge, mirrored in RTL (0.539125ms)
✔ the menu chord works from a non-editable descendant, not from a field (0.261792ms)
✔ a run with every artifact links to proof, findings, loop and branch (S20-02) (0.817417ms)
✔ a run with nothing to inspect yields no links (0.088042ms)
✔ findings and branch need a repo to resolve (0.057333ms)
✔ the evidence routes resolve to THIS run’s review and branch (S20-301) (0.131625ms)
✔ without a review id there is no findings link (nothing specific to open) (0.052958ms)
✔ checkpoint-only progress merges freshness without clearing loaded pages (39.208875ms)
✔ body cache rejects another version and evicts only bounded retained bodies (12.812666ms)
✔ out-of-order run snapshots do not roll back selected details or checkpoint generation (9.397542ms)
✔ checkpoint pages preserve a row already fetched at a newer revision (6.834792ms)
✔ unchanged nodes (same detail_version + status) keep their object and fields (7.77575ms)
✔ shared node bodies: one request per (run,node) across the step list and the inspector (7.441625ms)
✔ a shared read is aborted only when every consumer that joined it aborted (5.675417ms)
✔ a contiguous live node summary applies in place; anything else refetches (perf W5) (6.274959ms)
✔ shared completed node bodies obey a 16 MiB estimated byte budget (11.067875ms)
✔ oversized shared bodies reach every joined consumer but are not cached (13.960791ms)
✔ shared completed body eviction uses last access rather than insertion order (4.705583ms)
✔ network-path references are external, not relative (0.492834ms)
✔ relative, fragment and query hrefs stay internal (0.099208ms)
✔ http(s) is external; mailto allowed but not external (0.048458ms)
✔ script-ish schemes are refused, even obfuscated (0.059667ms)
✔ data: only as a non-SVG image (0.041916ms)
✔ version cache reuses immutable selected versions with bounded bytes and entries (0.568083ms)
✔ kick-out confirms with the session, the workspace and no-undo; mid-turn says so (0.508917ms)
✔ kick-out: confirmed → delete + walk-out together, then a toast (0.564042ms)
✔ kick-out: cancelled → nothing happens; failed delete → the kid walks back (0.202042ms)
✔ no actions for a kid you can’t manage (0.131791ms)
✔ detention archives (with the working hint) while the kid walks to the bench (0.087167ms)
✔ detention: a cancelled guard walks the kid back without an error (0.06ms)
✔ release unarchives and says the kid is back (0.068667ms)
✔ actor disposal releases unique cloned skeletons and mixer bindings while preserving shared templates (3.559542ms)
✔ every workspace is a classroom door, the current one first (2.857ms)
✔ status → pose: only real output is typing; an alive-but-quiet process sits idle (0.067958ms)
✔ each provider gets its own kid; unknown providers the custom kid (0.043791ms)
✔ seating is stable: a status change never moves a kid to another desk (0.192417ms)
✔ a room hangs behind its corridor door: back wall on the corridor, door segment on its door (0.091916ms)
✔ engine sessions sit in the back row only while live; viewers cannot manage (0.166416ms)
✔ archived sessions sit on the detention bench (newest first, max 3) (0.145625ms)
✔ complete membership keeps overflow sessions actionable while geometry stays capped (0.340416ms)
✔ roomSummary reads like a door sign (0.148834ms)
✔ a full grid of desks, each with a chair, and one door each side of the wall (0.499709ms)
✔ no furniture footprint lands on a walkway (0.374ms)
✔ lanePath only walks axis-aligned along lanes and aisles (0.156584ms)
✔ busy kids never leave their desks; idle kids do wander, and come back (6.410458ms)
✔ a wandering kid hurries back when its session wakes up (1.271916ms)
✔ the headmaster checks on the kid that needs you first (0.485417ms)
✔ kick-out walks the kid out of the door; detention walks it to the bench (0.472208ms)
✔ restore puts a kicked kid back at its desk (the delete failed) (0.095125ms)
✔ reduced motion: nobody wanders, the headmaster stays at the board, kicks are instant (0.948583ms)
✔ every clip life asks for is in the asset contract (3.654375ms)
✔ an unanswered "needs you" frees the kid to wander after BORED_MS; a fresh one keeps the hand up (2.645ms)
✔ hidden documents abort screen reads, suppress late feeds, and resume one nonoverlapping batch (2.908792ms)
✔ a poller created while hidden waits for reveal and still caps each batch at twelve (1.102916ms)
✔ abort terminates pending worker and ignores late messages (41.102916ms)
✔ elapsed deadline terminates a script that never replies (17.194667ms)
✔ oversized input rejects before any worker message (7.336709ms)
✔ postMessage clone failure terminates and settles exactly once (5.33175ms)
✔ messageerror terminates and success cleans its worker (10.976291ms)
✔ already aborted script creates no worker (5.41125ms)
✔ pre-script keeps pm request/header and variable behavior (0.775042ms)
✔ console bursts stop retaining entries at the script output budget (0.945541ms)
✔ oversized log text is rejected before retention (0.12575ms)
✔ post-script test bursts share bounded output collection (0.521167ms)
✔ post-script keeps passed and failed pm tests plus chaining (0.19675ms)
✔ write set records explicit same-value writes and unsets but not reads (0.109625ms)
✔ writes never overlap and the last one sends the latest state (1.815875ms)
✔ a failed write does not wedge the queue (0.319667ms)
✔ BACKGROUND_SOURCES mirrors the Rust BACKGROUND_SESSION_SOURCES exactly (0.809291ms)
✔ the inlined scratch id matches sessionScope (0.076917ms)
✔ isForeground / isShownKind follow the daemon rule (0.090833ms)
✔ bucketSessions: one pass reproduces every sidebar list (4.582709ms)
✔ bucketSessions on 2,360 rows stays well under a frame (3.465208ms)
✔ shownListQuery always asks for the foreground rows + channel tickets (0.201333ms)
✔ idChunks splits at the daemon cap of 64 (0.173709ms)
✔ applyOrder puts unknown ids on top newest-first, then known in order, ignores dead ids (5.206958ms)
✔ reorder pulls from and reinserts at to; unknown ids unchanged (0.117667ms)
✔ applyOrder with an empty order equals recency sort (0.069291ms)
✔ applyTokenOrder: most tokens first, unused sessions keep recent order after (0.136ms)
✔ image upload cannot cross terminal ownership after switch (38.298375ms)
✔ image upload cannot cross terminal ownership after disconnect (11.5895ms)
✔ image upload cannot cross terminal ownership after readonly (9.232875ms)
✔ an image still owned by its connected writable terminal is pasted once (6.652834ms)
✔ in a workspace, scratch sessions the store holds for the sidebar are out of scope (0.673042ms)
✔ a scratch session opened as a tab here is on screen, so it is in scope (0.0805ms)
✔ with no workspace selected, scratch sessions are all there is (0.047125ms)
✔ applyStatusPatches: one pass, one new array, untouched rows keep identity (0.621833ms)
✔ applyStatusPatches: same array when nothing applies (0.060292ms)
✔ applyStatusPatches: a burst keeps only the newest stamp per id (Map semantics) (0.089625ms)
✔ staleStatusIds: drops unknown terminal ids, keeps loaded and live ones (0.064792ms)
✔ canDropExited: held by a tab, a pane or an in-flight fetch → stays (0.055ms)
✔ token counts read compactly (0.409833ms)
✔ cost is an estimate with sensible floors (6.983917ms)
✔ the label puts tokens first and cost second; no usage → null (0.202042ms)
✔ run history is off unless a positive window is stored, floored like the daemon (0.350375ms)
✔ changing the window keeps every other stored retention field (0.371459ms)
✔ section ids are unique and labels are sentence case (0.55775ms)
✔ access gates: ungated for members, admin sections for settings admins, root-only groups (0.107292ms)
✔ filter matches label, keywords and group, ranking label prefixes first (0.880042ms)
✔ every section page titles itself from the registry (7.232833ms)
✔ sections backed by root-only handlers are gated on root, not settings:admin (0.105958ms)
✔ root-only handlers ↔ root-gated sections (S17-303) (1.114167ms)
✔ failed first listing retains attempted state until explicit retry (48.220833ms)
✔ transfer polling waits through finalizing and returns completed bytes (9.648417ms)
✔ pagination reaches the final omitted change and downloads retain complete source bytes (44.690459ms)
✔ identical 50k-line JSON produces no false changed lines or full-file render (27.616167ms)
✔ distant sparse changes retain equal interior lines within a fixed allocation budget (91.169ms)
✔ distant substitutions inside 50k repeated lines preserve the unchanged common run (33.171333ms)
✔ bounded repeated-line traceback reconstructs both sources after insertions (16.242875ms)
✔ bounded repeated-line traceback reconstructs both sources after deletions (17.424167ms)
✔ bounded repeated-line traceback reconstructs both sources after reordering (13.983916ms)
✔ actual template render inputs are bounded for disjoint large sources (17.961333ms)
✔ actual template render inputs are bounded for empty-before large sources (8.775334ms)
✔ actual template render inputs are bounded for unlimited-context large sources (10.197041ms)
✔ every sidebar module routes to its own page chunk (1.586333ms)
✔ the shell imports no module page statically (1.146792ms)
✔ mermaid, sql-formatter and qrcode are never imported statically (142.686208ms)
✔ the shell chunk evaluates no page-owned store, handler file or the ui-commands catalog (perf F2) (9.657333ms)
✔ the entry chunk never carries the mock-API fixtures (perf F10) (5.359292ms)
✔ the right activity panel loads each tab on demand (perf G1) (2.454875ms)
✔ patchSessionIn keeps the array when the id is absent or the patch is a no-op (0.637917ms)
✔ rafCoalesce applies only the latest move per frame, and flush applies it now (0.130083ms)
✔ loadFrecency parses once per stored string and recordUsage never edits the shared map (0.146709ms)
✔ capNotices drops the oldest read notices first, unread only past the cap (61.999417ms)
✔ ingest keeps at most NOTICE_CAP notices (20.002916ms)
✔ plain chords split modifier glyphs into separate keys (0.792959ms)
✔ a range stays one readable chip (0.070958ms)
✔ alternatives get a plain separator, not a "U / " key (0.054834ms)
✔ isEmbedSearch: only embed=1 marks the side pane document (0.495958ms)
✔ routeOf strips the hash prefix in every spelling (0.101375ms)
✔ paneKey groups routes by the sidebar entry that owns them (0.077334ms)
✔ paneKey matches the sidebar highlight (activeNavId) for every route shape (0.068459ms)
✔ clampShare keeps the split within 25–75% and both panes above the floor (0.09275ms)
✔ fitsTwoPanes needs room for two minimum-width panes and the divider (0.043041ms)
✔ leading/side share convert both ways for both placements (0.07025ms)
✔ leadingFromPointer is logical: mirrored in RTL (0.044584ms)
✔ nudgeLeading: arrows step (visually), Home/End limits, Enter resets (0.06275ms)
✔ saved state: round-trips, clamps, and never restores a one-time route (0.475958ms)
✔ embedSrc: same page, embed flag, no window identity, the route in the hash (0.090541ms)
✔ embeddedKeyTarget: window verbs go to the host, pane verbs stay (0.063084ms)
✔ sideMenuTarget: only a focused pane takes the pane-scoped menu items (0.04575ms)
✔ readGuestMsg validates everything the host acts on (0.216625ms)
✔ readHostMsg validates what the pane acts on (0.083125ms)
✔ targetOrigin: the real origin, or * for an opaque one (0.029208ms)
✔ no favorites: no Favorites section, shipped section order (1.163084ms)
✔ favorites come first, in the saved order, and leave their own sections (0.184833ms)
✔ a section emptied by favorites disappears; a user order still applies inside Favorites (0.07725ms)
✔ favorites respect RBAC, features and plugins: an unavailable favorite is skipped (0.086958ms)
✔ favorites + hidden: hidden favorites vanish outside edit mode, stay listed while editing (0.119833ms)
✔ duplicate favorite ids render once (0.037666ms)
✔ section order: saved first, unknown / duplicate / favorites ignored, missing appended in default order (0.068208ms)
✔ moveAmong: swaps with the nearest present neighbour, null at the ends (0.083125ms)
✔ reorderAmong: drag lands before the target going up, after it going down (0.061916ms)
✔ insertFavorite: appends, inserts before a target, never duplicates (0.084208ms)
(node:1660) [DEP0205] DeprecationWarning: `module.register()` is deprecated. Use `module.registerHooks()` instead.
(Use `node --trace-deprecation ...` to show where the warning was created)
✔ site.css is byte-identical to the Rust crate copy (the export ships the same stylesheet) (2.207375ms)
✔ the catalog: ~25 section blocks across every family, all renderable (3.829833ms)
✔ the renderer escapes copy and sanitizes links and images (0.215666ms)
✔ hidden sections stay in the document but never reach the export (0.087458ms)
✔ 3D embeds show the artifact (poster, version, policy) or a stand-in card (0.141166ms)
✔ brand kits (otto-brand/1 and the legacy typography shape) become --brand-* tokens and theme slots (0.820417ms)
✔ tone and contrast follow the brand colours (0.132208ms)
✔ the validator gates structure, ids, blocks, enums and unsafe URLs (0.2695ms)
✔ six starter templates, all valid, readable ids, brand tokens only (1.653291ms)
✔ document ops never mutate their input and keep ids unique (0.650458ms)
✔ "From your library" copies carry provenance as a derived_from reference (0.201542ms)
✔ parseSite reads empty and legacy docs, and reports invalid ones (0.099583ms)
✔ audit flags low contrast, off-brand colours and missing text alternatives (0.110541ms)
✔ the co-design selection payload names the node and stays under the assist cap (0.168333ms)
✔ SD-17: ops path-copy — untouched pages, sections and blocks keep their identity (0.300333ms)
✔ S18-23: section classes built from doc fields cannot break out of the class attribute (0.182875ms)
✔ one group per name with variants in display order (no ×3 rows) (5.50475ms)
✔ sync states: unknown until bodies are read, then in sync or drifted (0.785416ms)
✔ bundled version drift marks the library copy drifted (0.18ms)
✔ provider-only copies compare against the first provider (0.076958ms)
✔ filters: search, category, source, drifted-only; counts (0.193042ms)
✔ namesNeedingBodies lists only provider copies that have something to compare to (0.099875ms)
✔ normalizeBody ignores line endings and trailing whitespace only (0.053708ms)
✔ parseFrontmatter reads scalars, block scalars and lists (0.285792ms)
✔ a leaked block-scalar marker is not a description (0.089917ms)
✔ parseFrontmatter without frontmatter returns the whole text (0.112167ms)
✔ annosHash is stable for equal states and changes on any edit (upload skip key) (0.410084ms)
✔ an unchanged annotation list makes zero uploads (0.402833ms)
✔ only a state that differs from the last save uploads (0.095666ms)
✔ a real change is detected (geometry, text and order) (0.080083ms)
✔ MAX_PANES is the user decision (15, not 6) (1.105666ms)
✔ insertBeside: left/up put node in a, right/down in b, axis col vs row (0.502875ms)
✔ removeLeaf collapses the parent and keeps the sibling subtree key and frac (0.099083ms)
✔ swapLeaves swaps sessions, not keys (0.0975ms)
✔ moveLeaf same key / unknown target is identity (0.078792ms)
✔ moveLeaf removes then inserts (3 leaves stay 3, new position) (0.081083ms)
✔ setFrac clamps to 0.1 and 0.9 (0.07325ms)
✔ fromLegacy n=1..4 shapes and fractions (0.087917ms)
✔ toLegacy(fromLegacy(x)) round-trips panes+axis for n=1,2 and panes for n=3,4 (0.114ms)
✔ parseLayout: null → null tree; garbage → null (0.152084ms)
✔ parseLayout: v1 → fromLegacy (0.167792ms)
✔ parseLayout: v2 with a dead leaf drops it and collapses (0.090458ms)
✔ parseLayout: v2 with a missing focused → null focused (0.052625ms)
✔ parseLayout: leaves beyond MAX_PANES are trimmed (0.147083ms)
✔ applyPreset cols/rows for n=2..15: every leaf share is 1/n and depth ≤ ⌈log₂ n⌉ (0.757125ms)
✔ applyPreset one-two-below / one-two-beside shapes (0.08125ms)
✔ applyPreset grid column count 2/3/4 at n=4/9/15 (0.109917ms)
✔ replaceSession maps every matching leaf, removes on null, dedupes a replaced leaf whose target already exists (0.102958ms)
✔ retain returns the same object when nothing changes (0.04675ms)
✔ applyTileOrder: known first in order, unknown appended, dead ids skipped (0.073708ms)
✔ reorderIds pulls from and reinserts at to; unknown ids unchanged (0.036333ms)
✔ neighbour on a 2×2 rect map (right/left/down/up + null at the edge) and cross-axis overlap preference (0.142958ms)
✔ storyStage: product stages map to one label/tone; done is success, not accent (0.8075ms)
✔ sessionState: live states map to one label/tone (0.428583ms)
✔ sessionState: needs-you is amber and wins over live states only (0.108ms)
✔ sessionState: resumable exits are suspended, never amber; plain exits end (0.084458ms)
✔ sessionState: non-zero exit code is failed; zero follows resumability (0.051542ms)
✔ sessionState: stale stops working/running claims from pulsing (0.043ms)
✔ isResumable mirrors the sidebar rule (0.0345ms)
✔ runStatus normalises every module vocabulary (0.127916ms)
✔ runStatus keeps unknown words readable and neutral (0.068041ms)
✔ envTone: prod danger, staging warning, dev neutral (0.096583ms)
✔ suspendedNote says why and when a session went dormant (A4) (0.0945ms)
✔ restartSummaryText reports kept vs suspended sessions, or nothing (0.0635ms)
✔ token references parse and label (Brand Kit name grammar) (0.631958ms)
✔ resolveColor goes through the kit resolver and falls back instead of breaking the render (0.346ms)
✔ resolveMaterial: explicit field > preset default > renderer default (0.187833ms)
✔ applyMaterialPreset clears what the preset owns and keeps colour/opacity (0.365416ms)
✔ web budget readout (0.091084ms)
✔ easing curves start at 0, end at 1 and keep their shape (0.111542ms)
✔ stateTiming defaults, clamps and honours reduced motion (0.060375ms)
✔ statePoses = base document + that state’s overrides (0.161834ms)
✔ lerpPose tweens transforms, colours, opacity and visibility (0.238958ms)
✔ one pass yields per-agent live/done/active and swarm totals (1.198167ms)
✔ no runs → empty stats (0.080625ms)
✔ initial application hooks need no runtime; an opt-in import connects the same hooks (49.293542ms)
✔ opt-out creates no clock, span, queue or export; disabling drops in-flight work (8.517208ms)
✔ queue is bounded, exports are batched and failures do not grow an offline backlog (11.467542ms)
✔ navigation and request spans share W3C context, and arbitrary fields never leave (6.98475ms)
✔ one flush at a time; consent revocation aborts delivery and invalidates old spans (6.1365ms)
✔ failed transport spans coexist with successful calls without invented HTTP status (5.453083ms)
✔ production HTTP wrapper omits a nonexistent response status on rejection (30.203334ms)
✔ configuration fetch retries a temporary failure and never reactivates after disposal (8.730041ms)
✔ hiding a view during paint discards render and navigation instead of recording timeout latency (5.656292ms)
✔ disposal during pending config cannot activate collection (3.009458ms)
✔ disposal during pending runtime cannot activate collection (2.854416ms)
✔ a newer disabled configuration wins over a pending runtime import (3.372208ms)
✔ actual HTTP producer conforms to the shared ingest contract without exporting route identities (24.680959ms)
✔ stale daemon identity with a reachable API cannot mutate, signal or delete a fixture (46.437125ms)
✔ replacement during config retrieval cannot receive the disable mutation or lose its data (8.635375ms)
✔ one compact in flight per window; the focused pane goes first (0.696ms)
✔ a repeated request while queued or in flight is one compact (0.071041ms)
✔ panes that left the screen are dropped, not run (0.060292ms)
✔ a pane that declines at run time frees the slot at once (0.049541ms)
✔ a lost reply frees the slot after the timeout; cancel frees it at once (0.080709ms)
✔ pauses once above HIGH and resumes once below LOW (0.786542ms)
✔ normal output below HIGH never sends flow frames (0.230917ms)
✔ a slow drain re-sends pause as a keep-alive (server auto-resumes after 2 s) (0.127375ms)
✔ no pause is sent while the socket is closed; a new stream starts unpaused (0.182958ms)
✔ hasCursorOrErase: redraws yes, plain appended output no (0.179667ms)
✔ withInOrderReset prefixes RIS and keeps the snapshot bytes (0.092875ms)
✔ WriteQueue slices ≤ WRITE_SLICE, keeps ≤ WRITE_INFLIGHT inside xterm, and loses nothing (17.6005ms)
✔ WriteQueue: xterm throwing un-counts the slice and keeps draining (0.098042ms)
✔ input over a big queue sends resync BEFORE the resume its drop triggers, and drops only the queue (0.185875ms)
✔ scrollback depths: 2k default for embeds, 4000 (the daemon depth) only where a primary pane asks for it (1.12125ms)
✔ credit: offer, grant, then no pause frames however big the backlog (0.227791ms)
✔ credit: binary snapshots are offered only on request (perf 01 N3: never to the room relay) (0.275333ms)
✔ resize-with-grid compact (perf 01 N6): a widened visible agent pane sends ONE grid-carrying scrollback (0.273542ms)
✔ credit: acks are cumulative, every CREDIT_ACK_STEP consumed, credited bytes only (0.140542ms)
✔ credit: a small granted window acks every window/4 (never waits on a remainder) (0.033625ms)
✔ credit: dropped bytes are acked (resync on input sends resync first) (0.147917ms)
✔ credit: a new socket reverts to pause mode and bytes from the old stream never ack (0.084834ms)
✔ credit: client backlog is bounded by the window independent of send rate (241.2085ms)
✔ tui clean-up: one repaint after a burst goes quiet, not one per frame (0.23025ms)
✔ tui clean-up: a never-quiet spinner is cleaned ~1×/s (was 5×/s) (0.078458ms)
✔ hold: consumed bytes are not acked while held; release acks the total once (0.085125ms)
✔ hold: release with nothing consumed, or before a grant, sends no ack (0.026583ms)
✔ hold: a dropped queue while held is acked on release (the daemon owes one snapshot) (0.037792ms)
✔ RollingStats keeps the last N and reports nearest-rank percentiles (0.413ms)
✔ KeyLatency splits one keystroke into wire, parse and paint (0.116458ms)
✔ KeyLatency ignores output with no keystroke pending, and reset drops a sample (0.05275ms)
✔ ProbeClock pairs acks with their probe and forgets stale ones (0.073ms)
✔ HUD formatting (0.071792ms)
✔ park: take returns the parked value once and cancels its TTL (0.824125ms)
✔ park: LRU cap evicts (and disposes) the oldest parked engine (0.14075ms)
✔ park: TTL disposes an engine nobody came back for (0.062167ms)
✔ park: re-parking a session disposes the older engine; a stale close cannot evict the newer one (0.05975ms)
✔ park: bounds are the documented ones (0.239542ms)
✔ park → adopt keeps the credit stream: acks continue on the same tag through re-pointed sinks (0.210417ms)
✔ snapshotApplies: attach/resync rebuild; a held optional compact is skipped (0.058417ms)
✔ park: a byte budget evicts the oldest engines past it, keeping the newest (perf 01 N2) (0.082667ms)
✔ park: the default budget holds ~5 worst-case (4000 × 200) engines, all PARK_CAP typical ones (0.119042ms)
✔ a new grid is sent and, in a TUI pane, compacted (0.664542ms)
✔ A→B→A: same final grid but a local reflow still asks for a snapshot (0.062291ms)
✔ nothing changed anywhere: no send, no snapshot (0.037834ms)
✔ a forced sync re-sends the same grid without a snapshot unless the buffer reflowed (0.051333ms)
✔ plain shells never compact (their scrollback reflows natively) (0.394458ms)
✔ a wider grid compacts (the widen-leaves-a-void case) (0.067083ms)
✔ a narrower grid, or a row change of at most 2, does not compact (0.059625ms)
✔ more than 2 rows either way compacts; an unknown previous grid compacts (0.032708ms)
✔ A→B→A still compacts with grids given (nothing sent, buffer reflowed) (0.045416ms)
✔ relative paths, source basenames and locations from actual CLI output (2.704709ms)
✔ quoted and markdown paths with spaces retain full destinations (0.238791ms)
✔ URL overlap, punctuation, task names, hosts and command schemes (0.196292ms)
✔ OSC8 dispatch permits only HTTP(S) and local file targets (0.149125ms)
✔ wrapped logical paths map inclusive ranges across terminal rows (1.011583ms)
✔ wide Unicode and surrogate pairs do not shift file ranges (4.033ms)
✔ dot segments preserve filesystem symlink semantics until daemon canonicalization (1.125292ms)
✔ unquoted rooted path with spaces wins over a misleading relative suffix (0.163625ms)
✔ Codex parenthesized cyan hardwrap retains whole target on either row without linking indent (0.824334ms)
✔ Claude bold edge-filled relative path joins slash continuation from cursor-addressed next row (1.076792ms)
✔ hardwrap recognition does not combine separate files, styles, or unrelated prose (0.530583ms)
✔ rooted spaced paths stop at sentence punctuation and a subsequent explicit root (0.123ms)
✔ mixed soft and hard wraps preserve the original absolute prefix on all three rows (0.480834ms)
✔ painted trailing spaces do not make an incomplete path edge-filled (0.127583ms)
✔ a divider in a last row that shrank from 3 tiles to 2 still moves (0.654875ms)
✔ a stored row SHORTER than the live one never leaks an old weight into a drag (0.07825ms)
✔ liveTracks returns copies (editing never mutates the stored weights) (0.078667ms)
✔ TiledView edits start from the rendered weights, not the raw stored arrays (0.262375ms)
✔ the persistent container is the polite live region (0.497ms)
✔ only an error toast has its own live role; every toast reads atomically (0.080541ms)
✔ Native light: --accent-text >= 4.5:1 on surfaces and the accent tint (0.472209ms)
✔ Native light: --control-border >= 3:1 on --bg / --surface / --surface-2 (0.073709ms)
✔ Native dark: --accent-text >= 4.5:1 on surfaces and the accent tint (0.05475ms)
✔ Pro Dark: --accent-text >= 4.5:1 on surfaces and the accent tint (0.041292ms)
✔ Warm light: --accent-text >= 4.5:1 on surfaces and the accent tint (0.129833ms)
✔ Warm light: --control-border >= 3:1 on --bg / --surface / --surface-2 (0.069917ms)
✔ Warm dark: --accent-text >= 4.5:1 on surfaces and the accent tint (0.042291ms)
✔ Native light: every text token >= 4.5:1 on every ground and accent tint (0.472792ms)
✔ Native light: Rail count badges >= 4.5:1 (0.108667ms)
✔ Native dark: every text token >= 4.5:1 on every ground and accent tint (0.090334ms)
✔ Native dark: Rail count badges >= 4.5:1 (0.041792ms)
✔ Pro Dark: every text token >= 4.5:1 on every ground and accent tint (0.071625ms)
✔ Pro Dark: Rail count badges >= 4.5:1 (0.042792ms)
✔ Warm light: every text token >= 4.5:1 on every ground and accent tint (0.054583ms)
✔ Warm light: Rail count badges >= 4.5:1 (0.023167ms)
✔ Warm dark: every text token >= 4.5:1 on every ground and accent tint (0.04525ms)
✔ Warm dark: Rail count badges >= 4.5:1 (0.027792ms)
✔ Native light: semantic tones >= 4.5:1 on every ground and their own -soft tint (0.47125ms)
✔ Native light: Switch off/on parts >= 3:1 (WCAG 1.4.11) (0.090666ms)
✔ Native dark: semantic tones >= 4.5:1 on every ground and their own -soft tint (0.409834ms)
✔ Native dark: Switch off/on parts >= 3:1 (WCAG 1.4.11) (0.032792ms)
✔ Pro Dark: semantic tones >= 4.5:1 on every ground and their own -soft tint (0.152792ms)
✔ Pro Dark: Switch off/on parts >= 3:1 (WCAG 1.4.11) (0.017042ms)
✔ Warm light: semantic tones >= 4.5:1 on every ground and their own -soft tint (0.145417ms)
✔ Warm light: Switch off/on parts >= 3:1 (WCAG 1.4.11) (0.017875ms)
✔ Warm dark: semantic tones >= 4.5:1 on every ground and their own -soft tint (0.131708ms)
✔ Warm dark: Switch off/on parts >= 3:1 (WCAG 1.4.11) (0.013834ms)
✔ the global :focus-visible ring uses --accent-text (1.231375ms)
✔ effectiveResult: full result only while the block is still an elided preview (39.249291ms)
✔ fetchToolResult hits the tool route once per step and retries after a failure (5.475708ms)
✔ reconnect resyncs leased views only, never a cached closed session or workspace (61.536667ms)
✔ closing a pending GET prevents late touch and state publication (20.324375ms)
✔ two panes share one load and releasing one leaves the other live (18.607667ms)
✔ hidden document never resyncs or resumes a leased session (15.937042ms)
✔ resync storms bound reads to two and one trailing request per source (20.895458ms)
✔ inactive cache is bounded without deleting drafts or active older pages (17.310584ms)
✔ separate windows never release each other leases (27.468666ms)
✔ hidden pane release does not evict or abort its sibling lease on return (15.121458ms)
✔ identity reset revokes in-flight reads and clears bodies without deleting a draft (15.47375ms)
✔ existing unscoped draft is migrated once and survives the new storage namespace (15.230083ms)
✔ busy folds retry only while visible and never touch after the failed read (12.357291ms)
✔ closing a subagent read releases loading and ignores a late failure after reopening (12.751291ms)
✔ releasing a large reader does not traverse or serialize its retained body (15.131709ms)
✔ parent Reload preserves accounting for retained child bodies (11.07625ms)
✔ subagent bodies are replaced whole (raw state), never mutated in place (11.573041ms)
✔ disjoint reconnect retains a reachable earlier cursor (old earlier=false) (13.675708ms)
✔ disjoint reconnect retains a reachable earlier cursor (old earlier=true) (18.539708ms)
✔ returning to live following releases paged history and keeps its recovery cursor (42.444541ms)
✔ live following bounds payload bytes as well as turn count (51.502458ms)
✔ collapsing 100 inspected subagents releases bodies while their parent stays mounted (15.662333ms)
✔ paging a 1200-turn child keeps its retained/render input window bounded (14.654125ms)
✔ collapse revokes a pending child read without affecting its mounted parent (13.4665ms)
✔ active child-body count is shared across parents and admission recovers after collapse (19.192375ms)
✔ two child consumers share a body and only final collapse releases it (13.391792ms)
✔ a permanently oversized child turn gives no impossible retry (12.718042ms)
✔ concurrent child expansion reserves capacity before fetching response bodies (16.231292ms)
✔ shared child byte budget credits replacement pages and preserves a refused destination for retry (11.9225ms)
✔ adaptive child page reduction keeps every older and newer turn reachable (33.226708ms)
✔ a late collapsed read cannot publish over or release its reopened child reservation (11.838333ms)
✔ alias: a network failure suspends it, retries the GET on 127.0.0.1, and a health probe re-enables it (68.047875ms)
✔ alias: suspend on socket loss, resume probes at once, re-arm clears the suspension (19.813583ms)
✔ a non-GET is never replayed on the other host after a network failure (20.263708ms)
✔ lanes: long paths, api.long and an ambient bg scope reach the alias; plain calls stay interactive (17.606709ms)
✔ bg cap holds ACROSS documents (Web Locks): 2 per document, 3 app-wide (49.022583ms)
✔ poll: the first run and a manual now() are interactive; cadence and event ticks are background (7.048833ms)
✔ createLimiter: a shared gate across independent callers, abortable while queued (5.421292ms)
✔ catalog: well-formed, unique names, known risks, headless only on reads (0.624917ms)
✔ every catalog command has exactly one handler, under its module (0.551959ms)
✔ every registered handler is in the catalog (0.076417ms)
✔ uiCommands/index.ts registers every handler module (eager import or lazy names) (1.525708ms)
✔ shell-side uiCommands stay light: no handler file or catalog JSON statically imported by index.ts (0.243834ms)
✔ frames: commands are normalised and validated (0.201833ms)
✔ frames: deadlines, labels, provider names, result cap (4.319125ms)
✔ reveal: scroll by the nearest edge, and leave a tall, partly visible target alone (0.096875ms)
✔ esc escapes every HTML-significant character (0.355792ms)
✔ token cells lead with tokens and end with the cost (7.806292ms)
✔ the report is one self-contained, escaped HTML document (0.822667ms)
✔ empty tables say so, and own-scope reports are labelled (0.827667ms)
✔ Remove from all workspaces confirms, and Cancel writes nothing (25.089583ms)
✔ confirmed removal writes every workspace (5.834708ms)
✔ setting a role everywhere does not ask (4.539125ms)
✔ carrySeed maps previous positions onto the new node order by path (0.655791ms)
✔ applySeed keeps carried nodes and places a new node beside its neighbour (0.12075ms)
✔ ordinary Enter cannot create while the current switcher lookup is pending (24.628167ms)
✔ ordinary Enter cannot create after the current switcher lookup failed (4.707541ms)
✔ a switcher result from the previous vault cannot populate the current vault (3.317042ms)
✔ successful empty current lookup allows deliberate Enter creation (3.166417ms)
✔ Down during a pending lookup still lets Enter open the first arriving result (2.973666ms)
✔ successful multiple switcher results retain bounded keyboard movement (2.592ms)
✔ Down during pending empty lookup does not prevent deliberate creation after success (2.47025ms)
✔ only notes over 64 KB leave the main thread (0.548959ms)
✔ the placeholder is the escaped plain body, marked busy (0.174167ms)
✔ a timed-out worker render never re-runs on the main thread (S18-305) (0.051791ms)
✔ structured properties preserve unknown YAML fields, comments and the exact body (3.783916ms)
✔ blank values remove a property and malformed frontmatter is refused (0.949416ms)
✔ tag refresh failure keeps the last good tags available (59.634458ms)
✔ switcher transport failure remains distinguishable from an empty lookup (24.406875ms)
✔ backlink refresh failure retains current note links and exposes retry state (21.777459ms)
✔ backlink pending and stale failure stay with the current note request (16.908458ms)
✔ switching notes clears old backlinks before the new read and never restores old errors (20.008084ms)
✔ backlink refresh resets the visible window and allows rehydrating edited sources (17.845334ms)
✔ failed save retains draft, conflict and current tab on navigation (15.617667ms)
✔ last dirty tab stays open when saving fails (16.01225ms)
✔ scan completion refreshes a clean open note even when counts are unchanged (20.44525ms)
✔ scan completion preserves local draft and flags the external change (18.947625ms)
✔ navigation awaits the in-flight save and drains edits typed during it (21.010542ms)
✔ vault switching retains a dirty note if the save fails (15.885167ms)
✔ refresh only requests visible branches and invalidates collapsed children (16.711ms)
✔ collapse during a refresh is preserved when pending directory results arrive (23.154583ms)
✔ reopening a still-loading branch ignores the older directory response (15.753584ms)
✔ transient busy 409 keeps the draft, raises no conflict banner and retries (719.667375ms)
✔ an equal status poll keeps the status object (graph effects key off it) (20.58175ms)
✔ own save skips the backlinks reload and the note re-read when links are unchanged (20.990833ms)
✔ own save re-reads the note once when its link set changed (19.64125ms)
✔ S18-20: a poll read issued before an autosave never reverts the editor after it (15.0405ms)
✔ S18-21: navigation blocked by a conflict says why (15.694084ms)
✔ S18-22: agent-staged text is never written as a recovery draft (468.079167ms)
✔ noteKind recognises OKF types case/separator-insensitively and rejects plain notes (0.486833ms)
✔ plain and reserved notes get no structured model (0.509709ms)
✔ frontmatter owners/status/environments/dependencies become header facts and cards (0.679542ms)
✔ cards fall back to the body section (bullets and first table column, wikilinks reduced) (0.344042ms)
✔ sectionLines ignores headings inside code fences (0.060417ms)
✔ API endpoint operation comes from resource; repo hints from a path resource (0.214ms)
✔ asList flattens scalars, comma strings, object lists and maps (0.083334ms)
✔ name matching is normalised and ignores too-short hints (0.0745ms)
✔ repo matching by path, basename and remote slug (0.161791ms)
✔ workload kinds map to resource-table routes; previews strip markup (0.289083ms)
✔ visible directory requests are bounded to four and old nodes are immutable (0.621ms)
✔ stale navigation never mutates a previously shown nested node (0.364333ms)
✔ a stale collapsed branch refreshes preserved open descendants on reopening (0.154959ms)
✔ the file extension wins over the content (0.46275ms)
✔ content sniffing per language (1.142291ms)
✔ effectiveLanguage: auto resolves, an explicit override sticks (0.082875ms)
✔ every language maps to a CodeEditor key and an extension (0.140958ms)
✔ svg behind an xml prologue and comments is still svg, in linear time (2.966208ms)
✔ json: pretty prints and keeps the trailing-newline policy (0.720084ms)
✔ json: an error reports a line and column and changes nothing (0.440041ms)
✔ json: error position parsing across engine message formats (0.383583ms)
✔ yaml: normalises and reports parse errors with a line (15.068958ms)
✔ sql: formats and keeps :name, {name} and {{name}} placeholders intact (62.986458ms)
✔ html: indents block elements, keeps <pre>/<script> verbatim, idempotent (0.571042ms)
✔ xml: pretty prints, keeps attributes, CDATA and comments, flags mismatches (0.230625ms)
✔ html: tolerant of stray end tags and implicit closes (0.067833ms)
✔ csv: round-trips quotes, delimiters and embedded newlines (0.266083ms)
✔ markdown/toml/code: conservative whitespace normalisation, idempotent (0.406709ms)
✔ canFormat covers the text languages but not images (0.048917ms)
✔ sql: all three syntaxes, counts and first index (1.281584ms)
✔ sql: skips literals, comments, casts and keys — same as the DB editor (0.1915ms)
✔ non-sql: only {name} / {{name}}, including inside JSON strings (0.133458ms)
✔ fill: substitutes known non-empty values, leaves the rest (0.106209ms)
✔ previewKind maps languages to renderers (0.356375ms)
✔ lineColAt is 1-based and counts newlines (0.324958ms)
✔ parseJsonWithPos parses or reports a position (0.1665ms)
✔ csvView caps rows, pads width, drops trailing blank row (0.07675ms)
✔ svgDataUrl encodes markup (0.045625ms)
✔ Workbench revision wrapper transmits bounded limit and exclusive cursor without changing direct revision URLs (36.125917ms)
✔ History requests one bounded exclusive page and replaces the rendered window (8.905125ms)
✔ History superseded success cannot publish rows, error, or loading (5.279792ms)
✔ History superseded failure cannot publish rows, error, or loading (4.427167ms)
✔ History A-B-A navigation rejects the first A response (5.38925ms)
✔ History restore approval stays bound to the selected revision (4.225625ms)
✔ History changed document cancels pending restore approval before mutation (4.254625ms)
✔ History old restore completion cannot replace a newly selected document (3.117709ms)
✔ History actual destroy callback cancels pending restore approval (3.406375ms)
✔ History A-B-A visit cancels earlier restore approval (4.2425ms)
✔ History navigation goes back without retaining prior page rows (3.41625ms)
✔ a remote change while dirty cancels the pending autosave and holds later ones (964.114542ms)
✔ content saves carry if_hash; a 409 raises the banner instead of an error (17.835667ms)
✔ an event with our own hash (or an older rev) is ignored (12.833833ms)
✔ a save to a trashed doc says so instead of the "changed elsewhere" banner (S18-307) (15.635583ms)
✔ explicit zero survives save while use-default retains agent retry policy (0.372666ms)
✔ default event uses a supported canonical identifier (8.126666ms)
✔ editing cron destinations preserves cursor and extension settings (0.196916ms)
✔ event filters and cleared destinations round trip (0.507667ms)
✔ use default clears legacy nested policies without removing step parameters (0.066042ms)
✔ workflow approval loads the full exact pending gate preview (36.716916ms)
✔ workflow approval rejects a different detail version and supports Retry (12.292583ms)
✔ departed run cannot adopt a late approval preview (9.203958ms)
✔ Product approve submits the displayed preview identity, not the latest summary (9.491375ms)
✔ Product deny submits the displayed preview identity, not the latest summary (6.921417ms)
✔ Product approval cannot submit without a successfully displayed preview (8.672041ms)
✔ stale Product approval conflict invalidates the displayed identity before another click (6.593958ms)
✔ ordinary non-Product approvals keep their existing request shape (6.026125ms)
✔ completed await:false node discovers a later summarizer and retains captured history (0.679292ms)
✔ reload resolves associations and retries from durable output on older runs (0.100625ms)
✔ review cancellation and fallback override suspended session lifecycle (0.077084ms)
✔ Suggest never pre-fills outward or fake values (0.436375ms)
✔ the example is placeholder-only and lists the destinations (0.116542ms)
✔ placeholder values are found by path, real values pass (0.063875ms)
✔ result destinations mirror the engine (0.316042ms)
✔ workflow version wrapper requests bounded summaries and an exclusive cursor, leaving full detail separate (33.485916ms)
✔ workflow version drawer keeps one bounded window and can page to the oldest version across a new save (20.822ms)
✔ version drawer rejects stale failure/finally and retries the exact failed older page (12.656125ms)
ℹ tests 1698
ℹ suites 0
ℹ pass 1698
ℹ fail 0
ℹ cancelled 0
ℹ skipped 0
ℹ todo 0
ℹ duration_ms 40654.979083

> ui@0.2.0 build
> vite build

vite v8.3.2 building client environment for production...
transforming...
[plugin rolldown:vite-resolve] Module "node:path" has been externalized for browser compatibility, imported by "/Users/itziklavon/claude_ade-quality-20261007/ui/node_modules/@gltf-transform/core/dist/index.js". See https://vite.dev/guide/troubleshooting.html#module-externalized-for-browser-compatibility for more details.
[plugin rolldown:vite-resolve] Module "node:fs" has been externalized for browser compatibility, imported by "/Users/itziklavon/claude_ade-quality-20261007/ui/node_modules/@gltf-transform/core/dist/index.js". See https://vite.dev/guide/troubleshooting.html#module-externalized-for-browser-compatibility for more details.
✓ 4470 modules transformed.
rendering chunks...
computing gzip size...
dist/assets/encode.worker-Bol4ylWR.js                     0.37 kB
dist/index.html                                           3.62 kB │ gzip:     0.99 kB
dist/assets/scriptWorker-f4aTxdvY.js                      3.84 kB
dist/assets/graph.worker-CZaFPsmD.js                      5.59 kB
dist/assets/cousine-hebrew-400-normal-oCiNOOyc.woff       9.16 kB
dist/assets/cousine-hebrew-700-normal-Bf9jZ0p9.woff       9.22 kB
dist/assets/cousine-hebrew-400-normal-COyK3YUR.woff2     10.96 kB
dist/assets/cousine-hebrew-700-normal-BCE0G3Nu.woff2     11.06 kB
dist/assets/cousine-latin-400-normal-D0CzircV.woff       12.53 kB
dist/assets/cousine-latin-700-normal-BO_dhHEP.woff       12.61 kB
dist/assets/cousine-latin-400-normal-BhCTjpdJ.woff2      15.22 kB
dist/assets/cousine-latin-700-normal-CwJ0o97b.woff2      15.45 kB
dist/assets/Assistant-SemiBold-SCI4bEL9.woff2            20.21 kB
dist/assets/Assistant-Regular-DVxZuzxb.woff2             20.23 kB
dist/assets/Assistant-Medium-DrcxCXg3.woff2              20.32 kB
dist/assets/Assistant-Bold-gm-uSS1B.woff2                20.38 kB
dist/assets/noteRender.worker-JVt23MuG.js               210.95 kB
dist/.vite/manifest.json                                309.73 kB │ gzip:    36.57 kB
dist/assets/AgentChip-DA0bDSaB.css                        0.11 kB │ gzip:     0.11 kB
dist/assets/RoomHost-CGzK0poS.css                         0.11 kB │ gzip:     0.12 kB
dist/assets/BrowserPanelV2-CXBF8Jhe.css                   0.12 kB │ gzip:     0.11 kB
dist/assets/Icon-Bb6nK8Aq.css                             0.14 kB │ gzip:     0.10 kB
dist/assets/K8sViewSwitch-n4Ozcaqa.css                    0.17 kB │ gzip:     0.14 kB
dist/assets/PathField-YyGKPH4b.css                        0.18 kB │ gzip:     0.14 kB
dist/assets/VirtualList-Lkp8X2_u.css                      0.23 kB │ gzip:     0.13 kB
dist/assets/GitPanel-Dk8dyuE5.css                         0.26 kB │ gzip:     0.17 kB
dist/assets/NewWorkspace-B_e2AoII.css                     0.29 kB │ gzip:     0.18 kB
dist/assets/PluginRoute-oq__7EwF.css                      0.33 kB │ gzip:     0.18 kB
dist/assets/ApprovalActions-C8pcgv8w.css                  0.37 kB │ gzip:     0.25 kB
dist/assets/Sparkline-ySNWEGYb.css                        0.43 kB │ gzip:     0.23 kB
dist/assets/DbDashboardBox-CHmL2eeW.css                   0.43 kB │ gzip:     0.24 kB
dist/assets/RawDocViewer-DBqYCHg6.css                     0.47 kB │ gzip:     0.28 kB
dist/assets/NeedsYouLink-Axc8-k0-.css                     0.48 kB │ gzip:     0.26 kB
dist/assets/AgentByline-B5g4MBBO.css                      0.49 kB │ gzip:     0.24 kB
dist/assets/PaneDivider-Bp6rtQSS.css                      0.52 kB │ gzip:     0.27 kB
dist/assets/Badge-DYmyQIxB.css                            0.54 kB │ gzip:     0.28 kB
dist/assets/SectionIntro-CiYb8MMG.css                     0.55 kB │ gzip:     0.28 kB
dist/assets/Login-Ba5e2kS2.css                            0.55 kB │ gzip:     0.29 kB
dist/assets/EnvBadge-Di-AmYY7.css                         0.56 kB │ gzip:     0.28 kB
dist/assets/Notifications-CbI1q4lh.css                    0.59 kB │ gzip:     0.30 kB
dist/assets/StatusBadge-STlw-3xs.css                      0.63 kB │ gzip:     0.32 kB
dist/assets/PageBody-yTrPwxWk.css                         0.66 kB │ gzip:     0.30 kB
dist/assets/DocEditor-oRRO5UMu.css                        0.67 kB │ gzip:     0.33 kB
dist/assets/Skeleton-Cy-pqwiS.css                         0.70 kB │ gzip:     0.34 kB
dist/assets/SettingToggle-BCTS-qQ6.css                    0.72 kB │ gzip:     0.33 kB
dist/assets/ClusterViewer-BiptqOqd.css                    0.75 kB │ gzip:     0.35 kB
dist/assets/DockedDrawer-B7DR8BUM.css                     0.79 kB │ gzip:     0.37 kB
dist/assets/AutomateGuideButton-BLfZFADG.css              0.82 kB │ gzip:     0.35 kB
dist/assets/AgentEditSheet-D5pRFYso.css                   0.83 kB │ gzip:     0.32 kB
dist/assets/StatusDot-B1GiWZew.css                        0.85 kB │ gzip:     0.32 kB
dist/assets/EmptyState-B5Ucp8fJ.css                       0.92 kB │ gzip:     0.42 kB
dist/assets/Modal-DGiaQQiL.css                            0.93 kB │ gzip:     0.44 kB
dist/assets/SnipSettings-DX3NEPnV.css                     0.93 kB │ gzip:     0.39 kB
dist/assets/ModelPicker-CIBjeMWd.css                      0.96 kB │ gzip:     0.43 kB
dist/assets/InsightsBox-tpEjwIeF.css                      1.00 kB │ gzip:     0.47 kB
dist/assets/Daemon-D_l_cSmz.css                           1.06 kB │ gzip:     0.43 kB
dist/assets/Switch-VKPlPbw5.css                           1.06 kB │ gzip:     0.44 kB
dist/assets/RoomsRoute-DFqcKCwQ.css                       1.14 kB │ gzip:     0.46 kB
dist/assets/CodeEditor-B0khStx3.css                       1.14 kB │ gzip:     0.46 kB
dist/assets/FilesPanel-Bu3rw_Mb.css                       1.16 kB │ gzip:     0.47 kB
dist/assets/AttachProductStory-DR_-nz4E.css               1.19 kB │ gzip:     0.49 kB
dist/assets/Dashboards-DjwlUcdY.css                       1.25 kB │ gzip:     0.51 kB
dist/assets/ProofStatusChip-RSk0Z3V6.css                  1.36 kB │ gzip:     0.44 kB
dist/assets/ContextPacketDialog-Ym6As8ji.css              1.44 kB │ gzip:     0.47 kB
dist/assets/JsonTree-ByCawnpz.css                         1.50 kB │ gzip:     0.54 kB
dist/assets/AggregateBuilder-BUKumwmG.css                 1.54 kB │ gzip:     0.52 kB
dist/assets/InsightsSettings-DGBcJE4F.css                 1.54 kB │ gzip:     0.59 kB
dist/assets/BrowserSettings-DuKOioe9.css                  1.56 kB │ gzip:     0.50 kB
dist/assets/ExportDialog-De-9_otV.css                     1.59 kB │ gzip:     0.47 kB
dist/assets/BroadcastModal-D-Bh3jxK.css                   1.60 kB │ gzip:     0.58 kB
dist/assets/RecordDiff-BbifilOJ.css                       1.67 kB │ gzip:     0.56 kB
dist/assets/Drawer-BRI6yMC3.css                           1.68 kB │ gzip:     0.61 kB
dist/assets/SkillEvalSettings-Cu1twnnN.css                1.71 kB │ gzip:     0.59 kB
dist/assets/LoadState-BF0ZRLgN.css                        1.72 kB │ gzip:     0.62 kB
dist/assets/GitAccounts-a7BiWE9Y.css                      1.74 kB │ gzip:     0.62 kB
dist/assets/SessionsBox-CDhazXle.css                      1.75 kB │ gzip:     0.64 kB
dist/assets/LanguageServers-DOHiKuVV.css                  1.78 kB │ gzip:     0.62 kB
dist/assets/IssueAccounts-YRng_GX_.css                    1.79 kB │ gzip:     0.66 kB
dist/assets/MissionControlBox-BYUS7Yf6.css                1.80 kB │ gzip:     0.64 kB
dist/assets/NetworkProfilePicker-BdjLdsxC.css             1.82 kB │ gzip:     0.58 kB
dist/assets/UsageBox-Der_yO88.css                         1.83 kB │ gzip:     0.64 kB
dist/assets/DiffView-CGeDtAEP.css                         1.88 kB │ gzip:     0.52 kB
dist/assets/ClusterForm-DvpUAbQY.css                      1.89 kB │ gzip:     0.51 kB
dist/assets/AgentDrivingBar-pjvxSjba.css                  1.93 kB │ gzip:     0.68 kB
dist/assets/Logs-DktFan3i.css                             1.99 kB │ gzip:     0.70 kB
dist/assets/SkillsLibrary-DOuiPvle.css                    2.01 kB │ gzip:     0.65 kB
dist/assets/JiraIssuePicker-Ccwa3uBa.css                  2.08 kB │ gzip:     0.68 kB
dist/assets/AdminSessions-DfMXHJSy.css                    2.14 kB │ gzip:     0.75 kB
dist/assets/ReviewModal-CPltRs-0.css                      2.22 kB │ gzip:     0.70 kB
dist/assets/PrList-D7Q2koFG.css                           2.27 kB │ gzip:     0.74 kB
dist/assets/ContextLibrary-BFNnqJPe.css                   2.34 kB │ gzip:     0.72 kB
dist/assets/ResourceAccess-Cxd74pL1.css                   2.37 kB │ gzip:     0.70 kB
dist/assets/SessionNames-BodRcMkL.css                     2.40 kB │ gzip:     0.76 kB
dist/assets/CreatePr-DHKr6bM2.css                         2.43 kB │ gzip:     0.77 kB
dist/assets/PluginsSettings-SkUQ-kr9.css                  2.50 kB │ gzip:     0.74 kB
dist/assets/OttoUsage-BS81fbIh.css                        2.53 kB │ gzip:     0.72 kB
dist/assets/McpServers-BUFz0dT0.css                       2.61 kB │ gzip:     0.78 kB
dist/assets/WidgetCard-BryTtZHh.css                       2.64 kB │ gzip:     0.77 kB
dist/assets/Channels-C1C4h9LI.css                         2.64 kB │ gzip:     0.78 kB
dist/assets/InfoPanel-BPlDKzZI.css                        2.72 kB │ gzip:     0.83 kB
dist/assets/Providers-BTGSlyM1.css                        2.73 kB │ gzip:     0.78 kB
dist/assets/K8sBox-Bj6W5lS8.css                           2.78 kB │ gzip:     0.77 kB
dist/assets/ContextPreview-C8T2q52W.css                   2.86 kB │ gzip:     0.79 kB
dist/assets/RightPanel-DV7cXgVb.css                       2.87 kB │ gzip:     0.92 kB
dist/assets/ApiPanel-SRNr0qTu.css                         2.92 kB │ gzip:     0.87 kB
dist/assets/Onboarding-BTsD03fS.css                       2.93 kB │ gzip:     0.92 kB
dist/assets/ContextMenu-gbJIx4ns.css                      2.96 kB │ gzip:     0.92 kB
dist/assets/ContextSoul-B_grj1xw.css                      2.97 kB │ gzip:     0.84 kB
dist/assets/MetricChart-Xr0APxmZ.css                      2.98 kB │ gzip:     0.91 kB
dist/assets/Handover-EyC2Y2Zi.css                         3.00 kB │ gzip:     0.83 kB
dist/assets/EmailSenderSetup-Dcpgg-U0.css                 3.00 kB │ gzip:     0.91 kB
dist/assets/AssistantSettings-CSj9s0wS.css                3.01 kB │ gzip:     0.87 kB
dist/assets/SelfImprovement-B16OjNKF.css                  3.02 kB │ gzip:     0.86 kB
dist/assets/PageHeader-C5UxcRgD.css                       3.07 kB │ gzip:     0.85 kB
dist/assets/DbAssistantPanel-Dxop0lWY.css                 3.10 kB │ gzip:     0.85 kB
dist/assets/MonitorInsights-C5gtgOjI.css                  3.12 kB │ gzip:     0.92 kB
dist/assets/CanvasPanel-B4lkNEmO.css                      3.13 kB │ gzip:     0.82 kB
dist/assets/Tabs-CfhVHZ2a.css                             3.21 kB │ gzip:     0.76 kB
dist/assets/OutputsPanel-BiT6182n.css                     3.26 kB │ gzip:     0.91 kB
dist/assets/FileTree-CknaJoQ9.css                         3.41 kB │ gzip:     0.93 kB
dist/assets/SnipEditor-DISr4nEi.css                       3.55 kB │ gzip:     1.12 kB
dist/assets/Users-XVDeaqW2.css                            3.55 kB │ gzip:     0.91 kB
dist/assets/MergeApprovalModal-BBKAmMi1.css               3.60 kB │ gzip:     0.88 kB
dist/assets/PersonalAccessTokens-CO-y_Wt4.css             3.78 kB │ gzip:     1.02 kB
dist/assets/AccessGroups-BUwne6OJ.css                     3.82 kB │ gzip:     1.05 kB
dist/assets/SftpBrowser-6er6M_ly.css                      3.93 kB │ gzip:     1.11 kB
dist/assets/MonitorOverview-Bfho97r5.css                  4.15 kB │ gzip:     1.18 kB
dist/assets/TrustSafety-YD_7y6jO.css                      4.31 kB │ gzip:     1.25 kB
dist/assets/SharePage-q9uytUzK.css                        4.43 kB │ gzip:     1.08 kB
dist/assets/FolderPicker-DxV7UmqY.css                     4.46 kB │ gzip:     1.11 kB
dist/assets/MonitorFleet-BGZ1zCgt.css                     4.56 kB │ gzip:     1.19 kB
dist/assets/ShareModal-D2Dqf-jx.css                       4.92 kB │ gzip:     1.12 kB
dist/assets/BrowserPanel-Cr2ohL7N.css                     5.30 kB │ gzip:     1.24 kB
dist/assets/ClassroomsBox-CZUfbO3-.css                    5.41 kB │ gzip:     1.31 kB
dist/assets/NewSession-DXfWYXMT.css                       5.60 kB │ gzip:     1.43 kB
dist/assets/DiagramView-DEzH5eJh.css                      5.64 kB │ gzip:     1.36 kB
dist/assets/ScheduledTasksPage-od0oi1WM.css               5.98 kB │ gzip:     1.32 kB
dist/assets/BrokersPage-DMJ36Sli.css                      6.62 kB │ gzip:     1.40 kB
dist/assets/LocalReviewPanel-Ckwzqv_v.css                 6.67 kB │ gzip:     1.47 kB
dist/assets/Markdown-CMmn8PN6.css                         6.88 kB │ gzip:     1.74 kB
dist/assets/HistoryPage-DonwN0WJ.css                      6.92 kB │ gzip:     1.62 kB
dist/assets/ActivityPanel-D2CwmLVh.css                    7.25 kB │ gzip:     1.54 kB
dist/assets/BackupRestore-BNnWoXjp.css                    7.54 kB │ gzip:     1.43 kB
dist/assets/GitPage-DtrCKD52.css                          8.02 kB │ gzip:     1.78 kB
dist/assets/MonitorCluster-C5YRqcPG.css                   8.43 kB │ gzip:     1.90 kB
dist/assets/Walkthroughs-U9IOwKkP.css                     8.84 kB │ gzip:     2.06 kB
dist/assets/RoomPage-CM-ZnS-Z.css                         9.03 kB │ gzip:     2.06 kB
dist/assets/Settings-CTTdRo0b.css                         9.27 kB │ gzip:     2.14 kB
dist/assets/FindingsBoard-BD6dE6G2.css                    9.51 kB │ gzip:     1.93 kB
dist/assets/FloatingBar-BnfpdOIa.css                     10.02 kB │ gzip:     2.20 kB
dist/assets/HomePage-C1agWvhn.css                        10.41 kB │ gzip:     2.37 kB
dist/assets/Terminal-Db49XKxm.css                        10.62 kB │ gzip:     2.41 kB
dist/assets/LoopsPage-C6egFh0a.css                       11.06 kB │ gzip:     2.38 kB
dist/assets/MissionControlPage-BcGih7nv.css              11.42 kB │ gzip:     2.45 kB
dist/assets/InsightsPage-CE9u7LLU.css                    12.39 kB │ gzip:     2.58 kB
dist/assets/RunWithOttoPage-XiTHp6kd.css                 12.46 kB │ gzip:     2.52 kB
dist/assets/ProofPage-CHJs2orM.css                       12.81 kB │ gzip:     2.41 kB
dist/assets/QueryBuilder-CFT6VrOD.css                    13.02 kB │ gzip:     2.83 kB
dist/assets/AgentsPage-C-q4rFVc.css                      13.89 kB │ gzip:     2.92 kB
dist/assets/SplitNode-C38oeWdT.css                       14.34 kB │ gzip:     2.74 kB
dist/assets/ConflictResolverView-BbjyLo2T.css            14.49 kB │ gzip:     2.56 kB
dist/assets/StructureView-DxEeeVlW.css                   14.60 kB │ gzip:     2.54 kB
dist/assets/diff-load-Di8q8rMK.css                       15.29 kB │ gzip:     2.99 kB
dist/assets/CanvasPage-zKqC2u6-.css                      16.21 kB │ gzip:     2.82 kB
dist/assets/DesignBoard-OxKJCch-.css                     17.72 kB │ gzip:     3.62 kB
dist/assets/PersonalAgentsPage-C-J6_CUt.css              18.27 kB │ gzip:     3.12 kB
dist/assets/WorkbenchPage-CtywKeOr.css                   18.99 kB │ gzip:     3.46 kB
dist/assets/ApiPage-BWa93RS8.css                         19.08 kB │ gzip:     3.45 kB
dist/assets/BrowserView-DKGsZaAg.css                     19.53 kB │ gzip:     3.89 kB
dist/assets/ConversationView-dvzuTSaz.css                19.55 kB │ gzip:     4.05 kB
dist/assets/PrDetail-DDxVoxYG.css                        19.85 kB │ gzip:     3.58 kB
dist/assets/UsagePage-7L4hXGIV.css                       20.20 kB │ gzip:     3.52 kB
dist/assets/ResponseViewer-CcmZ1s2Y.css                  21.47 kB │ gzip:     4.06 kB
dist/assets/AssistantPage-CdfoSBo8.css                   23.08 kB │ gzip:     4.37 kB
dist/assets/LagAlertsPanel-B2aiy-wB.css                  27.11 kB │ gzip:     4.32 kB
dist/assets/TurnItem-SshBHmE2.css                        27.47 kB │ gzip:     4.64 kB
dist/assets/KubernetesPage-DRYqCUJQ.css                  27.54 kB │ gzip:     5.05 kB
dist/assets/index-VbDIFMPn.css                           29.12 kB │ gzip:     6.55 kB
dist/assets/McpPage-DvjmxtsP.css                         35.90 kB │ gzip:     5.37 kB
dist/assets/SwarmPage-BZMvS0zD.css                       36.23 kB │ gzip:     6.03 kB
dist/assets/WorkflowsPage-Cphtu6Tn.css                   40.52 kB │ gzip:     6.30 kB
dist/assets/ResultsGrid-CejmB3TQ.css                     40.70 kB │ gzip:     6.45 kB
dist/assets/AwsPage-MkfxhVsJ.css                         42.13 kB │ gzip:     6.41 kB
dist/assets/App-qr7EgvMi.css                             48.81 kB │ gzip:     8.01 kB
dist/assets/SkillsLabPage-D9BSNQ6i.css                   51.22 kB │ gzip:     8.03 kB
dist/assets/RepoView-C6fuCc7Y.css                        54.70 kB │ gzip:     8.57 kB
dist/assets/VaultPage-BH58i_hD.css                       56.14 kB │ gzip:     8.84 kB
dist/assets/DatabasePage-CFN1uMlK.css                    56.76 kB │ gzip:     8.83 kB
dist/assets/DesignHallPage-BxTp9lwZ.css                 105.87 kB │ gzip:    16.30 kB
dist/assets/ProductPage-X8eTKH0c.css                    131.35 kB │ gzip:    17.36 kB
dist/assets/prod-DtRVLazd.css                           142.02 kB │ gzip:    22.37 kB
dist/assets/legacy-IObCK-wL.js                            0.05 kB │ gzip:     0.07 kB
dist/assets/dist-CHpAdAks.js                              0.05 kB │ gzip:     0.07 kB
dist/assets/dist-rcPhPVON.js                              0.05 kB │ gzip:     0.07 kB
dist/assets/client-LA7zfTit.js                            0.05 kB │ gzip:     0.07 kB
dist/assets/d2-DpMjJr6_.js                                0.05 kB │ gzip:     0.07 kB
dist/assets/react-De-CnS-q.js                             0.05 kB │ gzip:     0.07 kB
dist/assets/aws.svelte-DgglDDur.js                        0.06 kB │ gzip:     0.07 kB
dist/assets/k8s.svelte-BbyUCWcd.js                        0.06 kB │ gzip:     0.07 kB
dist/assets/dist-Dr9CFnvo.js                              0.06 kB │ gzip:     0.07 kB
dist/assets/sections-CKjUqlT6.js                          0.06 kB │ gzip:     0.07 kB
dist/assets/Handover-XcpZzNqK.js                          0.06 kB │ gzip:     0.07 kB
dist/assets/disclose-version-xihTtKlq.js                  0.06 kB │ gzip:     0.08 kB
dist/assets/purify.es-AbhP6Yz7.js                         0.06 kB │ gzip:     0.08 kB
dist/assets/loops.svelte-B10Rm1ih.js                      0.06 kB │ gzip:     0.07 kB
dist/assets/swarm.svelte-GLZTWrHL.js                      0.06 kB │ gzip:     0.07 kB
dist/assets/usage.svelte-DVKlBOpG.js                      0.06 kB │ gzip:     0.07 kB
dist/assets/vault.svelte-PhPOd4pz.js                      0.06 kB │ gzip:     0.07 kB
dist/assets/AttachIssue-DvaqCPDe.js                       0.06 kB │ gzip:     0.08 kB
dist/assets/BrowserView-CI07S375.js                       0.06 kB │ gzip:     0.08 kB
dist/assets/ClusterForm-DKtWIdr7.js                       0.06 kB │ gzip:     0.08 kB
dist/assets/FloatingBar-OnSSJv1f.js                       0.06 kB │ gzip:     0.08 kB
dist/assets/loops-BVdJlOGl.js                             0.06 kB │ gzip:     0.07 kB
dist/assets/swarm-BNMk0z7z.js                             0.06 kB │ gzip:     0.07 kB
dist/assets/ExportDialog-CAi5lwgH.js                      0.06 kB │ gzip:     0.08 kB
dist/assets/OutputsPanel-DobXkyDF.js                      0.06 kB │ gzip:     0.08 kB
dist/assets/canvas.svelte-Dhy-roBX.js                     0.06 kB │ gzip:     0.07 kB
dist/assets/mermaid.core-C7oHBtJY.js                      0.06 kB │ gzip:     0.08 kB
dist/assets/mermaid-DFzq57jW.js                           0.06 kB │ gzip:     0.08 kB
dist/assets/browser.svelte-DOKYxJt1.js                    0.07 kB │ gzip:     0.08 kB
dist/assets/product.svelte-DkP2u3Wh.js                    0.07 kB │ gzip:     0.08 kB
dist/assets/database.svelte-C3II4gGS.js                   0.07 kB │ gzip:     0.08 kB
dist/assets/webview-1--xQKsI.js                           0.07 kB │ gzip:     0.08 kB
dist/assets/AttachProductStory-AoE4Yoy9.js                0.07 kB │ gzip:     0.08 kB
dist/assets/apiClient.svelte-BVey7I3E.js                  0.07 kB │ gzip:     0.08 kB
dist/assets/ContextPacketDialog-D9H9yo8d.js               0.07 kB │ gzip:     0.09 kB
dist/assets/telemetryBoot-CavRaStb.js                     0.07 kB │ gzip:     0.08 kB
dist/assets/workflows-CsP2AxDP.js                         0.07 kB │ gzip:     0.08 kB
dist/assets/scheduled-LNUpv3w8.js                         0.07 kB │ gzip:     0.08 kB
dist/assets/browserLive.svelte-Dd9BB_ZD.js                0.07 kB │ gzip:     0.08 kB
dist/assets/runWithOtto.svelte-i2zhpAC0.js                0.07 kB │ gzip:     0.08 kB
dist/assets/mockup-assist.svelte-DT4MOGUk.js              0.08 kB │ gzip:     0.08 kB
dist/assets/personalAgents.svelte-C2R3NxXt.js             0.08 kB │ gzip:     0.08 kB
dist/assets/scheduledTasks.svelte-FjYtZDRz.js             0.08 kB │ gzip:     0.08 kB
dist/assets/Terminal-DWgP8Fgm.js                          0.09 kB │ gzip:     0.10 kB
dist/assets/__vite-browser-external-Cavc_B4G.js           0.10 kB │ gzip:     0.11 kB
dist/assets/workspace.svelte-BR23QrVS.js                  0.10 kB │ gzip:     0.11 kB
dist/assets/array-BifhSqXX.js                             0.10 kB │ gzip:     0.11 kB
dist/assets/plural-CsZEv-aI.js                            0.10 kB │ gzip:     0.10 kB
dist/assets/SkeletonUtils-DVJ5gyW1.js                     0.11 kB │ gzip:     0.10 kB
dist/assets/channel-rEi8AUtZ.js                           0.11 kB │ gzip:     0.12 kB
dist/assets/pie-XZMESJXO-CQIQasY-.js                      0.11 kB │ gzip:     0.11 kB
dist/assets/info-OHQRW6UA-BDFQOo4H.js                     0.11 kB │ gzip:     0.12 kB
dist/assets/radar-ABXABTNO-ByfpCXh9.js                    0.11 kB │ gzip:     0.12 kB
dist/assets/packet-JDAUHWVQ-DJ9K2MA4.js                   0.12 kB │ gzip:     0.12 kB
dist/assets/cynefin-EF2NZ3EQ-DVkJeZ8i.js                  0.12 kB │ gzip:     0.12 kB
dist/assets/treemap-SAJKECNS-BcCHmcAX.js                  0.12 kB │ gzip:     0.12 kB
dist/assets/wardley-7MLQ67FV-DOahSwbZ.js                  0.12 kB │ gzip:     0.12 kB
dist/assets/gitGraph-VSP46ZUC-1499lQAI.js                 0.12 kB │ gzip:     0.12 kB
dist/assets/railroad-I3PHUGI6-CTUn9HhI.js                 0.12 kB │ gzip:     0.12 kB
dist/assets/treeView-D4JQ5SDB-DcX7Bx0H.js                 0.12 kB │ gzip:     0.12 kB
dist/assets/railroad-peg-JR7BVNR7-Dj23PxYc.js             0.12 kB │ gzip:     0.12 kB
dist/assets/architecture-WOLXFQ4H-C0NxYiG7.js             0.12 kB │ gzip:     0.12 kB
dist/assets/railroad-abnf-LNEFI6M7-Ct-b-y0F.js            0.12 kB │ gzip:     0.12 kB
dist/assets/railroad-ebnf-DWYD2UWJ-BZMYMWOe.js            0.12 kB │ gzip:     0.12 kB
dist/assets/eventmodeling-K75KTNOO-BWBlZ5cR.js            0.12 kB │ gzip:     0.12 kB
dist/assets/brokers-rFF-i24J.js                           0.13 kB │ gzip:     0.10 kB
dist/assets/percentages-BXMCSKIN-BPGA3zHb.js              0.13 kB │ gzip:     0.12 kB
dist/assets/init-C-OQMol4.js                              0.14 kB │ gzip:     0.12 kB
dist/assets/toastError-aj65Eqly.js                        0.14 kB │ gzip:     0.13 kB
dist/assets/interrupt-B5HdAQRb.js                         0.14 kB │ gzip:     0.14 kB
dist/assets/image-GAAHSSAO-DuxwKZso.js                    0.14 kB │ gzip:     0.13 kB
dist/assets/focusOnMount-Djt7seYl.js                      0.15 kB │ gzip:     0.13 kB
dist/assets/chunk-Y2CYZVJY-DsF7k-Jl.js                    0.15 kB │ gzip:     0.14 kB
dist/assets/index.browser-CkmqWm0t.js                     0.17 kB │ gzip:     0.16 kB
dist/assets/chartPalette-DW3dlNtX.js                      0.17 kB │ gzip:     0.12 kB
dist/assets/subset-shared.chunk-CzQ5JF2O.js               0.18 kB │ gzip:     0.15 kB
dist/assets/deepLink-C8XhL33v.js                          0.19 kB │ gzip:     0.13 kB
dist/assets/chunk-2Q5K7J3B-C1jixKkw.js                    0.19 kB │ gzip:     0.16 kB
dist/assets/motion-DlNXYXO4.js                            0.19 kB │ gzip:     0.15 kB
dist/assets/findinpage.svelte-DNVvBb9K.js                 0.20 kB │ gzip:     0.16 kB
dist/assets/chunk-JWPE2WC7-DVXcaiue.js                    0.22 kB │ gzip:     0.17 kB
dist/assets/lazyModule-DilUlBeZ.js                        0.23 kB │ gzip:     0.17 kB
dist/assets/renderQueue-BdLAzpGR.js                       0.23 kB │ gzip:     0.18 kB
dist/assets/listingPage-mhq-f8ur.js                       0.24 kB │ gzip:     0.19 kB
dist/assets/SectionIntro-BeWV4wrF.js                      0.25 kB │ gzip:     0.21 kB
dist/assets/chunk-XXDRQBXY-CazVBYiP.js                    0.26 kB │ gzip:     0.22 kB
dist/assets/popoutMenu-DskfgKUZ.js                        0.29 kB │ gzip:     0.24 kB
dist/assets/lastSelection-BCz7G7WI.js                     0.31 kB │ gzip:     0.20 kB
dist/assets/openfile.svelte-YjyN4xZu.js                   0.31 kB │ gzip:     0.23 kB
dist/assets/core-rIeFb2QZ.js                              0.31 kB │ gzip:     0.22 kB
dist/assets/AgentChip-CZ6NAaUw.js                         0.32 kB │ gzip:     0.26 kB
dist/assets/chunk-Z6ETV63D-C0bGw-UI.js                    0.32 kB │ gzip:     0.25 kB
dist/assets/subset-worker.chunk-D4w07nYk.js               0.35 kB │ gzip:     0.27 kB
dist/assets/dist-DOq5g2LK.js                              0.36 kB │ gzip:     0.21 kB
dist/assets/chunk-5VM5RSS4-ZNzvKenW.js                    0.36 kB │ gzip:     0.27 kB
dist/assets/confirmOutward-CpDfLg8C.js                    0.37 kB │ gzip:     0.28 kB
dist/assets/RoomGuest-BKX5nnz9.js                         0.37 kB │ gzip:     0.27 kB
dist/assets/leaveGuard-TOkHh7IG.js                        0.39 kB │ gzip:     0.26 kB
dist/assets/storage-BJkommh_.js                           0.39 kB │ gzip:     0.16 kB
dist/assets/plugins.svelte-cp5OzZze.js                    0.40 kB │ gzip:     0.28 kB
dist/assets/rightTabs-Q3v31hZd.js                         0.40 kB │ gzip:     0.21 kB
dist/assets/poll-B9-Y74iG.js                              0.43 kB │ gzip:     0.29 kB
dist/assets/file-open-7c801643-DZtJT5zp.js                0.44 kB │ gzip:     0.31 kB
dist/assets/doc-modal-Cc9KC00G.js                         0.45 kB │ gzip:     0.28 kB
dist/assets/chunk-OD3NTWWA-Dz9nCUGX.js                    0.45 kB │ gzip:     0.31 kB
dist/assets/chunk-VTWWFHGB-SZnJiyWY.js                    0.45 kB │ gzip:     0.31 kB
dist/assets/chunk-3M4EKCLJ-D-sZGCtO.js                    0.46 kB │ gzip:     0.31 kB
dist/assets/handoff.svelte-CFlVvVs4.js                    0.46 kB │ gzip:     0.32 kB
dist/assets/chunk-VZTHESGH-eHyXmK8W.js                    0.46 kB │ gzip:     0.31 kB
dist/assets/chunk-VPELOWWC-DXayM28-.js                    0.46 kB │ gzip:     0.31 kB
dist/assets/BrowserPanelV2-D1aa2gou.js                    0.48 kB │ gzip:     0.34 kB
dist/assets/pollBackoff-7IS48PO4.js                       0.49 kB │ gzip:     0.28 kB
dist/assets/window-x-RIa7zr.js                            0.49 kB │ gzip:     0.29 kB
dist/assets/chunk-53FOQ5SW-5lPdGYP4.js                    0.50 kB │ gzip:     0.35 kB
dist/assets/b64-DG0IJhAD.js                               0.51 kB │ gzip:     0.30 kB
dist/assets/file-open-002ab408-BHUWm0Sh.js                0.52 kB │ gzip:     0.32 kB
dist/assets/PageBody-DrGA-Z5_.js                          0.53 kB │ gzip:     0.36 kB
dist/assets/radioKey-RhbfLL2j.js                          0.53 kB │ gzip:     0.35 kB
dist/assets/commands.svelte-wSxVgIUM.js                   0.55 kB │ gzip:     0.31 kB
dist/assets/loadError-CZGx4B0Z.js                         0.55 kB │ gzip:     0.34 kB
dist/assets/Switch-BT_toC5r.js                            0.56 kB │ gzip:     0.37 kB
dist/assets/chunk-KQW6MTUR-CPKFYLA0.js                    0.57 kB │ gzip:     0.40 kB
dist/assets/improve-CK4fqrVl.js                           0.57 kB │ gzip:     0.25 kB
dist/assets/room-window-DM6VwJTj.js                       0.57 kB │ gzip:     0.38 kB
dist/assets/cp-api-CD8kZZ0X.js                            0.57 kB │ gzip:     0.27 kB
dist/assets/lane-C8uy-wHZ.js                              0.58 kB │ gzip:     0.32 kB
dist/assets/directory-open-01563666-D4xXyWb_.js           0.58 kB │ gzip:     0.36 kB
dist/assets/chunk-SRAX5OIU-Dhm3gOdh.js                    0.59 kB │ gzip:     0.39 kB
dist/assets/chunk-QNH66VMT-Cb9xxTwQ.js                    0.60 kB │ gzip:     0.39 kB
dist/assets/flowDiagram-OXPTDLAJ-CcRqtWhx.js              0.61 kB │ gzip:     0.32 kB
dist/assets/StatusDot-B7WSo9to.js                         0.62 kB │ gzip:     0.41 kB
dist/assets/chunk-J5ZVWO5B-oDCd-gWO.js                    0.63 kB │ gzip:     0.43 kB
dist/assets/EnvBadge-BetQIT84.js                          0.64 kB │ gzip:     0.42 kB
dist/assets/chunk-Z3N5DIM6-D9TMVU7m.js                    0.64 kB │ gzip:     0.42 kB
dist/assets/infoDiagram-5W2HQ5XZ-C9BrI4p_.js              0.65 kB │ gzip:     0.42 kB
dist/assets/browser-KV03HzBb.js                           0.65 kB │ gzip:     0.36 kB
dist/assets/LiveWorkingDot-Ck4_e1mo.js                    0.67 kB │ gzip:     0.45 kB
dist/assets/file-save-3189631c-CO9S4HFW.js                0.69 kB │ gzip:     0.44 kB
dist/assets/folderCheck-D6MsJA9x.js                       0.71 kB │ gzip:     0.39 kB
dist/assets/scheduledTasks-DkEItxuZ.js                    0.71 kB │ gzip:     0.30 kB
dist/assets/latest-hTBJ0m3l.js                            0.72 kB │ gzip:     0.38 kB
dist/assets/format-DkUYXSeF.js                            0.75 kB │ gzip:     0.41 kB
dist/assets/external-DZXZ0Noa.js                          0.75 kB │ gzip:     0.47 kB
dist/assets/selector-CZmjg6WF.js                          0.75 kB │ gzip:     0.46 kB
dist/assets/ProofStatusChip-BwTW-o9i.js                   0.79 kB │ gzip:     0.51 kB
dist/assets/RelTime-C8dBSWb0.js                           0.80 kB │ gzip:     0.50 kB
dist/assets/insights-DaGmBfej.js                          0.81 kB │ gzip:     0.39 kB
dist/assets/clipboard-Dq0OuLLh.js                         0.82 kB │ gzip:     0.46 kB
dist/assets/LazyMount-YG34iPPh.js                         0.82 kB │ gzip:     0.51 kB
dist/assets/chunk-YK26KJH5-DVy3MGMd.js                    0.83 kB │ gzip:     0.46 kB
dist/assets/exporters-Xgt0N6lh.js                         0.85 kB │ gzip:     0.53 kB
dist/assets/file-save-745eba88-Bwdfz6OZ.js                0.85 kB │ gzip:     0.49 kB
dist/assets/export-BKXIvGo3.js                            0.85 kB │ gzip:     0.49 kB
dist/assets/selectall-CXiVWgCq.js                         0.86 kB │ gzip:     0.51 kB
dist/assets/swimlanesDiagram-K3J5GTZL-FYEASdPo.js         0.86 kB │ gzip:     0.49 kB
dist/assets/sizeCapture-INFHLROL-3uHXrFqA.js              0.87 kB │ gzip:     0.51 kB
dist/assets/labels-Crmi3yzb.js                            0.87 kB │ gzip:     0.50 kB
dist/assets/confirmProd-BWflkaDm.js                       0.88 kB │ gzip:     0.54 kB
dist/assets/chunk-DUW6YSOI-Dgx8z5s3.js                    0.89 kB │ gzip:     0.46 kB
dist/assets/chunk-24IY7LWP-flnn6SWX.js                    0.90 kB │ gzip:     0.48 kB
dist/assets/en-B4ZKOASM-BClIFgbE.js                       0.90 kB │ gzip:     0.48 kB
dist/assets/chunk-KPI5JJXK-B2ld5-w4.js                    0.92 kB │ gzip:     0.49 kB
dist/assets/pr-cache-C1SOjvuM.js                          0.92 kB │ gzip:     0.44 kB
dist/assets/Badge-B4FqEORp.js                             0.93 kB │ gzip:     0.54 kB
dist/assets/line-Bfx1om-4.js                              0.94 kB │ gzip:     0.47 kB
dist/assets/viewport.svelte-ChigS1ES.js                   0.96 kB │ gzip:     0.42 kB
dist/assets/Skeleton-s_z5zFdm.js                          0.97 kB │ gzip:     0.61 kB
dist/assets/AttachIssue-63611_Tq.js                       0.99 kB │ gzip:     0.62 kB
dist/assets/NeedsYouLink-C5NHfET4.js                      1.02 kB │ gzip:     0.65 kB
dist/assets/providers-DzdxIgQ2.js                         1.02 kB │ gzip:     0.54 kB
dist/assets/dragCursor-7LnpPAQT.js                        1.03 kB │ gzip:     0.57 kB
dist/assets/chunk-ZO67DCNQ-BAOMIkLF.js                    1.04 kB │ gzip:     0.58 kB
dist/assets/tabKeys-CgSFCiRO.js                           1.04 kB │ gzip:     0.60 kB
dist/assets/pullFlow-C7E9UJaB.js                          1.04 kB │ gzip:     0.62 kB
dist/assets/PaneDivider-EFChoR7Y.js                       1.05 kB │ gzip:     0.66 kB
dist/assets/chunk-BP2KR52E-DAQ1pzDV.js                    1.06 kB │ gzip:     0.59 kB
dist/assets/PathField-CjK3QnFq.js                         1.06 kB │ gzip:     0.65 kB
dist/assets/now.svelte-CZZOrOLr.js                        1.11 kB │ gzip:     0.56 kB
dist/assets/chunk-F6S3BTY2-DVWKCAHp.js                    1.13 kB │ gzip:     0.61 kB
dist/assets/dist-BaLm1YzR.js                              1.15 kB │ gzip:     0.60 kB
dist/assets/metric-format-CGf7oKgy.js                     1.15 kB │ gzip:     0.61 kB
dist/assets/ordinal-BDEzSJ7C.js                           1.17 kB │ gzip:     0.56 kB
dist/assets/bson-CdL_PRPA.js                              1.20 kB │ gzip:     0.50 kB
dist/assets/StatusBadge-b8rX8nq0.js                       1.23 kB │ gzip:     0.65 kB
dist/assets/rolldown-runtime-C0FnF6B9.js                  1.29 kB │ gzip:     0.71 kB
dist/assets/dbPrefs.svelte-BnCOgyho.js                    1.30 kB │ gzip:     0.56 kB
dist/assets/findProviders-BBFfwFMp.js                     1.31 kB │ gzip:     0.73 kB
dist/assets/SettingToggle-eyLzZVpq.js                     1.32 kB │ gzip:     0.71 kB
dist/assets/d2-frame-CxMbqVkE.js                          1.37 kB │ gzip:     0.70 kB
dist/assets/preload-helper-DjzSQ1t3.js                    1.38 kB │ gzip:     0.75 kB
dist/assets/missionControl-BR0zoyrf.js                    1.38 kB │ gzip:     0.59 kB
dist/assets/snip-1zvBmoST.js                              1.39 kB │ gzip:     0.70 kB
dist/assets/chunk-DBDB3WZW-C4A-k6mq.js                    1.41 kB │ gzip:     0.79 kB
dist/assets/tableWindow.svelte-4CcmI0Bd.js                1.42 kB │ gzip:     0.73 kB
dist/assets/context-Dat0QgSk.js                           1.42 kB │ gzip:     0.42 kB
dist/assets/chunk-4S7OKTRW-BpUW13a3.js                    1.46 kB │ gzip:     0.78 kB
dist/assets/sessionBuckets-C8Wu7AZI.js                    1.49 kB │ gzip:     0.73 kB
dist/assets/optimize-FokCouDW.js                          1.49 kB │ gzip:     0.75 kB
dist/assets/directory-open-4ed118d0-1i309Asm.js           1.51 kB │ gzip:     0.76 kB
dist/assets/md-Cpo6WTHT.js                                1.51 kB │ gzip:     0.78 kB
dist/assets/telemetryBoot-CP5oGtxR.js                     1.56 kB │ gzip:     0.84 kB
dist/assets/RoomHost-nOx8NlkO.js                          1.57 kB │ gzip:     0.92 kB
dist/assets/sessionUsage-DKqQvYIC.js                      1.60 kB │ gzip:     0.77 kB
dist/assets/webviewWindow-BVcMusFk.js                     1.60 kB │ gzip:     0.73 kB
dist/assets/rowMenu-DR8YS_Gt.js                           1.61 kB │ gzip:     0.73 kB
dist/assets/FilesPanel-DCP6z21q.js                        1.63 kB │ gzip:     0.85 kB
dist/assets/nativeBrowser-BMVHpmBh.js                     1.63 kB │ gzip:     0.62 kB
dist/assets/idleSuspend.svelte-D1WbHqJX.js                1.65 kB │ gzip:     0.90 kB
dist/assets/EmptyState-BwpAEmOZ.js                        1.66 kB │ gzip:     0.90 kB
dist/assets/LazyNeedsYouLink-SFLyuMHM.js                  1.66 kB │ gzip:     0.87 kB
dist/assets/chunk-TPMEZKFX-DIPHIqGb.js                    1.67 kB │ gzip:     0.74 kB
dist/assets/AgentByline-CzIQL5CH.js                       1.68 kB │ gzip:     0.78 kB
dist/assets/railroadDiagram-SM67HX2B-mYi4gXK7.js          1.70 kB │ gzip:     0.79 kB
dist/assets/RoundedBoxGeometry-DLLLX26V.js                1.72 kB │ gzip:     0.81 kB
dist/assets/GitPanel-JwHmk6jX.js                          1.75 kB │ gzip:     0.93 kB
dist/assets/toast.svelte-C6kfgxsL.js                      1.86 kB │ gzip:     0.86 kB
dist/assets/Login-gKRxftbk.js                             1.86 kB │ gzip:     1.01 kB
dist/assets/pagePort-Ch7YD2LL.js                          1.87 kB │ gzip:     0.97 kB
dist/assets/skillsEval-DObcXAVO.js                        1.89 kB │ gzip:     0.61 kB
dist/assets/abnfDiagram-YUKMZFIV-CkkiKe4y.js              1.89 kB │ gzip:     0.91 kB
dist/assets/live-Dkem1MX7.js                              1.90 kB │ gzip:     0.92 kB
dist/assets/chunk-4EA7E6EY-D3r4W_T-.js                    1.95 kB │ gzip:     0.95 kB
dist/assets/poll-BsK6YaRe.js                              1.95 kB │ gzip:     0.98 kB
dist/assets/chunk-7TKQ45FW-DppT3cP_.js                    1.97 kB │ gzip:     0.88 kB
dist/assets/DockedDrawer-DTJ_KgaO.js                      1.99 kB │ gzip:     1.06 kB
dist/assets/dist-DxxJJRj0.js                              1.99 kB │ gzip:     1.26 kB
dist/assets/access-options-MMiPnBub.js                    2.03 kB │ gzip:     0.86 kB
dist/assets/pegDiagram-BGZESJAR-bHIQqDRL.js               2.05 kB │ gzip:     0.96 kB
dist/assets/RoomEnvironment-BMHVQn0X.js                   2.05 kB │ gzip:     0.89 kB
dist/assets/mcp-Ch74IKSy.js                               2.08 kB │ gzip:     0.77 kB
dist/assets/ebnfDiagram-VR2GEFS7-BsAeCwsi.js              2.10 kB │ gzip:     0.91 kB
dist/assets/dist-Btz1nfsv.js                              2.11 kB │ gzip:     0.92 kB
dist/assets/RawDocViewer-BMV6us-W.js                      2.12 kB │ gzip:     1.13 kB
dist/assets/LazyTerminal-CtDM6LLp.js                      2.16 kB │ gzip:     1.12 kB
dist/assets/dist-Cz2MTljl.js                              2.17 kB │ gzip:     0.97 kB
dist/assets/lib-DiVGmcPQ.js                               2.21 kB │ gzip:     1.08 kB
dist/assets/mermaid-D0MzcTKY.js                           2.21 kB │ gzip:     1.22 kB
dist/assets/path-fybaL0A-.js                              2.27 kB │ gzip:     0.98 kB
dist/assets/paneResizer-CTtFWNSn.js                       2.28 kB │ gzip:     0.85 kB
dist/assets/clipHistory.svelte-DCd6w5Lq.js                2.31 kB │ gzip:     1.04 kB
dist/assets/Sparkline-VDflFy5b.js                         2.39 kB │ gzip:     1.16 kB
dist/assets/scheduledTasks.svelte-ov51IZ4P.js             2.45 kB │ gzip:     0.86 kB
dist/assets/sanitize-B4T2HTwW.js                          2.48 kB │ gzip:     1.16 kB
dist/assets/K8sViewSwitch-DbBO4v5v.js                     2.49 kB │ gzip:     1.25 kB
dist/assets/NewWorkspace-CTpLdXp0.js                      2.52 kB │ gzip:     1.35 kB
dist/assets/Drawer-DhhjTQtN.js                            2.53 kB │ gzip:     1.22 kB
dist/assets/contextmenu.svelte-bryLFtWg.js                2.60 kB │ gzip:     1.08 kB
dist/assets/VirtualList-DT-TIIqM.js                       2.61 kB │ gzip:     1.30 kB
dist/assets/core-CDQi5eQD.js                              2.62 kB │ gzip:     1.03 kB
dist/assets/expansion-plan-BPRFHA2s.js                    2.63 kB │ gzip:     1.19 kB
dist/assets/runWithOtto.svelte-C4xUoJcQ.js                2.64 kB │ gzip:     0.94 kB
dist/assets/InsightsBox-DoKXvM3Z.js                       2.68 kB │ gzip:     1.45 kB
dist/assets/loops-Bn1AEGYw.js                             2.69 kB │ gzip:     1.35 kB
dist/assets/mockup-assist.svelte-DWt6RJY3.js              2.71 kB │ gzip:     1.05 kB
dist/assets/roundRect-D01gJrlt.js                         2.87 kB │ gzip:     0.99 kB
dist/assets/DocEditor-BGqaE5ZS.js                         2.92 kB │ gzip:     1.47 kB
dist/assets/confirm.svelte-CatBryFS.js                    2.94 kB │ gzip:     0.92 kB
dist/assets/design-u8o-cT3l.js                            2.95 kB │ gzip:     1.04 kB
dist/assets/home-BMMmKB1o.js                              2.96 kB │ gzip:     1.31 kB
dist/assets/DbDashboardBox-CMs37oWA.js                    2.97 kB │ gzip:     1.55 kB
dist/assets/monitor-util-B4qvXJJu.js                      2.99 kB │ gzip:     1.34 kB
dist/assets/ModelPicker-Geu-SyFZ.js                       3.00 kB │ gzip:     1.51 kB
dist/assets/results-format-BqYeig8Y.js                    3.06 kB │ gzip:     1.54 kB
dist/assets/AttachProductStory-BbVO_u52.js                3.08 kB │ gzip:     1.53 kB
dist/assets/vault-Bi8QuvMR.js                             3.12 kB │ gzip:     0.94 kB
dist/assets/Tabs-DI2C49ky.js                              3.19 kB │ gzip:     1.57 kB
dist/assets/webview-BT6uL0so.js                           3.23 kB │ gzip:     1.08 kB
dist/assets/browserLive.svelte-BLeMWUVW.js                3.24 kB │ gzip:     1.31 kB
dist/assets/AutomateGuideButton-DDWqQXTp.js               3.24 kB │ gzip:     1.60 kB
dist/assets/HDRLoader-DLAMsX3t.js                         3.29 kB │ gzip:     1.56 kB
dist/assets/RecordDiff-BGiAD7fG.js                        3.30 kB │ gzip:     1.64 kB
dist/assets/chunk-SVEVUXB4-26vPWwgk.js                    3.37 kB │ gzip:     1.47 kB
dist/assets/hl-BjEil-M8.js                                3.40 kB │ gzip:     1.53 kB
dist/assets/ClusterViewer-CBpJrElR.js                     3.40 kB │ gzip:     1.57 kB
dist/assets/brokers.svelte-DZ7HDVNr.js                    3.44 kB │ gzip:     1.13 kB
dist/assets/actions-DCDeNufT.js                           3.45 kB │ gzip:     1.41 kB
dist/assets/scheduled-XlBD1uQZ.js                         3.45 kB │ gzip:     1.46 kB
dist/assets/presets-D10N9abB.js                           3.46 kB │ gzip:     1.51 kB
dist/assets/query-filter-CB7Fp59N.js                      3.46 kB │ gzip:     1.43 kB
dist/assets/arc-SXJSVd7o.js                               3.47 kB │ gzip:     1.46 kB
dist/assets/editor-history-c0JT_EEU.js                    3.48 kB │ gzip:     1.46 kB
dist/assets/SessionsBox-DcN_kqng.js                       3.54 kB │ gzip:     1.61 kB
dist/assets/ProviderIcon-BZlHKrK4.js                      3.59 kB │ gzip:     1.44 kB
dist/assets/ApprovalActions-CdwWtbbD.js                   3.66 kB │ gzip:     1.81 kB
dist/assets/excalidraw-build-mETdZ0SQ.js                  3.69 kB │ gzip:     1.50 kB
dist/assets/ReviewModal-LJkY8HzD.js                       3.76 kB │ gzip:     1.77 kB
dist/assets/termFlow-C8132nrZ.js                          3.80 kB │ gzip:     1.56 kB
dist/assets/workflows-DXR1Rvp6.js                         3.82 kB │ gzip:     1.64 kB
dist/assets/LoadState-BPe-CEuj.js                         3.85 kB │ gzip:     1.55 kB
dist/assets/react-dom-CvX0TCLz.js                         3.89 kB │ gzip:     1.41 kB
dist/assets/embedGuest-B4558WgK.js                        3.92 kB │ gzip:     1.78 kB
dist/assets/vault-DzWT5KUd.js                             3.92 kB │ gzip:     1.71 kB
dist/assets/ContextPacketDialog-BqV2SORv.js               3.95 kB │ gzip:     1.89 kB
dist/assets/SkeletonUtils-D2wVbv06.js                     3.99 kB │ gzip:     1.54 kB
dist/assets/BroadcastModal-Dj-jqfah.js                    4.00 kB │ gzip:     1.94 kB
dist/assets/telemetryRuntime-DEpXZ1ED.js                  4.05 kB │ gzip:     2.03 kB
dist/assets/swarm-DPkIA-QH.js                             4.22 kB │ gzip:     1.61 kB
dist/assets/activity.svelte-jDXU1EgC.js                   4.26 kB │ gzip:     1.34 kB
dist/assets/diagram-UMYRVEAY-BjDuWW1q.js                  4.35 kB │ gzip:     1.90 kB
dist/assets/aws-D0RC8qAC.js                               4.39 kB │ gzip:     1.84 kB
dist/assets/auth.svelte-D0dpVKWo.js                       4.52 kB │ gzip:     1.60 kB
dist/assets/sections-CD-qHQvP.js                          4.58 kB │ gzip:     1.80 kB
dist/assets/brokers-yAIbp49U.js                           4.58 kB │ gzip:     1.89 kB
dist/assets/defaultLocale-BFoDCU3G.js                     4.63 kB │ gzip:     2.12 kB
dist/assets/MissionControlBox-Dvzhk4k3.js                 4.63 kB │ gzip:     2.11 kB
dist/assets/loops.svelte-j00Giq3M.js                      4.71 kB │ gzip:     1.57 kB
dist/assets/browser-Cx9290Hy.js                           4.88 kB │ gzip:     2.00 kB
dist/assets/UsageBox-DM1cpcjt.js                          4.89 kB │ gzip:     2.25 kB
dist/assets/PluginRoute--GKMRs3O.js                       4.94 kB │ gzip:     2.25 kB
dist/assets/Modal-bihz3R2D.js                             5.23 kB │ gzip:     2.12 kB
dist/assets/status-CxzWbIV_.js                            5.26 kB │ gzip:     1.93 kB
dist/assets/chunk-HTAEGDNF-ByReIYhd.js                    5.43 kB │ gzip:     2.50 kB
dist/assets/JiraIssuePicker-BBnIr_YY.js                   5.47 kB │ gzip:     2.30 kB
dist/assets/linear-Mfk4bOQu.js                            5.51 kB │ gzip:     2.25 kB
dist/assets/bar.svelte-CgXZI6iH.js                        5.55 kB │ gzip:     2.42 kB
dist/assets/Notifications-MqhzMCBk.js                     5.77 kB │ gzip:     2.42 kB
dist/assets/viewState-p57QPqAr.js                         5.78 kB │ gzip:     1.95 kB
dist/assets/chunk-HJ2JQQFS-CkyrOnuZ.js                    5.83 kB │ gzip:     2.68 kB
dist/assets/K8sBox-DCYcmsK0.js                            5.85 kB │ gzip:     2.69 kB
dist/assets/resource-access.svelte-DJHC5lNW.js            5.87 kB │ gzip:     2.08 kB
dist/assets/SnipSettings-C1ztbOw3.js                      5.92 kB │ gzip:     2.72 kB
dist/assets/ContextPreview-Bi2K0-ru.js                    5.93 kB │ gzip:     2.52 kB
dist/assets/MonitorInsights-KDNT2XMe.js                   5.95 kB │ gzip:     2.77 kB
dist/assets/mdRender-BvXZ2bPu.js                          5.98 kB │ gzip:     2.53 kB
dist/assets/diagram-YEKJPTXX-CN-qQ2GN.js                  6.07 kB │ gzip:     2.56 kB
dist/assets/pieDiagram-CAPJLFHJ-BdXam4-v.js               6.21 kB │ gzip:     2.60 kB
dist/assets/PrList-DhhTYNJn.js                            6.32 kB │ gzip:     2.83 kB
dist/assets/LanguageServers-gt1VlXeD.js                   6.37 kB │ gzip:     2.63 kB
dist/assets/today.svelte-DcosLo5z.js                      6.54 kB │ gzip:     2.51 kB
dist/assets/mermaid-parser.core-sBwmEtVp.js               6.57 kB │ gzip:     1.85 kB
dist/assets/canvas.svelte-CMkM3coz.js                     6.64 kB │ gzip:     2.12 kB
dist/assets/MergeApprovalModal-DXjFovH7.js                6.69 kB │ gzip:     2.86 kB
dist/assets/home.svelte-a6XImhbA.js                       6.70 kB │ gzip:     2.48 kB
dist/assets/k8s-CXmV7hog.js                               6.73 kB │ gzip:     2.66 kB
dist/assets/InsightsSettings-CeLChT90.js                  6.91 kB │ gzip:     2.99 kB
dist/assets/AggregateBuilder-D_AwdKgU.js                  6.98 kB │ gzip:     3.04 kB
dist/assets/ExportDialog-D21OW3PF.js                      6.99 kB │ gzip:     3.14 kB
dist/assets/SessionNames-O6B9B4Iv.js                      7.31 kB │ gzip:     3.15 kB
dist/assets/d2-gP2-gJO_.js                                7.34 kB │ gzip:     3.37 kB
dist/assets/uiCommands-Dq331jRS.js                        7.40 kB │ gzip:     3.30 kB
dist/assets/DbAssistantPanel-DlXe9ABo.js                  7.47 kB │ gzip:     3.19 kB
dist/assets/sidebar-ClXctpGu.js                           7.48 kB │ gzip:     2.87 kB
dist/assets/api-OyZj0XoM.js                               7.49 kB │ gzip:     3.00 kB
dist/assets/desktop-DOP0JXPr.js                           7.57 kB │ gzip:     3.08 kB
dist/assets/JsonTree-DcRPHEQF.js                          7.60 kB │ gzip:     3.11 kB
dist/assets/InfoPanel-CXbsZlo4.js                         7.64 kB │ gzip:     2.97 kB
dist/assets/embed-5nYRq_O8.js                             7.67 kB │ gzip:     3.65 kB
dist/assets/usage.svelte-B7H7udoo.js                      7.76 kB │ gzip:     2.27 kB
dist/assets/proof.svelte-Bq4Yzf_W.js                      7.83 kB │ gzip:     2.43 kB
dist/assets/react-DiVRNtpo.js                             7.87 kB │ gzip:     3.00 kB
dist/assets/SkillEvalSettings-Bl7X8pnH.js                 8.16 kB │ gzip:     3.35 kB
dist/assets/PluginsSettings-BwgtTf2R.js                   8.17 kB │ gzip:     3.43 kB
dist/assets/uiControl.svelte-CKClcT_Y.js                  8.17 kB │ gzip:     3.24 kB
dist/assets/diagram-PFPMY2P6-B3d92glL.js                  8.20 kB │ gzip:     3.66 kB
dist/assets/git-Batcwkhs.js                               8.30 kB │ gzip:     3.20 kB
dist/assets/CanvasPanel-ESP-W36D.js                       8.38 kB │ gzip:     3.38 kB
dist/assets/ContextMenu-fH_mxkKZ.js                       8.50 kB │ gzip:     3.50 kB
dist/assets/PageHeader-DwJD6lv6.js                        8.55 kB │ gzip:     3.62 kB
dist/assets/si-LK-N5RQ5JYF-ROLYABqx.js                    8.58 kB │ gzip:     3.36 kB
dist/assets/az-AZ-76LH7QW2-8v0TczD5.js                    8.61 kB │ gzip:     3.59 kB
dist/assets/ApiPanel-BlTaoDLI.js                          8.67 kB │ gzip:     3.43 kB
dist/assets/Handover-EXOvbijf.js                          8.87 kB │ gzip:     3.61 kB
dist/assets/browser.svelte-d28pWTug.js                    8.87 kB │ gzip:     2.75 kB
dist/assets/SkillsLibrary-Bdr_si5x.js                     8.96 kB │ gzip:     3.69 kB
dist/assets/zh-HK-E62DVLB3-dcRoFFJT.js                    9.08 kB │ gzip:     4.10 kB
dist/assets/DiffView-DljlQzBy.js                          9.20 kB │ gzip:     3.47 kB
dist/assets/Logs-CXTYAOjZ.js                              9.32 kB │ gzip:     4.09 kB
dist/assets/Dashboards-CVhjYdqB.js                        9.35 kB │ gzip:     3.57 kB
dist/assets/MetricChart-C08b8Jqh.js                       9.37 kB │ gzip:     3.85 kB
dist/assets/AdminSessions-CobFkO6b.js                     9.50 kB │ gzip:     3.64 kB
dist/assets/NetworkProfilePicker-DhtneY6y.js              9.52 kB │ gzip:     3.54 kB
dist/assets/personalAgents.svelte-tC2-a8t-.js             9.53 kB │ gzip:     2.64 kB
dist/assets/Daemon-BGhC5_FJ.js                            9.64 kB │ gzip:     4.10 kB
dist/assets/MonitorOverview-ctRPVPu7.js                   9.81 kB │ gzip:     3.88 kB
dist/assets/OutputsPanel-C_scaf5k.js                      9.88 kB │ gzip:     3.98 kB
dist/assets/cynefinDiagram-3GCD6N5R-DYJB3yyZ.js           9.94 kB │ gzip:     3.51 kB
dist/assets/ClusterForm-P2m30n--.js                      10.04 kB │ gzip:     3.42 kB
dist/assets/PersonalAccessTokens-BXZNXSP9.js             10.08 kB │ gzip:     4.08 kB
dist/assets/kk-KZ-P5N5QNE5-D52-yIxL.js                   10.12 kB │ gzip:     4.19 kB
dist/assets/kaa-6HZHGXH3-0hNa4m6s.js                     10.17 kB │ gzip:     4.18 kB
dist/assets/ActivityPanel-CmzLQsmj.js                    10.32 kB │ gzip:     4.11 kB
dist/assets/FileTree-DosP_jiK.js                         10.33 kB │ gzip:     4.27 kB
dist/assets/chunk-FVRAUYC3-BPTYE2zl.js                   10.38 kB │ gzip:     4.31 kB
dist/assets/keys-CmOhdf7F.js                             10.38 kB │ gzip:     3.56 kB
dist/assets/IssueAccounts-DJABrg2e.js                    10.47 kB │ gzip:     4.20 kB
dist/assets/SharePage-Bnv5bE4f.js                        10.50 kB │ gzip:     3.84 kB
dist/assets/router.svelte-DYI7SDHX.js                    10.57 kB │ gzip:     3.64 kB
dist/assets/diagram-ZIFT7M5P-B-Ncfg9r.js                 10.93 kB │ gzip:     4.25 kB
dist/assets/client-BziftNod.js                           10.95 kB │ gzip:     4.24 kB
dist/assets/Icon-BRUuUqbh.js                             11.04 kB │ gzip:     4.39 kB
dist/assets/AssistantSettings-DIPtDeo6.js                11.09 kB │ gzip:     4.45 kB
dist/assets/Markdown-B7Ebmhn-.js                         11.37 kB │ gzip:     5.08 kB
dist/assets/RoomsRoute-CZ7z30mu.js                       11.39 kB │ gzip:     4.57 kB
dist/assets/BrowserSettings-k4L80UV2.js                  11.45 kB │ gzip:     4.15 kB
dist/assets/WidgetCard-C2jnct0o.js                       11.67 kB │ gzip:     4.69 kB
dist/assets/CreatePr-SjbDp1VJ.js                         11.75 kB │ gzip:     4.85 kB
dist/assets/AgentEditSheet-C52dH_MA.js                   12.06 kB │ gzip:     5.08 kB
dist/assets/Onboarding-C933o4au.js                       12.09 kB │ gzip:     4.65 kB
dist/assets/FolderPicker-Dox5bVaR.js                     12.28 kB │ gzip:     4.98 kB
dist/assets/lt-LT-XHIRWOB4-B6H0gZ-C.js                   12.50 kB │ gzip:     5.37 kB
dist/assets/DiagramView-B9v9FN5X.js                      12.52 kB │ gzip:     5.10 kB
dist/assets/notifications.svelte-BmXNSc60.js             12.53 kB │ gzip:     4.61 kB
dist/assets/ContextLibrary-D26oDOMR.js                   12.63 kB │ gzip:     4.96 kB
dist/assets/sources-Dn0ewq__.js                          12.87 kB │ gzip:     5.12 kB
dist/assets/GitAccounts-6YJPF56X.js                      13.17 kB │ gzip:     4.98 kB
dist/assets/EmailSenderSetup-M4Hdis1Z.js                 13.48 kB │ gzip:     5.30 kB
dist/assets/aws.svelte-DNLcIqWK.js                       13.52 kB │ gzip:     4.09 kB
dist/assets/three.module-DFPdTWIZ.js                     13.61 kB │ gzip:     5.32 kB
dist/assets/BrowserPanel-BeUFe2sb.js                     13.67 kB │ gzip:     5.56 kB
dist/assets/vi-VN-M7AON7JQ-BFEVKFOA.js                   13.86 kB │ gzip:     5.79 kB
dist/assets/git.svelte-Da1dtgsA.js                       14.24 kB │ gzip:     4.27 kB
dist/assets/dist-Cbq6J1mr.js                             14.27 kB │ gzip:     5.53 kB
dist/assets/da-DK-5WZEPLOC-D55fbhpB.js                   14.41 kB │ gzip:     6.08 kB
dist/assets/database-CddCfYIz.js                         14.51 kB │ gzip:     5.09 kB
dist/assets/chunk-NTY3LDVX-CduuMwMb.js                   14.83 kB │ gzip:     4.19 kB
dist/assets/ContextSoul-DDmsZhxY.js                      14.90 kB │ gzip:     5.62 kB
dist/assets/window-CCVhfLOk.js                           15.06 kB │ gzip:     3.71 kB
dist/assets/ResourceAccess-Clc-wf5T.js                   15.37 kB │ gzip:     5.40 kB
dist/assets/th-TH-HPSO5L25-swaKUA2N.js                   15.52 kB │ gzip:     5.18 kB
dist/assets/chunk-AW2ZBBNX-DbTX9wnE.js                   15.64 kB │ gzip:     4.35 kB
dist/assets/BrokersPage-C0o2Wfb8.js                      15.71 kB │ gzip:     5.57 kB
dist/assets/diagram-OVF4WLC6-CxOkaDS7.js                 15.75 kB │ gzip:     5.53 kB
dist/assets/nn-NO-6E72VCQL-Dfy734xI.js                   15.95 kB │ gzip:     6.72 kB
dist/assets/AccessGroups-DtNA19Ca.js                     16.00 kB │ gzip:     5.49 kB
dist/assets/RightPanel-CI_9pliK.js                       16.02 kB │ gzip:     6.51 kB
dist/assets/SelfImprovement-CJfK9AZL.js                  16.04 kB │ gzip:     6.31 kB
dist/assets/TrustSafety-04dc0bGQ.js                      16.14 kB │ gzip:     6.24 kB
dist/assets/McpServers-DJ-MUK0q.js                       16.35 kB │ gzip:     6.04 kB
dist/assets/LocalReviewPanel-BXDYdhat.js                 16.42 kB │ gzip:     5.88 kB
dist/assets/SftpBrowser-C9fXNvgC.js                      16.47 kB │ gzip:     6.07 kB
dist/assets/nl-NL-IS3SIHDZ-C4-Hez0V.js                   16.73 kB │ gzip:     6.92 kB
dist/assets/assistant.svelte-gbr3buRD.js                 16.80 kB │ gzip:     5.86 kB
dist/assets/AgentDrivingBar-DbITruvN.js                  16.93 kB │ gzip:     6.03 kB
dist/assets/Walkthroughs-DlWs59Jf.js                     17.15 kB │ gzip:     6.75 kB
dist/assets/ishikawaDiagram-K3B6WC7H-BnWS7Lok.js         17.30 kB │ gzip:     6.53 kB
dist/assets/my-MM-5M5IBNSE-BXTnMvRC.js                   17.57 kB │ gzip:     5.29 kB
dist/assets/hu-HU-A5ZG7DT2-BBrlHtCw.js                   18.08 kB │ gzip:     7.58 kB
dist/assets/fi-FI-Z5N7JZ37-DC3Y34Y8.js                   18.40 kB │ gzip:     7.53 kB
dist/assets/kab-KAB-ZGHBKWFO-BXYUMKRc.js                 18.78 kB │ gzip:     7.55 kB
dist/assets/OttoUsage-DCiLFaT1.js                        18.83 kB │ gzip:     6.53 kB
dist/assets/k8s.svelte-CqHIN95O.js                       18.86 kB │ gzip:     6.26 kB
dist/assets/zh-TW-RAJ6MFWO-BTknr43S.js                   18.99 kB │ gzip:     8.86 kB
dist/assets/zh-CN-LNUGB5OW-N0-P-YPg.js                   19.05 kB │ gzip:     8.87 kB
dist/assets/lv-LV-5QDEKY6T-BTnV-PCT.js                   19.14 kB │ gzip:     7.79 kB
dist/assets/swarm.svelte-BANuY36S.js                     19.24 kB │ gzip:     4.89 kB
dist/assets/gl-ES-HMX3MZ6V-4bQs8jWL.js                   19.39 kB │ gzip:     7.73 kB
dist/assets/tr-TR-DEFEU3FU-Q633YFo2.js                   19.51 kB │ gzip:     7.96 kB
dist/assets/cs-CZ-2BRQDIVT-Bz62EbC5.js                   19.52 kB │ gzip:     8.40 kB
dist/assets/pt-PT-UZXXM6DQ-DXzHR8rJ.js                   19.65 kB │ gzip:     7.79 kB
dist/assets/id-ID-SAP4L64H-ZZuXM5fX.js                   19.68 kB │ gzip:     7.68 kB
dist/assets/ca-ES-6MX7JW3Y-QAg3jm2p.js                   19.79 kB │ gzip:     7.90 kB
dist/assets/oc-FR-POXYY2M6-Cn1eE_Zu.js                   19.84 kB │ gzip:     7.79 kB
dist/assets/OrbitControls-B4iV8kL-.js                    19.86 kB │ gzip:     4.42 kB
dist/assets/Users-C3D7taxO.js                            20.03 kB │ gzip:     6.99 kB
dist/assets/nb-NO-T6EIAALU-BQeWbEx1.js                   20.10 kB │ gzip:     8.19 kB
dist/assets/kanban-definition-P3RFRI5V-BqDoFCWu.js       20.30 kB │ gzip:     7.16 kB
dist/assets/he-IL-6SHJWFNN-9Ylp6ncb.js                   20.32 kB │ gzip:     7.54 kB
dist/assets/bg-BG-XCXSNQG7-DFFjBv03.js                   20.76 kB │ gzip:     7.39 kB
dist/assets/NewSession-MGlrfiwk.js                       20.78 kB │ gzip:     8.16 kB
dist/assets/pt-BR-5N22H2LF-CeODeunU.js                   21.04 kB │ gzip:     8.21 kB
dist/assets/eu-ES-A7QVB2H4-CAoFumRj.js                   21.20 kB │ gzip:     8.22 kB
dist/assets/es-ES-U4NZUMDT-D_KzWrdW.js                   21.35 kB │ gzip:     8.49 kB
dist/assets/sl-SI-NN7IZMDC-DFJxhRNE.js                   21.36 kB │ gzip:     8.58 kB
dist/assets/sv-SE-XGPEYMSR-CWEjOHYD.js                   21.51 kB │ gzip:     8.56 kB
dist/assets/Providers-By-UWc-6.js                        21.64 kB │ gzip:     7.55 kB
dist/assets/it-IT-JPQ66NNP-D6FUHYuZ.js                   22.06 kB │ gzip:     8.58 kB
dist/assets/SnipEditor-DtBZ8E3K.js                       22.21 kB │ gzip:     8.90 kB
dist/assets/TransformControls-B87FK6Gd.js                22.22 kB │ gzip:     5.48 kB
dist/assets/sk-SK-C5VTKIMK-NlHjiedH.js                   22.31 kB │ gzip:     9.11 kB
dist/assets/chunk-6U3AYISY-C6-Mtja1.js                   22.44 kB │ gzip:     8.62 kB
dist/assets/Channels-BHhQMw7P.js                         22.50 kB │ gzip:     8.13 kB
dist/assets/pl-PL-T2D74RX3-DgfcfsGT.js                   22.50 kB │ gzip:     9.23 kB
dist/assets/sankeyDiagram-UM26HJRW-DZb7hx42.js           22.79 kB │ gzip:     8.25 kB
dist/assets/ro-RO-JPDTUUEW-BqxNXAVP.js                   23.15 kB │ gzip:     8.94 kB
dist/assets/journeyDiagram-COXZFDF6-jMA7ORMa.js          23.15 kB │ gzip:     8.16 kB
dist/assets/de-DE-XR44H4JA-DNaOwkE9.js                   23.34 kB │ gzip:     8.97 kB
dist/assets/ja-JP-DBVTYXUO-DSHejo8t.js                   23.40 kB │ gzip:     8.79 kB
dist/assets/mindmap-definition-LZFPQGKD-Ch6kbvyk.js      23.44 kB │ gzip:     7.99 kB
dist/assets/fr-FR-RHASNOE6-BH99frB1.js                   23.45 kB │ gzip:     8.87 kB
dist/assets/bn-BD-2XOGV67Q-KCzfC93t.js                   23.60 kB │ gzip:     6.68 kB
dist/assets/ko-KR-MTYHY66A-BdMJRRpv.js                   23.88 kB │ gzip:     9.18 kB
dist/assets/graphlib-DS17s2tU.js                         23.90 kB │ gzip:     8.31 kB
dist/assets/fa-IR-HGAKTJCU-ddIdgP13.js                   24.24 kB │ gzip:     8.44 kB
dist/assets/ui.svelte-DBlv_Jqm.js                        24.32 kB │ gzip:     7.45 kB
dist/assets/pages.svelte-BuBokXQQ.js                     25.12 kB │ gzip:     8.35 kB
dist/assets/USDZExporter-BSy9YbXj.js                     25.18 kB │ gzip:     9.74 kB
dist/assets/wardleyDiagram-YMQ3BMBF-CCCYWpm_.js          25.20 kB │ gzip:     6.56 kB
dist/assets/product.svelte-BcO4dTcU.js                   25.37 kB │ gzip:     5.98 kB
dist/assets/ConflictResolverView-DxaonLRV.js             25.41 kB │ gzip:     8.31 kB
dist/assets/HomePage-BVqa16-F.js                         25.54 kB │ gzip:     9.63 kB
dist/assets/dist-dQBXSvKs.js                             25.65 kB │ gzip:    12.13 kB
dist/assets/ar-SA-G6X2FPQ2-BJ7kJfgn.js                   25.67 kB │ gzip:     9.12 kB
dist/assets/index-DCfzaNno.js                            25.82 kB │ gzip:     9.64 kB
dist/assets/GitPage-BU8gj38p.js                          26.10 kB │ gzip:     9.50 kB
dist/assets/dist-B52_fHLK.js                             26.45 kB │ gzip:     8.68 kB
dist/assets/meshopt_decoder.module-DXTYc6wn.js           26.48 kB │ gzip:     7.26 kB
dist/assets/HistoryPage-C6I1CirN.js                      27.02 kB │ gzip:     9.20 kB
dist/assets/rough.esm-Dy-Kn_BL.js                        27.10 kB │ gzip:     8.85 kB
dist/assets/pa-IN-N4M65BXN-wsiZwueU.js                   27.98 kB │ gzip:     7.98 kB
dist/assets/purify.es--06brOip.js                        28.08 kB │ gzip:    11.08 kB
dist/assets/vault.svelte-BblWAHzu.js                     28.19 kB │ gzip:     8.79 kB
dist/assets/dist-DMNnHiul.js                             28.39 kB │ gzip:    11.55 kB
dist/assets/gitGraphDiagram-XJZIOB7I-C2lqmFyM.js         29.01 kB │ gzip:     8.57 kB
dist/assets/FindingsBoard-7JYZG6hf.js                    29.17 kB │ gzip:     9.39 kB
dist/assets/ku-TR-6OUDTVRD-Ky7FAdew.js                   29.32 kB │ gzip:     9.27 kB
dist/assets/el-GR-BZB4AONW-Chellj6d.js                   29.67 kB │ gzip:     9.60 kB
dist/assets/timeline-definition-YOQAKGHF-CS1jrzsb.js     30.46 kB │ gzip:    10.03 kB
dist/assets/erDiagram-O2IAPWRE-CJxwA9FV.js               30.65 kB │ gzip:    10.57 kB
dist/assets/dist-BvLqY2v4.js                             30.71 kB │ gzip:    12.73 kB
dist/assets/chunk-3YJQHVM4-DP3JMAve.js                   30.74 kB │ gzip:     8.51 kB
dist/assets/ru-RU-B4JR7IUQ-n637KE87.js                   30.74 kB │ gzip:     9.86 kB
dist/assets/requirementDiagram-X7JNWC4A-DvSxuIql.js      31.07 kB │ gzip:     9.82 kB
dist/assets/RunWithOttoPage-D0_H6_As.js                  31.31 kB │ gzip:    11.19 kB
dist/assets/uk-UA-QMV73CPH-BfWne7LV.js                   31.64 kB │ gzip:    10.10 kB
dist/assets/pica-gOHU4bMN.js                             31.79 kB │ gzip:    12.47 kB
dist/assets/hi-IN-IWLTKZ5I-Dzr4DvnL.js                   32.35 kB │ gzip:     9.08 kB
dist/assets/quadrantDiagram-GDMTTRAM-7OEjY5WC.js         33.52 kB │ gzip:     9.74 kB
dist/assets/dist-RGD7nEUl.js                             35.06 kB │ gzip:    12.36 kB
dist/assets/ta-IN-2NMHFXQM-D1gPGRIR.js                   35.27 kB │ gzip:     8.50 kB
dist/assets/ShareModal-BeFfFMqg.js                       35.46 kB │ gzip:    13.43 kB
dist/assets/events.svelte-BymAfbKz.js                    35.48 kB │ gzip:    10.57 kB
dist/assets/environment-D16zhmPR.js                      35.77 kB │ gzip:    12.93 kB
dist/assets/km-KH-HSX4SM5Z-CaYVKl3D.js                   36.65 kB │ gzip:     9.21 kB
dist/assets/GLTFExporter-DAzmi_49.js                     36.79 kB │ gzip:    10.72 kB
dist/assets/MonitorFleet-BfUUIYqh.js                     36.95 kB │ gzip:    11.34 kB
dist/assets/mermaid.core-B_271mKJ.js                     37.47 kB │ gzip:    12.74 kB
dist/assets/MissionControlPage-i1QvlAVE.js               37.51 kB │ gzip:    12.91 kB
dist/assets/FloatingBar-C4hqPQgQ.js                      37.71 kB │ gzip:    14.15 kB
dist/assets/chunk-2BW5OAIV-BGyyhACC.js                   37.85 kB │ gzip:     8.19 kB
dist/assets/Settings-DEXnWHuF.js                         39.21 kB │ gzip:    13.81 kB
dist/assets/SplitNode-73DYd15Z.js                        40.02 kB │ gzip:    14.26 kB
dist/assets/AgentsPage-DQZHYEOj.js                       40.34 kB │ gzip:    14.49 kB
dist/assets/StructureView-t6QRpuOq.js                    40.40 kB │ gzip:    12.82 kB
dist/assets/dist-BNAxP6FZ.js                             40.70 kB │ gzip:    16.94 kB
dist/assets/ScheduledTasksPage-B8Y8jNjR.js               41.00 kB │ gzip:    13.73 kB
dist/assets/vennDiagram-BLWOH2XV-6N7xskfm.js             41.18 kB │ gzip:    15.11 kB
dist/assets/stateDiagram-v2-TBUQTH76-Sxwa5xwn.js         41.58 kB │ gzip:    13.91 kB
dist/assets/BackupRestore-qY-O1A7p.js                    41.89 kB │ gzip:    13.67 kB
dist/assets/mr-IN-CRQNXWMA-9iKXC6Ya.js                   42.25 kB │ gzip:    10.67 kB
dist/assets/blockDiagram-E7TT5TSB-DRChfSNV.js            42.46 kB │ gzip:    13.87 kB
dist/assets/LoopsPage-Cu_HJitX.js                        43.61 kB │ gzip:    14.31 kB
dist/assets/dist-DyA9CXvp.js                             43.76 kB │ gzip:    15.08 kB
dist/assets/xychartDiagram-TAQBALBS-BeoYBQEE.js          44.52 kB │ gzip:    12.34 kB
dist/assets/dist-BQm6E9jn.js                             44.57 kB │ gzip:    19.32 kB
dist/assets/GLTFLoader-Cps6H6JZ.js                       44.87 kB │ gzip:    13.35 kB
dist/assets/ProofPage-QJTjA_hp.js                        45.07 kB │ gzip:    14.25 kB
dist/assets/marked.esm-CJaU2exF.js                       45.08 kB │ gzip:    13.42 kB
dist/assets/image-blob-reduce.esm-BFq-Mx5V.js            45.42 kB │ gzip:    16.31 kB
dist/assets/src-CllyRBe0.js                              45.68 kB │ gzip:    16.00 kB
dist/assets/chunk-LNGE3PJU-5-SxdO55.js                   46.38 kB │ gzip:    15.54 kB
dist/assets/CanvasPage-BoZ6_txg.js                       47.72 kB │ gzip:    15.59 kB
dist/assets/dagre-W4DXFKR2-zpX7U9Fb.js                   47.84 kB │ gzip:    17.10 kB
dist/assets/workspace.svelte-viHu7SAk.js                 48.01 kB │ gzip:    13.38 kB
dist/assets/InsightsPage-CJbihnPL.js                     49.33 kB │ gzip:    17.60 kB
dist/assets/classDiagram-v2-K4WV4PDN-CJowMXM4.js         49.74 kB │ gzip:    16.17 kB
dist/assets/diff-load-D84eKKav.js                        51.03 kB │ gzip:    18.02 kB
dist/assets/ConversationView-Dw7lAsMR.js                 51.12 kB │ gzip:    17.95 kB
dist/assets/apiClient.svelte-B82Fh87V.js                 51.59 kB │ gzip:    15.68 kB
dist/assets/chunk-E2ZNV5FY-DC2I3F9C.js                   51.87 kB │ gzip:    16.63 kB
dist/assets/dist-DURhLPsh.js                             52.26 kB │ gzip:    16.70 kB
dist/assets/MonitorCluster-n2jPqB15.js                   54.56 kB │ gzip:    17.51 kB
dist/assets/index-client-CUfpMF11.js                     55.51 kB │ gzip:    21.11 kB
dist/assets/chunk-EU5HNXII-Cei73xJ8.js                   62.88 kB │ gzip:    20.41 kB
dist/assets/TurnItem-BcUUQhP2.js                         63.36 kB │ gzip:    21.03 kB
dist/assets/c4Diagram-CRA5TL53-BnbntYeV.js               65.08 kB │ gzip:    18.60 kB
dist/assets/dist-QC-iMf8k.js                             68.19 kB │ gzip:    23.19 kB
dist/assets/ClassroomsBox-DTmu2zZO.js                    68.69 kB │ gzip:    25.66 kB
dist/assets/QueryBuilder-BUsQw-Wy.js                     69.08 kB │ gzip:    22.83 kB
dist/assets/ganttDiagram-R7TSEDQI-D33IaamN.js            70.04 kB │ gzip:    23.02 kB
dist/assets/mock-yaJsOniN.js                             70.21 kB │ gzip:    20.76 kB
dist/assets/dist-Cj_zymf_.js                             70.78 kB │ gzip:    26.09 kB
dist/assets/ApiPage-By_EutSd.js                          71.01 kB │ gzip:    23.39 kB
dist/assets/AssistantPage-DiwjtmIa.js                    73.57 kB │ gzip:    22.94 kB
dist/assets/dist-CQ4rxmHZ.js                             74.24 kB │ gzip:    21.05 kB
dist/assets/PersonalAgentsPage-CsIEDYPt.js               74.38 kB │ gzip:    23.39 kB
dist/assets/PrDetail-uIYzUVDX.js                         74.53 kB │ gzip:    22.75 kB
dist/assets/UsagePage-fhaT3TEo.js                        77.81 kB │ gzip:    23.31 kB
dist/assets/diagram-2UJZ2QOL-CsTUEBRS.js                 80.56 kB │ gzip:    25.18 kB
dist/assets/cose-bilkent-JH36ORCC-CgmWmAU4.js            81.25 kB │ gzip:    21.54 kB
dist/assets/CodeEditor-CxIxLFqO.js                       81.66 kB │ gzip:    29.57 kB
dist/assets/BrowserView-jgfgR5Nr.js                      82.62 kB │ gzip:    29.69 kB
dist/assets/LagAlertsPanel-CLV1t9mO.js                   83.01 kB │ gzip:    25.76 kB
dist/assets/dist-B1FUUu9S.js                             86.62 kB │ gzip:    34.61 kB
dist/assets/WorkbenchPage-CQV6rypp.js                    87.57 kB │ gzip:    30.99 kB
dist/assets/database.svelte-DTKlCjqo.js                  92.79 kB │ gzip:    28.66 kB
dist/assets/dist-RBK56X0q.js                             95.75 kB │ gzip:    20.51 kB
dist/assets/RoomPage-BOUmCJOr.js                         98.10 kB │ gzip:    31.28 kB
dist/assets/ResponseViewer-DOAN2D-8.js                  100.36 kB │ gzip:    32.41 kB
dist/assets/DesignBoard-YJXOUjzB.js                     102.24 kB │ gzip:    31.32 kB
dist/assets/browser-roZ-8dTV.js                         102.72 kB │ gzip:    31.68 kB
dist/assets/swimlanes-N4OXWK64-1NVoc-8Q.js              106.24 kB │ gzip:    36.12 kB
dist/assets/McpPage-0ROVZgGD.js                         112.47 kB │ gzip:    33.68 kB
dist/assets/dist-BoRYEnFO.js                            112.65 kB │ gzip:    33.81 kB
dist/assets/chunk-XC4XBNZT-BEWc6rgL.js                  115.48 kB │ gzip:    29.24 kB
dist/assets/sequenceDiagram-ZO4K6R2Y-BU8SHgPg.js        117.68 kB │ gzip:    31.37 kB
dist/assets/KubernetesPage-DBQkPET4.js                  122.13 kB │ gzip:    39.38 kB
dist/assets/SwarmPage-jUY3CcKq.js                       124.25 kB │ gzip:    38.47 kB
dist/assets/ResultsGrid-CjEOtrC4.js                     144.23 kB │ gzip:    46.82 kB
dist/assets/meshoptimizer-UtD2wR0S.js                   147.01 kB │ gzip:    52.24 kB
dist/assets/architectureDiagram-47P4ROYG-Db1TvW7L.js    148.90 kB │ gzip:    41.13 kB
dist/assets/common-WWBxYNib.js                          154.35 kB │ gzip:    52.72 kB
dist/assets/App-DutTE_9F.js                             156.14 kB │ gzip:    49.01 kB
dist/assets/SkillsLabPage-D3W5U65w.js                   160.15 kB │ gzip:    48.63 kB
dist/assets/WorkflowsPage-CGVJFvuZ.js                   162.76 kB │ gzip:    49.45 kB
dist/assets/AwsPage-Cq92EOnJ.js                         173.58 kB │ gzip:    52.94 kB
dist/assets/RepoView-EbCyJL4J.js                        179.72 kB │ gzip:    55.84 kB
dist/assets/usecaseDiagram-VIAY4XPW-Zmcg3ZJW.js         187.92 kB │ gzip:    49.21 kB
dist/assets/VaultPage-DTnQnkGN.js                       201.66 kB │ gzip:    66.62 kB
dist/assets/client-hH3KJLPP.js                          207.46 kB │ gzip:    64.98 kB
dist/assets/DatabasePage-DJE4UXgt.js                    207.83 kB │ gzip:    64.15 kB
dist/assets/chunk-VPRB5NB3-yiER1T9I.js                  212.23 kB │ gzip:    28.82 kB
dist/assets/dist-DV2q7aQF.js                            222.99 kB │ gzip:    53.94 kB
dist/assets/dist-BHHvFF2Q.js                            238.79 kB │ gzip:    76.55 kB
dist/assets/katex-ZlcWpGUi.js                           258.68 kB │ gzip:    77.43 kB
dist/assets/esm-CY_15GCS.js                             261.87 kB │ gzip:    74.59 kB
dist/assets/sections-B0-s8T1b.js                        299.66 kB │ gzip:   108.65 kB
dist/assets/ProductPage-C-M70nuZ.js                     321.73 kB │ gzip:    90.84 kB
dist/assets/cytoscape.esm-EK2DW5Qr.js                   434.69 kB │ gzip:   137.74 kB
dist/assets/DesignHallPage-mrLAftKY.js                  504.09 kB │ gzip:   156.48 kB
dist/assets/Terminal-JMobOuRe.js                        528.68 kB │ gzip:   140.64 kB
dist/assets/chunk-K2UTITRG-CFJ1xN5f.js                  535.20 kB │ gzip:   179.93 kB
dist/assets/prod-BcaTyTCX.js                            586.84 kB │ gzip:   179.96 kB
dist/assets/chunk-NGNAAXSQ-DqoPQk1a.js                  629.05 kB │ gzip:   127.32 kB
dist/assets/three.module-BNgLwbNs.js                    730.80 kB │ gzip:   185.68 kB
dist/assets/elk-IJKZMXRS-4uchwPku.js                  1,462.94 kB │ gzip:   455.83 kB
dist/assets/chunk-EIO257PC-CAhBf1ig.js                1,821.03 kB │ gzip:   744.22 kB
dist/assets/browser-C_tWvVel.js                       8,189.23 kB │ gzip: 5,991.75 kB

[33m[MODULE_LEVEL_DIRECTIVE] [0mThe semantics of the module level directive "use client" in "node_modules/jotai/esm/react.mjs" may not be preserved when bundling.
   [38;5;246m╭[0m[38;5;246m─[0m[38;5;246m[[0m node_modules/jotai/esm/react.mjs:1:1 [38;5;246m][0m
   [38;5;246m│[0m
 [38;5;246m1 │[0m 'use client';
 [38;5;240m  │[0m ──────┬──────
 [38;5;240m  │[0m       ╰──────── module level directive may not be preserved
 [38;5;240m  │[0m
 [38;5;240m  │[0m [38;5;115mHelp[0m: For more information, see https://rolldown.rs/in-depth/directives#other-directives
[38;5;246m───╯[0m

[plugin builtin:vite-reporter]
(!) Some chunks are larger than 500 kB after minification. Consider:
- Using dynamic import() to code-split the application
- Use build.rolldownOptions.output.codeSplitting to improve chunking: https://rolldown.rs/reference/OutputOptions.codeSplitting
- Adjust chunk size limit for this warning via build.chunkSizeWarningLimit.
[33m[MODULE_LEVEL_DIRECTIVE] [0mThe semantics of the module level directive "use client" in "node_modules/jotai/esm/react/utils.mjs" may not be preserved when bundling.
   [38;5;246m╭[0m[38;5;246m─[0m[38;5;246m[[0m node_modules/jotai/esm/react/utils.mjs:1:1 [38;5;246m][0m
   [38;5;246m│[0m
 [38;5;246m1 │[0m 'use client';
 [38;5;240m  │[0m ──────┬──────
 [38;5;240m  │[0m       ╰──────── module level directive may not be preserved
 [38;5;240m  │[0m
 [38;5;240m  │[0m [38;5;115mHelp[0m: For more information, see https://rolldown.rs/in-depth/directives#other-directives
[38;5;246m───╯[0m

[33m[MODULE_LEVEL_DIRECTIVE] [0mThe semantics of the module level directive "use client" in "node_modules/@radix-ui/react-popover/dist/index.mjs" may not be preserved when bundling.
   [38;5;246m╭[0m[38;5;246m─[0m[38;5;246m[[0m node_modules/@radix-ui/react-popover/dist/index.mjs:1:1 [38;5;246m][0m
   [38;5;246m│[0m
 [38;5;246m1 │[0m "use client";
 [38;5;240m  │[0m ──────┬──────
 [38;5;240m  │[0m       ╰──────── module level directive may not be preserved
 [38;5;240m  │[0m
 [38;5;240m  │[0m [38;5;115mHelp[0m: For more information, see https://rolldown.rs/in-depth/directives#other-directives
[38;5;246m───╯[0m

[33m[MODULE_LEVEL_DIRECTIVE] [0mThe semantics of the module level directive "use client" in "node_modules/@radix-ui/react-focus-guards/dist/index.mjs" may not be preserved when bundling.
   [38;5;246m╭[0m[38;5;246m─[0m[38;5;246m[[0m node_modules/@radix-ui/react-focus-guards/dist/index.mjs:1:1 [38;5;246m][0m
   [38;5;246m│[0m
 [38;5;246m1 │[0m "use client";
 [38;5;240m  │[0m ──────┬──────
 [38;5;240m  │[0m       ╰──────── module level directive may not be preserved
 [38;5;240m  │[0m
 [38;5;240m  │[0m [38;5;115mHelp[0m: For more information, see https://rolldown.rs/in-depth/directives#other-directives
[38;5;246m───╯[0m

[33m[MODULE_LEVEL_DIRECTIVE] [0mThe semantics of the module level directive "use client" in "node_modules/@radix-ui/react-dismissable-layer/dist/index.mjs" may not be preserved when bundling.
   [38;5;246m╭[0m[38;5;246m─[0m[38;5;246m[[0m node_modules/@radix-ui/react-dismissable-layer/dist/index.mjs:1:1 [38;5;246m][0m
   [38;5;246m│[0m
 [38;5;246m1 │[0m "use client";
 [38;5;240m  │[0m ──────┬──────
 [38;5;240m  │[0m       ╰──────── module level directive may not be preserved
 [38;5;240m  │[0m
 [38;5;240m  │[0m [38;5;115mHelp[0m: For more information, see https://rolldown.rs/in-depth/directives#other-directives
[38;5;246m───╯[0m

[33m[MODULE_LEVEL_DIRECTIVE] [0mThe semantics of the module level directive "use client" in "node_modules/@radix-ui/react-focus-scope/dist/index.mjs" may not be preserved when bundling.
   [38;5;246m╭[0m[38;5;246m─[0m[38;5;246m[[0m node_modules/@radix-ui/react-focus-scope/dist/index.mjs:1:1 [38;5;246m][0m
   [38;5;246m│[0m
 [38;5;246m1 │[0m "use client";
 [38;5;240m  │[0m ──────┬──────
 [38;5;240m  │[0m       ╰──────── module level directive may not be preserved
 [38;5;240m  │[0m
 [38;5;240m  │[0m [38;5;115mHelp[0m: For more information, see https://rolldown.rs/in-depth/directives#other-directives
[38;5;246m───╯[0m

[33m[MODULE_LEVEL_DIRECTIVE] [0mThe semantics of the module level directive "use client" in "node_modules/@radix-ui/react-popper/dist/index.mjs" may not be preserved when bundling.
   [38;5;246m╭[0m[38;5;246m─[0m[38;5;246m[[0m node_modules/@radix-ui/react-popper/dist/index.mjs:1:1 [38;5;246m][0m
   [38;5;246m│[0m
 [38;5;246m1 │[0m "use client";
 [38;5;240m  │[0m ──────┬──────
 [38;5;240m  │[0m       ╰──────── module level directive may not be preserved
 [38;5;240m  │[0m
 [38;5;240m  │[0m [38;5;115mHelp[0m: For more information, see https://rolldown.rs/in-depth/directives#other-directives
[38;5;246m───╯[0m

[33m[MODULE_LEVEL_DIRECTIVE] [0mThe semantics of the module level directive "use client" in "node_modules/@radix-ui/react-presence/dist/index.mjs" may not be preserved when bundling.
   [38;5;246m╭[0m[38;5;246m─[0m[38;5;246m[[0m node_modules/@radix-ui/react-presence/dist/index.mjs:1:1 [38;5;246m][0m
   [38;5;246m│[0m
 [38;5;246m1 │[0m "use client";
 [38;5;240m  │[0m ──────┬──────
 [38;5;240m  │[0m       ╰──────── module level directive may not be preserved
 [38;5;240m  │[0m
 [38;5;240m  │[0m [38;5;115mHelp[0m: For more information, see https://rolldown.rs/in-depth/directives#other-directives
[38;5;246m───╯[0m

[33m[MODULE_LEVEL_DIRECTIVE] [0mThe semantics of the module level directive "use client" in "node_modules/@radix-ui/react-portal/dist/index.mjs" may not be preserved when bundling.
   [38;5;246m╭[0m[38;5;246m─[0m[38;5;246m[[0m node_modules/@radix-ui/react-portal/dist/index.mjs:1:1 [38;5;246m][0m
   [38;5;246m│[0m
 [38;5;246m1 │[0m "use client";
 [38;5;240m  │[0m ──────┬──────
 [38;5;240m  │[0m       ╰──────── module level directive may not be preserved
 [38;5;240m  │[0m
 [38;5;240m  │[0m [38;5;115mHelp[0m: For more information, see https://rolldown.rs/in-depth/directives#other-directives
[38;5;246m───╯[0m

✓ built in 7.77s
[33m[PLUGIN_TIMINGS] [0mJavaScript callbacks ran for 7.1s of this 7.8s build (91%).
The slowest callbacks, timed inside each callback (the wait before a callback starts is excluded, the time it awaits is included):
  - plugin vite-plugin-svelte:compile transform (76%, 5.9s, 568 calls)
Additional callback time came from the callbacks below and from callbacks under 1s.
3 callbacks are listed without a time. Their calls overlapped, so the time inside one call includes work from other calls. To find their cost, profile the build with `node --cpu-prof`:
  - plugin vite:asset load (47 calls)
  - plugin vite:worker-import-meta-url transform (4 calls)
  - plugin vite:css transform (558 calls)
See https://rolldown.rs/reference/InputOptions.checks#bundlertimings for more details.

