
> ui@0.2.0 test:unit
> node --test 'unit/**/*.test.ts'

✔ scratch broadcasts are allowed while mixed and missing recipients are refused (0.40375ms)
✔ saved view filters combine provider, repository and minimum cost (0.097ms)
✔ tokens parse for every combination (0.537458ms)
✔ generated palettes stay inside the scheme luminance band for any accent (1.341583ms)
✔ photo pixels are clamped into the band (0.545125ms)
✔ text and dim text on chrome glass are AA over every ambient pixel, all five combinations (13.750792ms)
✔ raised glass (menus, palette) is AA over app surfaces; --text survives any backdrop (0.248625ms)
✔ ambientImage: none, a translucent wash, an opaque wallpaper, or the photo (0.542375ms)
✔ API-created minimal automation is editable without assertion/extraction arrays (1.478084ms)
✔ editing an assertion does not mutate the persisted automation snapshot (0.109208ms)
✔ save completion belongs to the initiating tab, never the newly active tab (280.151166ms)
✔ runtime variables are scoped to the restored workspace (193.574ms)
✔ cleared extras serialize explicitly, and gRPC schema/method round trip (117.820625ms)
✔ OAuth completion updates originating inactive tab and keeps later auth edits (114.730125ms)
✔ cancel during asynchronous pre-script prevents HTTP and clears sending (75.528209ms)
✔ closing the initiating tab cancels a pending pre-script (43.837125ms)
✔ replaced execution ignores late pre-script even with the same tab identity (94.1225ms)
✔ environment stays with the execution snapshot while pre-script is pending (94.443042ms)
✔ curl import cannot land in a different workspace after parsing (31.254708ms)
✔ file import retains its workspace while the file is being read (97.478625ms)
✔ an automation start response cannot publish into the next workspace (118.76375ms)
✔ GraphQL introspection cannot publish another tab or edited endpoint schema (130.324583ms)
✔ a loaded GraphQL schema is visible only for the request that owns it (39.692959ms)
✔ opening a saved request never replaces unsaved edits in the active tab (80.866292ms)
✔ a pristine blank tab is reused when opening a saved request (32.11025ms)
✔ history replay rehydrates masked credentials from the saved request, never sends *** (28.602375ms)
✔ automation runs poll deltas and append only the new steps (2102.739375ms)
✔ import creates every item in order and reloads the lists once (34.743125ms)
✔ opening a saved request fetches its full row once and reuses it (27.194625ms)
✔ a restored tab whose saved row is not loaded yet is never repurposed (40.40925ms)
✔ a final run_progress during an in-flight delta GET is latched, not dropped (37.26425ms)
✔ run_progress wakes are coalesced to one delta GET per 250 ms (835.738875ms)
✔ api_client_changed patches the loaded workspace and expires others (1544.778333ms)
✔ switching tabs keeps each tab its own response (34.049583ms)
✔ two tabs send concurrently; a background tab’s response is kept, never cancelled (28.900583ms)
✔ cancel only stops the active tab’s send (30.964042ms)
✔ opening a history entry shows its stored response, flagged as from history (39.437542ms)
✔ api_history_appended refetches only a history list someone asked for (perf H1) (683.698167ms)
✔ concurrent script writes preserve newer unrelated variables: console.log('done') (44.486125ms)
✔ concurrent script writes preserve newer unrelated variables: pm.variables.set('a','one') (103.401125ms)
✔ concurrent script writes preserve newer unrelated variables: pm.variables.unset('remove') (32.476292ms)
✔ loadCollections: late response cannot overwrite workspace B (383.065916ms)
✔ saveCollection: completed write returns to caller but cannot publish into workspace B (350.320083ms)
✔ loadCollections: late response cannot overwrite a new A visit (489.00325ms)
✔ saveCollection: completed write returns to caller but cannot publish into a new A visit (483.925709ms)
✔ saveCollection: stale failure does not toast over the new workspace (334.75425ms)
✔ loadEnvironments: late response cannot overwrite workspace B (331.079ms)
✔ saveEnvironment: completed write returns to caller but cannot publish into workspace B (330.292209ms)
✔ loadEnvironments: late response cannot overwrite a new A visit (483.187583ms)
✔ saveEnvironment: completed write returns to caller but cannot publish into a new A visit (483.068291ms)
✔ saveEnvironment: stale failure does not toast over the new workspace (330.077291ms)
✔ loadAutomations: late response cannot overwrite workspace B (334.133542ms)
✔ saveAutomation: completed write returns to caller but cannot publish into workspace B (330.225167ms)
✔ loadAutomations: late response cannot overwrite a new A visit (502.687292ms)
✔ saveAutomation: completed write returns to caller but cannot publish into a new A visit (495.107291ms)
✔ saveAutomation: stale failure does not toast over the new workspace (336.654833ms)
✔ loadCollections: stale error cannot mark a successfully loaded empty workspace as failed (333.979791ms)
✔ loadRequests: stale error cannot mark a successfully loaded empty workspace as failed (337.686916ms)
✔ loadEnvironments: stale error cannot mark a successfully loaded empty workspace as failed (334.765125ms)
✔ late activation cannot clear the new workspace active environment or change its next Send (334.352292ms)
✔ loadAll: old A success cannot overwrite the fresh A visit after A-B-A (333.268291ms)
✔ loadAll: obsolete A failure cannot clear the loading state of a newer A visit (345.819791ms)
✔ lists stay pending until this workspace settles once — a refetch never re-enters "not loaded" (340.329084ms)
✔ a stalled interactive GET rejects with a timeout ApiError (268.207458ms)
✔ a caller abort stays an AbortError (not reported as a timeout) (80.199ms)
✔ writes and the long lane carry no default deadline (117.663833ms)
✔ authedText: a 401 dispatches the unauthorized event like api.* (42.865167ms)
✔ GraphQL variables: blank → {}, object passes, bad JSON names the line (2.858875ms)
✔ history direct and event invalidations share one snapshot, including duplicate event during fetch (0.636459ms)
✔ history append after fetch began produces exactly one necessary followup (0.1325ms)
✔ history workspace replacement aborts and ignores old response (0.435625ms)
✔ history detail cannot overwrite another selection, workspace, tab or edited draft (0.198708ms)
✔ detail failure preserves draft and clears only its own pending state (0.109834ms)
✔ postman secret and credential-named variables import as Keychain secrets (0.8795ms)
✔ an environment without secrets sends no secret values (0.080333ms)
✔ a small response opens two levels (1.011875ms)
✔ a root array of wide objects does not open every row (bounded mount) (2.080208ms)
✔ a scalar root opens nothing but itself (0.079167ms)
✔ a clicked commit diff stays on the interactive lane (191.465083ms)
✔ history walks and remote git still use the long lane (131.934125ms)
✔ a DB schema load or object open (both can dial) uses the long lane (26.105292ms)
✔ empty error responses reject instead of reporting a successful mutation (258.730125ms)
✔ accepted JSON responses retain the updated object (151.602458ms)
✔ genuinely empty accepted and no-content responses resolve without JSON parsing (106.613458ms)
✔ declared text types are always text (0.590958ms)
✔ binary payloads are detected by their decoded bytes (0.146708ms)
✔ persisted tabs never carry plaintext credentials (0.881709ms)
✔ a saved-request tab persists the stored marker, not the typed replacement (0.113459ms)
✔ history replay never sends the literal mask (0.160208ms)
✔ credential-carrying keys mirror the daemon (0.066125ms)
✔ the storage banner is offered only past a size with no limit for that part (1.141917ms)
✔ presets always set a limit (none deletes by default) and sizes read (0.342541ms)
✔ late callbacks from a replaced socket cannot mutate current stream (93.922208ms)
✔ switching request tabs closes the previous relay and clears its console (9.328417ms)
✔ stream console retains a bounded tail and counts discarded messages (32.9025ms)
✔ a message burst updates the console once per animation frame (12.625166ms)
✔ variables resolve in daemon order: built-ins, session, environment, secret, missing (1.414084ms)
✔ variable discovery and highlight segments (1.289ms)
✔ method and status tones carry words, not only colour (0.144333ms)
✔ collection paths follow the tree order (13.7335ms)
✔ url split and Set-Cookie parsing (0.327917ms)
✔ JSON tree search finds keys and values and opens their ancestors (0.30075ms)
✔ duplicating a request never copies another request’s Keychain marker (0.12375ms)
✔ every user-facing archive goes through ws.requestArchive (6.082833ms)
✔ requestArchive confirms a working agent before archiving (0.6825ms)
✔ SessionView "Save & restart" runs the restart working-guard first (0.345958ms)
✔ a leading @codex routes the turn; the daemon-bound text drops it (0.884583ms)
✔ mid-sentence mentions, emails, handles and other providers never route (0.087791ms)
✔ provider labels read like the mockup chip (0.377084ms)
✔ threads split into Spaces 01–04 and Recent (newest first) (1.404583ms)
✔ the page opens on the remembered thread, else the latest (0.106167ms)
✔ turn kinds map to cards; one card per task; unreferenced thread tasks still show (0.266916ms)
✔ memory chip payloads are validated (0.077083ms)
✔ memory chips sit on the reply that follows them; cards land by time (0.3245ms)
✔ timestamps with different precision still order as instants (0.150209ms)
✔ replies of the current session come from the transcript; older providers stay from the index (0.313459ms)
✔ without a session the index is the whole conversation (0.07775ms)
✔ provider inference from a model id (0.141584ms)
✔ the queue holds exactly the tasks whose newest row is needs_you (0.170708ms)
✔ stale frames and slow snapshots never roll the queue back (0.064833ms)
✔ a snapshot drops what left the queue but keeps what arrived while it was in flight (0.154917ms)
✔ per-thread counts (0.09575ms)
✔ tasks group into board columns, newest change first (0.091541ms)
✔ reminders read Scheduled / Delivered (0.260625ms)
✔ upsertNewer ignores stale rows (0.139625ms)
✔ browser progress is read defensively from result.browser (0.109916ms)
✔ keyword lists and load share (0.192416ms)
✔ limit notice text (0.048667ms)
✔ reminder labels (28.710417ms)
✔ thread paging retains rows on failure, retries the same offset and deduplicates (248.387458ms)
✔ refresh invalidates an older page and selected older thread survives refresh (64.246ms)
✔ selected thread late failure cannot replace a newer selection (99.331333ms)
✔ page find includes an unloaded provider match beyond the first transcript page (100.518791ms)
✔ a late old async provider query cannot replace the current matches (7.582958ms)
✔ remote find failure is visible rather than reporting whole-history absence (5.70875ms)
✔ a failed departed provider cannot report its error in the replacement provider (34.379875ms)
✔ closing find aborts pending provider search and prevents late results (8.186834ms)
✔ boot: the saved workspace's session list goes out with /workspaces, and is used once (perf G3) (387.346583ms)
✔ boot: a saved workspace that no longer exists drops its speculative list (perf G3) (109.892417ms)
✔ the archived probe stops once it found rows, and keeps asking while there are none (perf G7) (1206.052792ms)
✔ late workspace selection cannot publish sessions or restore the old layout (41.763958ms)
✔ concurrent refreshes in one workspace coalesce into one trailing load (38.026334ms)
✔ selection waits for a superseding refresh before restoring saved tabs (45.327375ms)
✔ old History pagination cannot append to a new provider list (21.099375ms)
✔ failed workspace selection clears foreign sessions and retry restores the selected layout (61.84325ms)
✔ archive events synchronize membership in two independent windows (120.689167ms)
✔ workspace changes ask before identity, tabs or persistence are replaced (70.935792ms)
✔ same-workspace selection cancels a pending workspace leave decision (67.26725ms)
✔ a successful workspace leave saves against the original workspace before switching (56.754333ms)
✔ canceling current workspace archive sends no archive request (31.769958ms)
✔ approved workspace archive asks once and selects its fallback (40.9205ms)
✔ an archive response cannot redirect a newer completed workspace selection (48.968791ms)
✔ archiving the last workspace asks once then enters scratch context (38.632791ms)
✔ a selection made while /workspaces is in flight keeps the list and settles it (side-pane guest) (69.682708ms)
✔ a 401 on /auth/me clears the token and asks for login (114.093417ms)
✔ a 5xx / transport failure keeps the token and stays offline (polled) (16.648625ms)
✔ a failed re-boot of a running app keeps the shell up (140.104ms)
✔ a stalled /meta moves boot to offline instead of spinning forever (S13-05) (26.278ms)
✔ a stalled /meta on an in-place re-boot keeps the running shell up (S13-304) (16.950875ms)
✔ a late impersonation identity cannot replace a newer sign-in (41.497917ms)
✔ failed impersonation start blocks actions until the current bearer identity is verified (7.304542ms)
✔ failed impersonation stop blocks actions until the current bearer identity is verified (43.216834ms)
✔ impersonation start lives in this tab's sessionStorage, not shared localStorage (S13-07) (16.056792ms)
✔ the impersonation bearer stays in this tab — the shared token is never overwritten (S13-303) (22.185458ms)
✔ an expired impersonation (4401 → 401 path) falls back to the admin session (S13-302) (15.378167ms)
✔ a re-boot whose impersonation token expired lands on the admin, not sign-in (S13-302) (19.45875ms)
✔ the insights report frame is script-only: no popups, no same-origin (1.069417ms)
✔ the insights link bridge only honours the frame, http(s), a user gesture and a rate limit (0.181042ms)
✔ plugin frames: messages are source-checked and the slug is validated before framing (0.270166ms)
✔ latestOnly: a superseded ticket is not current and its signal aborts (167.4445ms)
✔ loops: a background poll landing after Pause cannot restore "running" (51.630458ms)
✔ loops: answerQuestion encodes the question id (24.097167ms)
✔ scheduled tasks: the start snapshot landing after the finish one is dropped (70.459708ms)
✔ lazyComponent: a failed prefetch stays silent and the first open retries (9.848917ms)
✔ the Automate chooser lists the overlapping automations that live outside Automate (S20-18) (3.57125ms)
✔ every Automate page offers the chooser beyond its empty state (3.078125ms)
✔ the chooser hides modules the user cannot open, using the sidebar gate (S20-307) (5.979292ms)
✔ loops/LoopDetail del acts on the target named by its confirmation (129.54525ms)
✔ loops/LoopDetail stop acts on the target named by its confirmation (4.586458ms)
✔ run-with-otto/RunDetail cancel acts on the target named by its confirmation (4.737ms)
✔ run-with-otto/RunDetail openPr acts on the target named by its confirmation (11.634666ms)
✔ proof/ProofPage removePack keeps its confirmed target after navigation (11.547125ms)
✔ proof/ProofPage assemble keeps its confirmed target after navigation (48.725417ms)
✔ proof/ProofPage newPack keeps its confirmed target after navigation (12.753125ms)
✔ workflows/WorkflowsPage stop keeps its confirmed target after navigation (51.591542ms)
✔ reads pass without a confirm (0.534083ms)
✔ DDL, DML and unknown statements need a confirm (0.128583ms)
✔ base64ToBytes round-trips binary data (native fromBase64 when present) (5.224584ms)
✔ the atob fallback decodes identically (3.895542ms)
✔ brandCssVars uses the contract names (same as the server CSS export) (1.942875ms)
✔ resolveToken covers every group, sub-properties and css vars (0.392791ms)
✔ parseTokenRef and tokenRefs mirror the server (0.306708ms)
✔ cssIdent kebab-cases like the Rust exporter (0.087625ms)
✔ contrast: WCAG ratios, levels, ink and on-colour (0.210542ms)
✔ diffTokens reports changed / added / removed with canonical values (0.60125ms)
✔ validateBrandDoc mirrors the server rules (0.53975ms)
✔ normalizeBrandDoc tidies loose values and migrates the Phase 0 scaffold (0.386167ms)
✔ every starter kit validates and has readable primaries (0.674792ms)
✔ editing helpers keep order and pick unique names (1.143292ms)
✔ late annotation read cannot replace another active tab marks (168.05475ms)
✔ creating a mark then switching tabs does not append to the new page (41.256125ms)
✔ the script fills only on the credential domain or its subdomains (0.63325ms)
✔ the script refuses a downgrade to plain http off loopback (0.152375ms)
✔ the password and username are JSON-escaped into the script (0.108917ms)
✔ host-side re-check: a redirect during the confirmation blocks the fill (0.100166ms)
✔ eval results are normalised whether quoted or raw (0.09725ms)
✔ the in-page origin check survives a page that poisons String built-ins (S18-307) (0.783333ms)
✔ fitContain letterboxes a wide frame top/bottom and centres it (4.875209ms)
✔ fitContain pillarboxes a tall frame left/right (0.107ms)
✔ fitContain with a degenerate size draws nothing (0.054375ms)
✔ clientToPage maps through a 2x (retina) frame to CSS px (0.111417ms)
✔ clientToPage handles a downscaled frame (image smaller than the viewport) (0.06625ms)
✔ clientToPage ignores clicks on the letterbox bars (0.069791ms)
✔ clientToPage subtracts the frame offset_top and rejects the bar above it (0.056041ms)
✔ viewportFor clamps to the daemon range and quantises the device scale factor (1.173ms)
✔ viewportFor lowers the scale factor to stay inside the pixel budget (0.724917ms)
✔ viewportChanged ignores 1px wobble but not a dpr change (0.267209ms)
✔ app chords already handled by the global key map pass through (0.398209ms)
✔ browser-convention chords are handled locally (0.771291ms)
✔ Esc releases the keyboard; ⇧Esc is sent to the page as Escape (0.125375ms)
✔ IME / soft-keyboard keystrokes are ignored (text arrives via input/composition) (0.04275ms)
✔ plain typing, editing and copy chords are forwarded (0.032958ms)
✔ modifierMask uses CDP bits (0.037708ms)
✔ virtualKeyCode covers letters, digits, punctuation and named keys (0.107625ms)
✔ keyPayload is the contract key frame: text on keydown only, Enter types \r, chords type nothing (0.063625ms)
✔ coalesce sends the first move at once and the LATEST one per interval (0.146709ms)
✔ coalesce.flush sends the pending move before a click; cancel drops it (0.085792ms)
✔ mergeWheel sums deltas at the latest position; modifier change restarts (0.045792ms)
✔ wheelPixels normalises line and page deltas (0.0335ms)
✔ backoff grows exponentially with a cap and bounded jitter (0.044375ms)
✔ reducer walks connect → live → reconnecting → connecting → live (0.095459ms)
✔ S18-18: accept-then-close servers exhaust the retries instead of looping forever (0.050334ms)
✔ terminal close codes and closed frames end the session without retry (0.040334ms)
✔ the reducer gives up after maxAttempts (0.033875ms)
✔ duplicate connect / stray open / frame-while-not-live are no-ops (0.027375ms)
✔ steady-state frames return the SAME state (no per-frame reactive churn) (0.056959ms)
✔ isStale: a quiet live page is never stale; any non-live socket is (0.033416ms)
✔ input-to-frame latency: first input starts the sample, the next frame ends it (0.036167ms)
✔ meter reports frames in the last second and smooths the latency (0.061875ms)
✔ parseServer ignores junk; buttonName maps DOM buttons (0.08025ms)
✔ safeCursor only lets known CSS cursor keywords through (0.027625ms)
✔ parseBinaryFrame reads the v1 layout: version byte, u32 BE length, JSON header, JPEG (0.456917ms)
✔ parseBinaryFrame drops unknown versions, truncated buffers and bad headers (0.159791ms)
✔ driverFor: agent blocks, another person is "other", me/nobody may drive (0.10025ms)
✔ closed reasons and the SSRF note read as sentences (0.248375ms)
✔ approvalFacts builds where / what / who sees it / as from the held request (0.455625ms)
✔ approvalFacts falls back to the URL host and leaves unknowns out (0.132041ms)
✔ openTab completion cannot enter a different workspace (154.136458ms)
✔ openTab completion cannot enter a new visit to the original workspace (61.664958ms)
✔ openLiveTab completion cannot enter a different workspace (38.106ms)
✔ openLiveTab completion cannot enter a new visit to the original workspace (26.305792ms)
✔ reader navigation never persists a title obtained from another active tab (46.475125ms)
✔ older reader navigation completing last cannot replace a newer URL (20.441417ms)
✔ overlapping live navigations persist the newest URL even when the first write is slow (17.445625ms)
✔ closing the last active tab invalidates a late reader success before close completes (16.023125ms)
✔ closing the last active tab invalidates a late reader failure before close completes (27.852916ms)
✔ closing a background tab leaves the active reader request valid (71.605041ms)
✔ failed active close restores the previous readable content and selection (38.446458ms)
✔ summary cannot cross a workspace transition even at the same URL (163.326708ms)
✔ summary cannot cross a tab transition even at the same URL (20.457584ms)
✔ summary cannot cross a leave-and-return transition even at the same URL (16.379125ms)
✔ superseding a summary aborts its request and preserves the current busy state (13.219834ms)
✔ deselect clears reader loading and error state immediately (16.128667ms)
✔ refSha accepts only full sha256 refs (0.686083ms)
✔ the client digest is the server content address (sha256 of the data-URL text) (26.372208ms)
✔ a 3 MB image goes inline once, then every autosave sends a ref (0.664667ms)
✔ an unresolved ref passes through and is not re-learned as inline (0.237333ms)
✔ the file cache defaults to a 64 MB bound (0.112958ms)
✔ the file cache is a byte-bounded LRU: past the cap the oldest sha is refetched (1.998792ms)
✔ a board unmount releases its files unless another open board uses them (0.732916ms)
✔ a failed or mid-flight-released fetch leaves nothing behind (0.748584ms)
✔ a push applies once; saves (dirty → false) never re-apply it (144.19475ms)
✔ a push skipped while dirty is spent, not replayed once the save lands (16.695208ms)
✔ another scene's push, docs without source, and tick 0 are ignored (36.928125ms)
✔ queued, superseded scene writes are dropped; the newest doc is sent (144.661584ms)
✔ drafts staged in one tick collapse into a single PUT (41.425708ms)
✔ a save issued during a restore queues behind it and keeps its draft (35.562459ms)
✔ Excalidraw assist failure retains the exact composer prompt (99.961375ms)
✔ Excalidraw reports accepted content and rejects an empty generation result (5.318917ms)
✔ Mermaid assist failure retains the exact composer prompt (8.54075ms)
✔ Mermaid reports accepted content and rejects an empty generation result (31.87475ms)
✔ D2 assist failure retains the exact composer prompt (8.342667ms)
✔ D2 reports accepted content and rejects an empty generation result (3.872083ms)
✔ Canvas keeps an unaccepted prompt while the request is pending (4.602291ms)
✔ late accepted generation cannot clear another scene or a newer prompt (2.185542ms)
✔ Excalidraw restore applies persisted background and grid before the next save (9.10275ms)
✔ Excalidraw grid-only edit gridModeEnabled schedules a persisted snapshot (4.432833ms)
✔ Excalidraw grid-only edit gridSize schedules a persisted snapshot (6.331292ms)
✔ the allow-list parses trimmed, blank-free ids (1.319083ms)
✔ senders already allowed are not offered again (0.12225ms)
✔ allowing a sender appends once, keeping the others (0.181542ms)
✔ a sender reads as name (id), or the id alone (0.073625ms)
✔ toolLine: commands, files and searches read as verb + target (+ dim detail) (1.039292ms)
✔ toolStatus: no result is running while the session is active, else "none" (0.21225ms)
✔ stepSummary says what a group did, in order, naming a single file (0.472541ms)
✔ pendingTool: the newest call without a result in the last response (0.101917ms)
✔ lastLine: the last non-blank output line, clipped (0.08175ms)
✔ countUnread counts items after the last one seen at the bottom (0.059291ms)
✔ askQuestions reads AskUserQuestion input defensively (0.137541ms)
✔ providerName (0.057834ms)
✔ segment: the plan is its own block; the call that wrote it gets no row (0.142833ms)
✔ decorateCodeBlocks: IDE header (label · file · lines · Wrap/Open/Copy), numbered lines, fold, idempotent (2.028041ms)
(node:48981) [DEP0205] DeprecationWarning: `module.register()` is deprecated. Use `module.registerHooks()` instead.
(Use `node --trace-deprecation ...` to show where the warning was created)
✔ foldResponse keeps the first and final message and folds the work between (0.989208ms)
✔ patchStats counts hunk lines only; changedFiles merges per path and treats a Write as new (0.553375ms)
✔ usage sums over a response; the token line names every kind with a tooltip (0.244875ms)
✔ day dividers and paths (12.822416ms)
✔ file references: code spans, prose paths and locations (0.444834ms)
✔ the chat markdown extension: file refs, chips, and URLs left alone (33.016583ms)
✔ linkifyOutput links paths and URLs in escaped command output (0.337208ms)
✔ fence info: language + file name (0.554459ms)
✔ highlightLines tokenizes the whole block and keeps every line self-contained (54.205ms)
✔ preview parsers: kinds, CSV/TSV, JSON, HTML documents (0.482084ms)
✔ mounted checkpoint loader shows matching-generation membership while progress keeps advancing (71.733542ms)
✔ ⌘W on a non-Agents page never touches the hidden session (569.908375ms)
✔ "Always delete": no dialog, but archive first and delete only after the Undo window (104.038125ms)
✔ Undo inside the window keeps the session (72.615958ms)
✔ ⌘W under "Always delete" goes through the undoable path (38.282583ms)
✔ "Always delete" then ⌘⇧T: the reopened session is never deleted (129.30175ms)
✔ "Always delete" then Archived ▸ Restore: no DELETE (108.538833ms)
✔ "Always delete" then another window restores it: the re-check keeps it (97.3255ms)
✔ a toast held open past the grace period still lets Undo win (149.153791ms)
✔ sessionVerbsApply is Agents-only (0.164792ms)
✔ requestArchive asks for a working row the store has no status for (33.732916ms)
✔ requestArchive: an idle unknown row archives at once; a busy shell never asks (65.856541ms)
✔ requestArchive and confirmRestart ask for a working agent (44.201416ms)
✔ two registration effects re-running in one flush keep both sets (146.567917ms)
✔ a stale unregister never removes the set that replaced it (14.493542ms)
✔ registry.all is memoized: unchanged sources hand back the same array (56.934541ms)
✔ typed text is kept per repo and cleared when emptied (158.985125ms)
✔ a draft that lands with no panel watching is parked once (19.792708ms)
✔ a watched repo gets the reply directly (nothing parked) (16.660791ms)
✔ a reopened composer shares the pending send claim while other sessions remain usable (173.080292ms)
✔ production send keeps a remounted draft and allows only one pending request (102.522209ms)
✔ send is refused while an image upload is still pending (70.663791ms)
✔ renaming retains unknown parameters and TLS shorthand (88.256167ms)
✔ secure URI schemes enable TLS and Mongo passwords leave URI fields (90.151542ms)
✔ explicit field clears preserve unrelated advanced TLS and tunnel settings (4.426042ms)
✔ Mongo URI: an encodable-character password never stays in the visible string (S16-15) (21.993459ms)
✔ Mongo URI: an unencoded `/` in the password never stays visible (S16-307) (15.414917ms)
✔ stableGroupTurns reuses the item object of every unchanged group (0.926666ms)
✔ stableGroupTurns re-groups when a member turn joins or leaves a response (0.090958ms)
✔ md cache: hits return the memo, misses render once, bounds evict oldest (0.168ms)
✔ indexToRenderItem is memoized per index turn object (0.0825ms)
✔ trimTurnHead only cuts in front of a turn with a known cursor (261.136208ms)
✔ a long live chat is capped and "Load earlier" resumes exactly at the dropped head (67.430542ms)
✔ a scheme change moves the token (the old host:port compare missed it) (0.384916ms)
✔ host and port changes move it; path / case / default port do not (0.086125ms)
✔ unparseable input: only an identical string is the same (0.088042ms)
✔ javascript: links are dropped (href and xlink:href, obfuscated too) (1.631375ms)
✔ http(s) links and in-document fragments survive (0.0955ms)
✔ event handlers are dropped regardless of element (img onerror payload) (0.078708ms)
✔ config keeps foreignObject labels but forbids active content (0.252083ms)
✔ fails closed when the purifier cannot run (no DOM) (0.186667ms)
✔ hook is installed only for the duration of one sanitize call (1.55525ms)
✔ D2 style rules are scoped to the diagram (1.83625ms)
✔ a string-embedded brace or comment cannot end a rule early (S18-301) (0.395042ms)
✔ a scope-anchored selector cannot hop to the app with ~ or + (S11-311) (0.583291ms)
✔ foreign @font-face / @keyframes names and fetching values are dropped (0.433917ms)
✔ no browser CSS parser → styles dropped (fail closed) (0.162708ms)
✔ styles without a diagram scope class are dropped (0.451709ms)
✔ scope class comes from D2's wrapper <svg> tags only, not a label element (0.14525ms)
✔ serialized style text is entity-decoded for parsing and re-escaped after (0.194916ms)
✔ edits made during a daemon settings save remain unsaved (98.361625ms)
✔ successful import never submits the editor draft: DELETE FROM imported (72.3475ms)
✔ successful import never submits the editor draft: INSERT INTO audit VALUES (1) (7.371875ms)
✔ successful import never submits the editor draft: SELECT * FROM imported; DELETE FROM imported (4.907667ms)
✔ request-save retry adopts the successfully created collection before the failed second step (3.738167ms)
✔ Recovery Refresh retries failed active history from offset zero (6.65075ms)
✔ Recovery Refresh replaces stale first page and retains it on a later error (48.381125ms)
✔ environment save preserves newer typing and the next Save submits that draft (16.502375ms)
✔ environment save completion cannot replace a newly selected environment (13.737875ms)
✔ environment failed save retains its draft for retry (40.761875ms)
✔ environment Save in a former workspace cannot reseed the current draft (12.051667ms)
✔ successful import after a connection change never refreshes another connection metadata (3.672792ms)
✔ environment saved secret rename updates its stored marker while preserving newer unrelated edits (20.059375ms)
✔ environment saved secret rename updates its stored marker while preserving another secret rename (5.308459ms)
✔ request-save sheet does not continue its second mutation after changing workspace (1.816667ms)
✔ guarded import approval remains bound to its captured connection (3.800917ms)
✔ canceled import while typed confirmation waits cannot retry after late approval (6.505792ms)
✔ old import completion leaves a replacement table dialog open (3.354291ms)
✔ guarded import retry uses the submitted format/path/table despite pending form edits (3.318125ms)
✔ unmounting Save request while collection creation waits prevents the unsent request mutation (7.330583ms)
✔ environment A-B-A selection during save reconciles the clean value (6.738667ms)
✔ environment A-B-A selection during save reconciles the clean secret name (4.988958ms)
✔ Cancel synchronously invalidates Save request before Svelte destruction runs (7.381458ms)
✔ environment A-B-A return preserves actual new typing and reconciles saved secret marker (4.955458ms)
✔ database dialogs + page reach storage only through the guarded helpers (S16-304) (1.72375ms)
✔ scratch close cancel retains the exact tab; discard resolves its stable id (59.0645ms)
✔ automation cancel and failed save retain steps; successful save or discard permits leave (12.609833ms)
✔ automation edits arriving during save keep the editor open (27.422792ms)
✔ tail failures retain the buffer and cursors, clear new count and recover on empty success (37.10225ms)
✔ canceled automation navigation keeps the selected editor and request tab (3.826708ms)
✔ a late tail response cannot revive another topic buffer or failure state (5.792333ms)
✔ schema history fetches two selected bodies, caches revisits and aborts superseded detail (8.249958ms)
(node:48994) ExperimentalWarning: localStorage is not available because --localstorage-file was not provided.
(Use `node --trace-warnings ...` to show where the warning was created)
✔ runManagedStatement: switching connections before refusal never asks to approve B for a write to A (389.7215ms)
✔ runManagedStatement: accepted confirmation retries exactly the origin statement and scope (151.417625ms)
✔ runManagedStatement: declined typed confirmation never retries (215.6925ms)
✔ runManagedStatement: revoking access while confirmation waits prevents the retry (111.532416ms)
✔ runQuery: switching connections before refusal never asks to approve B for a write to A (161.965459ms)
✔ runQuery: accepted confirmation retries exactly the origin statement and scope (114.858917ms)
✔ runQuery: declined typed confirmation never retries (127.797375ms)
✔ runQuery: revoking access while confirmation waits prevents the retry (161.562792ms)
✔ runQuery: Stop during confirmation prevents a late accepted retry (154.3435ms)
✔ agent read-only refusal retains the original production guard after switching to development (128.604792ms)
✔ Stop keeps the query transport alive for native cancel, then aborts only that run (150.707ms)
✔ a failed cancellation still releases the old HTTP wait (216.68675ms)
✔ a stopped run's late query interrupted cannot alter or prompt for its replacement (78.189625ms)
✔ a stopped run's late write_blocked: production cannot alter or prompt for its replacement (164.026167ms)
✔ Stop during confirmation preserves a replacement run even before cancel responds (177.073167ms)
✔ a stalled cancel reaches its transport deadline and releases the original query (116.349542ms)
✔ Stop by captured ID clears a parked tab and ignores its late result (175.764875ms)
✔ Stop by captured ID clears a parked tab and ignores its late write_blocked: production (159.609041ms)
✔ Stop by captured ID clears a parked tab and ignores its late read_only: writes refused (128.455708ms)
✔ Stop without a retained tab revokes run ownership before delayed cancellation completes (172.057042ms)
✔ walkCanvas: reach order, composite keys ANDed, unconnected cards reported (2.137167ms)
✔ walkCanvas: an edge drawn back into scope flips LEFT/RIGHT (3.457083ms)
✔ toQuery leaves clauses on unjoined cards out of the SQL (0.694916ms)
✔ renameAlias / dropAlias keep every clause consistent (0.509417ms)
✔ FK suggestions: one per unjoined pair, composite keys kept together (0.20425ms)
✔ uniqueAlias sanitizes and suffixes for self-joins (0.114167ms)
✔ bars under the cap are untouched (0.417ms)
✔ 5,000 bars average into MAX_BARS buckets with range labels (2.240709ms)
✔ min-max decimation keeps spikes and stays near the target (0.536208ms)
✔ pie keeps the 11 largest slices plus Other (0.523625ms)
✔ clip ring: newest first, deduped, pinned entries survive the cap (0.956334ms)
✔ grid state: parked per tab, taken once, dropped on close (0.113709ms)
✔ editor history: memory tier outlives the editor, bounded, forgettable (3.52775ms)
✔ connection kinds map to their SQL dialect (0.385542ms)
✔ MySQL: a backslash-escaped quote does not end the string (3.725166ms)
✔ MySQL and ClickHouse: # starts a comment (0.638084ms)
✔ ClickHouse: a double quote is an identifier, not a string (0.372ms)
✔ code positions stay completable (1.164167ms)
✔ scope database: plain names, db: paths, Redis keyspaces (29.220458ms)
✔ big integer keys keep every digit and stay unquoted (4.815041ms)
✔ row mutations require direct, unique column provenance and a complete single FROM (100.726375ms)
✔ ClickHouse mutation builders reject nonunique keys while inserts remain available (24.07575ms)
✔ Postgres table and schema names fold only unquoted identifiers (10.242667ms)
✔ Postgres mutation builder quotes the resolved source table, not its unquoted spelling (30.929667ms)
✔ trailer lines split from the message (0.841333ms)
✔ ClickHouse native unknown table: title, server suggestion, code chip (0.430875ms)
✔ ClickHouse legacy native text with stack trace still reads cleanly (0.188583ms)
✔ ClickHouse HTTP unknown column with Maybe you meant list (0.10275ms)
✔ ClickHouse syntax error: near token, line/col caret, expected list (0.436667ms)
✔ ClickHouse memory, timeout, auth and readonly (0.155ms)
✔ ClickHouse mid-stream failure says rows had streamed (E7) (17.09725ms)
✔ ClickHouse network error drops the request URL (0.331042ms)
✔ MySQL unknown column: tagged and legacy shapes, daemon suggestions (0.289584ms)
✔ MySQL syntax, auth, network, pool, timeout (0.256875ms)
✔ Postgres unknown column: server HINT becomes a chip, POSITION a caret (0.272083ms)
✔ Postgres unique violation keeps DETAIL; auth headline (0.13925ms)
✔ Mongo command, write, unreachable — tagged and legacy (1.130666ms)
✔ mongosh script failure: exit code + last error line (0.103917ms)
✔ Redis wrong type, unknown command, auth (0.347375ms)
✔ unrecognised text falls back to its first line (0.120917ms)
✔ offset → line/col and out-of-range positions (0.072709ms)
✔ nearest + applySuggestion (0.224792ms)
✔ column kinds from engine type hints (0.929875ms)
✔ row-number column width depends on the row count only (0.079625ms)
✔ moveColumn reorders display positions (0.401833ms)
✔ header filter: contains, exact, comparisons, NULL (0.155042ms)
✔ search highlight splits a cell around every case-insensitive hit (0.118959ms)
✔ row scan text skips NULLs, lower-cases and clips (0.542041ms)
✔ scanFor builds once per rows array and is reused (0.338958ms)
✔ prebuild fills the search text in time-boxed slices, scanFor finishes the rest (1.731666ms)
✔ cancel stops a column prebuild; dropColScans frees all but the kept columns (0.89ms)
✔ dropScan frees the search text (0.201375ms)
✔ memoFilter / memoSort return the cached view for the same key (tab switch back) (0.676334ms)
✔ lines cover keys and values, including collapsed and past-chunk branches (1.420375ms)
✔ vertical flavor draws raw strings and ∅ (0.4115ms)
✔ LineIndex maps flat rows across records (empty records included) and caches lazily (0.178666ms)
✔ reveal opens every ancestor and grows the slices it sits past (4.456041ms)
✔ LineIndex.text: lower-cased, cached per record across searches, budget spills to a rolling cache (0.290416ms)
✔ short values match JSON.stringify exactly (compact and pretty) (1.05ms)
✔ long values render the same clipped cell text as a full stringify (3.173167ms)
✔ a preview never grows past max + 1 characters (5.225375ms)
✔ bounded work: a 50 KB document previews far faster than it serializes (29.038958ms)
✔ the default-size preview is cached per object (0.147125ms)
✔ Mongo editing rejects transformed identities and a later operation in a method chain (184.995417ms)
✔ Mongo editing keeps plain finds, scalar projections and sort/limit controls (47.386334ms)
✔ document edits preserve fields absent from a projected result (50.926041ms)
✔ lossy results clear stale edit targets; row pagination and ordinary marker text remain editable (143.418666ms)
✔ value lists split by line when multi-line, else by comma (0.755417ms)
✔ scope options come from database / schema / keyspace roots (0.128416ms)
✔ targets fan out per picked scope; no scope = the default database (0.136542ms)
✔ the confirm phrase is the connection name for one guarded connection, else RUN n (0.15275ms)
✔ summary omits zero counts (0.075583ms)
✔ cluster lines explain the decision (0.083042ms)
✔ a partial answer replaces only its runs and keeps the targets (0.795125ms)
✔ a full answer, another job or no previous job replaces everything (0.106833ms)
✔ storage keys are the database-store-era ones (107.943916ms)
✔ defaults: warm in the background, keep-alive on (5.331333ms)
✔ previously saved prefs are read back (4.824083ms)
✔ setters persist and notify keep-alive subscribers (9.001709ms)
✔ Settings → Appearance reads the prefs module, never the database store (0.713ms)
✔ a change made in another window is adopted here and fires keep-alive listeners once (S13-11) (4.302ms)
✔ identifiers: backticks for MySQL/ClickHouse, double quotes for Postgres, quote chars escaped (0.621084ms)
✔ string literals: quotes and backslashes escaped per dialect (0.106667ms)
✔ injection attempts stay inside one literal on every dialect (1.53225ms)
✔ values: numbers bare only when numeric; text columns always quoted (0.124833ms)
✔ LIKE helpers escape wildcards so user text matches literally (0.131375ms)
✔ IN lists: quoted items keep commas; every item escaped (0.423875ms)
✔ operators follow the column type (0.077ms)
✔ GROUP BY / aggregates / HAVING / ORDER BY / LIMIT — MySQL (1.186125ms)
✔ same model — PostgreSQL (double quotes, native NULLS LAST) (0.139875ms)
✔ same model — ClickHouse (uniqExact, native NULLS LAST) (0.137458ms)
✔ joins qualify every column; multi-column ON; aliases only when they differ (0.122542ms)
✔ incomplete rows are skipped, never emitted half-typed (0.0745ms)
✔ booleans: IS TRUE on MySQL/Postgres, = true on ClickHouse (0.073583ms)
✔ OFFSET without LIMIT: MySQL gets the max-limit idiom (0.073958ms)
✔ validate: loose columns under GROUP BY, with a one-click fix (0.261916ms)
✔ validate: duplicate output names, SUM of text, OFFSET without ORDER BY (0.068584ms)
✔ round trip: build → parse → build is stable on every dialect (0.530709ms)
✔ round trip: contains / starts-with / IN / BETWEEN / NULL come back as builder operators (0.175042ms)
✔ parse: hand-written SQL the builder can hold (0.128375ms)
✔ parse: what the builder cannot hold is refused with a reason (0.190209ms)
✔ list index deletion is refused without an executable mutation: LRANGE k 0 -1 (0.812542ms)
✔ list index deletion is refused without an executable mutation: LRANGE k 40 42 (0.117958ms)
✔ list index deletion is refused without an executable mutation: LRANGE k 4 4 (0.070833ms)
✔ refusing list deletion retains safe edits at the actual LRANGE offset (0.307ms)
✔ the grid delete flow cannot open or execute a Redis list mutation (124.759875ms)
✔ SREM: a member with a line break is skipped, never split into a second command (1.793125ms)
✔ HDEL (flat HGETALL) and ZREM (WITHSCORES) refuse line-broken names (0.191167ms)
✔ Insert from JSON: a line-broken field or value refuses the whole document (0.215167ms)
✔ a rename that re-emits a line-broken value from the data is refused as a whole (0.179875ms)
(node:49053) ExperimentalWarning: localStorage is not available because --localstorage-file was not provided.
(Use `node --trace-warnings ...` to show where the warning was created)
✔ restore: active connection first, the rest warm 3 at a time without stealing focus (319.261375ms)
✔ restore: a close during the warm-up writes no snapshot (143.596209ms)
✔ restore: "connect on click only" leaves the other tabs idle (100.389208ms)
✔ a tab keeps its uid and its run start time across a reload (115.304459ms)
✔ a daemon restart marks open connections stale and re-warms them (116.760333ms)
(node:49054) ExperimentalWarning: localStorage is not available because --localstorage-file was not provided.
(Use `node --trace-warnings ...` to show where the warning was created)
✔ nothing is released while the total fits the budget (0.712875ms)
✔ least-recently-viewed results go first, just enough to fit (0.155708ms)
✔ pinned tabs and small results are never picked (0.086042ms)
✔ size estimate scales with rows, cell payload and batch sets (31.852458ms)
✔ a released stub keeps columns, drops rows and is recognised by identity (0.118375ms)
✔ identifiers, strings and booleans per engine (0.901416ms)
✔ quick-filter chips render per engine (S16-05) (0.474417ms)
✔ boolean chips match boolean cells by value (S16-06) (0.100833ms)
✔ string variables keep backslashes on Postgres (S16-07) (0.089917ms)
✔ Postgres splitter: dollar quotes, # operator, standard strings (S16-14) (0.493375ms)
✔ widgets: obvious writes are flagged at save time (S16-08 UI hint) (0.521792ms)
✔ schema-tree table refs are quoted per engine (S16-301) (0.146875ms)
✔ ClickHouse identifiers escape backslashes like the daemon (S16-305) (0.067ms)
✔ no local identifier/literal quoters outside sql-dialect.ts (S16-305) (17.964459ms)
✔ export refuses statements that are obvious writes (S16-303) (0.197375ms)
✔ analyzeStatement matches countStatements + extractVars on fixtures (10.401167ms)
✔ analyzeStatement matches on a 200-INSERT paste (the lag report) (2.062417ms)
✔ analyzeStatement matches on randomized buffers (differential) (289.900708ms)
✔ stmtPreview bounds list rows and tooltips (0.304208ms)
✔ MySQL: string defaults are re-emitted as literals on rename (0.825208ms)
✔ MySQL: an empty-string default is kept, not dropped (0.1315ms)
✔ MySQL: expression, timestamp and numeric defaults (0.181209ms)
✔ MySQL: collation and comment are restated; untouched columns emit nothing (0.141709ms)
✔ Postgres and ClickHouse defaults are already expressions (0.314792ms)
✔ defaults: Mongo auto-verticals past 10 columns, SQL never (1.951666ms)
✔ stored per-engine prefs merge over the defaults and clamp (0.24175ms)
✔ the new key wins over a leftover legacy value (0.127ms)
✔ legacy custom threshold: an explicit choice carries to every engine (0.121875ms)
✔ legacy "never" stays never everywhere (0.17175ms)
✔ legacy value equal to the old default takes the new defaults (0.080917ms)
✔ garbage never throws (0.086ms)
✔ LazyMount hands LoadState `empty`, or the skeleton / error never render (0.951833ms)
✔ LoadState announces loading and errors (0.389583ms)
✔ Skeleton is a labelled status region unless a parent owns the announcement (0.207209ms)
✔ Skeleton adds its loading text AFTER the status region mounts (S19-305) (0.086833ms)
✔ every overlay backdrop uses the scrim tokens, defined for each scheme (1.856333ms)
✔ Modal: only a press that began on the backdrop closes; dismissable gates every close path (0.11075ms)
✔ BottomNav "More" sheet is a real dialog (0.489042ms)
✔ motion: one global spin/pulse, and a reduced-motion alternative for .spinner (0.971166ms)
✔ chart palette is the scheme-aware --cat-* set and wraps (0.992417ms)
✔ status-* tokens are not used for text in shared components (1.399584ms)
✔ Modal names its dialog by the visible title and keeps aria-label for locators (0.162209ms)
✔ status words: working states pulse, terminal states say what happened (1.064166ms)
✔ an unknown turn from an event becomes a placeholder at the front (0.179ms)
✔ running → done merges ids, keeps a known session and asks for the full turn (0.073334ms)
✔ a late "running" never regresses a finished turn (0.054791ms)
✔ conflict carries the side version; failed carries the error (0.070375ms)
✔ mergeTurns: the server copy wins, local-only and locally finished turns survive (13.8395ms)
✔ verified citations open the reference; unverified ones are flagged and inert (0.267ms)
✔ no provenance → only what the turn itself cites (0.063167ms)
✔ quick actions map to modes; checks never edit, fixes do (0.194ms)
✔ "3 variants" is a variants run of 3 focused on the selection (0.116625ms)
✔ composer text → refine; n > 1 → variants (clamped to 4); generate intent kept (0.110834ms)
✔ Fix all: an accessibility review becomes an a11y turn quoting its findings (0.14975ms)
✔ variant branches parse; direction names read well (0.126792ms)
✔ variant cards: running, ready, failed, then accepted vs passed (0.209541ms)
✔ after a daemon restart (no live turns) cards come from versions + provenance (0.070834ms)
✔ a 👎 posts variant_rejected with the reason chip and direction (0.072166ms)
✔ thread: main turns and runs interleave by time; variant turns fold into their run (0.139625ms)
✔ candidate progress counts toward ≥ 3 signals across ≥ 2 designs (0.203083ms)
✔ salient terms: no stop words, longest first, unique (1.220833ms)
✔ ArtifactView approves the version shown in the confirmation despite live updates (79.657167ms)
✔ brand/BrandEditor approves the version shown in the confirmation despite live updates (9.929292ms)
✔ project renameProject keeps the confirmed project across route changes (4.224708ms)
✔ project archiveProject keeps the confirmed project across route changes (5.93725ms)
✔ Product sendToSwarm does not act after its confirmed story is replaced (8.352417ms)
✔ Product regenerate does not act after its confirmed story is replaced (36.595584ms)
✔ Product question posting does not follow a changed story after consent (19.300417ms)
✔ otto:// URIs parse every selector and reject malformed input (0.960625ms)
✔ links split into Uses / Used in and lineage orders provenance first with citations (0.33425ms)
✔ route parser maps every Design Hall path and falls back to the lobby (0.130834ms)
✔ there are exactly seven studios with unique ids and every format renders (0.096916ms)
✔ project stats, summary and filters (6.807333ms)
✔ epic tree groups implementing artifacts under their epic with per-studio counts (0.27525ms)
✔ signals read as one line from the bounded server payloads (0.172375ms)
✔ small helpers: titles, authors, brand colours and contrast (0.306958ms)
✔ a load that raced typing only flags a head that is really newer (S18-303) (0.071791ms)
✔ bursts collapse into one write of the final count (44.980125ms)
✔ an unchanged count is not re-sent; flush writes at once (132.704584ms)
✔ every blocking e2e gate spec exists (a rename must not empty the gate) (0.668625ms)
✔ gate lists respect the project split: desktop-* only at desktop width, none at phone width (0.215208ms)
✔ gateMatcher matches listed files exactly, not by prefix (1.000208ms)
✔ no gate spec self-skips on its gate project (project.name guards) (7.450541ms)
✔ the guard parser catches a foreign project literal and an excluding include-list (0.202ms)
✔ the gate runs on the real projects (playwright.config has no separate gate project) (0.316084ms)
✔ flaky-check --gate fails on skipped tests and on a pass count below the floor (0.176791ms)
✔ flaky-check names failed tests in the step summary (0.116209ms)
✔ the advisory red-count ratchet fails only when the count rises (0.338625ms)
✔ small docs emit synchronously on every edit (unchanged contract) (0.812041ms)
✔ a burst of edits on a large doc reads and emits the text once (0.3665ms)
✔ flush delivers the latest text now; a later timer is a no-op (0.211042ms)
✔ cancel drops a pending emit (doc switched under a stale binding) (0.934958ms)
✔ shrinking below the threshold emits synchronously and supersedes the pending one (0.145917ms)
✔ requestVarNames keeps varNames(requestTexts) order with body names supplied separately (0.266541ms)
✔ the parsers see the whole contract (sanity) (0.437792ms)
✔ type_name() agrees with the serde tag of every variant (0.283875ms)
✔ every Rust event is in OttoEvent and ws.md; OttoEvent has no stale tags (0.376875ms)
✔ ws.md documents no stale event tags (0.092458ms)
✔ each event's fields match its OttoEvent member (names + omitted-when-empty → optional) (0.921417ms)
✔ a token change reconnects /ws/events as a first connect for the new identity (106.774417ms)
✔ a plain first connect does not reset identity caches (33.508458ms)
✔ stop() detaches the socket so a quick restart never opens a second one (S13-08) (52.072458ms)
✔ a token change mid-handshake still reconnects (35.993875ms)
✔ a stopped client ignores auth changes (18.035167ms)
✔ a throwing event handler is reported once per type, a malformed frame is ignored (S13-06) (31.296875ms)
✔ events: a document that never opened the page loads no page store and fetches nothing for its events (302.923875ms)
✔ events: with the page open (its store announced), every peeked event reaches the store as before (192.056833ms)
✔ events: an allow-listed payload event still loads its store, so the page sees it on mount (48.80125ms)
✔ runWithOtto: a tick for a run the store holds nothing for, with no list loaded, fetches nothing (20.025125ms)
✔ countOccurrences: case-insensitive, non-overlapping, capped (110.908875ms)
✔ active providers: document order, hidden/detached/inactive skipped, nested dropped (16.498917ms)
✔ an inactive outer provider leaves the nested one active (5.041209ms)
✔ countOccurrences: a pre-lowered row is scanned as is (7.918583ms)
✔ findSkipped: data-find-skip subtrees and CodeMirror gutters / panels are neither counted nor painted (7.439792ms)
✔ releaseFindProviders tells every registered provider to drop its caches (7.056667ms)
✔ no owners → page find (111.452ms)
✔ focus-owned openFind beats any pane owner (44.573208ms)
✔ nothing focused → highest-ranked visible terminal (13.86025ms)
✔ a header button holding focus still routes to the pane (14.869667ms)
✔ only rank-0 (parked / hidden) owners → page find (10.097166ms)
✔ unregistered owner no longer takes ⌘F (15.880375ms)
✔ a text field / contenteditable outside the terminal keeps ⌘F on the page (23.290792ms)
✔ an xterm textarea is not "a text field elsewhere" (16.586708ms)
✔ an open modal keeps ⌘F on the page (14.274333ms)
✔ a hidden aria-modal dialog (the compact Drawer kept mounted) does not block the pane (15.082041ms)
✔ last click inside the pane (header, terminal) → the pane (6.217208ms)
✔ last click on content beside the pane (loop timeline) → page find (24.945291ms)
✔ the right panel never hands ⌘F to the terminal, even nested in the pane tree (7.408291ms)
✔ the click picks WHICH pane: a lower-ranked pane that was clicked beats an unclicked higher one (5.57575ms)
✔ a find-neutral relay (phone quick-action bar) keeps the last real interaction (9.07ms)
✔ ranking: a title match beats a keyword-only match (1.093541ms)
✔ ranking: no query lists by frecency, most used first, capped (0.536083ms)
✔ ranking: frecency lifts a used command over an equal fuzzy match (0.37275ms)
✔ frecency boost: bounded and decays with age (0.098625ms)
✔ frecency persistence survives garbage and blocked storage (0.265875ms)
✔ rows: a command-shaped query puts the command first, Ask Otto after (0.207917ms)
✔ rows: free text defaults to Ask Otto even when fuzzy hits exist (0.059458ms)
✔ rows: empty query shows commands only; hits trail with unique keys (0.085416ms)
✔ looksLikeCommand: word prefixes of the title only (0.066625ms)
✔ selection wraps and handles empty lists (0.096583ms)
✔ search hits map to module routes (0.062792ms)
✔ keys: arrows, Enter, ⌘↵, Esc (0.114792ms)
✔ keys: ⌃1–⌃4 switch spaces; ⌃5, ⌘1 and ⌃⇧1 do not (0.065583ms)
✔ keys: IME composition owns every key (0.037667ms)
✔ spaces: defaults are four named, empty, unpinned (0.086875ms)
✔ spaces: round-trip keeps name/workspace/model/thread, drops transient fields (0.2335ms)
✔ spaces: garbage, wrong shapes and out-of-range values normalize (0.11225ms)
✔ spaces: a turn left pending by a closed bar is marked not run (0.117833ms)
✔ threads: capped at MAX_THREAD and patched by id (0.094625ms)
✔ presence: auto docks off Home and while working, is full when open or on Home (0.058417ms)
✔ presence: overlays hide it; prefs pin, dock or turn it off (0.049125ms)
✔ geometry: panel budget clamps to the window top and the 560px cap (2.206167ms)
✔ ranking: "git" puts Go to Git above Open Git panel (whole-word Navigate hit) (0.168875ms)
✔ an existing folder passes with the daemon-normalised path — one stat, no listing (S14-306) (1.337792ms)
✔ a file blocks with an inline reason (0.167458ms)
✔ a missing folder blocks (stat 404, confirmed by browse) (0.176875ms)
✔ a daemon without /fs/stat (route 404) falls back to browse (0.091875ms)
✔ busy / forbidden / network failures do not block (the create reports real failures) (0.124291ms)
✔ statPath / browsePath encode the path (0.753042ms)
✔ New Session and the first-run coach pre-check the folder (0.924042ms)
✔ keyboard navigation reaches all entries independently of rendered window (60.516917ms)
✔ selection action respects files and git-only eligibility (11.099458ms)
✔ Back and Forward preserve history until a different folder is opened (0.811666ms)
✔ each breadcrumb targets its exact ancestor including spaces, Unicode, and root (0.133167ms)
✔ shortcut persistence tolerates corrupt data and bounds unique recent folders (0.2355ms)
✔ open tabs fetch immediately, selected first, with at most two requests (128.486333ms)
✔ manual fetch joins background request and always invalidates unchanged refs (59.366ms)
✔ hidden or unfocused windows defer fetches; closed tabs never start queued work (26.151583ms)
✔ failure backs off despite focus events; manual retry surfaces errors and clears backoff on success (44.853ms)
✔ restart during an in-flight round does not overlap or revive the stopped timer (42.077875ms)
✔ manual requests share the global two-request limit (24.791333ms)
✔ a failed tab bootstrap can retry when the Git page opens later (46.396ms)
✔ background fetch queued behind manual work rechecks close, stop, hidden and pause before starting (91.778833ms)
✔ manual caller promotes a queued background fetch and retains its request after tab closure (36.358ms)
✔ background tabs unused for 15 minutes stop fetching; the selected tab and a reactivated tab continue (60.794708ms)
✔ new commits on top splice onto the immutable tail (0.418959ms)
✔ page last sha unknown → full reload (0.066209ms)
✔ a commit above the boundary vanished (deleted branch) → full reload (0.046834ms)
✔ a page commit already in the old tail (reorder) → full reload (0.047917ms)
✔ nothing to splice when the page covers everything held (0.045833ms)
✔ rewinding a same-name ref outside the fresh prefix invalidates the retained tail (69.910959ms)
✔ a moved tip displaced from the fresh page also invalidates a spliced tail (28.702ms)
✔ small lists render whole (find-in-page keeps working) (0.720708ms)
✔ a 20k-row list mounts only the viewport plus overscan, spacers cover the rest (0.133583ms)
✔ the list starting below the fold (negative rel) still renders its head (0.055375ms)
✔ scrolled past the end clamps to the tail and never inverts (0.05075ms)
✔ events union until a refresh takes them (0.717041ms)
✔ an event without paths makes the set unknown, and it stays unknown (0.079125ms)
✔ an empty list (remote refs moved) touches no file (0.056208ms)
✔ a burst past the cap degrades to unknown (0.163958ms)
✔ touches: exact file, parent directory, unknown (0.065417ms)
✔ a change to a shown repo re-reads its local status at once (132.209792ms)
✔ a repo nobody shows is ignored (31.805292ms)
✔ a burst while a read is in flight costs exactly one more read (61.068834ms)
✔ a hidden window waits and reads once when visible again (18.296542ms)
✔ the open diff learns which paths a change touched, unioned across a coalesced burst (28.478791ms)
✔ a reopened operation with no unmerged files can continue (0.38325ms)
✔ SwrCache serves fresh, then stale, then drops past max age (0.714667ms)
✔ SwrCache is a bounded LRU (0.090458ms)
✔ invalidatePr drops the repo lists and only that PR (0.137625ms)
✔ a deleted-line comment renders under the deleted row only (0.767209ms)
✔ a new-side (or side-less) comment renders under the new row only (0.089292ms)
✔ outdated and line-less comments go to the file block (0.064625ms)
✔ lineAnchor: deleted → old side, everything else → new side (0.068583ms)
✔ out-of-order selectPrimary keeps the latest repo's status and PRs (144.113708ms)
✔ a stale PR list for a repo that is no longer primary is dropped (70.941208ms)
✔ workspace switch: the older repo list never overwrites the newer one (46.714ms)
✔ a failed loadRepos is not sticky: the next call retries (19.381166ms)
✔ a detect that resolves before the repo list keeps the detected primary (22.0375ms)
✔ a failed repo load surfaces an error and retries on demand (59.4375ms)
✔ a non-fast-forward 409 is a rejection the user can act on (0.357333ms)
✔ a refused lease is told apart from a plain rejection (0.067583ms)
✔ anything else — auth, network, other 409s — is not a push refusal (0.050875ms)
✔ force retry carries the source and destination captured before the initial push (39.910542ms)
✔ the budget is per section, not per folder (2k branches in 40 folders) (0.59525ms)
✔ collapsed folders cost their header only and hide nothing (0.395834ms)
✔ a small section mounts everything (0.06175ms)
✔ growing the budget reveals more rows (0.082333ms)
✔ inactive branches use their own upstream counts; current branch uses fresh status (0.740333ms)
✔ splitRemoteRef keeps the remote and the slash-bearing branch name (0.95675ms)
✔ deleting upstream/feature-x names and pushes to upstream, never origin (115.755708ms)
✔ discard sends the lines picked BEFORE the confirm and names the count (15.886791ms)
✔ a re-fetch while the discard confirm is open discards nothing (11.080959ms)
✔ a shift-click range picks changed lines only (S15-20) (53.336958ms)
✔ conflict edit round-trips CRLF and treats an empty editor as a deliberate empty block (0.1395ms)
✔ "Apply edit" makes the hand-edited text the resolution (34.966292ms)
✔ taking an EMPTY side records the choice (the checkbox no longer desyncs) (3.424916ms)
✔ Draft sends the selected Source as head and never re-points Source (6.329708ms)
✔ a draft landing after the sheet closed touches nothing (3.059167ms)
✔ Cancel mid-push is inert; mid-draft it asks before discarding (3.307833ms)
✔ confirming "Stop drafting and discard?" stops the drafting session (S20-305) (17.965541ms)
✔ posting a comment with an open edit sends nothing (9.386417ms)
✔ a retry is skipped when the earlier attempt already created the comment (0.217709ms)
✔ a comment declined mid "Post all" is skipped (5.511667ms)
✔ a commit draft landing after unmount opens no confirm and writes nothing (31.3585ms)
✔ bus polls keep refreshing after the timer budget is spent, toasting once (3.494ms)
✔ merge sends expected_head_sha and explains a moved head (3.486458ms)
✔ row keys never contain NUL (CSS.escape maps it to U+FFFD) (0.232041ms)
✔ PR diff view state carries across a reload for paths that still exist (0.184833ms)
✔ a lazily fetched file never borrows another file’s hunks (79.409083ms)
✔ ⌘] / Ctrl+N are left to the app; a bare ] moves to the next file (5.708834ms)
✔ a repo pick from another workspace is dropped when the repo list loads (5.661917ms)
✔ PR numbers parse from every forge URL shape (0.12575ms)
✔ markAction refuses binary and absent files, keeps marker-free text as-is (1.546667ms)
✔ "Mark file resolved" never writes an empty body over a binary or absent file (98.373542ms)
✔ a marker-free text file is marked by staging its bytes (side keep), not recomposed (5.744625ms)
✔ fileIsCrlf reads the whole file, so an empty-sided hunk inherits CRLF (0.12825ms)
✔ local + remote delete sends remote_name on the safe and the forced request (55.709541ms)
✔ the retry guard marks a found copy posted so it stops being postable (7.249291ms)
✔ a push that changed auth.rs drops its viewed mark, composer and expansions (0.236958ms)
✔ pinnedHead prefers the modal’s live read over the parent’s copy (0.0535ms)
✔ amendPublishedAt names where HEAD is published, upstream or not (0.075875ms)
✔ human verification preserves identity and evidence after reload (0.422834ms)
✔ changed criterion and malformed revisions do not display accepted evidence (0.0985ms)
✔ a guest survives more than 30 s of refusals and reconnects (a slow deploy) (0.975125ms)
✔ a guest stops after the retry window (a revoked link is not hammered forever) (0.119625ms)
✔ owners keep the fast ladder forever (0.05925ms)
✔ the share page re-arms the terminal when its access re-check succeeds (1.510125ms)
✔ 100 content-neutral mutations after a pass run no further pass (0.732542ms)
✔ a size change, a relabel or a restyle re-runs the pass (0.143333ms)
✔ width cache hits only while the element signature is unchanged (0.236542ms)
✔ style writer drops same-value writes (0.952291ms)
✔ frontmatter: flat keys, trailing comments and quotes stripped, body split off (0.836959ms)
✔ frontmatter: CRLF + BOM tolerated; no block → whole text is the body (0.753625ms)
✔ parseSection: shortcuts from the Keys column, group/route/id fallbacks (0.577542ms)
✔ extractShortcuts reads every table under the heading, ignores other tables (0.791ms)
✔ search ranks title over shortcut over summary over body (2.434625ms)
✔ key helpers normalise, detect and split chords (0.355958ms)
✔ orderSections: group order, Basics reading order, then sidebar order (0.267083ms)
✔ film manifest: missing/empty is handled, chapters validated and sorted (0.388875ms)
✔ History opens working without restarting its PTY (40.864541ms)
✔ History opens running without restarting its PTY (29.090083ms)
✔ History opens idle without restarting its PTY (6.243167ms)
✔ History never unconditionally restarts a stale inactive row whose PTY is now working (5.646375ms)
✔ History Open in Chat updates a warmed Terminal view preference (42.7335ms)
✔ History opens a stale live row through safe resume if its process has since exited (6.088375ms)
✔ History resume completion ignores a destroyed origin (10.998792ms)
✔ History resume completion ignores a new-route origin (9.988542ms)
✔ History resume completion ignores a workspace origin (4.839708ms)
✔ History resume completion ignores a scope origin (4.727084ms)
✔ History resume completion ignores a pending-route origin (4.382417ms)
✔ History resume completion ignores a hash-before-parse origin (46.845417ms)
✔ History import completion after departure does not start a session (5.64025ms)
✔ empty candidate page remains actionable and next request uses scanned cursor (41.040958ms)
✔ a changed filter discards an in-flight continuation and keeps the fresh cursor (50.676625ms)
✔ HomeBox loads every box kind lazily (1.549834ms)
✔ ResultsGrid loads its modal-only children on open (0.350334ms)
✔ CodeEditor keeps language packs and the LSP client out of its static graph (1.873375ms)
✔ service worker serves only hashed /assets/* cache-first and prunes old builds (0.349042ms)
✔ service worker never caches the proxy, plugin UIs or credentialed URLs (0.218625ms)
✔ Otto School (Classrooms) keeps three.js behind a dynamic import (2.293458ms)
✔ host pages load the Needs-you link lazily (it pulls the whole Today store) (1.406459ms)
✔ now() during an in-flight fetch coalesces into one rerun, not a new chain (3.806667ms)
✔ Home pending approvals cannot publish after workspace changes while its poll is busy (144.916458ms)
✔ Home stops displaying old scoped rows immediately on workspace switch (28.499208ms)
✔ user-started sessions count down on the 24-h manual grace, engine ones on 5 min (0.517667ms)
✔ durations read naturally at every scale (0.080291ms)
✔ settings override the grace; manual 0 = never suspended, so no hint (0.1295ms)
✔ unset or malformed settings fall back to the daemon defaults (0.360959ms)
✔ defaults mirror the daemon constants in manager.rs (1.030583ms)
✔ production scaling confirms the replica count actually submitted (138.954584ms)
✔ partial replay is a warning with retained evidence and an explicit duplicate-risk retry (8.958167ms)
✔ EC2 approval retains the account and region shown before an asynchronous route change (10.34275ms)
✔ Rds details distinguish the same resource name in different regions (11.689708ms)
✔ Eks details distinguish the same resource name in different regions (9.934583ms)
✔ SQS deletion stays bound to the approved queue and preserves a newly selected queue (20.470416ms)
✔ TableWindow renders small lists whole and windows big ones (147.61025ms)
✔ TableWindow measures the real row height and resets on a new listing (33.181417ms)
✔ podContainers mirrors the daemon (init first, live state + restarts) (33.502917ms)
✔ TableWindow.active gates windowing; a 5000-message peek mounts ≤ 150 rows (SC-08/SC-22) (15.019083ms)
✔ clipLongScalars cuts only >64 KiB strings and keeps untouched subtrees (SC-19) (20.22325ms)
✔ mergeS3Head refreshes the head and keeps the loaded pages (I9) (15.723875ms)
✔ rowAge ticks from created_at, falls back to age_seconds (perf R1) (22.59125ms)
✔ parses the title, headline and headline metrics of a daily summary (4.445417ms)
✔ parses action items: title, metric, current → target, effort, ids and status (1.139334ms)
✔ the Preview body drops the H1 and the parsed Action Plan (0.258791ms)
✔ tolerates format drift: "targets", tag words without ids, "--" separators, no bold (0.551125ms)
✔ falls back cleanly: no H1, no action plan, empty and garbage input (0.990667ms)
✔ metrics ignore action-plan numbers and bare $ rates (0.198958ms)
✔ firstSentence keeps decimals and abbreviations intact (0.095917ms)
✔ parseActionItem with no separators yields just a title (0.201083ms)
✔ parseIndex reads series + ledger and survives junk (0.201667ms)
✔ reportMetrics prefers the summary, then the index row (0.179125ms)
✔ delta tones follow whether up is good for the metric (0.093584ms)
✔ item status: ledger + summary words, regressed wins (0.480042ms)
✔ period keys and sibling artifact paths (0.158083ms)
✔ parseSummaryCached returns the same object for the same text (0.212959ms)
✔ onboarding steps are forms: Enter submits, Back/Skip/Browse are type=button (0.5865ms)
✔ password length counts code points (server: chars().count()) (0.08475ms)
✔ a dead daemon reads as "isn’t responding", not the browser’s raw error (0.054458ms)
✔ a failed optional workspace still finishes setup and toasts the error (0.083291ms)
✔ a reload after the root exists resumes the wizard (tab-scoped step) (0.189125ms)
✔ palette handlers ignore IME composition keys (1.14775ms)
✔ History ⌘K resume is registered only when the button would allow it (0.325ms)
✔ agent-channel UI copy never shows the internal "room" noun (S20-302) (2.089125ms)
✔ an exec session resolved after unmount is deleted, not adopted (43.068375ms)
✔ a mounted view adopts the session (6.317917ms)
✔ autoExec is one-shot: openRow clears it unless the call asks for a shell (0.723875ms)
✔ autoExec is consumed once the Terminal acts on it (S16-306) (0.4485ms)
✔ a live refresh re-reads every paged-in row (0.405209ms)
✔ a live refresh never aborts a Load more, nor truncates past the server cap (0.060833ms)
✔ user-driven loads and appends are one page (0.045292ms)
✔ the ring appends in place and keeps the newest `cap` lines (0.694792ms)
✔ a chunk bigger than the cap keeps only its tail (6.93325ms)
✔ the filtered view drops exactly the matches the ring trimmed (0.136708ms)
✔ pending buffer stays capped while the window is hidden (S16-12) (16.050625ms)
✔ a 5k-workload table renders only the rows near the viewport (0.532958ms)
✔ scrolling deep keeps the total height and a bounded slice (0.072292ms)
✔ the expanded detail row shifts every later row by its height (0.08175ms)
✔ the table starting below the fold and empty tables are safe (0.359417ms)
✔ the first cycle ticks at once; a burst inside the gap becomes ONE tick (0.866875ms)
✔ no ticks while hidden; one on return carrying every cluster that cycled (0.155334ms)
✔ a tick that comes due while hidden waits for visibility (0.088458ms)
✔ templates: variables, fill, RESET becomes JSON null (0.971ms)
✔ path rule mirrors the daemon (0.14525ms)
✔ workload kinds and default port (0.453625ms)
✔ a small list polls every 10 s however slow the load was (0.426292ms)
✔ a big list waits max(30 s, 3 × the last load) (0.084125ms)
✔ the validator prefers the ETag header, else quotes the body version (0.070125ms)
✔ fleet row keys are cluster/ns/workload (+ pod in pod grouping) (0.06975ms)
✔ reuseByKey keeps unchanged objects and returns prev when nothing changed (0.548208ms)
✔ event keys are stable and made unique (0.1115ms)
✔ a conditional GET sends If-None-Match and a 304 resolves notModified (no body read) (167.438959ms)
✔ a conditional GET without a validator is a plain read that returns the body + ETag (40.521292ms)
✔ a conditional GET still throws on an error status (58.844834ms)
✔ per-cluster view state round-trips and repairs malformed fields (0.84925ms)
✔ route grammar: workspace monitor, legacy monitor, fleet and resources (0.237042ms)
✔ keys count only inside the workspace, or with focus on nothing (1.347459ms)
✔ the opt-out covers the letters but not Enter / Escape (0.271125ms)
✔ the shortcut sheet and the Help guide have the same groups, in order (2.119666ms)
✔ every group lists the same chords and actions in both places (0.22ms)
✔ page-scoped chords that exist in code are on the sheet (0.094834ms)
✔ CodeMirror keeps ⌘D / ⌘[ / ⌘] / ⌘U / ⌘I (0.527792ms)
✔ global chords still work inside CodeMirror (0.66025ms)
✔ ⌘U never fires from a plain text field; ⌘D still splits there (0.0685ms)
✔ nothing focused / page body → the global map handles everything (0.054458ms)
✔ ⌃ never stands in for ⌘ on a Mac — ⌃K/⌃T/⌃W are text editing there (0.07375ms)
✔ isMacPlatform recognises Mac / iOS clients only (0.128834ms)
✔ a draft without a source revision becomes dirty after typing (107.060084ms)
✔ explicit Copy retries the clipboard for an unchanged persisted image (46.56075ms)
✔ keyboard Copy explicitly recopies unchanged content (12.767458ms)
✔ a dirty snip without a decoded image fails persistence without spinning (5.80575ms)
✔ close retains a draft after failed persistence and allows explicit discard (8.230667ms)
✔ close waits for the newest annotation while a previous upload is pending (6.727875ms)
✔ failed publishing preview remains unavailable until a successful retry (11.277875ms)
✔ artifact keep-mine never reloads over a draft when history lookup fails (7.566667ms)
✔ Brand keep-mine retries within one save and preserves edits on retry failure (20.615792ms)
✔ SourceSearch preserves existing results and retries the failed page context (11.379625ms)
✔ an older response that lands last is not current (0.487208ms)
✔ cancel invalidates the in-flight ticket (dispose / unmount) (0.30625ms)
✔ run() drops the superseded result and keeps the latest (1.056042ms)
✔ run() swallows a superseded rejection but propagates the current one (0.620833ms)
✔ latestByKey keeps slots independent (0.189417ms)
✔ lazyModule: loads once, queues calls in order, then runs synchronously (4.652667ms)
✔ lazyModule: a failed import drops its calls and retries on the next use (4.78675ms)
✔ lazyModule: peek() sees a module that announced itself under the key, and never imports (0.412708ms)
✔ events: reconnect / restart / periodic events peek page stores instead of loading them (4.770292ms)
✔ events: only allow-listed events load a page store (`.use`) (1.346167ms)
✔ a meta listing carries its truncation flag (0.675625ms)
✔ a bare array (an older daemon) reads as complete (0.077625ms)
✔ the note names how many are shown (0.1085ms)
✔ runs once, then only on events (coalesced), with the safety net while connected (134.35575ms)
✔ socket down → catch-up run, then the fallback cadence; resync refetches (81.258042ms)
✔ socket coming up pushes a pending fallback tick out to the safety net (36.311625ms)
✔ match narrows events; stop unsubscribes and cancels timers (22.2825ms)
✔ a continuous stream still refreshes within maxWaitMs (22.320041ms)
✔ minIntervalMs caps event-driven refetches under churn (17.786875ms)
✔ numeric hidden cadence relaxes while connected (72.023209ms)
✔ no source → a plain poll at fallbackMs (16.87725ms)
✔ LiveRegistry isolates a throwing listener and reports its types (15.610917ms)
✔ maps auth / missing statuses to human causes (0.443875ms)
✔ keeps the daemon message for other statuses, falls back to the code (0.076875ms)
✔ an unreachable daemon (fetch TypeError) reads as such (0.051041ms)
✔ plain errors and junk never render empty (0.054125ms)
✔ the cap named by the engine error wins, else the counters decide (0.467917ms)
✔ a plain resume is offered only while budget remains (0.070333ms)
✔ the extend prefill is current + 50% and always above what is used (0.398042ms)
✔ delayed pause cannot insert an old loop into a new workspace (119.062875ms)
✔ delayed updateLimits cannot insert an old loop into a new workspace (47.691375ms)
✔ closing detail discards queued reruns and late iteration bodies (72.807208ms)
✔ opening B invalidates A immediately while B waits for the single-flight request (16.820208ms)
✔ late verifyCriterion does not reopen a closed detail (30.7215ms)
✔ late answerQuestion does not reopen a closed detail (12.982291ms)
✔ late retryExecutor does not reopen a closed detail (14.651791ms)
(node:49167) [DEP0205] DeprecationWarning: `module.register()` is deprecated. Use `module.registerHooks()` instead.
(Use `node --trace-deprecation ...` to show where the warning was created)
✔ renderMarkdownGfm parses the HTML once and focus-tags pre/table on that tree (10.791583ms)
✔ plain prose still takes a single parse (5.575584ms)
✔ Close Tab with no tab to close closes the pop-out window (117.087917ms)
✔ Close Tab that closed a session tab leaves the window alone (9.458375ms)
✔ closePopoutWindow never closes the main window or a pane (0.911875ms)
✔ a lone burst runs once after the quiet window (0.512208ms)
✔ a steady stream (every 200 ms) still refreshes at least every max-wait (0.223334ms)
✔ old Mission load cannot replace a newer workspace or its loading state (95.696875ms)
✔ late saved-view creation does not clear another workspace form or refresh it (10.478083ms)
✔ every kind names the module it opens in (no dead end) (76.773459ms)
✔ id-only kinds route straight to their row (8.112875ms)
✔ pr source keys split on the last colon and reject junk (4.221625ms)
✔ stop uses the owner cancel endpoint only for running, stoppable kinds (6.303375ms)
✔ every Rust WorkKind has a module, a label, an icon and a filter entry (84.843708ms)
✔ an Otto run opens in Run with Otto and stops through its own cancel (5.194583ms)
✔ Esc closes the top sheet (69.798ms)
✔ Esc already handled inside the sheet (CodeMirror popup) keeps the modal open (4.280083ms)
✔ a busy (non-dismissable) sheet ignores Esc (25.722042ms)
✔ the Tab trap counts contenteditable editors as focusable (0.342083ms)
✔ script motion is smooth by default and instant under reduced motion (0.434375ms)
✔ reducedMotion never throws without a usable matchMedia (0.226291ms)
✔ native embedded context requires Tauri and an injected host, never query flags (1.436041ms)
✔ native pane geometry rejects hidden or invalid rectangles and clips to viewport (0.298833ms)
✔ native presence excludes hidden pane even while WebKit reports visible and focused (0.176958ms)
✔ layout coalesces during IPC and final hide cannot be overtaken by stale geometry (0.45125ms)
✔ layout continues with newest state after rejected native IPC (0.135583ms)
✔ detached surfaces remain addressable when the host split is narrow (0.125875ms)
✔ native layout scales CSS geometry by page zoom in window logical points (0.102209ms)
✔ overlay focus restoration is cancelled when detach or a new overlay wins the race (0.809708ms)
✔ native menus honor primary window focus after macOS window cycling leaves a stale side flag (4.977084ms)
✔ the shared inbox link says how many things need you (S20-07) (0.425833ms)
✔ every narrower needs-you surface links to the one canonical inbox (0.966541ms)
✔ the agent-to-agent transport is never labelled "Rooms" (the sidebar module owns that noun) (1.017917ms)
✔ mixed batch keeps recovery open and retries only the failed submitted configuration (67.246833ms)
✔ all-success batch opens each session once and closes (27.559708ms)
✔ all-failed batch stays open and can complete on retry (21.462375ms)
✔ workspace-bound failed member waits for its original workspace before retry (17.390291ms)
✔ automation notice routes resolve to the item to open (0.755292ms)
✔ a re-fired notice (same id, refreshed by the daemon) replaces the read copy (142.79525ms)
✔ an identical re-delivery is ignored (29.58725ms)
✔ a new notice is prepended (72.733833ms)
✔ awaiting-input banners only for a session you are not watching (A2) (116.0355ms)
✔ canceling a workspace switch prevents a notification from navigating in the old workspace (25.5645ms)
✔ a notice for another workspace's session switches there and opens it (40.165958ms)
✔ a notice for an archived session offers Unarchive and open (40.0235ms)
✔ a deleted session says so instead of failing silently (62.412875ms)
✔ load() keeps notices ingested while the GET was in flight and queues one trailing reload (27.635125ms)
✔ ensureLoaded() joins the in-flight first load instead of fetching twice (boot perf) (11.535167ms)
✔ identity change: a load answered for the previous identity is dropped, then re-run (S13-02) (24.169083ms)
✔ a failed load with ingested rows settles, keeps the rows and reports the error (29.227708ms)
✔ the bell spins only until a load settles and shows rows + inline Retry on a failed refresh (1.22025ms)
✔ OKF verifier mapping and list derive the same advisory trust tier (0.670125ms)
✔ staleness uses an absolute inclusive deadline and verification is independent (0.120791ms)
✔ legacy and absent metadata remain readable, unknown types are accepted (0.10925ms)
✔ editing lifecycle fields preserves nested provenance and body (4.625875ms)
✔ new concept template is v0.2, draft and unverified, with YAML-safe titles (2.189291ms)
✔ ⌥ composing an ASCII symbol (DE ⌥L = @, ⌥5 = [) counts (0.42975ms)
✔ US-layout ⌥ glyphs, letters, arrows and other chords do not (0.085292ms)
✔ the hint shows once, and only while Option is Meta (0.386708ms)
✔ one word of a multi-word title never addresses the session (116.1975ms)
✔ the whole title, the handle, @handle and handle: still address (35.508834ms)
✔ close by a single title word falls through instead of archiving (26.01675ms)
✔ close <whole name> of one idle session archives at once (28.639875ms)
✔ close all / several / a working one / "stop <name>" ask first (31.610541ms)
✔ a provider close never includes background workflow / review agents (S13-04) (10.002875ms)
✔ "delete <name>" resolves by name and asks before a permanent delete (15.701667ms)
✔ a "working" plain shell is not mid-turn: close <name> archives at once (25.401458ms)
✔ scheduled save retains fields typed during PATCH and saves again to the same task (138.42725ms)
✔ scheduled create adopts its new ID while preserving post-submit edits (71.345916ms)
✔ scheduled failed save retains all newer fields (24.250417ms)
✔ scheduled agents navigation uses the form leave decision (73.196208ms)
✔ scheduled workspace navigation uses the form leave decision (27.350583ms)
✔ scheduled clean navigation does not ask, late save cannot close replacement form (12.558208ms)
✔ goal agents navigation preserves criterion and budget drafts (21.300084ms)
✔ goal workspace navigation preserves criterion and budget drafts (4.260375ms)
✔ goal budget-only changes are a draft and clean navigation does not ask (7.23675ms)
✔ late goal launch cannot redirect a replacement workspace (5.974083ms)
✔ scheduled create completion cannot replace another workspace list (33.217667ms)
✔ scheduled A-B-A ignores old A success and finally (11.2105ms)
✔ scheduled A-B-A ignores old A failure and finally (7.642125ms)
✔ scheduled reversed same-workspace load cannot replace the latest success (7.34975ms)
✔ goal create after A-B cannot reload a departed context (111.165ms)
✔ goal create after A-B-A cannot reload a departed context (9.642125ms)
✔ goal A-B-A ignores old list success and finally (12.975958ms)
✔ goal A-B-A ignores old list failure and finally (37.03675ms)
✔ goal reversed same-workspace lists preserve the newer result (10.429958ms)
✔ goal workspace Keep retains A; Discard closes the persistent parent and never resurrects A (5.814458ms)
✔ goal clean workspace leave settles the parent without prompting (12.164792ms)
✔ goal local Cancel calls the real parent once (5.361833ms)
✔ goal discarded pending launch uses actual store without replacing B or redirecting its parent (81.806333ms)
✔ pending workflow save cannot retarget Run to B (71.453541ms)
✔ pending workflow save cannot retarget Run to null (20.508625ms)
✔ Run admission covers validation and releases after validation failure (36.045458ms)
✔ late Run response cannot install under a different workflow (30.359709ms)
✔ late version read cannot replace current drawer or its loading state (23.00175ms)
✔ Restore captures version identity before discard confirmation (26.897125ms)
✔ replacement import fetches global scope, confirms empty visible workspace, and fails closed (3.557209ms)
✔ extended budget survives Resume failure and retry skips repeat PATCH (5.326708ms)
✔ dirty work item selection retains draft and route until discard is accepted (8.88525ms)
✔ mounted tool catalogue batches 1000 decisions and releases refresh work (100.764875ms)
✔ Mission request refresh updates approvals without replacing active draft (37.976958ms)
✔ Mission approve refresh updates approvals without replacing active draft (4.835917ms)
✔ Mission deny refresh updates approvals without replacing active draft (7.475542ms)
✔ Mission refresh begun before Edit cannot overwrite later typing (3.87675ms)
✔ Mission refresh keeps the original edit baseline when server fields change (3.258416ms)
✔ Mission successful Save supersedes an older same-item read (12.9095ms)
✔ Mission Save preserves changes typed after submission and Cancel restores saved values (5.932666ms)
✔ Mission failed Save retains the draft and baseline (3.42625ms)
✔ Mission A-B-A reads retain the newest item visit and seed clean navigation (3.016625ms)
✔ open is first, unknown server actions are hidden (0.701208ms)
✔ the canvas hit's legacy 'Open in Canvas' label still opens (0.088666ms)
✔ a repo hit routes to its repo (0.052792ms)
✔ context names the kind, title, subtitle and id (0.075083ms)
✔ search error remains visible and a successful retry clears it (91.356584ms)
✔ superseded search cannot overwrite a newer result or raise its error (5.644458ms)
✔ paneTier maps widths onto full / compact / minimal / micro at the CSS breakpoints (1.1535ms)
✔ an unmeasured pane is full, never a flash of the minimal header (0.09275ms)
✔ tierAtMost orders the tiers widest → narrowest (0.066167ms)
✔ a stored Split preference reads as Chat; unknown values fall back to the default (0.062ms)
✔ the view toggle flips between the two remaining views (0.052583ms)
✔ cwdLabel shows the last folder of a path (0.153166ms)
✔ paneDetails keeps only the facts that exist, in a stable order (1.404ms)
✔ the transcript store migrates a stored Split to Chat once and drops the split fraction (175.885333ms)
✔ Home/End set the value's min/max (0.807584ms)
✔ Home/End set the value's min/max on an inverted (leading-edge) separator (0.072542ms)
✔ invert flips the arrows (and RTL mirrors them) (0.088208ms)
✔ an incremental answer prepends only new items and keeps the runs it did not carry (3.977ms)
✔ the merged ring is capped like the daemon ring (3.766583ms)
✔ only approval events for approvals the feed shows trigger a refresh (0.307959ms)
✔ a daemon restart (new epoch) resets the cursor and items instead of freezing the feed (0.138625ms)
✔ the daemon-side reset flag is honoured even without an epoch to compare (0.0855ms)
✔ failed schedule refresh preserves known cadence and exposes a recoverable error (154.915ms)
✔ stale schedule failure cannot finish or replace the newer loading state (41.337125ms)
✔ agent list detail fanout is bounded and obsolete queued work is skipped (67.353083ms)
✔ loadSchedules: A then B preserves independent agent results (181.42625ms)
✔ loadSchedules: B then A preserves independent agent results (41.004083ms)
✔ loadSchedules: newer same-agent result survives stale success (119.937583ms)
✔ loadSchedules: newer same-agent result survives stale failure (13.967458ms)
✔ loadRuns: A then B preserves independent agent results (27.124541ms)
✔ loadRuns: B then A preserves independent agent results (22.0975ms)
✔ loadRuns: newer same-agent result survives stale success (31.679541ms)
✔ loadRuns: newer same-agent result survives stale failure (19.831916ms)
✔ Proof filter replacement ignores old success and its loading completion (12.507167ms)
✔ Proof filter replacement ignores old failure and its loading completion (10.181791ms)
✔ Proof workspace A-B-A rejects the first A response and retains final cursor (9.814625ms)
✔ Proof old load-more success cannot publish across filter change (7.503959ms)
✔ Proof old load-more failure cannot publish across filter change (7.817541ms)
✔ Proof close invalidates pending detail success (10.747083ms)
✔ Proof close invalidates pending detail failure (6.73275ms)
✔ Proof detail completion cannot clear an active list spinner (11.010042ms)
✔ Insights queued latest model drains after schedule success (6.279958ms)
✔ Insights queued latest model drains after schedule failure (8.81575ms)
✔ Insights failed queued model stays retryable after successful schedule save (2.807459ms)
✔ Insights provider reset cancels an older debounced model from the prior provider (2.120333ms)
✔ Insights rejected provider preserves its model when rejection is before debounce (1.975834ms)
✔ Insights rejected provider preserves its model when rejection is after debounce (1.935ms)
✔ Insights Retry debounce state compiles without a nonreactive update warning (218.164125ms)
✔ PAT mint keeps the uncopied secret through repeated submit and clipboard failure until Done (3.405958ms)
✔ AccountPicker exposes pending lookup and an in-place retry without losing drafts or explicit account (4.844292ms)
✔ AccountPicker provider change and unmount reject obsolete lookup publication (8.81675ms)
✔ personal agent list A-B-A keeps newer rows after stale success (56.601333ms)
✔ personal agent list A-B-A keeps newer rows after stale failure (27.025916ms)
✔ personal agent old completion does not clear a newer loading state (16.922292ms)
✔ template retry preserves the first created agent and schedule request key (47.295083ms)
✔ Athena history keeps its response region and rejects a late foreign history (58.698167ms)
✔ 100 visited Assistant threads retain only acquired data and reconnect refreshes one view (121.595084ms)
✔ late Assistant fetch and live events cannot revive released history or remove pending sends (322.628125ms)
✔ AgentDocuments navigation keeps dirty drafts and blocks pending-save departure (1.567166ms)
✔ AgentAutonomy navigation keeps dirty drafts and blocks pending-save departure (1.239417ms)
✔ in-flight guard: a due tick never overlaps a pending run (132.394208ms)
✔ failures back off x2 up to maxBackoff, success resets (52.498541ms)
✔ resolving false counts as a failure (16.028375ms)
✔ hidden: pause skips ticks with no timer, and runs once on return (40.609416ms)
✔ hidden: a numeric cadence keeps polling slower while hidden (11.62825ms)
✔ stop aborts the in-flight run and never reschedules (8.359875ms)
✔ an owner signal stops the poller; immediate:false waits one cadence (9.595416ms)
✔ jitter stays within ±fraction (55.441417ms)
✔ mapLimit caps concurrency and keeps order (41.637292ms)
✔ status backoff (Athena / Logs Insights): 1,1,2,2,3,5 then capped at 5 s (0.737208ms)
✔ status backoff: 15 s at every step while the window is hidden (0.083584ms)
✔ adaptive delay (Logs tail): 2 → 4 → 8 → 10 cap, reset to 2 on data (0.076166ms)
✔ adaptive cadence (Kafka tail): 3 → 6 → 12 → 15 cap, reset on new messages (0.090917ms)
✔ effectiveRefreshMs: all-regions mode is floored at 30 s, single region unchanged (0.065791ms)
✔ pollWhileVisible honours a `get ms()` getter fed by adaptiveCadence (46.264125ms)
✔ createLimiter(2) (AccountsOverview probe stagger): never more than 2 in flight, all run (31.082875ms)
✔ quiet cadence (Kafka Overview metrics): 4 s, then 8 → 10 s after 3 unchanged samples, snaps back on change (0.280084ms)
✔ at most 8 PRs stay cached, least recently used first out (127.478625ms)
✔ expired entries are swept when another PR is opened (15.967084ms)
✔ the byte budget evicts older PRs; loaded files are charged (116.620459ms)
✔ favorites first, then the visible order, mapped + deduped + capped (0.744583ms)
✔ modules the user cannot see (RBAC / hidden) are never warmed (0.076958ms)
✔ plugin routes and unknown ids are skipped (0.285791ms)
✔ only a local daemon on a non-phone without Save-Data prefetches (0.219ms)
✔ resource attribution includes reparented owned WebKit XPCs, excludes foreign coalitions/system WebKit and driver (175.136875ms)
✔ coalition cache reuses stable identities, invalidates reused PIDs, and never keeps an exited owner (30.473375ms)
✔ Chromium keeps descendant attribution without a macOS coalition lookup (9.019083ms)
✔ DiscoveryChat late load cannot replace the newly selected conversation (142.1855ms)
✔ DiscoveryChat late failed send preserves both conversations' drafts (11.571708ms)
✔ DiscoveryChat late successful send cannot append A messages to B (4.383834ms)
✔ RefineChat late load cannot replace the newly selected conversation (3.763ms)
✔ RefineChat late failed send preserves both conversations' drafts (5.100875ms)
✔ RefineChat late successful send cannot append A messages to B (10.992917ms)
✔ a new story always seeds the form (1.194541ms)
✔ a detail replacement keeps unsaved edits and refreshes untouched fields (0.298917ms)
✔ an unedited form follows the server (0.073708ms)
✔ after the user saves, the saved text stays in the form (0.055625ms)
✔ every Overview Jira write is confirmed before it is sent (1.271167ms)
✔ workspace-only loads never read the reactive story selection (242.666917ms)
✔ late draft mutation cannot replace a newly selected story (133.865375ms)
✔ late collection response and loading completion belong to their selection (44.555375ms)
✔ late workspace list response cannot replace the current workspace (67.826625ms)
✔ dirty Product story, tab and view transitions respect Keep editing (31.985083ms)
✔ A to B to A cannot revive a request from the earlier A lifetime (51.13525ms)
✔ S18-01: a Jira title/description write for A never patches B after a switch (20.885084ms)
✔ S18-03: captureSelection goes stale on A → B → A (a re-open is a new owner) (22.892833ms)
✔ import into 50 transcripts from the first page preserves ordinary cursor reachability (242.81975ms)
✔ import into 51 transcripts from the first page preserves ordinary cursor reachability (111.996625ms)
✔ import into 51 transcripts from an older page preserves ordinary cursor reachability (39.846833ms)
✔ import into 100 transcripts from the first page preserves ordinary cursor reachability (105.969041ms)
✔ import into 100 transcripts from an older page preserves ordinary cursor reachability (40.260417ms)
✔ a delayed pre-import page cannot replace the refreshed first page after POST (53.000958ms)
✔ leaving an off-page search reveal restores the ordinary boundary item and cursor (43.684333ms)
✔ real registry unregister stops Product search before its next cursor GET (82.180792ms)
✔ real registry unregister releases retained search rows even when the pending read rejects (113.072333ms)
✔ real asynchronous reveal honors close before expanding, painting or scrolling (71.17575ms)
✔ real asynchronous reveal honors no-results query before expanding, painting or scrolling (109.069667ms)
✔ real asynchronous reveal honors normal reveal before expanding, painting or scrolling (68.382416ms)
✔ opening collapsed transcript history transfers only a bounded thin first page (210.113583ms)
✔ expanding a thin transcript fetches its body through the actual Overview handler (127.00425ms)
✔ transcript cache enforces both byte and entry bounds and rehydrates evicted bodies (85.627666ms)
✔ summary pagination stays bounded and older collapsed search reveals the correct body (83.365834ms)
✔ failed body loading can retry without losing the selected summary (80.507542ms)
✔ late transcript body belongs to the original story lifetime (38.753166ms)
✔ an oversized body stays out of the cache and remains downloadable in full (111.671291ms)
✔ Proof list workspace change clears summaries before sidebar loads (159.358917ms)
✔ Proof detail cannot publish after its workspace changes (17.7385ms)
✔ Proof identity change invalidates pending summary reads in the same workspace (22.070083ms)
✔ readiness follows registry tool detection for built-in and custom providers (73.387166ms)
✔ context-dependent and legacy unchecked providers remain launchable without claiming readiness (14.900375ms)
✔ late story destinations cannot replace the newly selected account (77.595333ms)
✔ late rfc destinations cannot replace the newly selected account (6.993292ms)
✔ destination retry preserves the typed RFC title and parent (25.326875ms)
✔ story submit binds the exact reviewed body and metadata despite later detail updates (76.607417ms)
✔ rfc submit binds the exact reviewed body and metadata despite later detail updates (8.333375ms)
✔ a preview without a content version binds null identity and the exact empty-body digest (5.658625ms)
✔ publication conflict disables the stale preview until explicit review reload (7.282167ms)
✔ Recap unchanged completed archive polls metadata without retransferring its body (105.490084ms)
✔ Recap summary metadata alone updates without another body request (9.459917ms)
✔ Recap append beyond an older complete page updates metadata without rereading that page (39.433417ms)
✔ Recap partial newest page appends after a missed event, then resumes cheap unchanged checks (25.280791ms)
✔ Recap exact page boundary exposes the next cursor without appending 101 rows or moving the page (16.736334ms)
✔ Recap external draft replacement and removal remain observable after capture stops (8.577ms)
✔ Recap delayed old body cannot be acknowledged as a newer draft revision (8.562375ms)
✔ Recap explicit refresh still reads body and a closed panel ignores pending body completion (11.350417ms)
✔ Recap revision error retains content and recovery clears error without rereading unchanged body (68.572167ms)
✔ Recap revision failures back off the real visible poller and recovery restores cadence (67.214667ms)
✔ a burst of edits renders only the first (running) and the newest job (2.264375ms)
✔ jobs without isStale keep strict FIFO order (0.168709ms)
✔ a failing job or a throwing isStale never wedges the chain (0.278375ms)
✔ REST DTOs: otto-core structs and their types.ts mirrors agree (3.142292ms)
✔ membership waits for snapshot and fails closed after ten seconds of silence (15.99875ms)
✔ silence deadline resets per server frame rather than rounding to the heartbeat tick (1.247792ms)
✔ a stalled WebSocket handshake reaches disconnected and retries without waiting for open (0.347584ms)
✔ signal parser rejects oversized, malformed and unknown media envelopes (1.435708ms)
✔ ending room while screen permission is pending stops the late stream and publishes nothing (1.231291ms)
✔ presenter permission is required before opening a screen picker (0.158292ms)
✔ late microphone capture cannot reactivate after leaving audio (0.592ms)
✔ a host generation change invalidates a pending guest picker even if disconnect was missed (0.165583ms)
✔ server coordinator shutdown stops the host microphone and audio context (0.30625ms)
✔ moderation mute then lift cannot revive a picker opened before moderation (0.563916ms)
✔ recap accessor exposes only the host raw live microphone and withdraws muted audio (0.480125ms)
✔ 25 screen source replacements and 25 audio rejoins reuse negotiated sender slots (28.28275ms)
✔ removing a member during a pending video replacement cannot recreate its audio mix (1.44325ms)
✔ revoking a source during pending slot reuse clears the newly attached video track (2.182583ms)
✔ a retained receiver stream binds new source IDs without another ontrack event (23.811125ms)
✔ a binding-only publisher replacement triggers forwarding to another guest (9.28025ms)
✔ offer glare still accepts ICE for the current remote generation (12.49275ms)
✔ initial ignored-offer candidates are not replayed into a different accepted generation (2.629166ms)
✔ negotiation chooses the local description after a pending remote offer changes signaling state (0.380375ms)
✔ local preview demand never subscribes to the publisher through the server (0.183333ms)
✔ revocation stops capture that resolves after the permission picker (0.476292ms)
✔ failed source replacement preserves the existing capture (0.188292ms)
✔ revoked permission is rechecked at capture commit and concurrent pickers cannot leak (0.09675ms)
✔ four-presenter host star stays under aggregate video ceiling with one full pin per viewer (0.251209ms)
✔ grid budgets are shared per viewer and hidden sources stop encoding (0.098417ms)
✔ dimensions preserve aspect ratio, never upscale and invalid metadata disables transmission (0.074667ms)
✔ host mixes exclude the recipient, room-muted, departed and locally muted senders (1.540958ms)
✔ source geometry invalidates on resize but not intentional quality downscale (0.324792ms)
✔ encodes bounded mono16k PCM WAV with clamping and duration-preserving downsampling (0.588333ms)
✔ screen difference retains first/changed frames and skips small noise (0.081625ms)
✔ bounded upload queue drops overflow and invalidates queued work when consent epoch changes (0.512541ms)
✔ invites require an explicit secure host and exactly one fragment capability (1.727292ms)
✔ room sockets carry no query credential and use the room endpoint (0.088333ms)
✔ pin is local and a stopped source falls back to the terminal (0.058792ms)
✔ annotation positions account for letterboxing and reject the margins (0.0845ms)
✔ only recognized automatic terminal reports are passive input (0.191584ms)
✔ late annotation events cannot restore cleared or revoked marks (0.199167ms)
✔ closed Rooms view: an event bumps activity and fetches nothing (191.239208ms)
✔ open view appends the event message with no GET, deduped by id (47.857333ms)
✔ unmount evicts all but the selected room; a resync re-reads the tail (47.413083ms)
✔ go() without guards navigates (191.0625ms)
✔ a guard returning false keeps the route; true lets it through (45.364917ms)
✔ a link / typed hash is reverted when a guard declines (30.422125ms)
✔ back() asks the guards; unregistering removes the guard (18.426417ms)
✔ replace() is never guarded (21.338292ms)
✔ room invitation is captured only in memory and removed before route history is recorded (32.257625ms)
✔ openModule resumes a module where it was left; the active module goes home (14.984583ms)
✔ workspace leave decisions run guards without navigating or accepting same-route exemptions (81.131333ms)
✔ a newer route decision invalidates a pending workspace decision (44.183041ms)
✔ a share token survives a reload of the guest page (tab sessionStorage), never in the URL (76.451833ms)
✔ native Back then Forward moves the in-app pointer and keeps forward history (245.770083ms)
✔ a refused native Back is undone with history.go, not by overwriting the entry (21.01775ms)
✔ an approved native Back under a guard lands on the target (22.775875ms)
✔ a new link navigation after Back still truncates forward history (46.830417ms)
✔ ContextMenu key and ⇧F10 open the menu; nothing else does (0.408833ms)
✔ keyboard menu opens at the start edge, mirrored in RTL (0.697959ms)
✔ the menu chord works from a non-editable descendant, not from a field (0.456791ms)
✔ a run with every artifact links to proof, findings, loop and branch (S20-02) (1.000375ms)
✔ a run with nothing to inspect yields no links (0.074083ms)
✔ findings and branch need a repo to resolve (0.057625ms)
✔ the evidence routes resolve to THIS run’s review and branch (S20-301) (0.126208ms)
✔ without a review id there is no findings link (nothing specific to open) (0.05175ms)
✔ older same-query detection cannot overwrite a newer result (63.665625ms)
✔ completed launch in an unmounted workspace cannot reopen its detail (12.108959ms)
✔ old list response cannot replace a newer request in the same workspace (165.030375ms)
✔ launch completion does not switch the store back to a departed workspace (43.425ms)
✔ late refresh cannot undo a confirmed cancellation (40.394334ms)
✔ workspace change clears detail and rejects late event history (22.525834ms)
✔ checkpoint-only progress merges freshness without clearing loaded pages (65.015167ms)
✔ body cache rejects another version and evicts only bounded retained bodies (31.586208ms)
✔ out-of-order run snapshots do not roll back selected details or checkpoint generation (8.409166ms)
✔ checkpoint pages preserve a row already fetched at a newer revision (6.434417ms)
✔ unchanged nodes (same detail_version + status) keep their object and fields (57.110042ms)
✔ shared node bodies: one request per (run,node) across the step list and the inspector (40.828375ms)
✔ a shared read is aborted only when every consumer that joined it aborted (11.544709ms)
✔ a contiguous live node summary applies in place; anything else refetches (perf W5) (20.264875ms)
✔ shared completed node bodies obey a 16 MiB estimated byte budget (15.247666ms)
✔ oversized shared bodies reach every joined consumer but are not cached (33.456125ms)
✔ shared completed body eviction uses last access rather than insertion order (40.935709ms)
✔ network-path references are external, not relative (0.505209ms)
✔ relative, fragment and query hrefs stay internal (0.090958ms)
✔ http(s) is external; mailto allowed but not external (0.054791ms)
✔ script-ish schemes are refused, even obfuscated (0.065792ms)
✔ data: only as a non-SVG image (0.05325ms)
✔ version cache reuses immutable selected versions with bounded bytes and entries (0.504292ms)
✔ kick-out confirms with the session, the workspace and no-undo; mid-turn says so (0.57225ms)
✔ kick-out: confirmed → delete + walk-out together, then a toast (0.474291ms)
✔ kick-out: cancelled → nothing happens; failed delete → the kid walks back (0.14ms)
✔ no actions for a kid you can’t manage (0.124ms)
✔ detention archives (with the working hint) while the kid walks to the bench (0.101583ms)
✔ detention: a cancelled guard walks the kid back without an error (0.074083ms)
✔ release unarchives and says the kid is back (0.078959ms)
✔ actor disposal releases unique cloned skeletons and mixer bindings while preserving shared templates (5.590541ms)
✔ every workspace is a classroom door, the current one first (2.645625ms)
✔ status → pose: only real output is typing; an alive-but-quiet process sits idle (0.071125ms)
✔ each provider gets its own kid; unknown providers the custom kid (0.0545ms)
✔ seating is stable: a status change never moves a kid to another desk (0.216ms)
✔ a room hangs behind its corridor door: back wall on the corridor, door segment on its door (0.104042ms)
✔ engine sessions sit in the back row only while live; viewers cannot manage (0.171ms)
✔ archived sessions sit on the detention bench (newest first, max 3) (0.161625ms)
✔ complete membership keeps overflow sessions actionable while geometry stays capped (0.359ms)
✔ roomSummary reads like a door sign (0.169292ms)
✔ a full grid of desks, each with a chair, and one door each side of the wall (0.590625ms)
✔ no furniture footprint lands on a walkway (0.461958ms)
✔ lanePath only walks axis-aligned along lanes and aisles (0.204833ms)
✔ busy kids never leave their desks; idle kids do wander, and come back (42.522875ms)
✔ a wandering kid hurries back when its session wakes up (2.421ms)
✔ the headmaster checks on the kid that needs you first (1.744125ms)
✔ kick-out walks the kid out of the door; detention walks it to the bench (1.100541ms)
✔ restore puts a kicked kid back at its desk (the delete failed) (0.117666ms)
✔ reduced motion: nobody wanders, the headmaster stays at the board, kicks are instant (5.425666ms)
✔ every clip life asks for is in the asset contract (11.867917ms)
✔ an unanswered "needs you" frees the kid to wander after BORED_MS; a fresh one keeps the hand up (7.645834ms)
✔ hidden documents abort screen reads, suppress late feeds, and resume one nonoverlapping batch (7.738667ms)
✔ a poller created while hidden waits for reveal and still caps each batch at twelve (3.67ms)
✔ abort terminates pending worker and ignores late messages (192.614583ms)
✔ elapsed deadline terminates a script that never replies (48.600792ms)
✔ oversized input rejects before any worker message (25.4905ms)
✔ postMessage clone failure terminates and settles exactly once (20.651791ms)
✔ messageerror terminates and success cleans its worker (36.801833ms)
✔ already aborted script creates no worker (27.867916ms)
✔ pre-script keeps pm request/header and variable behavior (0.916917ms)
✔ console bursts stop retaining entries at the script output budget (1.299458ms)
✔ oversized log text is rejected before retention (0.281ms)
✔ post-script test bursts share bounded output collection (1.455375ms)
✔ post-script keeps passed and failed pm tests plus chaining (0.327292ms)
✔ write set records explicit same-value writes and unsets but not reads (0.47275ms)
✔ writes never overlap and the last one sends the latest state (4.591958ms)
✔ a failed write does not wedge the queue (1.830167ms)
✔ BACKGROUND_SOURCES mirrors the Rust BACKGROUND_SESSION_SOURCES exactly (0.992375ms)
✔ the inlined scratch id matches sessionScope (0.072ms)
✔ isForeground / isShownKind follow the daemon rule (0.115625ms)
✔ bucketSessions: one pass reproduces every sidebar list (6.452167ms)
✔ bucketSessions on 2,360 rows stays well under a frame (7.336792ms)
✔ shownListQuery always asks for the foreground rows + channel tickets (0.13175ms)
✔ idChunks splits at the daemon cap of 64 (0.301833ms)
✔ applyOrder puts unknown ids on top newest-first, then known in order, ignores dead ids (23.288666ms)
✔ reorder pulls from and reinserts at to; unknown ids unchanged (0.168667ms)
✔ applyOrder with an empty order equals recency sort (0.094084ms)
✔ applyTokenOrder: most tokens first, unused sessions keep recent order after (0.179ms)
✔ image upload cannot cross terminal ownership after switch (74.461292ms)
✔ image upload cannot cross terminal ownership after disconnect (26.768208ms)
✔ image upload cannot cross terminal ownership after readonly (88.057875ms)
✔ an image still owned by its connected writable terminal is pasted once (7.579166ms)
✔ in a workspace, scratch sessions the store holds for the sidebar are out of scope (0.689083ms)
✔ a scratch session opened as a tab here is on screen, so it is in scope (0.063458ms)
✔ with no workspace selected, scratch sessions are all there is (0.054167ms)
✔ applyStatusPatches: one pass, one new array, untouched rows keep identity (1.15025ms)
✔ applyStatusPatches: same array when nothing applies (0.080125ms)
✔ applyStatusPatches: a burst keeps only the newest stamp per id (Map semantics) (0.123083ms)
✔ staleStatusIds: drops unknown terminal ids, keeps loaded and live ones (0.087084ms)
✔ canDropExited: held by a tab, a pane or an in-flight fetch → stays (0.07925ms)
✔ token counts read compactly (0.462917ms)
✔ cost is an estimate with sensible floors (9.523542ms)
✔ the label puts tokens first and cost second; no usage → null (0.096333ms)
✔ run history is off unless a positive window is stored, floored like the daemon (0.376875ms)
✔ changing the window keeps every other stored retention field (0.4085ms)
✔ section ids are unique and labels are sentence case (0.599375ms)
✔ access gates: ungated for members, admin sections for settings admins, root-only groups (0.298291ms)
✔ filter matches label, keywords and group, ranking label prefixes first (1.7835ms)
✔ every section page titles itself from the registry (10.863625ms)
✔ sections backed by root-only handlers are gated on root, not settings:admin (0.310125ms)
✔ root-only handlers ↔ root-gated sections (S17-303) (0.390959ms)
✔ failed first listing retains attempted state until explicit retry (168.529417ms)
✔ transfer polling waits through finalizing and returns completed bytes (17.229292ms)
✔ pagination reaches the final omitted change and downloads retain complete source bytes (218.960542ms)
✔ identical 50k-line JSON produces no false changed lines or full-file render (82.134792ms)
✔ distant sparse changes retain equal interior lines within a fixed allocation budget (240.630042ms)
✔ distant substitutions inside 50k repeated lines preserve the unchanged common run (93.598917ms)
✔ bounded repeated-line traceback reconstructs both sources after insertions (42.460625ms)
✔ bounded repeated-line traceback reconstructs both sources after deletions (49.9875ms)
✔ bounded repeated-line traceback reconstructs both sources after reordering (47.800041ms)
✔ actual template render inputs are bounded for disjoint large sources (35.824625ms)
✔ actual template render inputs are bounded for empty-before large sources (17.432459ms)
✔ actual template render inputs are bounded for unlimited-context large sources (15.619584ms)
✔ every sidebar module routes to its own page chunk (1.229625ms)
✔ the shell imports no module page statically (0.606625ms)
✔ mermaid, sql-formatter and qrcode are never imported statically (241.869375ms)
✔ the shell chunk evaluates no page-owned store, handler file or the ui-commands catalog (perf F2) (14.778792ms)
✔ the entry chunk never carries the mock-API fixtures (perf F10) (11.065375ms)
✔ the right activity panel loads each tab on demand (perf G1) (2.976167ms)
✔ patchSessionIn keeps the array when the id is absent or the patch is a no-op (0.952292ms)
✔ rafCoalesce applies only the latest move per frame, and flush applies it now (0.172041ms)
✔ loadFrecency parses once per stored string and recordUsage never edits the shared map (0.186417ms)
✔ capNotices drops the oldest read notices first, unread only past the cap (167.697708ms)
✔ ingest keeps at most NOTICE_CAP notices (92.24075ms)
✔ plain chords split modifier glyphs into separate keys (1.16ms)
✔ a range stays one readable chip (0.092917ms)
✔ alternatives get a plain separator, not a "U / " key (0.070708ms)
✔ isEmbedSearch: only embed=1 marks the side pane document (0.60675ms)
✔ routeOf strips the hash prefix in every spelling (0.118084ms)
✔ paneKey groups routes by the sidebar entry that owns them (0.098625ms)
✔ paneKey matches the sidebar highlight (activeNavId) for every route shape (0.083084ms)
✔ clampShare keeps the split within 25–75% and both panes above the floor (0.083ms)
✔ fitsTwoPanes needs room for two minimum-width panes and the divider (0.045542ms)
✔ leading/side share convert both ways for both placements (0.085458ms)
✔ leadingFromPointer is logical: mirrored in RTL (0.045917ms)
✔ nudgeLeading: arrows step (visually), Home/End limits, Enter resets (0.07225ms)
✔ saved state: round-trips, clamps, and never restores a one-time route (0.520292ms)
✔ embedSrc: same page, embed flag, no window identity, the route in the hash (0.095666ms)
✔ embeddedKeyTarget: window verbs go to the host, pane verbs stay (0.075917ms)
✔ sideMenuTarget: only a focused pane takes the pane-scoped menu items (0.04875ms)
✔ readGuestMsg validates everything the host acts on (0.24375ms)
✔ readHostMsg validates what the pane acts on (0.085125ms)
✔ targetOrigin: the real origin, or * for an opaque one (0.041625ms)
✔ no favorites: no Favorites section, shipped section order (1.043667ms)
✔ favorites come first, in the saved order, and leave their own sections (0.770625ms)
✔ a section emptied by favorites disappears; a user order still applies inside Favorites (0.08475ms)
✔ favorites respect RBAC, features and plugins: an unavailable favorite is skipped (0.099458ms)
✔ favorites + hidden: hidden favorites vanish outside edit mode, stay listed while editing (0.151042ms)
✔ duplicate favorite ids render once (0.055708ms)
✔ section order: saved first, unknown / duplicate / favorites ignored, missing appended in default order (0.09525ms)
✔ moveAmong: swaps with the nearest present neighbour, null at the ends (0.114583ms)
✔ reorderAmong: drag lands before the target going up, after it going down (0.092542ms)
✔ insertFavorite: appends, inserts before a target, never duplicates (0.106875ms)
✔ site brand @latest resolves the same version as export (157.673792ms)
✔ site brand @approved resolves the same version as export (32.414708ms)
✔ site brand @v3 resolves the same version as export (18.436083ms)
✔ brand content beyond inline cap loads the exact resolved version (23.716916ms)
(node:49318) [DEP0205] DeprecationWarning: `module.register()` is deprecated. Use `module.registerHooks()` instead.
(Use `node --trace-deprecation ...` to show where the warning was created)
✔ site.css is byte-identical to the Rust crate copy (the export ships the same stylesheet) (4.485541ms)
✔ the catalog: ~25 section blocks across every family, all renderable (5.336042ms)
✔ the renderer escapes copy and sanitizes links and images (0.25325ms)
✔ hidden sections stay in the document but never reach the export (0.105125ms)
✔ 3D embeds show the artifact (poster, version, policy) or a stand-in card (0.154666ms)
✔ brand kits (otto-brand/1 and the legacy typography shape) become --brand-* tokens and theme slots (1.326208ms)
✔ tone and contrast follow the brand colours (0.148417ms)
✔ the validator gates structure, ids, blocks, enums and unsafe URLs (0.309333ms)
✔ six starter templates, all valid, readable ids, brand tokens only (1.736833ms)
✔ document ops never mutate their input and keep ids unique (1.989042ms)
✔ "From your library" copies carry provenance as a derived_from reference (0.626333ms)
✔ parseSite reads empty and legacy docs, and reports invalid ones (0.283334ms)
✔ audit flags low contrast, off-brand colours and missing text alternatives (0.342375ms)
✔ the co-design selection payload names the node and stays under the assist cap (0.357708ms)
✔ SD-17: ops path-copy — untouched pages, sections and blocks keep their identity (0.438708ms)
✔ S18-23: section classes built from doc fields cannot break out of the class attribute (0.245333ms)
✔ one group per name with variants in display order (no ×3 rows) (23.070167ms)
✔ sync states: unknown until bodies are read, then in sync or drifted (1.29625ms)
✔ bundled version drift marks the library copy drifted (1.235167ms)
✔ provider-only copies compare against the first provider (0.223375ms)
✔ filters: search, category, source, drifted-only; counts (0.441666ms)
✔ namesNeedingBodies lists only provider copies that have something to compare to (1.028958ms)
✔ normalizeBody ignores line endings and trailing whitespace only (0.173084ms)
✔ parseFrontmatter reads scalars, block scalars and lists (0.556417ms)
✔ a leaked block-scalar marker is not a description (0.306791ms)
✔ parseFrontmatter without frontmatter returns the whole text (9.786959ms)
✔ file deletion confirmation keeps the skill shown in the question (137.264792ms)
✔ save completing after selecting another skill cannot replace its body or files (9.175875ms)
✔ review stop confirmation never targets a newly selected review (33.458791ms)
✔ review fixer completion cannot replace a newly selected review (11.757458ms)
✔ skills-eval/SkillsEvalPage: a late workspace list cannot publish into the new workspace (4.691375ms)
✔ skills-lab/SkillReviewPanel: a late workspace list cannot publish into the new workspace (5.394583ms)
✔ library replacement and removal cannot switch targets while confirmation is open (19.884792ms)
✔ provider comparison cannot cache old text under a different selected skill (5.972834ms)
✔ unchanged save acknowledges only submitted text while newer typing stays dirty (4.855208ms)
✔ GoldenTasksView list completion keeps workspace ownership (2.744083ms)
✔ MatrixView list completion keeps workspace ownership (2.902083ms)
✔ matrix stop confirmation cannot cancel the next matrix (8.024708ms)
✔ creating golden task after workspace switch cannot close the new form or publish old task (3.1235ms)
✔ annosHash is stable for equal states and changes on any edit (upload skip key) (1.215083ms)
✔ an unchanged annotation list makes zero uploads (0.4665ms)
✔ only a state that differs from the last save uploads (0.109292ms)
✔ a real change is detected (geometry, text and order) (0.104666ms)
✔ MAX_PANES is the user decision (15, not 6) (1.004708ms)
✔ insertBeside: left/up put node in a, right/down in b, axis col vs row (0.612917ms)
✔ removeLeaf collapses the parent and keeps the sibling subtree key and frac (0.102958ms)
✔ swapLeaves swaps sessions, not keys (0.125541ms)
✔ moveLeaf same key / unknown target is identity (0.092208ms)
✔ moveLeaf removes then inserts (3 leaves stay 3, new position) (0.094ms)
✔ setFrac clamps to 0.1 and 0.9 (0.088583ms)
✔ fromLegacy n=1..4 shapes and fractions (0.111708ms)
✔ toLegacy(fromLegacy(x)) round-trips panes+axis for n=1,2 and panes for n=3,4 (0.145583ms)
✔ parseLayout: null → null tree; garbage → null (0.17925ms)
✔ parseLayout: v1 → fromLegacy (0.100417ms)
✔ parseLayout: v2 with a dead leaf drops it and collapses (0.569916ms)
✔ parseLayout: v2 with a missing focused → null focused (0.388875ms)
✔ parseLayout: leaves beyond MAX_PANES are trimmed (6.497ms)
✔ applyPreset cols/rows for n=2..15: every leaf share is 1/n and depth ≤ ⌈log₂ n⌉ (4.950208ms)
✔ applyPreset one-two-below / one-two-beside shapes (0.262333ms)
✔ applyPreset grid column count 2/3/4 at n=4/9/15 (0.288541ms)
✔ replaceSession maps every matching leaf, removes on null, dedupes a replaced leaf whose target already exists (0.326ms)
✔ retain returns the same object when nothing changes (0.171833ms)
✔ applyTileOrder: known first in order, unknown appended, dead ids skipped (0.1925ms)
✔ reorderIds pulls from and reinserts at to; unknown ids unchanged (0.098708ms)
✔ neighbour on a 2×2 rect map (right/left/down/up + null at the edge) and cross-axis overlap preference (0.509083ms)
✔ storyStage: product stages map to one label/tone; done is success, not accent (1.632125ms)
✔ sessionState: live states map to one label/tone (1.050375ms)
✔ sessionState: needs-you is amber and wins over live states only (0.323083ms)
✔ sessionState: resumable exits are suspended, never amber; plain exits end (0.206834ms)
✔ sessionState: non-zero exit code is failed; zero follows resumability (0.133875ms)
✔ sessionState: stale stops working/running claims from pulsing (0.1825ms)
✔ isResumable mirrors the sidebar rule (0.131917ms)
✔ runStatus normalises every module vocabulary (0.447125ms)
✔ runStatus keeps unknown words readable and neutral (0.21725ms)
✔ envTone: prod danger, staging warning, dev neutral (0.333125ms)
✔ suspendedNote says why and when a session went dormant (A4) (0.273834ms)
✔ restartSummaryText reports kept vs suspended sessions, or nothing (0.179125ms)
✔ token references parse and label (Brand Kit name grammar) (0.595875ms)
✔ resolveColor goes through the kit resolver and falls back instead of breaking the render (0.841292ms)
✔ resolveMaterial: explicit field > preset default > renderer default (0.267167ms)
✔ applyMaterialPreset clears what the preset owns and keeps colour/opacity (0.459375ms)
✔ web budget readout (0.104292ms)
✔ easing curves start at 0, end at 1 and keep their shape (0.137834ms)
✔ stateTiming defaults, clamps and honours reduced motion (0.079417ms)
✔ statePoses = base document + that state’s overrides (0.19425ms)
✔ lerpPose tweens transforms, colours, opacity and visibility (0.28325ms)
✔ one pass yields per-agent live/done/active and swarm totals (1.711375ms)
✔ no runs → empty stats (0.094583ms)
✔ initial application hooks need no runtime; an opt-in import connects the same hooks (138.891042ms)
✔ opt-out creates no clock, span, queue or export; disabling drops in-flight work (20.790083ms)
✔ queue is bounded, exports are batched and failures do not grow an offline backlog (39.5395ms)
✔ navigation and request spans share W3C context, and arbitrary fields never leave (13.739375ms)
✔ one flush at a time; consent revocation aborts delivery and invalidates old spans (16.414167ms)
✔ failed transport spans coexist with successful calls without invented HTTP status (10.693959ms)
✔ production HTTP wrapper omits a nonexistent response status on rejection (49.5305ms)
✔ configuration fetch retries a temporary failure and never reactivates after disposal (24.413667ms)
✔ hiding a view during paint discards render and navigation instead of recording timeout latency (7.646542ms)
✔ disposal during pending config cannot activate collection (4.007291ms)
✔ disposal during pending runtime cannot activate collection (3.963042ms)
✔ a newer disabled configuration wins over a pending runtime import (11.315916ms)
✔ actual HTTP producer conforms to the shared ingest contract without exporting route identities (106.296083ms)
✔ stale daemon identity with a reachable API cannot mutate, signal or delete a fixture (138.717ms)
✔ replacement during config retrieval cannot receive the disable mutation or lose its data (12.948167ms)
✔ one compact in flight per window; the focused pane goes first (0.849292ms)
✔ a repeated request while queued or in flight is one compact (0.079ms)
✔ panes that left the screen are dropped, not run (0.079584ms)
✔ a pane that declines at run time frees the slot at once (0.063834ms)
✔ a lost reply frees the slot after the timeout; cancel frees it at once (0.095125ms)
✔ pauses once above HIGH and resumes once below LOW (1.928292ms)
✔ normal output below HIGH never sends flow frames (0.175667ms)
✔ a slow drain re-sends pause as a keep-alive (server auto-resumes after 2 s) (0.087625ms)
✔ no pause is sent while the socket is closed; a new stream starts unpaused (0.1225ms)
✔ hasCursorOrErase: redraws yes, plain appended output no (0.134333ms)
✔ withInOrderReset prefixes RIS and keeps the snapshot bytes (0.08ms)
✔ WriteQueue slices ≤ WRITE_SLICE, keeps ≤ WRITE_INFLIGHT inside xterm, and loses nothing (53.030792ms)
✔ WriteQueue: xterm throwing un-counts the slice and keeps draining (0.547708ms)
✔ input over a big queue sends resync BEFORE the resume its drop triggers, and drops only the queue (0.564666ms)
✔ scrollback depths: 2k default for embeds, 4000 (the daemon depth) only where a primary pane asks for it (1.372375ms)
✔ credit: offer, grant, then no pause frames however big the backlog (0.6205ms)
✔ credit: binary snapshots are offered only on request (perf 01 N3: never to the room relay) (0.833041ms)
✔ resize-with-grid compact (perf 01 N6): a widened visible agent pane sends ONE grid-carrying scrollback (0.985083ms)
✔ credit: acks are cumulative, every CREDIT_ACK_STEP consumed, credited bytes only (0.594959ms)
✔ credit: a small granted window acks every window/4 (never waits on a remainder) (0.096625ms)
✔ credit: dropped bytes are acked (resync on input sends resync first) (0.125625ms)
✔ credit: a new socket reverts to pause mode and bytes from the old stream never ack (0.09ms)
✔ credit: client backlog is bounded by the window independent of send rate (577.303208ms)
✔ tui clean-up: one repaint after a burst goes quiet, not one per frame (0.242833ms)
✔ tui clean-up: a never-quiet spinner is cleaned ~1×/s (was 5×/s) (0.099041ms)
✔ hold: consumed bytes are not acked while held; release acks the total once (0.095208ms)
✔ hold: release with nothing consumed, or before a grant, sends no ack (0.033333ms)
✔ hold: a dropped queue while held is acked on release (the daemon owes one snapshot) (0.044709ms)
✔ RollingStats keeps the last N and reports nearest-rank percentiles (0.445209ms)
✔ KeyLatency splits one keystroke into wire, parse and paint (0.130167ms)
✔ KeyLatency ignores output with no keystroke pending, and reset drops a sample (0.062834ms)
✔ ProbeClock pairs acks with their probe and forgets stale ones (0.093708ms)
✔ HUD formatting (0.08125ms)
✔ park: take returns the parked value once and cancels its TTL (1.377792ms)
✔ park: LRU cap evicts (and disposes) the oldest parked engine (0.1775ms)
✔ park: TTL disposes an engine nobody came back for (0.087584ms)
✔ park: re-parking a session disposes the older engine; a stale close cannot evict the newer one (0.081708ms)
✔ park: bounds are the documented ones (0.985291ms)
✔ park → adopt keeps the credit stream: acks continue on the same tag through re-pointed sinks (0.81875ms)
✔ snapshotApplies: attach/resync rebuild; a held optional compact is skipped (0.081292ms)
✔ park: a byte budget evicts the oldest engines past it, keeping the newest (perf 01 N2) (0.24ms)
✔ park: the default budget holds ~5 worst-case (4000 × 200) engines, all PARK_CAP typical ones (0.187667ms)
✔ a new grid is sent and, in a TUI pane, compacted (0.77525ms)
✔ A→B→A: same final grid but a local reflow still asks for a snapshot (0.073834ms)
✔ nothing changed anywhere: no send, no snapshot (0.050292ms)
✔ a forced sync re-sends the same grid without a snapshot unless the buffer reflowed (0.05825ms)
✔ plain shells never compact (their scrollback reflows natively) (0.28525ms)
✔ a wider grid compacts (the widen-leaves-a-void case) (0.272542ms)
✔ a narrower grid, or a row change of at most 2, does not compact (0.089875ms)
✔ more than 2 rows either way compacts; an unknown previous grid compacts (0.0545ms)
✔ A→B→A still compacts with grids given (nothing sent, buffer reflowed) (0.067667ms)
✔ relative paths, source basenames and locations from actual CLI output (4.54325ms)
✔ quoted and markdown paths with spaces retain full destinations (0.473791ms)
✔ URL overlap, punctuation, task names, hosts and command schemes (0.157875ms)
✔ OSC8 dispatch permits only HTTP(S) and local file targets (0.168042ms)
✔ wrapped logical paths map inclusive ranges across terminal rows (1.314958ms)
✔ wide Unicode and surrogate pairs do not shift file ranges (4.867208ms)
✔ dot segments preserve filesystem symlink semantics until daemon canonicalization (1.018041ms)
✔ unquoted rooted path with spaces wins over a misleading relative suffix (0.150834ms)
✔ Codex parenthesized cyan hardwrap retains whole target on either row without linking indent (1.434083ms)
✔ Claude bold edge-filled relative path joins slash continuation from cursor-addressed next row (1.361708ms)
✔ hardwrap recognition does not combine separate files, styles, or unrelated prose (0.367167ms)
✔ rooted spaced paths stop at sentence punctuation and a subsequent explicit root (0.095084ms)
✔ mixed soft and hard wraps preserve the original absolute prefix on all three rows (1.094958ms)
✔ painted trailing spaces do not make an incomplete path edge-filled (0.512416ms)
✔ a divider in a last row that shrank from 3 tiles to 2 still moves (0.79825ms)
✔ a stored row SHORTER than the live one never leaks an old weight into a drag (0.13975ms)
✔ liveTracks returns copies (editing never mutates the stored weights) (0.126125ms)
✔ TiledView edits start from the rendered weights, not the raw stored arrays (0.279709ms)
✔ the persistent container is the polite live region (0.482375ms)
✔ only an error toast has its own live role; every toast reads atomically (0.085459ms)
✔ Native light: --accent-text >= 4.5:1 on surfaces and the accent tint (0.593916ms)
✔ Native light: --control-border >= 3:1 on --bg / --surface / --surface-2 (0.12225ms)
✔ Native dark: --accent-text >= 4.5:1 on surfaces and the accent tint (0.071125ms)
✔ Pro Dark: --accent-text >= 4.5:1 on surfaces and the accent tint (0.050333ms)
✔ Warm light: --accent-text >= 4.5:1 on surfaces and the accent tint (0.064125ms)
✔ Warm light: --control-border >= 3:1 on --bg / --surface / --surface-2 (0.040875ms)
✔ Warm dark: --accent-text >= 4.5:1 on surfaces and the accent tint (0.0405ms)
✔ Native light: every text token >= 4.5:1 on every ground and accent tint (0.430209ms)
✔ Native light: Rail count badges >= 4.5:1 (0.10175ms)
✔ Native dark: every text token >= 4.5:1 on every ground and accent tint (0.103458ms)
✔ Native dark: Rail count badges >= 4.5:1 (0.049667ms)
✔ Pro Dark: every text token >= 4.5:1 on every ground and accent tint (0.0745ms)
✔ Pro Dark: Rail count badges >= 4.5:1 (0.034333ms)
✔ Warm light: every text token >= 4.5:1 on every ground and accent tint (0.068541ms)
✔ Warm light: Rail count badges >= 4.5:1 (0.029208ms)
✔ Warm dark: every text token >= 4.5:1 on every ground and accent tint (0.05975ms)
✔ Warm dark: Rail count badges >= 4.5:1 (0.053209ms)
✔ Native light: semantic tones >= 4.5:1 on every ground and their own -soft tint (0.430125ms)
✔ Native light: Switch off/on parts >= 3:1 (WCAG 1.4.11) (0.103708ms)
✔ Native dark: semantic tones >= 4.5:1 on every ground and their own -soft tint (1.200417ms)
✔ Native dark: Switch off/on parts >= 3:1 (WCAG 1.4.11) (0.135375ms)
✔ Pro Dark: semantic tones >= 4.5:1 on every ground and their own -soft tint (0.50175ms)
✔ Pro Dark: Switch off/on parts >= 3:1 (WCAG 1.4.11) (0.062708ms)
✔ Warm light: semantic tones >= 4.5:1 on every ground and their own -soft tint (0.548875ms)
✔ Warm light: Switch off/on parts >= 3:1 (WCAG 1.4.11) (0.072792ms)
✔ Warm dark: semantic tones >= 4.5:1 on every ground and their own -soft tint (0.576625ms)
✔ Warm dark: Switch off/on parts >= 3:1 (WCAG 1.4.11) (0.08625ms)
✔ the global :focus-visible ring uses --accent-text (1.560792ms)
✔ effectiveResult: full result only while the block is still an elided preview (79.448334ms)
✔ fetchToolResult hits the tool route once per step and retries after a failure (12.76025ms)
✔ reconnect resyncs leased views only, never a cached closed session or workspace (124.1945ms)
✔ closing a pending GET prevents late touch and state publication (53.221167ms)
✔ two panes share one load and releasing one leaves the other live (20.419292ms)
✔ hidden document never resyncs or resumes a leased session (39.64525ms)
✔ resync storms bound reads to two and one trailing request per source (20.071167ms)
✔ inactive cache is bounded without deleting drafts or active older pages (38.82875ms)
✔ separate windows never release each other leases (43.607334ms)
✔ hidden pane release does not evict or abort its sibling lease on return (14.39575ms)
✔ identity reset revokes in-flight reads and clears bodies without deleting a draft (25.742417ms)
✔ existing unscoped draft is migrated once and survives the new storage namespace (83.397625ms)
✔ busy folds retry only while visible and never touch after the failed read (40.276041ms)
✔ closing a subagent read releases loading and ignores a late failure after reopening (16.769916ms)
✔ releasing a large reader does not traverse or serialize its retained body (26.699ms)
✔ parent Reload preserves accounting for retained child bodies (15.4015ms)
✔ subagent bodies are replaced whole (raw state), never mutated in place (14.05675ms)
✔ disjoint reconnect retains a reachable earlier cursor (old earlier=false) (23.85925ms)
✔ disjoint reconnect retains a reachable earlier cursor (old earlier=true) (28.951791ms)
✔ returning to live following releases paged history and keeps its recovery cursor (48.6285ms)
✔ live following bounds payload bytes as well as turn count (60.856458ms)
✔ collapsing 100 inspected subagents releases bodies while their parent stays mounted (15.31625ms)
✔ paging a 1200-turn child keeps its retained/render input window bounded (15.865292ms)
✔ collapse revokes a pending child read without affecting its mounted parent (15.338292ms)
✔ active child-body count is shared across parents and admission recovers after collapse (17.584167ms)
✔ two child consumers share a body and only final collapse releases it (12.54925ms)
✔ a permanently oversized child turn gives no impossible retry (12.326875ms)
✔ concurrent child expansion reserves capacity before fetching response bodies (18.364834ms)
✔ shared child byte budget credits replacement pages and preserves a refused destination for retry (13.010625ms)
✔ adaptive child page reduction keeps every older and newer turn reachable (43.663042ms)
✔ a late collapsed read cannot publish over or release its reopened child reservation (14.166833ms)
✔ keepalive and recovery stay passive after an explicit active-view touch (13.31775ms)
✔ alias: a network failure suspends it, retries the GET on 127.0.0.1, and a health probe re-enables it (140.662792ms)
✔ alias: suspend on socket loss, resume probes at once, re-arm clears the suspension (83.26125ms)
✔ a non-GET is never replayed on the other host after a network failure (46.82875ms)
✔ lanes: long paths, api.long and an ambient bg scope reach the alias; plain calls stay interactive (44.612792ms)
✔ bg cap holds ACROSS documents (Web Locks): 2 per document, 3 app-wide (135.949083ms)
✔ poll: the first run and a manual now() are interactive; cadence and event ticks are background (37.203292ms)
✔ createLimiter: a shared gate across independent callers, abortable while queued (13.146458ms)
✔ catalog: well-formed, unique names, known risks, headless only on reads (1.125708ms)
✔ every catalog command has exactly one handler, under its module (1.295583ms)
✔ every registered handler is in the catalog (0.215625ms)
✔ uiCommands/index.ts registers every handler module (eager import or lazy names) (1.751083ms)
✔ shell-side uiCommands stay light: no handler file or catalog JSON statically imported by index.ts (0.29325ms)
✔ frames: commands are normalised and validated (0.250708ms)
✔ frames: deadlines, labels, provider names, result cap (19.187208ms)
✔ reveal: scroll by the nearest edge, and leave a tall, partly visible target alone (0.10975ms)
✔ esc escapes every HTML-significant character (0.487458ms)
✔ token cells lead with tokens and end with the cost (9.8995ms)
✔ the report is one self-contained, escaped HTML document (0.942334ms)
✔ empty tables say so, and own-scope reports are labelled (2.501208ms)
✔ failed report refresh cannot export a previous window as the current report (141.068875ms)
✔ a report awaiting replacement cannot export the prior session scope (60.680792ms)
✔ Remove from all workspaces confirms, and Cancel writes nothing (101.675458ms)
✔ confirmed removal writes every workspace (10.065416ms)
✔ setting a role everywhere does not ask (10.763041ms)
✔ carrySeed maps previous positions onto the new node order by path (1.170625ms)
✔ applySeed keeps carried nodes and places a new node beside its neighbour (0.223583ms)
✔ ordinary Enter cannot create while the current switcher lookup is pending (56.604333ms)
✔ ordinary Enter cannot create after the current switcher lookup failed (8.3875ms)
✔ a switcher result from the previous vault cannot populate the current vault (9.498541ms)
✔ successful empty current lookup allows deliberate Enter creation (7.006625ms)
✔ Down during a pending lookup still lets Enter open the first arriving result (2.947625ms)
✔ successful multiple switcher results retain bounded keyboard movement (2.463209ms)
✔ Down during pending empty lookup does not prevent deliberate creation after success (2.428917ms)
✔ refine does not dispatch after the before-snapshot outlives its workspace (8.582875ms)
✔ refine result cannot adopt a previous workspace session (4.214208ms)
✔ docs start response cannot select the old run in a newly selected vault (14.169542ms)
✔ resolving one docs run cannot replace a newly selected run (17.763041ms)
✔ only notes over 64 KB leave the main thread (0.36925ms)
✔ the placeholder is the escaped plain body, marked busy (0.186167ms)
✔ a timed-out worker render never re-runs on the main thread (S18-305) (0.059542ms)
✔ preview at the same path belongs to the newly selected vault (121.321416ms)
✔ delayed preview never reads the old path in another vault (29.124375ms)
✔ preview refreshes after the content generation changes (22.509625ms)
✔ structured properties preserve unknown YAML fields, comments and the exact body (4.229166ms)
✔ blank values remove a property and malformed frontmatter is refused (0.968958ms)
✔ tag refresh failure keeps the last good tags available (134.783875ms)
✔ switcher transport failure remains distinguishable from an empty lookup (50.6685ms)
✔ backlink refresh failure retains current note links and exposes retry state (36.077458ms)
✔ backlink pending and stale failure stay with the current note request (25.111041ms)
✔ switching notes clears old backlinks before the new read and never restores old errors (27.359958ms)
✔ backlink refresh resets the visible window and allows rehydrating edited sources (23.494625ms)
✔ failed save retains draft, conflict and current tab on navigation (20.312792ms)
✔ last dirty tab stays open when saving fails (22.75825ms)
✔ scan completion refreshes a clean open note even when counts are unchanged (19.931916ms)
✔ scan completion preserves local draft and flags the external change (20.275875ms)
✔ navigation awaits the in-flight save and drains edits typed during it (24.990542ms)
✔ vault switching retains a dirty note if the save fails (18.935084ms)
✔ refresh only requests visible branches and invalidates collapsed children (18.9815ms)
✔ collapse during a refresh is preserved when pending directory results arrive (16.437125ms)
✔ reopening a still-loading branch ignores the older directory response (17.184417ms)
✔ transient busy 409 keeps the draft, raises no conflict banner and retries (719.995334ms)
✔ an equal status poll keeps the status object (graph effects key off it) (26.387292ms)
✔ own save skips the backlinks reload and the note re-read when links are unchanged (25.263333ms)
✔ own save re-reads the note once when its link set changed (25.009834ms)
✔ S18-20: a poll read issued before an autosave never reverts the editor after it (18.605875ms)
✔ S18-21: navigation blocked by a conflict says why (18.721792ms)
✔ S18-22: agent-staged text is never written as a recovery draft (471.417834ms)
✔ completed OKF toggle never selects its old vault over the current one (17.812916ms)
✔ rename response cannot rename another vault tabs at the same path (20.952083ms)
✔ create note response cannot navigate the newly selected vault (17.694666ms)
✔ clearing search invalidates an earlier pending response and busy state (17.550541ms)
✔ noteKind recognises OKF types case/separator-insensitively and rejects plain notes (1.367667ms)
✔ plain and reserved notes get no structured model (0.240708ms)
✔ frontmatter owners/status/environments/dependencies become header facts and cards (5.099833ms)
✔ cards fall back to the body section (bullets and first table column, wikilinks reduced) (0.511167ms)
✔ sectionLines ignores headings inside code fences (0.073833ms)
✔ API endpoint operation comes from resource; repo hints from a path resource (1.270084ms)
✔ asList flattens scalars, comma strings, object lists and maps (0.645833ms)
✔ name matching is normalised and ignores too-short hints (0.206458ms)
✔ repo matching by path, basename and remote slug (0.235375ms)
✔ workload kinds map to resource-table routes; previews strip markup (0.203ms)
✔ visible directory requests are bounded to four and old nodes are immutable (0.682541ms)
✔ stale navigation never mutates a previously shown nested node (0.37225ms)
✔ a stale collapsed branch refreshes preserved open descendants on reopening (0.139834ms)
✔ the file extension wins over the content (0.502417ms)
✔ content sniffing per language (1.157042ms)
✔ effectiveLanguage: auto resolves, an explicit override sticks (0.070708ms)
✔ every language maps to a CodeEditor key and an extension (0.142166ms)
✔ svg behind an xml prologue and comments is still svg, in linear time (4.054666ms)
✔ json: pretty prints and keeps the trailing-newline policy (0.714791ms)
✔ json: an error reports a line and column and changes nothing (0.393459ms)
✔ json: error position parsing across engine message formats (0.559833ms)
✔ yaml: normalises and reports parse errors with a line (29.8335ms)
✔ sql: formats and keeps :name, {name} and {{name}} placeholders intact (78.169125ms)
✔ html: indents block elements, keeps <pre>/<script> verbatim, idempotent (0.648084ms)
✔ xml: pretty prints, keeps attributes, CDATA and comments, flags mismatches (0.383875ms)
✔ html: tolerant of stray end tags and implicit closes (0.096958ms)
✔ csv: round-trips quotes, delimiters and embedded newlines (0.32475ms)
✔ markdown/toml/code: conservative whitespace normalisation, idempotent (0.468542ms)
✔ canFormat covers the text languages but not images (0.056ms)
✔ sql: all three syntaxes, counts and first index (1.183958ms)
✔ sql: skips literals, comments, casts and keys — same as the DB editor (0.266334ms)
✔ non-sql: only {name} / {{name}}, including inside JSON strings (1.669708ms)
✔ fill: substitutes known non-empty values, leaves the rest (1.889042ms)
✔ previewKind maps languages to renderers (0.427375ms)
✔ lineColAt is 1-based and counts newlines (0.414ms)
✔ parseJsonWithPos parses or reports a position (0.196458ms)
✔ csvView caps rows, pads width, drops trailing blank row (0.089667ms)
✔ svgDataUrl encodes markup (0.05725ms)
✔ format completion cannot replace the newly selected file or later keystrokes (59.879375ms)
✔ reload confirmation cannot discard a newly selected file (19.480416ms)
✔ image upload cannot insert an old workspace asset into a different workspace (11.290792ms)
✔ unchanged editor still receives its format result (9.690417ms)
✔ Workbench revision wrapper transmits bounded limit and exclusive cursor without changing direct revision URLs (51.5185ms)
✔ History requests one bounded exclusive page and replaces the rendered window (24.051041ms)
✔ History superseded success cannot publish rows, error, or loading (6.504292ms)
✔ History superseded failure cannot publish rows, error, or loading (5.314167ms)
✔ History A-B-A navigation rejects the first A response (6.76875ms)
✔ History restore approval stays bound to the selected revision (4.733958ms)
✔ History changed document cancels pending restore approval before mutation (4.831958ms)
✔ History old restore completion cannot replace a newly selected document (3.438958ms)
✔ History actual destroy callback cancels pending restore approval (3.289792ms)
✔ History A-B-A visit cancels earlier restore approval (11.157708ms)
✔ History navigation goes back without retaining prior page rows (3.493ms)
✔ create finishing after workspace switch cannot add an old doc to the new workspace (83.242375ms)
✔ metadata and restore completions remain with their originating workspace (48.39975ms)
✔ remote reload cannot overwrite edits made while its response is pending (14.545708ms)
✔ failed initial list preserves persisted tabs for Retry (17.995917ms)
✔ trash does not discard a dirty buffer after its save failed (18.422875ms)
✔ ordinary reload and same-workspace create still publish (14.279916ms)
✔ a remote change while dirty cancels the pending autosave and holds later ones (997.61275ms)
✔ content saves carry if_hash; a 409 raises the banner instead of an error (21.934708ms)
✔ an event with our own hash (or an older rev) is ignored (15.97725ms)
✔ a save to a trashed doc says so instead of the "changed elsewhere" banner (S18-307) (19.942083ms)
✔ explicit zero survives save while use-default retains agent retry policy (0.692541ms)
✔ default event uses a supported canonical identifier (14.863042ms)
✔ editing cron destinations preserves cursor and extension settings (0.783375ms)
✔ event filters and cleared destinations round trip (0.620917ms)
✔ use default clears legacy nested policies without removing step parameters (0.087666ms)
✔ workflow approval loads the full exact pending gate preview (51.82425ms)
✔ workflow approval rejects a different detail version and supports Retry (13.773708ms)
✔ departed run cannot adopt a late approval preview (12.08575ms)
✔ Product approve submits the displayed preview identity, not the latest summary (9.890333ms)
✔ Product deny submits the displayed preview identity, not the latest summary (8.125541ms)
✔ Product approval cannot submit without a successfully displayed preview (7.469333ms)
✔ stale Product approval conflict invalidates the displayed identity before another click (8.284708ms)
✔ ordinary non-Product approvals keep their existing request shape (8.111333ms)
✔ completed await:false node discovers a later summarizer and retains captured history (0.734875ms)
✔ reload resolves associations and retries from durable output on older runs (0.100375ms)
✔ review cancellation and fallback override suspended session lifecycle (0.078875ms)
✔ Suggest never pre-fills outward or fake values (0.570417ms)
✔ the example is placeholder-only and lists the destinations (0.127333ms)
✔ placeholder values are found by path, real values pass (0.0805ms)
✔ result destinations mirror the engine (0.395584ms)
✔ workflow version wrapper requests bounded summaries and an exclusive cursor, leaving full detail separate (44.839042ms)
✔ workflow version drawer keeps one bounded window and can page to the oldest version across a new save (30.788875ms)
✔ version drawer rejects stale failure/finally and retries the exact failed older page (11.57125ms)
ℹ tests 1823
ℹ suites 0
ℹ pass 1823
ℹ fail 0
ℹ cancelled 0
ℹ skipped 0
ℹ todo 0
ℹ duration_ms 16107.691042
