
> ui@0.2.0 test:unit
> node --test 'unit/**/*.test.ts'

✔ scratch broadcasts are allowed while mixed and missing recipients are refused (0.389458ms)
✔ saved view filters combine provider, repository and minimum cost (0.105625ms)
✔ tokens parse for every combination (0.47775ms)
✔ generated palettes stay inside the scheme luminance band for any accent (1.056584ms)
✔ photo pixels are clamped into the band (0.513833ms)
✔ text and dim text on chrome glass are AA over every ambient pixel, all five combinations (2.322708ms)
✔ raised glass (menus, palette) is AA over app surfaces; --text survives any backdrop (0.152958ms)
✔ ambientImage: none, a translucent wash, an opaque wallpaper, or the photo (0.285542ms)
✔ API-created minimal automation is editable without assertion/extraction arrays (1.076958ms)
✔ editing an assertion does not mutate the persisted automation snapshot (0.107333ms)
✔ save completion belongs to the initiating tab, never the newly active tab (249.713875ms)
✔ runtime variables are scoped to the restored workspace (111.548375ms)
✔ cleared extras serialize explicitly, and gRPC schema/method round trip (85.734375ms)
✔ OAuth completion updates originating inactive tab and keeps later auth edits (60.718583ms)
✔ cancel during asynchronous pre-script prevents HTTP and clears sending (70.368917ms)
✔ closing the initiating tab cancels a pending pre-script (82.804416ms)
✔ replaced execution ignores late pre-script even with the same tab identity (38.65ms)
✔ environment stays with the execution snapshot while pre-script is pending (39.326166ms)
✔ curl import cannot land in a different workspace after parsing (30.321125ms)
✔ file import retains its workspace while the file is being read (87.208ms)
✔ an automation start response cannot publish into the next workspace (30.931625ms)
✔ GraphQL introspection cannot publish another tab or edited endpoint schema (134.156ms)
✔ a loaded GraphQL schema is visible only for the request that owns it (54.277834ms)
✔ opening a saved request never replaces unsaved edits in the active tab (68.815541ms)
✔ a pristine blank tab is reused when opening a saved request (70.309708ms)
✔ history replay rehydrates masked credentials from the saved request, never sends *** (33.364958ms)
✔ automation runs poll deltas and append only the new steps (2085.441666ms)
✔ import creates every item in order and reloads the lists once (30.540791ms)
✔ opening a saved request fetches its full row once and reuses it (80.399792ms)
✔ a restored tab whose saved row is not loaded yet is never repurposed (35.688875ms)
✔ a final run_progress during an in-flight delta GET is latched, not dropped (45.407625ms)
✔ run_progress wakes are coalesced to one delta GET per 250 ms (854.670208ms)
✔ api_client_changed patches the loaded workspace and expires others (1540.636208ms)
✔ switching tabs keeps each tab its own response (29.385542ms)
✔ two tabs send concurrently; a background tab’s response is kept, never cancelled (33.5775ms)
✔ cancel only stops the active tab’s send (35.359208ms)
✔ opening a history entry shows its stored response, flagged as from history (45.904375ms)
✔ api_history_appended refetches only a history list someone asked for (perf H1) (715.077625ms)
✔ concurrent script writes preserve newer unrelated variables: console.log('done') (28.281166ms)
✔ concurrent script writes preserve newer unrelated variables: pm.variables.set('a','one') (32.983041ms)
✔ concurrent script writes preserve newer unrelated variables: pm.variables.unset('remove') (35.275125ms)
✔ loadCollections: late response cannot overwrite workspace B (379.235625ms)
✔ saveCollection: completed write returns to caller but cannot publish into workspace B (343.066333ms)
✔ loadCollections: late response cannot overwrite a new A visit (499.66375ms)
✔ saveCollection: completed write returns to caller but cannot publish into a new A visit (485.000458ms)
✔ saveCollection: stale failure does not toast over the new workspace (347.023375ms)
✔ loadEnvironments: late response cannot overwrite workspace B (353.944125ms)
✔ saveEnvironment: completed write returns to caller but cannot publish into workspace B (351.680833ms)
✔ loadEnvironments: late response cannot overwrite a new A visit (505.299834ms)
✔ saveEnvironment: completed write returns to caller but cannot publish into a new A visit (526.132166ms)
✔ saveEnvironment: stale failure does not toast over the new workspace (365.167583ms)
✔ loadAutomations: late response cannot overwrite workspace B (353.527125ms)
✔ saveAutomation: completed write returns to caller but cannot publish into workspace B (355.088875ms)
✔ loadAutomations: late response cannot overwrite a new A visit (515.681625ms)
✔ saveAutomation: completed write returns to caller but cannot publish into a new A visit (514.279709ms)
✔ saveAutomation: stale failure does not toast over the new workspace (369.700208ms)
✔ loadCollections: stale error cannot mark a successfully loaded empty workspace as failed (369.870583ms)
✔ loadRequests: stale error cannot mark a successfully loaded empty workspace as failed (368.927708ms)
✔ loadEnvironments: stale error cannot mark a successfully loaded empty workspace as failed (368.915459ms)
✔ late activation cannot clear the new workspace active environment or change its next Send (369.329042ms)
✔ loadAll: old A success cannot overwrite the fresh A visit after A-B-A (378.661167ms)
✔ loadAll: obsolete A failure cannot clear the loading state of a newer A visit (378.616375ms)
✔ lists stay pending until this workspace settles once — a refetch never re-enters "not loaded" (367.80375ms)
✔ a stalled interactive GET rejects with a timeout ApiError (183.294ms)
✔ a caller abort stays an AbortError (not reported as a timeout) (64.368667ms)
✔ writes and the long lane carry no default deadline (127.342708ms)
✔ authedText: a 401 dispatches the unauthorized event like api.* (59.898292ms)
✔ GraphQL variables: blank → {}, object passes, bad JSON names the line (0.878042ms)
✔ history direct and event invalidations share one snapshot, including duplicate event during fetch (0.650584ms)
✔ history append after fetch began produces exactly one necessary followup (0.127334ms)
✔ history workspace replacement aborts and ignores old response (0.429667ms)
✔ history detail cannot overwrite another selection, workspace, tab or edited draft (0.212542ms)
✔ detail failure preserves draft and clears only its own pending state (0.123791ms)
✔ postman secret and credential-named variables import as Keychain secrets (2.623542ms)
✔ an environment without secrets sends no secret values (0.090042ms)
✔ a small response opens two levels (1.550375ms)
✔ a root array of wide objects does not open every row (bounded mount) (4.775208ms)
✔ a scalar root opens nothing but itself (0.08675ms)
✔ a clicked commit diff stays on the interactive lane (158.048625ms)
✔ history walks and remote git still use the long lane (52.983416ms)
✔ a DB schema load or object open (both can dial) uses the long lane (67.4965ms)
✔ empty error responses reject instead of reporting a successful mutation (277.090542ms)
✔ accepted JSON responses retain the updated object (57.449542ms)
✔ genuinely empty accepted and no-content responses resolve without JSON parsing (71.10575ms)
✔ declared text types are always text (0.786416ms)
✔ binary payloads are detected by their decoded bytes (0.37075ms)
✔ persisted tabs never carry plaintext credentials (0.746708ms)
✔ a saved-request tab persists the stored marker, not the typed replacement (0.107084ms)
✔ history replay never sends the literal mask (0.1545ms)
✔ credential-carrying keys mirror the daemon (0.0665ms)
✔ the storage banner is offered only past a size with no limit for that part (0.419ms)
✔ presets always set a limit (none deletes by default) and sizes read (0.123459ms)
✔ late callbacks from a replaced socket cannot mutate current stream (90.127625ms)
✔ switching request tabs closes the previous relay and clears its console (20.343542ms)
✔ stream console retains a bounded tail and counts discarded messages (21.746583ms)
✔ a message burst updates the console once per animation frame (20.207708ms)
✔ variables resolve in daemon order: built-ins, session, environment, secret, missing (0.78425ms)
✔ variable discovery and highlight segments (0.269292ms)
✔ method and status tones carry words, not only colour (2.003083ms)
✔ collection paths follow the tree order (6.11125ms)
✔ url split and Set-Cookie parsing (0.206625ms)
✔ JSON tree search finds keys and values and opens their ancestors (0.275041ms)
✔ duplicating a request never copies another request’s Keychain marker (0.111792ms)
✔ every user-facing archive goes through ws.requestArchive (1.706ms)
✔ requestArchive confirms a working agent before archiving (0.228375ms)
✔ SessionView "Save & restart" runs the restart working-guard first (0.10075ms)
✔ a leading @codex routes the turn; the daemon-bound text drops it (1.021959ms)
✔ mid-sentence mentions, emails, handles and other providers never route (0.095333ms)
✔ provider labels read like the mockup chip (0.145792ms)
✔ threads split into Spaces 01–04 and Recent (newest first) (6.084791ms)
✔ the page opens on the remembered thread, else the latest (0.117916ms)
✔ turn kinds map to cards; one card per task; unreferenced thread tasks still show (0.234208ms)
✔ memory chip payloads are validated (0.092042ms)
✔ memory chips sit on the reply that follows them; cards land by time (0.559167ms)
✔ timestamps with different precision still order as instants (0.106708ms)
✔ replies of the current session come from the transcript; older providers stay from the index (0.28375ms)
✔ without a session the index is the whole conversation (0.072916ms)
✔ provider inference from a model id (0.124916ms)
✔ the queue holds exactly the tasks whose newest row is needs_you (0.210167ms)
✔ stale frames and slow snapshots never roll the queue back (0.078125ms)
✔ a snapshot drops what left the queue but keeps what arrived while it was in flight (0.079375ms)
✔ per-thread counts (0.07725ms)
✔ tasks group into board columns, newest change first (0.079375ms)
✔ reminders read Scheduled / Delivered (0.0475ms)
✔ upsertNewer ignores stale rows (0.066167ms)
✔ browser progress is read defensively from result.browser (0.089667ms)
✔ keyword lists and load share (0.165541ms)
✔ limit notice text (0.044709ms)
✔ reminder labels (9.891667ms)
✔ thread paging retains rows on failure, retries the same offset and deduplicates (239.33225ms)
✔ refresh invalidates an older page and selected older thread survives refresh (45.888958ms)
✔ selected thread late failure cannot replace a newer selection (67.273541ms)
✔ page find includes an unloaded provider match beyond the first transcript page (134.113416ms)
✔ a late old async provider query cannot replace the current matches (11.965709ms)
✔ remote find failure is visible rather than reporting whole-history absence (5.407375ms)
✔ a failed departed provider cannot report its error in the replacement provider (26.671417ms)
✔ closing find aborts pending provider search and prevents late results (31.678458ms)
✔ boot: the saved workspace's session list goes out with /workspaces, and is used once (perf G3) (292.498ms)
✔ boot: a saved workspace that no longer exists drops its speculative list (perf G3) (69.75475ms)
✔ the archived probe stops once it found rows, and keeps asking while there are none (perf G7) (1158.209458ms)
✔ late workspace selection cannot publish sessions or restore the old layout (35.11ms)
✔ concurrent refreshes in one workspace coalesce into one trailing load (42.697458ms)
✔ selection waits for a superseding refresh before restoring saved tabs (43.1955ms)
✔ old History pagination cannot append to a new provider list (40.919125ms)
✔ failed workspace selection clears foreign sessions and retry restores the selected layout (52.381792ms)
✔ archive events synchronize membership in two independent windows (158.6645ms)
✔ workspace changes ask before identity, tabs or persistence are replaced (81.847875ms)
✔ same-workspace selection cancels a pending workspace leave decision (45.978875ms)
✔ a successful workspace leave saves against the original workspace before switching (56.4245ms)
✔ canceling current workspace archive sends no archive request (79.98375ms)
✔ approved workspace archive asks once and selects its fallback (36.530667ms)
✔ an archive response cannot redirect a newer completed workspace selection (64.159292ms)
✔ archiving the last workspace asks once then enters scratch context (39.637792ms)
✔ a selection made while /workspaces is in flight keeps the list and settles it (side-pane guest) (73.260084ms)
✔ a 401 on /auth/me clears the token and asks for login (148.78025ms)
✔ a 5xx / transport failure keeps the token and stays offline (polled) (27.465042ms)
✔ a failed re-boot of a running app keeps the shell up (55.235709ms)
✔ a stalled /meta moves boot to offline instead of spinning forever (S13-05) (28.034083ms)
✔ a stalled /meta on an in-place re-boot keeps the running shell up (S13-304) (18.376375ms)
✔ a late impersonation identity cannot replace a newer sign-in (24.969083ms)
✔ failed impersonation start blocks actions until the current bearer identity is verified (21.357417ms)
✔ failed impersonation stop blocks actions until the current bearer identity is verified (23.100041ms)
✔ impersonation start lives in this tab's sessionStorage, not shared localStorage (S13-07) (13.408958ms)
✔ the impersonation bearer stays in this tab — the shared token is never overwritten (S13-303) (22.715125ms)
✔ an expired impersonation (4401 → 401 path) falls back to the admin session (S13-302) (19.871541ms)
✔ a re-boot whose impersonation token expired lands on the admin, not sign-in (S13-302) (13.045042ms)
✔ the insights report frame is script-only: no popups, no same-origin (0.667125ms)
✔ the insights link bridge only honours the frame, http(s), a user gesture and a rate limit (0.171833ms)
✔ plugin frames: messages are source-checked and the slug is validated before framing (0.107916ms)
✔ latestOnly: a superseded ticket is not current and its signal aborts (144.197917ms)
✔ loops: a background poll landing after Pause cannot restore "running" (38.247041ms)
✔ loops: answerQuestion encodes the question id (56.724959ms)
✔ scheduled tasks: the start snapshot landing after the finish one is dropped (23.186167ms)
✔ lazyComponent: a failed prefetch stays silent and the first open retries (28.774458ms)
✔ the Automate chooser lists the overlapping automations that live outside Automate (S20-18) (0.743375ms)
✔ every Automate page offers the chooser beyond its empty state (1.009084ms)
✔ the chooser hides modules the user cannot open, using the sidebar gate (S20-307) (5.545292ms)
✔ loops/LoopDetail del acts on the target named by its confirmation (90.980334ms)
✔ loops/LoopDetail stop acts on the target named by its confirmation (4.65375ms)
✔ run-with-otto/RunDetail cancel acts on the target named by its confirmation (2.779ms)
✔ run-with-otto/RunDetail openPr acts on the target named by its confirmation (2.5995ms)
✔ proof/ProofPage removePack keeps its confirmed target after navigation (7.275958ms)
✔ proof/ProofPage assemble keeps its confirmed target after navigation (61.754041ms)
✔ proof/ProofPage newPack keeps its confirmed target after navigation (5.382958ms)
✔ workflows/WorkflowsPage stop keeps its confirmed target after navigation (37.18575ms)
✔ reads pass without a confirm (0.526125ms)
✔ DDL, DML and unknown statements need a confirm (0.139667ms)
✔ base64ToBytes round-trips binary data (native fromBase64 when present) (4.612708ms)
✔ the atob fallback decodes identically (3.598209ms)
✔ brandCssVars uses the contract names (same as the server CSS export) (1.360833ms)
✔ resolveToken covers every group, sub-properties and css vars (0.377959ms)
✔ parseTokenRef and tokenRefs mirror the server (0.288917ms)
✔ cssIdent kebab-cases like the Rust exporter (0.087458ms)
✔ contrast: WCAG ratios, levels, ink and on-colour (0.20525ms)
✔ diffTokens reports changed / added / removed with canonical values (0.68325ms)
✔ validateBrandDoc mirrors the server rules (0.547875ms)
✔ normalizeBrandDoc tidies loose values and migrates the Phase 0 scaffold (0.393125ms)
✔ every starter kit validates and has readable primaries (0.462417ms)
✔ editing helpers keep order and pick unique names (0.575625ms)
✔ late annotation read cannot replace another active tab marks (150.926ms)
✔ creating a mark then switching tabs does not append to the new page (59.955125ms)
✔ the script fills only on the credential domain or its subdomains (0.616625ms)
✔ the script refuses a downgrade to plain http off loopback (0.137541ms)
✔ the password and username are JSON-escaped into the script (0.106583ms)
✔ host-side re-check: a redirect during the confirmation blocks the fill (0.091292ms)
✔ eval results are normalised whether quoted or raw (0.094166ms)
✔ the in-page origin check survives a page that poisons String built-ins (S18-307) (0.1785ms)
✔ fitContain letterboxes a wide frame top/bottom and centres it (0.882417ms)
✔ fitContain pillarboxes a tall frame left/right (0.069083ms)
✔ fitContain with a degenerate size draws nothing (0.048125ms)
✔ clientToPage maps through a 2x (retina) frame to CSS px (0.10025ms)
✔ clientToPage handles a downscaled frame (image smaller than the viewport) (0.061458ms)
✔ clientToPage ignores clicks on the letterbox bars (0.065833ms)
✔ clientToPage subtracts the frame offset_top and rejects the bar above it (0.052041ms)
✔ viewportFor clamps to the daemon range and quantises the device scale factor (0.124584ms)
✔ viewportFor lowers the scale factor to stay inside the pixel budget (0.087084ms)
✔ viewportChanged ignores 1px wobble but not a dpr change (0.100625ms)
✔ app chords already handled by the global key map pass through (0.097208ms)
✔ browser-convention chords are handled locally (0.062417ms)
✔ Esc releases the keyboard; ⇧Esc is sent to the page as Escape (0.095042ms)
✔ IME / soft-keyboard keystrokes are ignored (text arrives via input/composition) (0.039917ms)
✔ plain typing, editing and copy chords are forwarded (0.03425ms)
✔ modifierMask uses CDP bits (0.035625ms)
✔ virtualKeyCode covers letters, digits, punctuation and named keys (0.112167ms)
✔ keyPayload is the contract key frame: text on keydown only, Enter types \r, chords type nothing (0.072167ms)
✔ coalesce sends the first move at once and the LATEST one per interval (0.142042ms)
✔ coalesce.flush sends the pending move before a click; cancel drops it (0.082875ms)
✔ mergeWheel sums deltas at the latest position; modifier change restarts (0.051042ms)
✔ wheelPixels normalises line and page deltas (0.053791ms)
✔ backoff grows exponentially with a cap and bounded jitter (0.055083ms)
✔ reducer walks connect → live → reconnecting → connecting → live (0.093833ms)
✔ S18-18: accept-then-close servers exhaust the retries instead of looping forever (0.047375ms)
✔ terminal close codes and closed frames end the session without retry (0.039208ms)
✔ the reducer gives up after maxAttempts (0.035375ms)
✔ duplicate connect / stray open / frame-while-not-live are no-ops (0.02775ms)
✔ steady-state frames return the SAME state (no per-frame reactive churn) (0.106584ms)
✔ isStale: a quiet live page is never stale; any non-live socket is (0.033333ms)
✔ input-to-frame latency: first input starts the sample, the next frame ends it (0.036542ms)
✔ meter reports frames in the last second and smooths the latency (0.063708ms)
✔ parseServer ignores junk; buttonName maps DOM buttons (0.084583ms)
✔ safeCursor only lets known CSS cursor keywords through (0.027375ms)
✔ parseBinaryFrame reads the v1 layout: version byte, u32 BE length, JSON header, JPEG (0.1265ms)
✔ parseBinaryFrame drops unknown versions, truncated buffers and bad headers (0.051167ms)
✔ driverFor: agent blocks, another person is "other", me/nobody may drive (0.030709ms)
✔ closed reasons and the SSRF note read as sentences (0.07875ms)
✔ approvalFacts builds where / what / who sees it / as from the held request (0.126458ms)
✔ approvalFacts falls back to the URL host and leaves unknowns out (0.086917ms)
✔ openTab completion cannot enter a different workspace (128.582917ms)
✔ openTab completion cannot enter a new visit to the original workspace (44.538792ms)
✔ openLiveTab completion cannot enter a different workspace (23.977125ms)
✔ openLiveTab completion cannot enter a new visit to the original workspace (73.315959ms)
✔ reader navigation never persists a title obtained from another active tab (18.595917ms)
✔ older reader navigation completing last cannot replace a newer URL (20.966042ms)
✔ overlapping live navigations persist the newest URL even when the first write is slow (29.637167ms)
✔ closing the last active tab invalidates a late reader success before close completes (18.584042ms)
✔ closing the last active tab invalidates a late reader failure before close completes (22.462292ms)
✔ closing a background tab leaves the active reader request valid (28.028708ms)
✔ failed active close restores the previous readable content and selection (14.397875ms)
✔ summary cannot cross a workspace transition even at the same URL (106.004042ms)
✔ summary cannot cross a tab transition even at the same URL (43.231166ms)
✔ summary cannot cross a leave-and-return transition even at the same URL (47.498791ms)
✔ superseding a summary aborts its request and preserves the current busy state (17.921625ms)
✔ deselect clears reader loading and error state immediately (11.78025ms)
✔ refSha accepts only full sha256 refs (0.585041ms)
✔ the client digest is the server content address (sha256 of the data-URL text) (3.003875ms)
✔ a 3 MB image goes inline once, then every autosave sends a ref (0.252542ms)
✔ an unresolved ref passes through and is not re-learned as inline (0.089708ms)
✔ the file cache defaults to a 64 MB bound (0.047209ms)
✔ the file cache is a byte-bounded LRU: past the cap the oldest sha is refetched (1.450083ms)
✔ a board unmount releases its files unless another open board uses them (1.071416ms)
✔ a failed or mid-flight-released fetch leaves nothing behind (0.689292ms)
✔ a push applies once; saves (dirty → false) never re-apply it (127.202333ms)
✔ a push skipped while dirty is spent, not replayed once the save lands (41.257875ms)
✔ another scene's push, docs without source, and tick 0 are ignored (23.044542ms)
✔ queued, superseded scene writes are dropped; the newest doc is sent (143.782042ms)
✔ drafts staged in one tick collapse into a single PUT (37.105667ms)
✔ a save issued during a restore queues behind it and keeps its draft (28.181375ms)
✔ Excalidraw assist failure retains the exact composer prompt (92.088ms)
✔ Excalidraw reports accepted content and rejects an empty generation result (16.862666ms)
✔ Mermaid assist failure retains the exact composer prompt (7.661209ms)
✔ Mermaid reports accepted content and rejects an empty generation result (3.286833ms)
✔ D2 assist failure retains the exact composer prompt (20.0405ms)
✔ D2 reports accepted content and rejects an empty generation result (9.6365ms)
✔ Canvas keeps an unaccepted prompt while the request is pending (8.713709ms)
✔ late accepted generation cannot clear another scene or a newer prompt (1.887917ms)
✔ Excalidraw restore applies persisted background and grid before the next save (13.464542ms)
✔ Excalidraw grid-only edit gridModeEnabled schedules a persisted snapshot (3.85275ms)
✔ Excalidraw grid-only edit gridSize schedules a persisted snapshot (4.627209ms)
✔ the allow-list parses trimmed, blank-free ids (0.779125ms)
✔ senders already allowed are not offered again (0.101084ms)
✔ allowing a sender appends once, keeping the others (0.088625ms)
✔ a sender reads as name (id), or the id alone (0.061958ms)
✔ toolLine: commands, files and searches read as verb + target (+ dim detail) (0.941542ms)
✔ toolStatus: no result is running while the session is active, else "none" (0.086333ms)
✔ stepSummary says what a group did, in order, naming a single file (0.330084ms)
✔ pendingTool: the newest call without a result in the last response (0.094917ms)
✔ lastLine: the last non-blank output line, clipped (0.075125ms)
✔ countUnread counts items after the last one seen at the bottom (0.055958ms)
✔ askQuestions reads AskUserQuestion input defensively (0.131416ms)
✔ providerName (0.053875ms)
✔ segment: the plan is its own block; the call that wrote it gets no row (0.134708ms)
✔ decorateCodeBlocks: IDE header (label · file · lines · Wrap/Open/Copy), numbered lines, fold, idempotent (0.483333ms)
(node:12521) [DEP0205] DeprecationWarning: `module.register()` is deprecated. Use `module.registerHooks()` instead.
(Use `node --trace-deprecation ...` to show where the warning was created)
✔ foldResponse keeps the first and final message and folds the work between (0.950791ms)
✔ patchStats counts hunk lines only; changedFiles merges per path and treats a Write as new (0.528458ms)
✔ usage sums over a response; the token line names every kind with a tooltip (0.244666ms)
✔ day dividers and paths (26.989875ms)
✔ file references: code spans, prose paths and locations (0.466125ms)
✔ the chat markdown extension: file refs, chips, and URLs left alone (8.868834ms)
✔ linkifyOutput links paths and URLs in escaped command output (0.3085ms)
✔ fence info: language + file name (0.34ms)
✔ highlightLines tokenizes the whole block and keeps every line self-contained (86.229ms)
✔ preview parsers: kinds, CSV/TSV, JSON, HTML documents (0.45275ms)
✔ mounted checkpoint loader shows matching-generation membership while progress keeps advancing (58.827958ms)
✔ ⌘W on a non-Agents page never touches the hidden session (491.297709ms)
✔ "Always delete": no dialog, but archive first and delete only after the Undo window (94.2385ms)
✔ Undo inside the window keeps the session (104.755667ms)
✔ ⌘W under "Always delete" goes through the undoable path (48.006083ms)
✔ "Always delete" then ⌘⇧T: the reopened session is never deleted (172.943ms)
✔ "Always delete" then Archived ▸ Restore: no DELETE (103.476542ms)
✔ "Always delete" then another window restores it: the re-check keeps it (105.556ms)
✔ a toast held open past the grace period still lets Undo win (134.931375ms)
✔ sessionVerbsApply is Agents-only (0.468583ms)
✔ requestArchive asks for a working row the store has no status for (30.974834ms)
✔ requestArchive: an idle unknown row archives at once; a busy shell never asks (101.8565ms)
✔ requestArchive and confirmRestart ask for a working agent (49.025833ms)
✔ two registration effects re-running in one flush keep both sets (146.990833ms)
✔ a stale unregister never removes the set that replaced it (15.5035ms)
✔ registry.all is memoized: unchanged sources hand back the same array (5.366167ms)
✔ typed text is kept per repo and cleared when emptied (100.602334ms)
✔ a draft that lands with no panel watching is parked once (14.5945ms)
✔ a watched repo gets the reply directly (nothing parked) (6.220334ms)
✔ a reopened composer shares the pending send claim while other sessions remain usable (223.649709ms)
✖ production send keeps a remounted draft and allows only one pending request (49.726459ms)
✔ send is refused while an image upload is still pending (65.75225ms)
✔ renaming retains unknown parameters and TLS shorthand (74.146042ms)
✔ secure URI schemes enable TLS and Mongo passwords leave URI fields (43.310417ms)
✔ explicit field clears preserve unrelated advanced TLS and tunnel settings (7.085583ms)
✔ Mongo URI: an encodable-character password never stays in the visible string (S16-15) (41.932834ms)
✔ Mongo URI: an unencoded `/` in the password never stays visible (S16-307) (14.282125ms)
✔ stableGroupTurns reuses the item object of every unchanged group (2.295167ms)
✔ stableGroupTurns re-groups when a member turn joins or leaves a response (0.159084ms)
✔ md cache: hits return the memo, misses render once, bounds evict oldest (0.1915ms)
✔ indexToRenderItem is memoized per index turn object (0.090334ms)
✔ trimTurnHead only cuts in front of a turn with a known cursor (225.45925ms)
✔ a long live chat is capped and "Load earlier" resumes exactly at the dropped head (70.553708ms)
✔ a scheme change moves the token (the old host:port compare missed it) (0.3715ms)
✔ host and port changes move it; path / case / default port do not (0.095375ms)
✔ unparseable input: only an identical string is the same (0.07425ms)
✔ javascript: links are dropped (href and xlink:href, obfuscated too) (1.148333ms)
✔ http(s) links and in-document fragments survive (0.093291ms)
✔ event handlers are dropped regardless of element (img onerror payload) (0.05775ms)
✔ config keeps foreignObject labels but forbids active content (0.085125ms)
✔ fails closed when the purifier cannot run (no DOM) (0.075834ms)
✔ hook is installed only for the duration of one sanitize call (0.742041ms)
✔ D2 style rules are scoped to the diagram (1.167084ms)
✔ a string-embedded brace or comment cannot end a rule early (S18-301) (0.307042ms)
✔ a scope-anchored selector cannot hop to the app with ~ or + (S11-311) (0.155667ms)
✔ foreign @font-face / @keyframes names and fetching values are dropped (0.178417ms)
✔ no browser CSS parser → styles dropped (fail closed) (0.067709ms)
✔ styles without a diagram scope class are dropped (0.401209ms)
✔ scope class comes from D2's wrapper <svg> tags only, not a label element (0.263167ms)
✔ serialized style text is entity-decoded for parsing and re-escaped after (0.278042ms)
✔ edits made during a daemon settings save remain unsaved (118.690334ms)
✔ successful import never submits the editor draft: DELETE FROM imported (59.490042ms)
✔ successful import never submits the editor draft: INSERT INTO audit VALUES (1) (7.372792ms)
✔ successful import never submits the editor draft: SELECT * FROM imported; DELETE FROM imported (19.166125ms)
✔ request-save retry adopts the successfully created collection before the failed second step (7.951083ms)
✔ Recovery Refresh retries failed active history from offset zero (7.326958ms)
✔ Recovery Refresh replaces stale first page and retains it on a later error (15.928125ms)
✔ environment save preserves newer typing and the next Save submits that draft (23.114ms)
✔ environment save completion cannot replace a newly selected environment (13.6055ms)
✔ environment failed save retains its draft for retry (8.894792ms)
✔ environment Save in a former workspace cannot reseed the current draft (6.280708ms)
✔ successful import after a connection change never refreshes another connection metadata (3.674417ms)
✔ environment saved secret rename updates its stored marker while preserving newer unrelated edits (6.049375ms)
✔ environment saved secret rename updates its stored marker while preserving another secret rename (15.515875ms)
✔ request-save sheet does not continue its second mutation after changing workspace (3.430791ms)
✔ guarded import approval remains bound to its captured connection (3.707625ms)
✔ canceled import while typed confirmation waits cannot retry after late approval (3.54625ms)
✔ old import completion leaves a replacement table dialog open (5.950458ms)
✔ guarded import retry uses the submitted format/path/table despite pending form edits (4.01925ms)
✔ unmounting Save request while collection creation waits prevents the unsent request mutation (3.528209ms)
✔ environment A-B-A selection during save reconciles the clean value (17.163917ms)
✔ environment A-B-A selection during save reconciles the clean secret name (8.101583ms)
✔ Cancel synchronously invalidates Save request before Svelte destruction runs (1.762875ms)
✔ environment A-B-A return preserves actual new typing and reconciles saved secret marker (4.552458ms)
✔ database dialogs + page reach storage only through the guarded helpers (S16-304) (0.560708ms)
✔ scratch close cancel retains the exact tab; discard resolves its stable id (47.304542ms)
✔ automation cancel and failed save retain steps; successful save or discard permits leave (8.43375ms)
✔ automation edits arriving during save keep the editor open (4.315166ms)
✔ tail failures retain the buffer and cursors, clear new count and recover on empty success (14.151333ms)
✔ canceled automation navigation keeps the selected editor and request tab (18.234375ms)
✔ a late tail response cannot revive another topic buffer or failure state (7.6125ms)
✔ schema history fetches two selected bodies, caches revisits and aborts superseded detail (19.107334ms)
(node:12535) ExperimentalWarning: localStorage is not available because --localstorage-file was not provided.
(Use `node --trace-warnings ...` to show where the warning was created)
✔ runManagedStatement: switching connections before refusal never asks to approve B for a write to A (348.61475ms)
✔ runManagedStatement: accepted confirmation retries exactly the origin statement and scope (160.245083ms)
✔ runManagedStatement: declined typed confirmation never retries (194.386041ms)
✔ runManagedStatement: revoking access while confirmation waits prevents the retry (175.453792ms)
✔ runQuery: switching connections before refusal never asks to approve B for a write to A (158.184041ms)
✔ runQuery: accepted confirmation retries exactly the origin statement and scope (109.700958ms)
✔ runQuery: declined typed confirmation never retries (127.833959ms)
✔ runQuery: revoking access while confirmation waits prevents the retry (109.909333ms)
✔ runQuery: Stop during confirmation prevents a late accepted retry (110.076833ms)
✔ agent read-only refusal retains the original production guard after switching to development (106.519042ms)
✔ Stop keeps the query transport alive for native cancel, then aborts only that run (196.896959ms)
✔ a failed cancellation still releases the old HTTP wait (93.540625ms)
✔ a stopped run's late query interrupted cannot alter or prompt for its replacement (177.256792ms)
✔ a stopped run's late write_blocked: production cannot alter or prompt for its replacement (174.028708ms)
✔ Stop during confirmation preserves a replacement run even before cancel responds (89.158708ms)
✔ a stalled cancel reaches its transport deadline and releases the original query (109.733166ms)
✔ Stop by captured ID clears a parked tab and ignores its late result (105.352792ms)
✔ Stop by captured ID clears a parked tab and ignores its late write_blocked: production (176.751041ms)
✔ Stop by captured ID clears a parked tab and ignores its late read_only: writes refused (108.77325ms)
✔ Stop without a retained tab revokes run ownership before delayed cancellation completes (129.997083ms)
✔ walkCanvas: reach order, composite keys ANDed, unconnected cards reported (1.456542ms)
✔ walkCanvas: an edge drawn back into scope flips LEFT/RIGHT (0.110334ms)
✔ toQuery leaves clauses on unjoined cards out of the SQL (0.372042ms)
✔ renameAlias / dropAlias keep every clause consistent (0.210417ms)
✔ FK suggestions: one per unjoined pair, composite keys kept together (0.166167ms)
✔ uniqueAlias sanitizes and suffixes for self-joins (0.107458ms)
✔ bars under the cap are untouched (0.499791ms)
✔ 5,000 bars average into MAX_BARS buckets with range labels (3.010042ms)
✔ min-max decimation keeps spikes and stays near the target (0.765166ms)
✔ pie keeps the 11 largest slices plus Other (0.582166ms)
✔ clip ring: newest first, deduped, pinned entries survive the cap (0.964292ms)
✔ grid state: parked per tab, taken once, dropped on close (0.124125ms)
✔ editor history: memory tier outlives the editor, bounded, forgettable (5.592125ms)
✔ connection kinds map to their SQL dialect (0.399375ms)
✔ MySQL: a backslash-escaped quote does not end the string (14.775792ms)
✔ MySQL and ClickHouse: # starts a comment (1.334667ms)
✔ ClickHouse: a double quote is an identifier, not a string (0.434125ms)
✔ code positions stay completable (3.155375ms)
✔ scope database: plain names, db: paths, Redis keyspaces (28.077ms)
✔ big integer keys keep every digit and stay unquoted (28.191542ms)
✔ row mutations require direct, unique column provenance and a complete single FROM (64.331583ms)
✔ ClickHouse mutation builders reject nonunique keys while inserts remain available (16.791583ms)
✔ Postgres table and schema names fold only unquoted identifiers (25.379042ms)
✔ Postgres mutation builder quotes the resolved source table, not its unquoted spelling (13.21ms)
✔ trailer lines split from the message (1.894833ms)
✔ ClickHouse native unknown table: title, server suggestion, code chip (0.857792ms)
✔ ClickHouse legacy native text with stack trace still reads cleanly (0.207041ms)
✔ ClickHouse HTTP unknown column with Maybe you meant list (0.107709ms)
✔ ClickHouse syntax error: near token, line/col caret, expected list (0.47375ms)
✔ ClickHouse memory, timeout, auth and readonly (0.167625ms)
✔ ClickHouse mid-stream failure says rows had streamed (E7) (11.411917ms)
✔ ClickHouse network error drops the request URL (0.251166ms)
✔ MySQL unknown column: tagged and legacy shapes, daemon suggestions (0.260125ms)
✔ MySQL syntax, auth, network, pool, timeout (0.240083ms)
✔ Postgres unknown column: server HINT becomes a chip, POSITION a caret (0.214042ms)
✔ Postgres unique violation keeps DETAIL; auth headline (0.090375ms)
✔ Mongo command, write, unreachable — tagged and legacy (1.143125ms)
✔ mongosh script failure: exit code + last error line (0.100916ms)
✔ Redis wrong type, unknown command, auth (0.33925ms)
✔ unrecognised text falls back to its first line (0.112708ms)
✔ offset → line/col and out-of-range positions (0.071083ms)
✔ nearest + applySuggestion (0.201166ms)
✔ column kinds from engine type hints (0.884209ms)
✔ row-number column width depends on the row count only (0.069708ms)
✔ moveColumn reorders display positions (0.376334ms)
✔ header filter: contains, exact, comparisons, NULL (0.131916ms)
✔ search highlight splits a cell around every case-insensitive hit (0.110209ms)
✔ row scan text skips NULLs, lower-cases and clips (0.452541ms)
✔ scanFor builds once per rows array and is reused (0.197916ms)
✔ prebuild fills the search text in time-boxed slices, scanFor finishes the rest (5.885125ms)
✔ cancel stops a column prebuild; dropColScans frees all but the kept columns (0.712458ms)
✔ dropScan frees the search text (0.075375ms)
✔ memoFilter / memoSort return the cached view for the same key (tab switch back) (0.167ms)
✔ lines cover keys and values, including collapsed and past-chunk branches (4.391625ms)
✔ vertical flavor draws raw strings and ∅ (0.472292ms)
✔ LineIndex maps flat rows across records (empty records included) and caches lazily (0.217292ms)
✔ reveal opens every ancestor and grows the slices it sits past (0.696709ms)
✔ LineIndex.text: lower-cased, cached per record across searches, budget spills to a rolling cache (0.44125ms)
✔ short values match JSON.stringify exactly (compact and pretty) (0.793208ms)
✔ long values render the same clipped cell text as a full stringify (2.559833ms)
✔ a preview never grows past max + 1 characters (24.550625ms)
✔ bounded work: a 50 KB document previews far faster than it serializes (31.038625ms)
✔ the default-size preview is cached per object (0.140625ms)
✔ Mongo editing rejects transformed identities and a later operation in a method chain (159.328ms)
✔ Mongo editing keeps plain finds, scalar projections and sort/limit controls (79.383333ms)
✔ document edits preserve fields absent from a projected result (22.173833ms)
✔ lossy results clear stale edit targets; row pagination and ordinary marker text remain editable (159.392125ms)
✔ value lists split by line when multi-line, else by comma (0.709959ms)
✔ scope options come from database / schema / keyspace roots (0.132042ms)
✔ targets fan out per picked scope; no scope = the default database (0.12975ms)
✔ the confirm phrase is the connection name for one guarded connection, else RUN n (0.148916ms)
✔ summary omits zero counts (0.083417ms)
✔ cluster lines explain the decision (0.07975ms)
✔ a partial answer replaces only its runs and keeps the targets (0.8095ms)
✔ a full answer, another job or no previous job replaces everything (0.090375ms)
✔ storage keys are the database-store-era ones (50.55025ms)
✔ defaults: warm in the background, keep-alive on (4.893709ms)
✔ previously saved prefs are read back (3.635084ms)
✔ setters persist and notify keep-alive subscribers (17.207792ms)
✔ Settings → Appearance reads the prefs module, never the database store (0.299875ms)
✔ a change made in another window is adopted here and fires keep-alive listeners once (S13-11) (3.552375ms)
✔ identifiers: backticks for MySQL/ClickHouse, double quotes for Postgres, quote chars escaped (2.309708ms)
✔ string literals: quotes and backslashes escaped per dialect (0.109875ms)
✔ injection attempts stay inside one literal on every dialect (1.438875ms)
✔ values: numbers bare only when numeric; text columns always quoted (0.122083ms)
✔ LIKE helpers escape wildcards so user text matches literally (0.129875ms)
✔ IN lists: quoted items keep commas; every item escaped (0.430833ms)
✔ operators follow the column type (0.074167ms)
✔ GROUP BY / aggregates / HAVING / ORDER BY / LIMIT — MySQL (0.186209ms)
✔ same model — PostgreSQL (double quotes, native NULLS LAST) (0.091542ms)
✔ same model — ClickHouse (uniqExact, native NULLS LAST) (0.110625ms)
✔ joins qualify every column; multi-column ON; aliases only when they differ (0.09875ms)
✔ incomplete rows are skipped, never emitted half-typed (0.063875ms)
✔ booleans: IS TRUE on MySQL/Postgres, = true on ClickHouse (0.06425ms)
✔ OFFSET without LIMIT: MySQL gets the max-limit idiom (0.06225ms)
✔ validate: loose columns under GROUP BY, with a one-click fix (0.1875ms)
✔ validate: duplicate output names, SUM of text, OFFSET without ORDER BY (0.062958ms)
✔ round trip: build → parse → build is stable on every dialect (0.510334ms)
✔ round trip: contains / starts-with / IN / BETWEEN / NULL come back as builder operators (0.215167ms)
✔ parse: hand-written SQL the builder can hold (0.128916ms)
✔ parse: what the builder cannot hold is refused with a reason (0.190541ms)
✔ list index deletion is refused without an executable mutation: LRANGE k 0 -1 (0.736583ms)
✔ list index deletion is refused without an executable mutation: LRANGE k 40 42 (0.092ms)
✔ list index deletion is refused without an executable mutation: LRANGE k 4 4 (0.05175ms)
✔ refusing list deletion retains safe edits at the actual LRANGE offset (0.293625ms)
✔ the grid delete flow cannot open or execute a Redis list mutation (77.679333ms)
✔ SREM: a member with a line break is skipped, never split into a second command (1.376333ms)
✔ HDEL (flat HGETALL) and ZREM (WITHSCORES) refuse line-broken names (0.406125ms)
✔ Insert from JSON: a line-broken field or value refuses the whole document (0.542709ms)
✔ a rename that re-emits a line-broken value from the data is refused as a whole (0.47075ms)
(node:12594) ExperimentalWarning: localStorage is not available because --localstorage-file was not provided.
(Use `node --trace-warnings ...` to show where the warning was created)
✔ restore: active connection first, the rest warm 3 at a time without stealing focus (323.958ms)
✔ restore: a close during the warm-up writes no snapshot (153.444792ms)
✔ restore: "connect on click only" leaves the other tabs idle (93.678542ms)
✔ a tab keeps its uid and its run start time across a reload (103.770041ms)
✔ a daemon restart marks open connections stale and re-warms them (76.205541ms)
(node:12596) ExperimentalWarning: localStorage is not available because --localstorage-file was not provided.
(Use `node --trace-warnings ...` to show where the warning was created)
✔ nothing is released while the total fits the budget (0.665666ms)
✔ least-recently-viewed results go first, just enough to fit (0.143625ms)
✔ pinned tabs and small results are never picked (0.094958ms)
✔ size estimate scales with rows, cell payload and batch sets (13.548834ms)
✔ a released stub keeps columns, drops rows and is recognised by identity (0.13925ms)
✔ identifiers, strings and booleans per engine (0.788542ms)
✔ quick-filter chips render per engine (S16-05) (0.22975ms)
✔ boolean chips match boolean cells by value (S16-06) (0.075083ms)
✔ string variables keep backslashes on Postgres (S16-07) (0.079958ms)
✔ Postgres splitter: dollar quotes, # operator, standard strings (S16-14) (0.451875ms)
✔ widgets: obvious writes are flagged at save time (S16-08 UI hint) (0.504958ms)
✔ schema-tree table refs are quoted per engine (S16-301) (0.131166ms)
✔ ClickHouse identifiers escape backslashes like the daemon (S16-305) (0.060875ms)
✔ no local identifier/literal quoters outside sql-dialect.ts (S16-305) (13.957375ms)
✔ export refuses statements that are obvious writes (S16-303) (0.394167ms)
✔ analyzeStatement matches countStatements + extractVars on fixtures (2.755375ms)
✔ analyzeStatement matches on a 200-INSERT paste (the lag report) (1.813584ms)
✔ analyzeStatement matches on randomized buffers (differential) (370.988ms)
✔ stmtPreview bounds list rows and tooltips (0.284375ms)
✔ MySQL: string defaults are re-emitted as literals on rename (0.857708ms)
✔ MySQL: an empty-string default is kept, not dropped (0.138ms)
✔ MySQL: expression, timestamp and numeric defaults (0.171583ms)
✔ MySQL: collation and comment are restated; untouched columns emit nothing (0.143333ms)
✔ Postgres and ClickHouse defaults are already expressions (1.1885ms)
✔ defaults: Mongo auto-verticals past 10 columns, SQL never (1.023416ms)
✔ stored per-engine prefs merge over the defaults and clamp (0.127417ms)
✔ the new key wins over a leftover legacy value (0.058167ms)
✔ legacy custom threshold: an explicit choice carries to every engine (0.0645ms)
✔ legacy "never" stays never everywhere (0.057458ms)
✔ legacy value equal to the old default takes the new defaults (0.04925ms)
✔ garbage never throws (0.07ms)
✔ LazyMount hands LoadState `empty`, or the skeleton / error never render (0.699167ms)
✔ LoadState announces loading and errors (0.184208ms)
✔ Skeleton is a labelled status region unless a parent owns the announcement (0.088917ms)
✔ Skeleton adds its loading text AFTER the status region mounts (S19-305) (0.080667ms)
✔ every overlay backdrop uses the scrim tokens, defined for each scheme (1.010166ms)
✔ Modal: only a press that began on the backdrop closes; dismissable gates every close path (0.09825ms)
✔ BottomNav "More" sheet is a real dialog (0.14725ms)
✔ motion: one global spin/pulse, and a reduced-motion alternative for .spinner (0.357ms)
✔ chart palette is the scheme-aware --cat-* set and wraps (1.356625ms)
✔ status-* tokens are not used for text in shared components (0.868541ms)
✔ Modal names its dialog by the visible title and keeps aria-label for locators (0.331083ms)
✔ status words: working states pulse, terminal states say what happened (1.298459ms)
✔ an unknown turn from an event becomes a placeholder at the front (0.286708ms)
✔ running → done merges ids, keeps a known session and asks for the full turn (0.085625ms)
✔ a late "running" never regresses a finished turn (0.057625ms)
✔ conflict carries the side version; failed carries the error (0.071916ms)
✔ mergeTurns: the server copy wins, local-only and locally finished turns survive (20.503417ms)
✔ verified citations open the reference; unverified ones are flagged and inert (0.253375ms)
✔ no provenance → only what the turn itself cites (0.063375ms)
✔ quick actions map to modes; checks never edit, fixes do (0.19775ms)
✔ "3 variants" is a variants run of 3 focused on the selection (0.126916ms)
✔ composer text → refine; n > 1 → variants (clamped to 4); generate intent kept (0.115166ms)
✔ Fix all: an accessibility review becomes an a11y turn quoting its findings (0.167834ms)
✔ variant branches parse; direction names read well (0.135333ms)
✔ variant cards: running, ready, failed, then accepted vs passed (0.201625ms)
✔ after a daemon restart (no live turns) cards come from versions + provenance (0.081417ms)
✔ a 👎 posts variant_rejected with the reason chip and direction (0.097208ms)
✔ thread: main turns and runs interleave by time; variant turns fold into their run (0.124792ms)
✔ candidate progress counts toward ≥ 3 signals across ≥ 2 designs (0.069792ms)
✔ salient terms: no stop words, longest first, unique (0.524417ms)
✔ ArtifactView approves the version shown in the confirmation despite live updates (81.814ms)
✔ brand/BrandEditor approves the version shown in the confirmation despite live updates (9.717ms)
✔ project renameProject keeps the confirmed project across route changes (4.039375ms)
✔ project archiveProject keeps the confirmed project across route changes (3.068667ms)
✔ Product sendToSwarm does not act after its confirmed story is replaced (26.515791ms)
✔ Product regenerate does not act after its confirmed story is replaced (4.58175ms)
✔ Product question posting does not follow a changed story after consent (20.024208ms)
✔ otto:// URIs parse every selector and reject malformed input (0.906959ms)
✔ links split into Uses / Used in and lineage orders provenance first with citations (0.330417ms)
✔ route parser maps every Design Hall path and falls back to the lobby (0.136916ms)
✔ there are exactly seven studios with unique ids and every format renders (0.102666ms)
✔ project stats, summary and filters (6.1455ms)
✔ epic tree groups implementing artifacts under their epic with per-studio counts (0.234291ms)
✔ signals read as one line from the bounded server payloads (0.161416ms)
✔ small helpers: titles, authors, brand colours and contrast (0.281125ms)
✔ a load that raced typing only flags a head that is really newer (S18-303) (0.068041ms)
✔ bursts collapse into one write of the final count (44.190792ms)
✔ an unchanged count is not re-sent; flush writes at once (128.44275ms)
✔ every blocking e2e gate spec exists (a rename must not empty the gate) (0.656625ms)
✔ gate lists respect the project split: desktop-* only at desktop width, none at phone width (0.213375ms)
✔ gateMatcher matches listed files exactly, not by prefix (0.397542ms)
✔ no gate spec self-skips on its gate project (project.name guards) (3.579917ms)
✔ the guard parser catches a foreign project literal and an excluding include-list (0.579ms)
✔ the gate runs on the real projects (playwright.config has no separate gate project) (0.535792ms)
✔ flaky-check --gate fails on skipped tests and on a pass count below the floor (0.323ms)
✔ flaky-check names failed tests in the step summary (0.128ms)
✔ the advisory red-count ratchet fails only when the count rises (0.711208ms)
✔ small docs emit synchronously on every edit (unchanged contract) (2.3765ms)
✔ a burst of edits on a large doc reads and emits the text once (4.458625ms)
✔ flush delivers the latest text now; a later timer is a no-op (0.127167ms)
✔ cancel drops a pending emit (doc switched under a stale binding) (0.070375ms)
✔ shrinking below the threshold emits synchronously and supersedes the pending one (0.069875ms)
✔ requestVarNames keeps varNames(requestTexts) order with body names supplied separately (3.729709ms)
✔ failed rating refreshes the durable pending state before allowing retry (42.915708ms)
✔ rating response after disposal cannot publish or refresh the old view (20.278875ms)
✔ a poll started before a rating response cannot restore its stale score (19.174ms)
✔ a current successful rating reloads the latest report rather than its response snapshot (9.767792ms)
✔ out-of-order rating replies still reload after the final write completes (5.573209ms)
✔ the parsers see the whole contract (sanity) (0.527834ms)
✔ type_name() agrees with the serde tag of every variant (0.475625ms)
✔ every Rust event is in OttoEvent and ws.md; OttoEvent has no stale tags (0.73425ms)
✔ ws.md documents no stale event tags (0.261ms)
✔ each event's fields match its OttoEvent member (names + omitted-when-empty → optional) (1.113667ms)
✔ a token change reconnects /ws/events as a first connect for the new identity (85.789125ms)
✔ a plain first connect does not reset identity caches (33.951459ms)
✔ stop() detaches the socket so a quick restart never opens a second one (S13-08) (49.809916ms)
✔ a token change mid-handshake still reconnects (31.52ms)
✔ a stopped client ignores auth changes (18.82575ms)
✔ a throwing event handler is reported once per type, a malformed frame is ignored (S13-06) (37.945042ms)
✔ events: a document that never opened the page loads no page store and fetches nothing for its events (347.160583ms)
✔ events: with the page open (its store announced), every peeked event reaches the store as before (193.823875ms)
✔ events: an allow-listed payload event still loads its store, so the page sees it on mount (48.404334ms)
✔ runWithOtto: a tick for a run the store holds nothing for, with no list loaded, fetches nothing (23.647625ms)
✔ countOccurrences: case-insensitive, non-overlapping, capped (72.980625ms)
✔ active providers: document order, hidden/detached/inactive skipped, nested dropped (15.715083ms)
✔ an inactive outer provider leaves the nested one active (9.783416ms)
✔ countOccurrences: a pre-lowered row is scanned as is (13.387167ms)
✔ findSkipped: data-find-skip subtrees and CodeMirror gutters / panels are neither counted nor painted (8.489666ms)
✔ releaseFindProviders tells every registered provider to drop its caches (28.923458ms)
✔ no owners → page find (94.9405ms)
✔ focus-owned openFind beats any pane owner (16.222ms)
✔ nothing focused → highest-ranked visible terminal (30.452125ms)
✔ a header button holding focus still routes to the pane (9.67875ms)
✔ only rank-0 (parked / hidden) owners → page find (8.175375ms)
✔ unregistered owner no longer takes ⌘F (8.952666ms)
✔ a text field / contenteditable outside the terminal keeps ⌘F on the page (43.948708ms)
✔ an xterm textarea is not "a text field elsewhere" (12.962917ms)
✔ an open modal keeps ⌘F on the page (20.56875ms)
✔ a hidden aria-modal dialog (the compact Drawer kept mounted) does not block the pane (8.313583ms)
✔ last click inside the pane (header, terminal) → the pane (8.388083ms)
✔ last click on content beside the pane (loop timeline) → page find (19.541708ms)
✔ the right panel never hands ⌘F to the terminal, even nested in the pane tree (9.003333ms)
✔ the click picks WHICH pane: a lower-ranked pane that was clicked beats an unclicked higher one (8.696875ms)
✔ a find-neutral relay (phone quick-action bar) keeps the last real interaction (12.683125ms)
✔ ranking: a title match beats a keyword-only match (0.761583ms)
✔ ranking: no query lists by frecency, most used first, capped (0.416833ms)
✔ ranking: frecency lifts a used command over an equal fuzzy match (0.283667ms)
✔ frecency boost: bounded and decays with age (0.062583ms)
✔ frecency persistence survives garbage and blocked storage (0.245708ms)
✔ rows: a command-shaped query puts the command first, Ask Otto after (0.25ms)
✔ rows: free text defaults to Ask Otto even when fuzzy hits exist (0.412083ms)
✔ rows: empty query shows commands only; hits trail with unique keys (0.263167ms)
✔ looksLikeCommand: word prefixes of the title only (0.278ms)
✔ selection wraps and handles empty lists (0.259083ms)
✔ search hits map to module routes (0.178708ms)
✔ keys: arrows, Enter, ⌘↵, Esc (0.272667ms)
✔ keys: ⌃1–⌃4 switch spaces; ⌃5, ⌘1 and ⌃⇧1 do not (0.094333ms)
✔ keys: IME composition owns every key (0.040583ms)
✔ spaces: defaults are four named, empty, unpinned (0.154042ms)
✔ spaces: round-trip keeps name/workspace/model/thread, drops transient fields (0.2595ms)
✔ spaces: garbage, wrong shapes and out-of-range values normalize (0.148584ms)
✔ spaces: a turn left pending by a closed bar is marked not run (0.124833ms)
✔ threads: capped at MAX_THREAD and patched by id (0.097ms)
✔ presence: auto docks off Home and while working, is full when open or on Home (0.093708ms)
✔ presence: overlays hide it; prefs pin, dock or turn it off (0.043542ms)
✔ geometry: panel budget clamps to the window top and the 560px cap (0.066125ms)
✔ ranking: "git" puts Go to Git above Open Git panel (whole-word Navigate hit) (0.050583ms)
✔ an existing folder passes with the daemon-normalised path — one stat, no listing (S14-306) (0.803208ms)
✔ a file blocks with an inline reason (0.137417ms)
✔ a missing folder blocks (stat 404, confirmed by browse) (0.167542ms)
✔ a daemon without /fs/stat (route 404) falls back to browse (0.088041ms)
✔ busy / forbidden / network failures do not block (the create reports real failures) (0.119708ms)
✔ statPath / browsePath encode the path (0.557792ms)
✔ New Session and the first-run coach pre-check the folder (0.222917ms)
✔ keyboard navigation reaches all entries independently of rendered window (51.129ms)
✔ selection action respects files and git-only eligibility (17.224208ms)
✔ Back and Forward preserve history until a different folder is opened (0.691083ms)
✔ each breadcrumb targets its exact ancestor including spaces, Unicode, and root (0.121792ms)
✔ shortcut persistence tolerates corrupt data and bounds unique recent folders (0.225709ms)
✔ open tabs fetch immediately, selected first, with at most two requests (96.769542ms)
✔ manual fetch joins background request and always invalidates unchanged refs (35.382292ms)
✔ hidden or unfocused windows defer fetches; closed tabs never start queued work (49.563917ms)
✔ failure backs off despite focus events; manual retry surfaces errors and clears backoff on success (29.640959ms)
✔ restart during an in-flight round does not overlap or revive the stopped timer (19.291458ms)
✔ manual requests share the global two-request limit (34.417167ms)
✔ a failed tab bootstrap can retry when the Git page opens later (24.403125ms)
✔ background fetch queued behind manual work rechecks close, stop, hidden and pause before starting (107.1265ms)
✔ manual caller promotes a queued background fetch and retains its request after tab closure (36.064125ms)
✔ background tabs unused for 15 minutes stop fetching; the selected tab and a reactivated tab continue (22.74375ms)
✔ new commits on top splice onto the immutable tail (0.424459ms)
✔ page last sha unknown → full reload (0.063ms)
✔ a commit above the boundary vanished (deleted branch) → full reload (0.04575ms)
✔ a page commit already in the old tail (reorder) → full reload (0.041417ms)
✔ nothing to splice when the page covers everything held (0.044333ms)
✔ rewinding a same-name ref outside the fresh prefix invalidates the retained tail (67.108834ms)
✔ a moved tip displaced from the fresh page also invalidates a spliced tail (29.139375ms)
✔ small lists render whole (find-in-page keeps working) (0.716625ms)
✔ a 20k-row list mounts only the viewport plus overscan, spacers cover the rest (0.132875ms)
✔ the list starting below the fold (negative rel) still renders its head (0.058125ms)
✔ scrolled past the end clamps to the tail and never inverts (0.050417ms)
✔ events union until a refresh takes them (0.687583ms)
✔ an event without paths makes the set unknown, and it stays unknown (0.080167ms)
✔ an empty list (remote refs moved) touches no file (0.062167ms)
✔ a burst past the cap degrades to unknown (0.130958ms)
✔ touches: exact file, parent directory, unknown (0.065542ms)
✔ a change to a shown repo re-reads its local status at once (145.228542ms)
✔ a repo nobody shows is ignored (33.062ms)
✔ a burst while a read is in flight costs exactly one more read (19.620875ms)
✔ a hidden window waits and reads once when visible again (28.203125ms)
✔ the open diff learns which paths a change touched, unioned across a coalesced burst (43.305125ms)
✔ a reopened operation with no unmerged files can continue (0.408375ms)
✔ SwrCache serves fresh, then stale, then drops past max age (0.733042ms)
✔ SwrCache is a bounded LRU (0.084583ms)
✔ invalidatePr drops the repo lists and only that PR (0.147792ms)
✔ a deleted-line comment renders under the deleted row only (0.787708ms)
✔ a new-side (or side-less) comment renders under the new row only (0.10675ms)
✔ outdated and line-less comments go to the file block (0.073792ms)
✔ lineAnchor: deleted → old side, everything else → new side (0.085208ms)
✔ out-of-order selectPrimary keeps the latest repo's status and PRs (140.706209ms)
✔ a stale PR list for a repo that is no longer primary is dropped (62.489375ms)
✔ workspace switch: the older repo list never overwrites the newer one (51.894333ms)
✔ a failed loadRepos is not sticky: the next call retries (52.060417ms)
✔ a detect that resolves before the repo list keeps the detected primary (32.081ms)
✔ a failed repo load surfaces an error and retries on demand (16.258ms)
✔ a non-fast-forward 409 is a rejection the user can act on (0.830167ms)
✔ a refused lease is told apart from a plain rejection (0.0625ms)
✔ anything else — auth, network, other 409s — is not a push refusal (0.056541ms)
✔ force retry carries the source and destination captured before the initial push (28.760708ms)
✔ the budget is per section, not per folder (2k branches in 40 folders) (3.835834ms)
✔ collapsed folders cost their header only and hide nothing (0.467125ms)
✔ a small section mounts everything (0.076ms)
✔ growing the budget reveals more rows (0.091958ms)
✔ inactive branches use their own upstream counts; current branch uses fresh status (0.89875ms)
✔ splitRemoteRef keeps the remote and the slash-bearing branch name (0.952917ms)
✔ deleting upstream/feature-x names and pushes to upstream, never origin (83.948666ms)
✔ discard sends the lines picked BEFORE the confirm and names the count (22.560125ms)
✔ a re-fetch while the discard confirm is open discards nothing (34.627667ms)
✔ a shift-click range picks changed lines only (S15-20) (10.276167ms)
✔ conflict edit round-trips CRLF and treats an empty editor as a deliberate empty block (0.156542ms)
✔ "Apply edit" makes the hand-edited text the resolution (2.221542ms)
✔ taking an EMPTY side records the choice (the checkbox no longer desyncs) (1.774625ms)
✔ Draft sends the selected Source as head and never re-points Source (3.508291ms)
✔ a draft landing after the sheet closed touches nothing (3.13875ms)
✔ Cancel mid-push is inert; mid-draft it asks before discarding (2.628708ms)
✔ confirming "Stop drafting and discard?" stops the drafting session (S20-305) (44.757292ms)
✔ posting a comment with an open edit sends nothing (9.800375ms)
✔ a retry is skipped when the earlier attempt already created the comment (0.221167ms)
✔ a comment declined mid "Post all" is skipped (10.727584ms)
✔ a commit draft landing after unmount opens no confirm and writes nothing (14.72925ms)
✔ bus polls keep refreshing after the timer budget is spent, toasting once (2.725083ms)
✔ merge sends expected_head_sha and explains a moved head (2.070042ms)
✔ row keys never contain NUL (CSS.escape maps it to U+FFFD) (0.193ms)
✔ PR diff view state carries across a reload for paths that still exist (0.126791ms)
✔ a lazily fetched file never borrows another file’s hunks (67.129708ms)
✔ ⌘] / Ctrl+N are left to the app; a bare ] moves to the next file (5.730708ms)
✔ a repo pick from another workspace is dropped when the repo list loads (2.019375ms)
✔ PR numbers parse from every forge URL shape (0.111958ms)
✔ markAction refuses binary and absent files, keeps marker-free text as-is (0.441042ms)
✔ "Mark file resolved" never writes an empty body over a binary or absent file (40.441584ms)
✔ a marker-free text file is marked by staging its bytes (side keep), not recomposed (4.2065ms)
✔ fileIsCrlf reads the whole file, so an empty-sided hunk inherits CRLF (0.120125ms)
✔ local + remote delete sends remote_name on the safe and the forced request (57.01075ms)
✔ the retry guard marks a found copy posted so it stops being postable (35.738291ms)
✔ a push that changed auth.rs drops its viewed mark, composer and expansions (0.236417ms)
✔ pinnedHead prefers the modal’s live read over the parent’s copy (0.05475ms)
✔ amendPublishedAt names where HEAD is published, upstream or not (0.072333ms)
✔ human verification preserves identity and evidence after reload (0.443ms)
✔ changed criterion and malformed revisions do not display accepted evidence (0.210458ms)
✔ a guest survives more than 30 s of refusals and reconnects (a slow deploy) (0.425791ms)
✔ a guest stops after the retry window (a revoked link is not hammered forever) (0.085292ms)
✔ owners keep the fast ladder forever (0.111208ms)
✔ the share page re-arms the terminal when its access re-check succeeds (0.528167ms)
✔ 100 content-neutral mutations after a pass run no further pass (1.198125ms)
✔ a size change, a relabel or a restyle re-runs the pass (0.169958ms)
✔ width cache hits only while the element signature is unchanged (0.083791ms)
✔ style writer drops same-value writes (0.420541ms)
✔ frontmatter: flat keys, trailing comments and quotes stripped, body split off (0.905208ms)
✔ frontmatter: CRLF + BOM tolerated; no block → whole text is the body (0.507292ms)
✔ parseSection: shortcuts from the Keys column, group/route/id fallbacks (1.081958ms)
✔ extractShortcuts reads every table under the heading, ignores other tables (0.966625ms)
✔ search ranks title over shortcut over summary over body (1.282375ms)
✔ key helpers normalise, detect and split chords (0.141625ms)
✔ orderSections: group order, Basics reading order, then sidebar order (0.105375ms)
✔ film manifest: missing/empty is handled, chapters validated and sorted (0.181584ms)
✔ History opens working without restarting its PTY (57.905167ms)
✔ History opens running without restarting its PTY (12.620542ms)
✔ History opens idle without restarting its PTY (18.157042ms)
✔ History never unconditionally restarts a stale inactive row whose PTY is now working (10.672ms)
✔ History Open in Chat updates a warmed Terminal view preference (12.242459ms)
✔ History opens a stale live row through safe resume if its process has since exited (8.024167ms)
✔ History resume completion ignores a destroyed origin (4.663375ms)
✔ History resume completion ignores a new-route origin (32.62ms)
✔ History resume completion ignores a workspace origin (9.183833ms)
✔ History resume completion ignores a scope origin (4.931209ms)
✔ History resume completion ignores a pending-route origin (4.13575ms)
✔ History resume completion ignores a hash-before-parse origin (4.097042ms)
✔ History import completion after departure does not start a session (53.225459ms)
✔ empty candidate page remains actionable and next request uses scanned cursor (96.225667ms)
✔ a changed filter discards an in-flight continuation and keeps the fresh cursor (9.558ms)
✔ HomeBox loads every box kind lazily (1.05ms)
✔ ResultsGrid loads its modal-only children on open (0.349167ms)
✔ CodeEditor keeps language packs and the LSP client out of its static graph (1.603208ms)
✔ service worker serves only hashed /assets/* cache-first and prunes old builds (0.500833ms)
✔ service worker never caches the proxy, plugin UIs or credentialed URLs (0.520333ms)
✔ Otto School (Classrooms) keeps three.js behind a dynamic import (2.037458ms)
✔ host pages load the Needs-you link lazily (it pulls the whole Today store) (0.416792ms)
✔ now() during an in-flight fetch coalesces into one rerun, not a new chain (4.697708ms)
✔ Home pending approvals cannot publish after workspace changes while its poll is busy (157.048792ms)
✔ Home stops displaying old scoped rows immediately on workspace switch (25.762833ms)
✔ user-started sessions count down on the 24-h manual grace, engine ones on 5 min (0.512958ms)
✔ durations read naturally at every scale (0.081834ms)
✔ settings override the grace; manual 0 = never suspended, so no hint (0.134584ms)
✔ unset or malformed settings fall back to the daemon defaults (0.380292ms)
✔ defaults mirror the daemon constants in manager.rs (2.308917ms)
✔ production scaling confirms the replica count actually submitted (119.419208ms)
✔ partial replay is a warning with retained evidence and an explicit duplicate-risk retry (15.30875ms)
✔ EC2 approval retains the account and region shown before an asynchronous route change (5.066709ms)
✔ Rds details distinguish the same resource name in different regions (3.764375ms)
✔ Eks details distinguish the same resource name in different regions (2.936708ms)
✔ SQS deletion stays bound to the approved queue and preserves a newly selected queue (6.157958ms)
✔ TableWindow renders small lists whole and windows big ones (88.714458ms)
✔ TableWindow measures the real row height and resets on a new listing (19.934917ms)
✔ podContainers mirrors the daemon (init first, live state + restarts) (42.1885ms)
✔ TableWindow.active gates windowing; a 5000-message peek mounts ≤ 150 rows (SC-08/SC-22) (7.570875ms)
✔ clipLongScalars cuts only >64 KiB strings and keeps untouched subtrees (SC-19) (14.629125ms)
✔ mergeS3Head refreshes the head and keeps the loaded pages (I9) (10.769625ms)
✔ rowAge ticks from created_at, falls back to age_seconds (perf R1) (17.336417ms)
✔ parses the title, headline and headline metrics of a daily summary (6.736083ms)
✔ parses action items: title, metric, current → target, effort, ids and status (1.009458ms)
✔ the Preview body drops the H1 and the parsed Action Plan (0.278959ms)
✔ tolerates format drift: "targets", tag words without ids, "--" separators, no bold (0.515958ms)
✔ falls back cleanly: no H1, no action plan, empty and garbage input (0.838584ms)
✔ metrics ignore action-plan numbers and bare $ rates (0.166625ms)
✔ firstSentence keeps decimals and abbreviations intact (0.082416ms)
✔ parseActionItem with no separators yields just a title (0.168958ms)
✔ parseIndex reads series + ledger and survives junk (0.176791ms)
✔ reportMetrics prefers the summary, then the index row (0.124542ms)
✔ delta tones follow whether up is good for the metric (0.085417ms)
✔ item status: ledger + summary words, regressed wins (0.176208ms)
✔ period keys and sibling artifact paths (0.158125ms)
✔ parseSummaryCached returns the same object for the same text (0.21275ms)
✔ onboarding steps are forms: Enter submits, Back/Skip/Browse are type=button (0.586167ms)
✔ password length counts code points (server: chars().count()) (0.084375ms)
✔ a dead daemon reads as "isn’t responding", not the browser’s raw error (0.057333ms)
✔ a failed optional workspace still finishes setup and toasts the error (0.084916ms)
✔ a reload after the root exists resumes the wizard (tab-scoped step) (1.002791ms)
✔ palette handlers ignore IME composition keys (0.210125ms)
✔ History ⌘K resume is registered only when the button would allow it (0.114709ms)
✔ agent-channel UI copy never shows the internal "room" noun (S20-302) (1.946125ms)
✔ an exec session resolved after unmount is deleted, not adopted (35.979167ms)
✔ a mounted view adopts the session (20.06525ms)
✔ autoExec is one-shot: openRow clears it unless the call asks for a shell (0.32675ms)
✔ autoExec is consumed once the Terminal acts on it (S16-306) (0.288917ms)
✔ a live refresh re-reads every paged-in row (0.399834ms)
✔ a live refresh never aborts a Load more, nor truncates past the server cap (0.064583ms)
✔ user-driven loads and appends are one page (0.053833ms)
✔ the ring appends in place and keeps the newest `cap` lines (1.964ms)
✔ a chunk bigger than the cap keeps only its tail (8.087625ms)
✔ the filtered view drops exactly the matches the ring trimmed (0.201583ms)
✔ pending buffer stays capped while the window is hidden (S16-12) (16.40025ms)
✔ a 5k-workload table renders only the rows near the viewport (0.46225ms)
✔ scrolling deep keeps the total height and a bounded slice (0.067708ms)
✔ the expanded detail row shifts every later row by its height (0.074959ms)
✔ the table starting below the fold and empty tables are safe (0.366042ms)
✔ the first cycle ticks at once; a burst inside the gap becomes ONE tick (4.427959ms)
✔ no ticks while hidden; one on return carrying every cluster that cycled (0.144125ms)
✔ a tick that comes due while hidden waits for visibility (0.132959ms)
✔ templates: variables, fill, RESET becomes JSON null (1.071292ms)
✔ path rule mirrors the daemon (0.294667ms)
✔ workload kinds and default port (0.67775ms)
✔ a small list polls every 10 s however slow the load was (0.430167ms)
✔ a big list waits max(30 s, 3 × the last load) (0.066209ms)
✔ the validator prefers the ETag header, else quotes the body version (0.059958ms)
✔ fleet row keys are cluster/ns/workload (+ pod in pod grouping) (0.0675ms)
✔ reuseByKey keeps unchanged objects and returns prev when nothing changed (0.891958ms)
✔ event keys are stable and made unique (0.235417ms)
✔ a conditional GET sends If-None-Match and a 304 resolves notModified (no body read) (100.773791ms)
✔ a conditional GET without a validator is a plain read that returns the body + ETag (47.976541ms)
✔ a conditional GET still throws on an error status (62.220125ms)
✔ per-cluster view state round-trips and repairs malformed fields (0.818083ms)
✔ route grammar: workspace monitor, legacy monitor, fleet and resources (0.148416ms)
✔ keys count only inside the workspace, or with focus on nothing (0.393625ms)
✔ the opt-out covers the letters but not Enter / Escape (0.09025ms)
✔ the shortcut sheet and the Help guide have the same groups, in order (2.04325ms)
✔ every group lists the same chords and actions in both places (0.241959ms)
✔ page-scoped chords that exist in code are on the sheet (0.097083ms)
✔ CodeMirror keeps ⌘D / ⌘[ / ⌘] / ⌘U / ⌘I (0.433791ms)
✔ global chords still work inside CodeMirror (0.078542ms)
✔ ⌘U never fires from a plain text field; ⌘D still splits there (0.580417ms)
✔ nothing focused / page body → the global map handles everything (0.059792ms)
✔ ⌃ never stands in for ⌘ on a Mac — ⌃K/⌃T/⌃W are text editing there (0.076334ms)
✔ isMacPlatform recognises Mac / iOS clients only (0.128875ms)
✔ a draft without a source revision becomes dirty after typing (30.794792ms)
✔ explicit Copy retries the clipboard for an unchanged persisted image (36.351959ms)
✔ keyboard Copy explicitly recopies unchanged content (15.035333ms)
✔ a dirty snip without a decoded image fails persistence without spinning (6.7725ms)
✔ close retains a draft after failed persistence and allows explicit discard (34.058666ms)
✔ close waits for the newest annotation while a previous upload is pending (6.732334ms)
✔ failed publishing preview remains unavailable until a successful retry (14.752ms)
✔ artifact keep-mine never reloads over a draft when history lookup fails (8.016292ms)
✔ Brand keep-mine retries within one save and preserves edits on retry failure (21.672167ms)
✔ SourceSearch preserves existing results and retries the failed page context (19.157625ms)
✔ an older response that lands last is not current (0.508958ms)
✔ cancel invalidates the in-flight ticket (dispose / unmount) (0.078041ms)
✔ run() drops the superseded result and keeps the latest (0.465875ms)
✔ run() swallows a superseded rejection but propagates the current one (0.24575ms)
✔ latestByKey keeps slots independent (0.127167ms)
✔ lazyModule: loads once, queues calls in order, then runs synchronously (1.648209ms)
✔ lazyModule: a failed import drops its calls and retries on the next use (2.703917ms)
✔ lazyModule: peek() sees a module that announced itself under the key, and never imports (0.409375ms)
✔ events: reconnect / restart / periodic events peek page stores instead of loading them (2.314667ms)
✔ events: only allow-listed events load a page store (`.use`) (1.534959ms)
✔ a meta listing carries its truncation flag (0.719833ms)
✔ a bare array (an older daemon) reads as complete (0.097458ms)
✔ the note names how many are shown (0.095291ms)
✔ runs once, then only on events (coalesced), with the safety net while connected (145.883458ms)
✔ socket down → catch-up run, then the fallback cadence; resync refetches (46.722791ms)
✔ socket coming up pushes a pending fallback tick out to the safety net (28.003125ms)
✔ match narrows events; stop unsubscribes and cancels timers (32.074458ms)
✔ a continuous stream still refreshes within maxWaitMs (41.816625ms)
✔ minIntervalMs caps event-driven refetches under churn (16.425167ms)
✔ numeric hidden cadence relaxes while connected (26.438834ms)
✔ no source → a plain poll at fallbackMs (12.797833ms)
✔ LiveRegistry isolates a throwing listener and reports its types (14.411875ms)
✔ maps auth / missing statuses to human causes (0.937791ms)
✔ keeps the daemon message for other statuses, falls back to the code (0.228791ms)
✔ an unreachable daemon (fetch TypeError) reads as such (0.09975ms)
✔ plain errors and junk never render empty (0.081458ms)
✔ the cap named by the engine error wins, else the counters decide (0.442125ms)
✔ a plain resume is offered only while budget remains (0.0805ms)
✔ the extend prefill is current + 50% and always above what is used (0.392292ms)
✔ delayed pause cannot insert an old loop into a new workspace (91.961375ms)
✔ delayed updateLimits cannot insert an old loop into a new workspace (32.800792ms)
✔ closing detail discards queued reruns and late iteration bodies (51.414459ms)
✔ opening B invalidates A immediately while B waits for the single-flight request (14.594875ms)
✔ late verifyCriterion does not reopen a closed detail (22.415917ms)
✔ late answerQuestion does not reopen a closed detail (75.4185ms)
✔ late retryExecutor does not reopen a closed detail (18.3715ms)
(node:12712) [DEP0205] DeprecationWarning: `module.register()` is deprecated. Use `module.registerHooks()` instead.
(Use `node --trace-deprecation ...` to show where the warning was created)
✔ renderMarkdownGfm parses the HTML once and focus-tags pre/table on that tree (10.14975ms)
✔ plain prose still takes a single parse (6.001833ms)
✔ Close Tab with no tab to close closes the pop-out window (96.121917ms)
✔ Close Tab that closed a session tab leaves the window alone (10.194333ms)
✔ closePopoutWindow never closes the main window or a pane (0.698541ms)
✔ a lone burst runs once after the quiet window (0.532875ms)
✔ a steady stream (every 200 ms) still refreshes at least every max-wait (0.185667ms)
✔ old Mission load cannot replace a newer workspace or its loading state (44.033417ms)
✔ late saved-view creation does not clear another workspace form or refresh it (7.420375ms)
✔ every kind names the module it opens in (no dead end) (63.878167ms)
✔ id-only kinds route straight to their row (16.297167ms)
✔ pr source keys split on the last colon and reject junk (4.927167ms)
✔ stop uses the owner cancel endpoint only for running, stoppable kinds (5.349958ms)
✔ every Rust WorkKind has a module, a label, an icon and a filter entry (17.665792ms)
✔ an Otto run opens in Run with Otto and stops through its own cancel (9.880208ms)
✔ Esc closes the top sheet (32.488083ms)
✔ Esc already handled inside the sheet (CodeMirror popup) keeps the modal open (5.695292ms)
✔ a busy (non-dismissable) sheet ignores Esc (9.548292ms)
✔ the Tab trap counts contenteditable editors as focusable (0.269458ms)
✔ script motion is smooth by default and instant under reduced motion (0.5845ms)
✔ reducedMotion never throws without a usable matchMedia (0.103584ms)
✔ native embedded context requires Tauri and an injected host, never query flags (0.794167ms)
✔ native pane geometry rejects hidden or invalid rectangles and clips to viewport (0.108959ms)
✔ native presence excludes hidden pane even while WebKit reports visible and focused (0.065292ms)
✔ layout coalesces during IPC and final hide cannot be overtaken by stale geometry (0.138459ms)
✔ layout continues with newest state after rejected native IPC (0.102292ms)
✔ detached surfaces remain addressable when the host split is narrow (0.113458ms)
✔ native layout scales CSS geometry by page zoom in window logical points (0.60275ms)
✔ overlay focus restoration is cancelled when detach or a new overlay wins the race (0.099292ms)
✔ native menus honor primary window focus after macOS window cycling leaves a stale side flag (7.5895ms)
✔ the shared inbox link says how many things need you (S20-07) (0.358708ms)
✔ every narrower needs-you surface links to the one canonical inbox (0.320041ms)
✔ the agent-to-agent transport is never labelled "Rooms" (the sidebar module owns that noun) (1.088417ms)
✔ mixed batch keeps recovery open and retries only the failed submitted configuration (119.9095ms)
✔ all-success batch opens each session once and closes (12.673125ms)
✔ all-failed batch stays open and can complete on retry (8.293291ms)
✔ workspace-bound failed member waits for its original workspace before retry (9.243542ms)
✔ automation notice routes resolve to the item to open (0.742875ms)
✔ a re-fired notice (same id, refreshed by the daemon) replaces the read copy (120.125834ms)
✔ an identical re-delivery is ignored (40.593208ms)
✔ a new notice is prepended (44.2645ms)
✔ awaiting-input banners only for a session you are not watching (A2) (99.798125ms)
✔ canceling a workspace switch prevents a notification from navigating in the old workspace (38.560417ms)
✔ a notice for another workspace's session switches there and opens it (22.082541ms)
✔ a notice for an archived session offers Unarchive and open (53.265292ms)
✔ a deleted session says so instead of failing silently (33.405917ms)
✔ load() keeps notices ingested while the GET was in flight and queues one trailing reload (14.312708ms)
✔ ensureLoaded() joins the in-flight first load instead of fetching twice (boot perf) (21.509167ms)
✔ identity change: a load answered for the previous identity is dropped, then re-run (S13-02) (26.885ms)
✔ a failed load with ingested rows settles, keeps the rows and reports the error (10.575542ms)
✔ the bell spins only until a load settles and shows rows + inline Retry on a failed refresh (0.416417ms)
✔ OKF verifier mapping and list derive the same advisory trust tier (0.74975ms)
✔ staleness uses an absolute inclusive deadline and verification is independent (0.136459ms)
✔ legacy and absent metadata remain readable, unknown types are accepted (0.110625ms)
✔ editing lifecycle fields preserves nested provenance and body (5.927083ms)
✔ new concept template is v0.2, draft and unverified, with YAML-safe titles (13.7135ms)
✔ ⌥ composing an ASCII symbol (DE ⌥L = @, ⌥5 = [) counts (0.434042ms)
✔ US-layout ⌥ glyphs, letters, arrows and other chords do not (0.08625ms)
✔ the hint shows once, and only while Option is Meta (0.379084ms)
✔ one word of a multi-word title never addresses the session (120.777791ms)
✔ the whole title, the handle, @handle and handle: still address (26.956042ms)
✔ close by a single title word falls through instead of archiving (45.426417ms)
✔ close <whole name> of one idle session archives at once (24.253625ms)
✔ close all / several / a working one / "stop <name>" ask first (19.253791ms)
✔ a provider close never includes background workflow / review agents (S13-04) (17.438667ms)
✔ "delete <name>" resolves by name and asks before a permanent delete (14.922333ms)
✔ a "working" plain shell is not mid-turn: close <name> archives at once (7.933875ms)
✔ scheduled save retains fields typed during PATCH and saves again to the same task (136.912792ms)
✔ scheduled create adopts its new ID while preserving post-submit edits (46.09125ms)
✔ scheduled failed save retains all newer fields (19.202166ms)
✔ scheduled agents navigation uses the form leave decision (27.306417ms)
✔ scheduled workspace navigation uses the form leave decision (40.084209ms)
✔ scheduled clean navigation does not ask, late save cannot close replacement form (35.50125ms)
✔ goal agents navigation preserves criterion and budget drafts (10.2635ms)
✔ goal workspace navigation preserves criterion and budget drafts (4.350083ms)
✔ goal budget-only changes are a draft and clean navigation does not ask (7.536542ms)
✔ late goal launch cannot redirect a replacement workspace (45.492209ms)
✔ scheduled create completion cannot replace another workspace list (51.915959ms)
✔ scheduled A-B-A ignores old A success and finally (17.145792ms)
✔ scheduled A-B-A ignores old A failure and finally (16.214209ms)
✔ scheduled reversed same-workspace load cannot replace the latest success (7.106917ms)
✔ goal create after A-B cannot reload a departed context (15.890584ms)
✔ goal create after A-B-A cannot reload a departed context (23.817375ms)
✔ goal A-B-A ignores old list success and finally (9.8945ms)
✔ goal A-B-A ignores old list failure and finally (8.576375ms)
✔ goal reversed same-workspace lists preserve the newer result (15.691291ms)
✔ goal workspace Keep retains A; Discard closes the persistent parent and never resurrects A (26.79825ms)
✔ goal clean workspace leave settles the parent without prompting (10.401375ms)
✔ goal local Cancel calls the real parent once (4.362458ms)
✔ goal discarded pending launch uses actual store without replacing B or redirecting its parent (36.633792ms)
✔ pending workflow save cannot retarget Run to B (99.529292ms)
✔ pending workflow save cannot retarget Run to null (33.301375ms)
✔ Run admission covers validation and releases after validation failure (49.3225ms)
✔ late Run response cannot install under a different workflow (30.588125ms)
✔ late version read cannot replace current drawer or its loading state (34.645834ms)
✔ Restore captures version identity before discard confirmation (7.720917ms)
✔ replacement import fetches global scope, confirms empty visible workspace, and fails closed (3.201083ms)
✔ extended budget survives Resume failure and retry skips repeat PATCH (6.725417ms)
✔ dirty work item selection retains draft and route until discard is accepted (19.3445ms)
✔ mounted tool catalogue batches 1000 decisions and releases refresh work (68.700417ms)
✔ Mission request refresh updates approvals without replacing active draft (11.079041ms)
✔ Mission approve refresh updates approvals without replacing active draft (19.327ms)
✔ Mission deny refresh updates approvals without replacing active draft (4.329291ms)
✔ Mission refresh begun before Edit cannot overwrite later typing (3.883583ms)
✔ Mission refresh keeps the original edit baseline when server fields change (3.4545ms)
✔ Mission successful Save supersedes an older same-item read (16.008ms)
✔ Mission Save preserves changes typed after submission and Cancel restores saved values (3.791666ms)
✔ Mission failed Save retains the draft and baseline (3.5465ms)
✔ Mission A-B-A reads retain the newest item visit and seed clean navigation (3.506583ms)
✔ open is first, unknown server actions are hidden (0.694209ms)
✔ the canvas hit's legacy 'Open in Canvas' label still opens (0.090042ms)
✔ a repo hit routes to its repo (0.05525ms)
✔ context names the kind, title, subtitle and id (0.075291ms)
✔ search error remains visible and a successful retry clears it (93.591916ms)
✔ superseded search cannot overwrite a newer result or raise its error (7.826708ms)
✔ paneTier maps widths onto full / compact / minimal / micro at the CSS breakpoints (0.416625ms)
✔ an unmeasured pane is full, never a flash of the minimal header (0.0605ms)
✔ tierAtMost orders the tiers widest → narrowest (0.056333ms)
✔ a stored Split preference reads as Chat; unknown values fall back to the default (0.058292ms)
✔ the view toggle flips between the two remaining views (0.051042ms)
✔ cwdLabel shows the last folder of a path (0.133875ms)
✔ paneDetails keeps only the facts that exist, in a stable order (0.428167ms)
✔ the transcript store migrates a stored Split to Chat once and drops the split fraction (183.622458ms)
✔ Home/End set the value's min/max (0.903208ms)
✔ Home/End set the value's min/max on an inverted (leading-edge) separator (0.11075ms)
✔ invert flips the arrows (and RTL mirrors them) (0.095959ms)
✔ an incremental answer prepends only new items and keeps the runs it did not carry (4.968875ms)
✔ the merged ring is capped like the daemon ring (5.155208ms)
✔ only approval events for approvals the feed shows trigger a refresh (0.120208ms)
✔ a daemon restart (new epoch) resets the cursor and items instead of freezing the feed (0.131791ms)
✔ the daemon-side reset flag is honoured even without an epoch to compare (0.080667ms)
✔ failed schedule refresh preserves known cadence and exposes a recoverable error (106.972541ms)
✔ stale schedule failure cannot finish or replace the newer loading state (45.764334ms)
✔ agent list detail fanout is bounded and obsolete queued work is skipped (83.975042ms)
✔ loadSchedules: A then B preserves independent agent results (129.442333ms)
✔ loadSchedules: B then A preserves independent agent results (27.394958ms)
✔ loadSchedules: newer same-agent result survives stale success (33.911459ms)
✔ loadSchedules: newer same-agent result survives stale failure (38.904625ms)
✔ loadRuns: A then B preserves independent agent results (18.148541ms)
✔ loadRuns: B then A preserves independent agent results (25.62725ms)
✔ loadRuns: newer same-agent result survives stale success (15.613875ms)
✔ loadRuns: newer same-agent result survives stale failure (15.544292ms)
✔ Proof filter replacement ignores old success and its loading completion (12.469333ms)
✔ Proof filter replacement ignores old failure and its loading completion (20.085833ms)
✔ Proof workspace A-B-A rejects the first A response and retains final cursor (15.4755ms)
✔ Proof old load-more success cannot publish across filter change (19.814084ms)
✔ Proof old load-more failure cannot publish across filter change (24.916791ms)
✔ Proof close invalidates pending detail success (9.168ms)
✔ Proof close invalidates pending detail failure (19.763125ms)
✔ Proof detail completion cannot clear an active list spinner (5.9365ms)
✔ Insights queued latest model drains after schedule success (8.331959ms)
✔ Insights queued latest model drains after schedule failure (6.364709ms)
✔ Insights failed queued model stays retryable after successful schedule save (5.854208ms)
✔ Insights provider reset cancels an older debounced model from the prior provider (11.183ms)
✔ Insights rejected provider preserves its model when rejection is before debounce (2.231583ms)
✔ Insights rejected provider preserves its model when rejection is after debounce (1.926834ms)
✔ Insights Retry debounce state compiles without a nonreactive update warning (109.192208ms)
✔ PAT mint keeps the uncopied secret through repeated submit and clipboard failure until Done (2.739375ms)
✔ AccountPicker exposes pending lookup and an in-place retry without losing drafts or explicit account (2.88375ms)
✔ AccountPicker provider change and unmount reject obsolete lookup publication (2.143791ms)
✔ personal agent list A-B-A keeps newer rows after stale success (58.310875ms)
✔ personal agent list A-B-A keeps newer rows after stale failure (41.828583ms)
✔ personal agent old completion does not clear a newer loading state (31.802208ms)
✔ template retry preserves the first created agent and schedule request key (54.490292ms)
✔ Athena history keeps its response region and rejects a late foreign history (21.535542ms)
✔ 100 visited Assistant threads retain only acquired data and reconnect refreshes one view (90.576458ms)
✔ late Assistant fetch and live events cannot revive released history or remove pending sends (210.185625ms)
✔ AgentDocuments navigation keeps dirty drafts and blocks pending-save departure (1.235125ms)
✔ AgentAutonomy navigation keeps dirty drafts and blocks pending-save departure (1.167084ms)
✔ in-flight guard: a due tick never overlaps a pending run (89.333666ms)
✔ failures back off x2 up to maxBackoff, success resets (14.432541ms)
✔ resolving false counts as a failure (38.167917ms)
✔ hidden: pause skips ticks with no timer, and runs once on return (8.834666ms)
✔ hidden: a numeric cadence keeps polling slower while hidden (9.577583ms)
✔ stop aborts the in-flight run and never reschedules (9.436666ms)
✔ an owner signal stops the poller; immediate:false waits one cadence (9.330375ms)
✔ jitter stays within ±fraction (22.3725ms)
✔ mapLimit caps concurrency and keeps order (19.892292ms)
✔ status backoff (Athena / Logs Insights): 1,1,2,2,3,5 then capped at 5 s (0.753458ms)
✔ status backoff: 15 s at every step while the window is hidden (0.083334ms)
✔ adaptive delay (Logs tail): 2 → 4 → 8 → 10 cap, reset to 2 on data (0.074667ms)
✔ adaptive cadence (Kafka tail): 3 → 6 → 12 → 15 cap, reset on new messages (0.092125ms)
✔ effectiveRefreshMs: all-regions mode is floored at 30 s, single region unchanged (0.07ms)
✔ pollWhileVisible honours a `get ms()` getter fed by adaptiveCadence (43.154792ms)
✔ createLimiter(2) (AccountsOverview probe stagger): never more than 2 in flight, all run (14.707125ms)
✔ quiet cadence (Kafka Overview metrics): 4 s, then 8 → 10 s after 3 unchanged samples, snaps back on change (2.142333ms)
✔ at most 8 PRs stay cached, least recently used first out (119.742ms)
✔ expired entries are swept when another PR is opened (23.6855ms)
✔ the byte budget evicts older PRs; loaded files are charged (44.0155ms)
✔ favorites first, then the visible order, mapped + deduped + capped (0.721125ms)
✔ modules the user cannot see (RBAC / hidden) are never warmed (0.075583ms)
✔ plugin routes and unknown ids are skipped (0.064666ms)
✔ only a local daemon on a non-phone without Save-Data prefetches (0.17525ms)
✔ resource attribution includes reparented owned WebKit XPCs, excludes foreign coalitions/system WebKit and driver (101.964334ms)
✔ coalition cache reuses stable identities, invalidates reused PIDs, and never keeps an exited owner (11.236834ms)
✔ Chromium keeps descendant attribution without a macOS coalition lookup (10.730709ms)
✔ DiscoveryChat late load cannot replace the newly selected conversation (43.368292ms)
✔ DiscoveryChat late failed send preserves both conversations' drafts (10.804375ms)
✔ DiscoveryChat late successful send cannot append A messages to B (10.372916ms)
✔ RefineChat late load cannot replace the newly selected conversation (5.348625ms)
✔ RefineChat late failed send preserves both conversations' drafts (6.835083ms)
✔ RefineChat late successful send cannot append A messages to B (3.251542ms)
✔ a new story always seeds the form (1.940708ms)
✔ a detail replacement keeps unsaved edits and refreshes untouched fields (0.278334ms)
✔ an unedited form follows the server (0.127791ms)
✔ after the user saves, the saved text stays in the form (0.06975ms)
✔ every Overview Jira write is confirmed before it is sent (0.731833ms)
✔ workspace-only loads never read the reactive story selection (155.142458ms)
✔ late draft mutation cannot replace a newly selected story (138.923625ms)
✔ late collection response and loading completion belong to their selection (39.218334ms)
✔ late workspace list response cannot replace the current workspace (66.4325ms)
✔ dirty Product story, tab and view transitions respect Keep editing (63.961875ms)
✔ A to B to A cannot revive a request from the earlier A lifetime (37.887166ms)
✔ S18-01: a Jira title/description write for A never patches B after a switch (34.63175ms)
✔ S18-03: captureSelection goes stale on A → B → A (a re-open is a new owner) (83.25775ms)
✔ import into 50 transcripts from the first page preserves ordinary cursor reachability (205.379791ms)
✔ import into 51 transcripts from the first page preserves ordinary cursor reachability (65.463875ms)
✔ import into 51 transcripts from an older page preserves ordinary cursor reachability (78.932833ms)
✔ import into 100 transcripts from the first page preserves ordinary cursor reachability (41.199666ms)
✔ import into 100 transcripts from an older page preserves ordinary cursor reachability (58.636458ms)
✔ a delayed pre-import page cannot replace the refreshed first page after POST (29.17875ms)
✔ leaving an off-page search reveal restores the ordinary boundary item and cursor (30.424667ms)
✔ real registry unregister stops Product search before its next cursor GET (96.748083ms)
✔ real registry unregister releases retained search rows even when the pending read rejects (101.222834ms)
✔ real asynchronous reveal honors close before expanding, painting or scrolling (132.756208ms)
✔ real asynchronous reveal honors no-results query before expanding, painting or scrolling (103.272541ms)
✔ real asynchronous reveal honors normal reveal before expanding, painting or scrolling (89.369375ms)
✔ opening collapsed transcript history transfers only a bounded thin first page (135.071625ms)
✔ expanding a thin transcript fetches its body through the actual Overview handler (93.090584ms)
✔ transcript cache enforces both byte and entry bounds and rehydrates evicted bodies (132.85325ms)
✔ summary pagination stays bounded and older collapsed search reveals the correct body (72.847875ms)
✔ failed body loading can retry without losing the selected summary (25.767167ms)
✔ late transcript body belongs to the original story lifetime (51.352959ms)
✔ an oversized body stays out of the cache and remains downloadable in full (62.969208ms)
✔ Proof list workspace change clears summaries before sidebar loads (154.528417ms)
✔ Proof detail cannot publish after its workspace changes (12.228042ms)
✔ Proof identity change invalidates pending summary reads in the same workspace (25.1395ms)
✔ readiness follows registry tool detection for built-in and custom providers (87.161167ms)
✔ context-dependent and legacy unchecked providers remain launchable without claiming readiness (22.276458ms)
✔ late story destinations cannot replace the newly selected account (68.861417ms)
✔ late rfc destinations cannot replace the newly selected account (5.904667ms)
✔ destination retry preserves the typed RFC title and parent (25.528084ms)
✔ story submit binds the exact reviewed body and metadata despite later detail updates (98.459083ms)
✔ rfc submit binds the exact reviewed body and metadata despite later detail updates (7.70025ms)
✔ a preview without a content version binds null identity and the exact empty-body digest (5.691542ms)
✔ publication conflict disables the stale preview until explicit review reload (30.9255ms)
✔ Recap unchanged completed archive polls metadata without retransferring its body (85.819334ms)
✔ Recap summary metadata alone updates without another body request (9.644625ms)
✔ Recap append beyond an older complete page updates metadata without rereading that page (27.10825ms)
✔ Recap partial newest page appends after a missed event, then resumes cheap unchanged checks (6.714458ms)
✔ Recap exact page boundary exposes the next cursor without appending 101 rows or moving the page (28.665792ms)
✔ Recap external draft replacement and removal remain observable after capture stops (5.769166ms)
✔ Recap delayed old body cannot be acknowledged as a newer draft revision (5.363917ms)
✔ Recap explicit refresh still reads body and a closed panel ignores pending body completion (13.638833ms)
✔ Recap revision error retains content and recovery clears error without rereading unchanged body (46.819291ms)
✔ Recap revision failures back off the real visible poller and recovery restores cadence (68.418291ms)
✔ a burst of edits renders only the first (running) and the newest job (2.348792ms)
✔ jobs without isStale keep strict FIFO order (0.229542ms)
✔ a failing job or a throwing isStale never wedges the chain (0.278292ms)
✔ REST DTOs: otto-core structs and their types.ts mirrors agree (3.523583ms)
✔ membership waits for snapshot and fails closed after ten seconds of silence (17.372583ms)
✔ silence deadline resets per server frame rather than rounding to the heartbeat tick (0.933834ms)
✔ a stalled WebSocket handshake reaches disconnected and retries without waiting for open (0.32875ms)
✔ signal parser rejects oversized, malformed and unknown media envelopes (0.929ms)
✔ ending room while screen permission is pending stops the late stream and publishes nothing (0.532125ms)
✔ presenter permission is required before opening a screen picker (0.087125ms)
✔ late microphone capture cannot reactivate after leaving audio (0.509792ms)
✔ a host generation change invalidates a pending guest picker even if disconnect was missed (0.139917ms)
✔ server coordinator shutdown stops the host microphone and audio context (0.195666ms)
✔ moderation mute then lift cannot revive a picker opened before moderation (0.405791ms)
✔ recap accessor exposes only the host raw live microphone and withdraws muted audio (0.336083ms)
✔ 25 screen source replacements and 25 audio rejoins reuse negotiated sender slots (18.728208ms)
✔ removing a member during a pending video replacement cannot recreate its audio mix (1.16325ms)
✔ revoking a source during pending slot reuse clears the newly attached video track (1.50075ms)
✔ a retained receiver stream binds new source IDs without another ontrack event (11.774167ms)
✔ a binding-only publisher replacement triggers forwarding to another guest (9.426208ms)
✔ offer glare still accepts ICE for the current remote generation (0.742417ms)
✔ initial ignored-offer candidates are not replayed into a different accepted generation (0.318166ms)
✔ negotiation chooses the local description after a pending remote offer changes signaling state (0.616458ms)
✔ local preview demand never subscribes to the publisher through the server (0.521042ms)
✔ revocation stops capture that resolves after the permission picker (1.328791ms)
✔ failed source replacement preserves the existing capture (0.427208ms)
✔ revoked permission is rechecked at capture commit and concurrent pickers cannot leak (0.126667ms)
✔ four-presenter host star stays under aggregate video ceiling with one full pin per viewer (0.27125ms)
✔ grid budgets are shared per viewer and hidden sources stop encoding (0.10975ms)
✔ dimensions preserve aspect ratio, never upscale and invalid metadata disables transmission (0.076625ms)
✔ host mixes exclude the recipient, room-muted, departed and locally muted senders (0.419458ms)
✔ source geometry invalidates on resize but not intentional quality downscale (0.462708ms)
✔ encodes bounded mono16k PCM WAV with clamping and duration-preserving downsampling (0.553625ms)
✔ screen difference retains first/changed frames and skips small noise (0.081208ms)
✔ bounded upload queue drops overflow and invalidates queued work when consent epoch changes (0.510333ms)
✔ invites require an explicit secure host and exactly one fragment capability (0.920958ms)
✔ room sockets carry no query credential and use the room endpoint (0.095ms)
✔ pin is local and a stopped source falls back to the terminal (0.063ms)
✔ annotation positions account for letterboxing and reject the margins (0.093667ms)
✔ only recognized automatic terminal reports are passive input (0.206ms)
✔ late annotation events cannot restore cleared or revoked marks (0.220209ms)
✔ closed Rooms view: an event bumps activity and fetches nothing (174.996334ms)
✔ open view appends the event message with no GET, deduped by id (52.221625ms)
✔ unmount evicts all but the selected room; a resync re-reads the tail (55.939708ms)
✔ go() without guards navigates (127.470708ms)
✔ a guard returning false keeps the route; true lets it through (20.690333ms)
✔ a link / typed hash is reverted when a guard declines (91.569708ms)
✔ back() asks the guards; unregistering removes the guard (44.7335ms)
✔ replace() is never guarded (55.178458ms)
✔ room invitation is captured only in memory and removed before route history is recorded (28.282708ms)
✔ openModule resumes a module where it was left; the active module goes home (48.594ms)
✔ workspace leave decisions run guards without navigating or accepting same-route exemptions (28.118375ms)
✔ a newer route decision invalidates a pending workspace decision (29.748708ms)
✔ a share token survives a reload of the guest page (tab sessionStorage), never in the URL (81.081125ms)
✔ native Back then Forward moves the in-app pointer and keeps forward history (164.070708ms)
✔ a refused native Back is undone with history.go, not by overwriting the entry (78.526792ms)
✔ an approved native Back under a guard lands on the target (43.289083ms)
✔ a new link navigation after Back still truncates forward history (39.713375ms)
✔ ContextMenu key and ⇧F10 open the menu; nothing else does (0.403791ms)
✔ keyboard menu opens at the start edge, mirrored in RTL (0.39025ms)
✔ the menu chord works from a non-editable descendant, not from a field (0.153583ms)
✔ a run with every artifact links to proof, findings, loop and branch (S20-02) (0.731458ms)
✔ a run with nothing to inspect yields no links (0.069709ms)
✔ findings and branch need a repo to resolve (0.058709ms)
✔ the evidence routes resolve to THIS run’s review and branch (S20-301) (0.115667ms)
✔ without a review id there is no findings link (nothing specific to open) (0.049916ms)
✔ older same-query detection cannot overwrite a newer result (61.990375ms)
✔ completed launch in an unmounted workspace cannot reopen its detail (11.095958ms)
✔ old list response cannot replace a newer request in the same workspace (197.45ms)
✔ launch completion does not switch the store back to a departed workspace (62.390958ms)
✔ late refresh cannot undo a confirmed cancellation (20.096917ms)
✔ workspace change clears detail and rejects late event history (9.581042ms)
✔ checkpoint-only progress merges freshness without clearing loaded pages (102.086875ms)
✔ body cache rejects another version and evicts only bounded retained bodies (30.902959ms)
✔ out-of-order run snapshots do not roll back selected details or checkpoint generation (29.745333ms)
✔ checkpoint pages preserve a row already fetched at a newer revision (6.141708ms)
✔ unchanged nodes (same detail_version + status) keep their object and fields (6.140709ms)
✔ shared node bodies: one request per (run,node) across the step list and the inspector (29.50925ms)
✔ a shared read is aborted only when every consumer that joined it aborted (9.644208ms)
✔ a contiguous live node summary applies in place; anything else refetches (perf W5) (17.818375ms)
✔ shared completed node bodies obey a 16 MiB estimated byte budget (46.545417ms)
✔ oversized shared bodies reach every joined consumer but are not cached (23.220917ms)
✔ shared completed body eviction uses last access rather than insertion order (5.884209ms)
✔ network-path references are external, not relative (0.594583ms)
✔ relative, fragment and query hrefs stay internal (0.100292ms)
✔ http(s) is external; mailto allowed but not external (0.0575ms)
✔ script-ish schemes are refused, even obfuscated (0.066959ms)
✔ data: only as a non-SVG image (0.051417ms)
✔ version cache reuses immutable selected versions with bounded bytes and entries (0.474333ms)
✔ kick-out confirms with the session, the workspace and no-undo; mid-turn says so (0.536916ms)
✔ kick-out: confirmed → delete + walk-out together, then a toast (0.467334ms)
✔ kick-out: cancelled → nothing happens; failed delete → the kid walks back (0.147ms)
✔ no actions for a kid you can’t manage (0.117375ms)
✔ detention archives (with the working hint) while the kid walks to the bench (0.114625ms)
✔ detention: a cancelled guard walks the kid back without an error (0.079708ms)
✔ release unarchives and says the kid is back (0.073708ms)
✔ actor disposal releases unique cloned skeletons and mixer bindings while preserving shared templates (5.464709ms)
✔ every workspace is a classroom door, the current one first (3.068666ms)
✔ status → pose: only real output is typing; an alive-but-quiet process sits idle (0.076125ms)
✔ each provider gets its own kid; unknown providers the custom kid (0.053875ms)
✔ seating is stable: a status change never moves a kid to another desk (0.214834ms)
✔ a room hangs behind its corridor door: back wall on the corridor, door segment on its door (0.1055ms)
✔ engine sessions sit in the back row only while live; viewers cannot manage (0.186083ms)
✔ archived sessions sit on the detention bench (newest first, max 3) (0.178583ms)
✔ complete membership keeps overflow sessions actionable while geometry stays capped (0.368416ms)
✔ roomSummary reads like a door sign (0.142458ms)
✔ a full grid of desks, each with a chair, and one door each side of the wall (0.712292ms)
✔ no furniture footprint lands on a walkway (0.534041ms)
✔ lanePath only walks axis-aligned along lanes and aisles (0.230542ms)
✔ busy kids never leave their desks; idle kids do wander, and come back (18.833125ms)
✔ a wandering kid hurries back when its session wakes up (1.858958ms)
✔ the headmaster checks on the kid that needs you first (0.57425ms)
✔ kick-out walks the kid out of the door; detention walks it to the bench (0.666666ms)
✔ restore puts a kicked kid back at its desk (the delete failed) (0.096125ms)
✔ reduced motion: nobody wanders, the headmaster stays at the board, kicks are instant (3.667167ms)
✔ every clip life asks for is in the asset contract (12.802292ms)
✔ an unanswered "needs you" frees the kid to wander after BORED_MS; a fresh one keeps the hand up (19.452291ms)
✔ hidden documents abort screen reads, suppress late feeds, and resume one nonoverlapping batch (3.514125ms)
✔ a poller created while hidden waits for reveal and still caps each batch at twelve (3.22175ms)
✔ abort terminates pending worker and ignores late messages (113.100375ms)
✔ elapsed deadline terminates a script that never replies (25.652792ms)
✔ oversized input rejects before any worker message (13.164875ms)
✔ postMessage clone failure terminates and settles exactly once (6.552ms)
✔ messageerror terminates and success cleans its worker (42.279084ms)
✔ already aborted script creates no worker (33.416791ms)
✔ pre-script keeps pm request/header and variable behavior (0.90475ms)
✔ console bursts stop retaining entries at the script output budget (7.084333ms)
✔ oversized log text is rejected before retention (0.300333ms)
✔ post-script test bursts share bounded output collection (1.751584ms)
✔ post-script keeps passed and failed pm tests plus chaining (0.192083ms)
✔ write set records explicit same-value writes and unsets but not reads (0.410375ms)
✔ writes never overlap and the last one sends the latest state (2.656875ms)
✔ a failed write does not wedge the queue (0.380042ms)
✔ BACKGROUND_SOURCES mirrors the Rust BACKGROUND_SESSION_SOURCES exactly (1.006ms)
✔ the inlined scratch id matches sessionScope (0.077417ms)
✔ isForeground / isShownKind follow the daemon rule (0.124625ms)
✔ bucketSessions: one pass reproduces every sidebar list (9.32675ms)
✔ bucketSessions on 2,360 rows stays well under a frame (25.773292ms)
✔ shownListQuery always asks for the foreground rows + channel tickets (0.133917ms)
✔ idChunks splits at the daemon cap of 64 (0.145125ms)
✔ applyOrder puts unknown ids on top newest-first, then known in order, ignores dead ids (19.288083ms)
✔ reorder pulls from and reinserts at to; unknown ids unchanged (0.115042ms)
✔ applyOrder with an empty order equals recency sort (0.087625ms)
✔ applyTokenOrder: most tokens first, unused sessions keep recent order after (0.153584ms)
✔ image upload cannot cross terminal ownership after switch (96.120625ms)
✔ image upload cannot cross terminal ownership after disconnect (13.618125ms)
✔ image upload cannot cross terminal ownership after readonly (23.337583ms)
✔ an image still owned by its connected writable terminal is pasted once (7.808375ms)
✔ in a workspace, scratch sessions the store holds for the sidebar are out of scope (0.882375ms)
✔ a scratch session opened as a tab here is on screen, so it is in scope (0.198583ms)
✔ with no workspace selected, scratch sessions are all there is (0.130459ms)
✔ applyStatusPatches: one pass, one new array, untouched rows keep identity (0.772667ms)
✔ applyStatusPatches: same array when nothing applies (0.06775ms)
✔ applyStatusPatches: a burst keeps only the newest stamp per id (Map semantics) (0.114708ms)
✔ staleStatusIds: drops unknown terminal ids, keeps loaded and live ones (0.080417ms)
✔ canDropExited: held by a tab, a pane or an in-flight fetch → stays (0.06925ms)
✔ token counts read compactly (0.485666ms)
✔ cost is an estimate with sensible floors (9.511333ms)
✔ the label puts tokens first and cost second; no usage → null (0.095083ms)
✔ run history is off unless a positive window is stored, floored like the daemon (0.38425ms)
✔ changing the window keeps every other stored retention field (0.406125ms)
✔ section ids are unique and labels are sentence case (0.55775ms)
✔ access gates: ungated for members, admin sections for settings admins, root-only groups (0.1295ms)
✔ filter matches label, keywords and group, ranking label prefixes first (1.275417ms)
✔ every section page titles itself from the registry (2.021167ms)
✔ sections backed by root-only handlers are gated on root, not settings:admin (0.112792ms)
✔ root-only handlers ↔ root-gated sections (S17-303) (1.330375ms)
✔ failed first listing retains attempted state until explicit retry (73.768666ms)
✔ transfer polling waits through finalizing and returns completed bytes (13.502708ms)
✔ pagination reaches the final omitted change and downloads retain complete source bytes (141.378917ms)
✔ identical 50k-line JSON produces no false changed lines or full-file render (58.328417ms)
✔ distant sparse changes retain equal interior lines within a fixed allocation budget (295.281083ms)
✔ distant substitutions inside 50k repeated lines preserve the unchanged common run (79.929667ms)
✔ bounded repeated-line traceback reconstructs both sources after insertions (34.88625ms)
✔ bounded repeated-line traceback reconstructs both sources after deletions (30.100125ms)
✔ bounded repeated-line traceback reconstructs both sources after reordering (24.60175ms)
✔ actual template render inputs are bounded for disjoint large sources (42.120042ms)
✔ actual template render inputs are bounded for empty-before large sources (19.758875ms)
✔ actual template render inputs are bounded for unlimited-context large sources (52.2525ms)
✔ every sidebar module routes to its own page chunk (1.640125ms)
✔ the shell imports no module page statically (0.563167ms)
✔ mermaid, sql-formatter and qrcode are never imported statically (62.720416ms)
✔ the shell chunk evaluates no page-owned store, handler file or the ui-commands catalog (perf F2) (18.519292ms)
✔ the entry chunk never carries the mock-API fixtures (perf F10) (9.498667ms)
✔ the right activity panel loads each tab on demand (perf G1) (8.901916ms)
✔ patchSessionIn keeps the array when the id is absent or the patch is a no-op (0.760209ms)
✔ rafCoalesce applies only the latest move per frame, and flush applies it now (0.146125ms)
✔ loadFrecency parses once per stored string and recordUsage never edits the shared map (0.184333ms)
✔ capNotices drops the oldest read notices first, unread only past the cap (220.096167ms)
✔ ingest keeps at most NOTICE_CAP notices (37.651041ms)
✔ plain chords split modifier glyphs into separate keys (0.763ms)
✔ a range stays one readable chip (0.065375ms)
✔ alternatives get a plain separator, not a "U / " key (0.058ms)
✔ isEmbedSearch: only embed=1 marks the side pane document (1.345ms)
✔ routeOf strips the hash prefix in every spelling (0.149667ms)
✔ paneKey groups routes by the sidebar entry that owns them (0.259958ms)
✔ paneKey matches the sidebar highlight (activeNavId) for every route shape (0.113041ms)
✔ clampShare keeps the split within 25–75% and both panes above the floor (0.100292ms)
✔ fitsTwoPanes needs room for two minimum-width panes and the divider (0.051375ms)
✔ leading/side share convert both ways for both placements (0.09625ms)
✔ leadingFromPointer is logical: mirrored in RTL (0.058958ms)
✔ nudgeLeading: arrows step (visually), Home/End limits, Enter resets (0.080333ms)
✔ saved state: round-trips, clamps, and never restores a one-time route (0.714ms)
✔ embedSrc: same page, embed flag, no window identity, the route in the hash (0.11575ms)
✔ embeddedKeyTarget: window verbs go to the host, pane verbs stay (0.080959ms)
✔ sideMenuTarget: only a focused pane takes the pane-scoped menu items (0.141958ms)
✔ readGuestMsg validates everything the host acts on (0.677667ms)
✔ readHostMsg validates what the pane acts on (0.2065ms)
✔ targetOrigin: the real origin, or * for an opaque one (0.104958ms)
✔ no favorites: no Favorites section, shipped section order (0.906459ms)
✔ favorites come first, in the saved order, and leave their own sections (1.314667ms)
✔ a section emptied by favorites disappears; a user order still applies inside Favorites (0.804958ms)
✔ favorites respect RBAC, features and plugins: an unavailable favorite is skipped (0.712917ms)
✔ favorites + hidden: hidden favorites vanish outside edit mode, stay listed while editing (0.259ms)
✔ duplicate favorite ids render once (0.10175ms)
✔ section order: saved first, unknown / duplicate / favorites ignored, missing appended in default order (0.112417ms)
✔ moveAmong: swaps with the nearest present neighbour, null at the ends (0.113ms)
✔ reorderAmong: drag lands before the target going up, after it going down (0.174958ms)
✔ insertFavorite: appends, inserts before a target, never duplicates (0.123958ms)
✔ site brand @latest resolves the same version as export (137.309917ms)
✔ site brand @approved resolves the same version as export (41.85975ms)
✔ site brand @v3 resolves the same version as export (29.182625ms)
✔ brand content beyond inline cap loads the exact resolved version (12.366792ms)
(node:12835) [DEP0205] DeprecationWarning: `module.register()` is deprecated. Use `module.registerHooks()` instead.
(Use `node --trace-deprecation ...` to show where the warning was created)
✔ site.css is byte-identical to the Rust crate copy (the export ships the same stylesheet) (11.080541ms)
✔ the catalog: ~25 section blocks across every family, all renderable (17.007833ms)
✔ the renderer escapes copy and sanitizes links and images (0.269416ms)
✔ hidden sections stay in the document but never reach the export (0.109917ms)
✔ 3D embeds show the artifact (poster, version, policy) or a stand-in card (0.162625ms)
✔ brand kits (otto-brand/1 and the legacy typography shape) become --brand-* tokens and theme slots (1.003292ms)
✔ tone and contrast follow the brand colours (0.141333ms)
✔ the validator gates structure, ids, blocks, enums and unsafe URLs (0.308709ms)
✔ six starter templates, all valid, readable ids, brand tokens only (1.733791ms)
✔ document ops never mutate their input and keep ids unique (1.029417ms)
✔ "From your library" copies carry provenance as a derived_from reference (0.228583ms)
✔ parseSite reads empty and legacy docs, and reports invalid ones (0.113917ms)
✔ audit flags low contrast, off-brand colours and missing text alternatives (0.131917ms)
✔ the co-design selection payload names the node and stays under the assist cap (0.186833ms)
✔ SD-17: ops path-copy — untouched pages, sections and blocks keep their identity (0.328333ms)
✔ S18-23: section classes built from doc fields cannot break out of the class attribute (0.190916ms)
✔ one group per name with variants in display order (no ×3 rows) (6.900958ms)
✔ sync states: unknown until bodies are read, then in sync or drifted (0.349708ms)
✔ bundled version drift marks the library copy drifted (0.760792ms)
✔ provider-only copies compare against the first provider (0.094875ms)
✔ filters: search, category, source, drifted-only; counts (0.233667ms)
✔ namesNeedingBodies lists only provider copies that have something to compare to (0.120875ms)
✔ normalizeBody ignores line endings and trailing whitespace only (0.071417ms)
✔ parseFrontmatter reads scalars, block scalars and lists (0.306625ms)
✔ a leaked block-scalar marker is not a description (0.075667ms)
✔ parseFrontmatter without frontmatter returns the whole text (0.119667ms)
✔ file deletion confirmation keeps the skill shown in the question (71.50225ms)
✔ save completing after selecting another skill cannot replace its body or files (20.062ms)
✔ review stop confirmation never targets a newly selected review (7.02875ms)
✔ review fixer completion cannot replace a newly selected review (3.821875ms)
✔ skills-eval/SkillsEvalPage: a late workspace list cannot publish into the new workspace (4.039875ms)
✔ skills-lab/SkillReviewPanel: a late workspace list cannot publish into the new workspace (3.164459ms)
✔ library replacement and removal cannot switch targets while confirmation is open (28.816375ms)
✔ provider comparison cannot cache old text under a different selected skill (6.7015ms)
✔ unchanged save acknowledges only submitted text while newer typing stays dirty (3.220208ms)
✔ GoldenTasksView list completion keeps workspace ownership (3.085917ms)
✔ MatrixView list completion keeps workspace ownership (2.783917ms)
✔ matrix stop confirmation cannot cancel the next matrix (2.592125ms)
✔ creating golden task after workspace switch cannot close the new form or publish old task (15.367667ms)
✔ annosHash is stable for equal states and changes on any edit (upload skip key) (0.511125ms)
✔ an unchanged annotation list makes zero uploads (0.461541ms)
✔ only a state that differs from the last save uploads (0.108709ms)
✔ a real change is detected (geometry, text and order) (0.102875ms)
✔ MAX_PANES is the user decision (15, not 6) (1.051667ms)
✔ insertBeside: left/up put node in a, right/down in b, axis col vs row (0.552667ms)
✔ removeLeaf collapses the parent and keeps the sibling subtree key and frac (0.109459ms)
✔ swapLeaves swaps sessions, not keys (0.124417ms)
✔ moveLeaf same key / unknown target is identity (0.083917ms)
✔ moveLeaf removes then inserts (3 leaves stay 3, new position) (0.083792ms)
✔ setFrac clamps to 0.1 and 0.9 (0.086041ms)
✔ fromLegacy n=1..4 shapes and fractions (0.115042ms)
✔ toLegacy(fromLegacy(x)) round-trips panes+axis for n=1,2 and panes for n=3,4 (0.15025ms)
✔ parseLayout: null → null tree; garbage → null (0.17725ms)
✔ parseLayout: v1 → fromLegacy (0.104ms)
✔ parseLayout: v2 with a dead leaf drops it and collapses (0.112ms)
✔ parseLayout: v2 with a missing focused → null focused (0.07625ms)
✔ parseLayout: leaves beyond MAX_PANES are trimmed (0.167875ms)
✔ applyPreset cols/rows for n=2..15: every leaf share is 1/n and depth ≤ ⌈log₂ n⌉ (0.8775ms)
✔ applyPreset one-two-below / one-two-beside shapes (0.073625ms)
✔ applyPreset grid column count 2/3/4 at n=4/9/15 (0.129834ms)
✔ replaceSession maps every matching leaf, removes on null, dedupes a replaced leaf whose target already exists (0.394792ms)
✔ retain returns the same object when nothing changes (1.803208ms)
✔ applyTileOrder: known first in order, unknown appended, dead ids skipped (0.109875ms)
✔ reorderIds pulls from and reinserts at to; unknown ids unchanged (0.056833ms)
✔ neighbour on a 2×2 rect map (right/left/down/up + null at the edge) and cross-axis overlap preference (0.179042ms)
✔ storyStage: product stages map to one label/tone; done is success, not accent (1.380875ms)
✔ sessionState: live states map to one label/tone (0.124208ms)
✔ sessionState: needs-you is amber and wins over live states only (0.070375ms)
✔ sessionState: resumable exits are suspended, never amber; plain exits end (0.080959ms)
✔ sessionState: non-zero exit code is failed; zero follows resumability (0.058ms)
✔ sessionState: stale stops working/running claims from pulsing (0.052334ms)
✔ isResumable mirrors the sidebar rule (0.042167ms)
✔ runStatus normalises every module vocabulary (0.141166ms)
✔ runStatus keeps unknown words readable and neutral (0.080292ms)
✔ envTone: prod danger, staging warning, dev neutral (0.123667ms)
✔ suspendedNote says why and when a session went dormant (A4) (0.1095ms)
✔ restartSummaryText reports kept vs suspended sessions, or nothing (0.072417ms)
✔ token references parse and label (Brand Kit name grammar) (0.596541ms)
✔ resolveColor goes through the kit resolver and falls back instead of breaking the render (0.33275ms)
✔ resolveMaterial: explicit field > preset default > renderer default (0.21025ms)
✔ applyMaterialPreset clears what the preset owns and keeps colour/opacity (0.409708ms)
✔ web budget readout (0.092625ms)
✔ easing curves start at 0, end at 1 and keep their shape (0.133875ms)
✔ stateTiming defaults, clamps and honours reduced motion (0.073708ms)
✔ statePoses = base document + that state’s overrides (0.188542ms)
✔ lerpPose tweens transforms, colours, opacity and visibility (0.261625ms)
✔ one pass yields per-agent live/done/active and swarm totals (2.681708ms)
✔ no runs → empty stats (0.0915ms)
✔ initial application hooks need no runtime; an opt-in import connects the same hooks (160.480292ms)
✔ opt-out creates no clock, span, queue or export; disabling drops in-flight work (25.755666ms)
✔ queue is bounded, exports are batched and failures do not grow an offline backlog (19.021583ms)
✔ navigation and request spans share W3C context, and arbitrary fields never leave (20.333458ms)
✔ one flush at a time; consent revocation aborts delivery and invalidates old spans (9.378792ms)
✔ failed transport spans coexist with successful calls without invented HTTP status (8.435917ms)
✔ production HTTP wrapper omits a nonexistent response status on rejection (45.32575ms)
✔ configuration fetch retries a temporary failure and never reactivates after disposal (11.2565ms)
✔ hiding a view during paint discards render and navigation instead of recording timeout latency (11.064875ms)
✔ disposal during pending config cannot activate collection (5.645083ms)
✔ disposal during pending runtime cannot activate collection (8.571959ms)
✔ a newer disabled configuration wins over a pending runtime import (4.403125ms)
✔ actual HTTP producer conforms to the shared ingest contract without exporting route identities (99.773791ms)
✔ stale daemon identity with a reachable API cannot mutate, signal or delete a fixture (119.277667ms)
✔ replacement during config retrieval cannot receive the disable mutation or lose its data (13.096417ms)
✔ one compact in flight per window; the focused pane goes first (0.796083ms)
✔ a repeated request while queued or in flight is one compact (0.071083ms)
✔ panes that left the screen are dropped, not run (0.07525ms)
✔ a pane that declines at run time frees the slot at once (0.059875ms)
✔ a lost reply frees the slot after the timeout; cancel frees it at once (0.087917ms)
✔ pauses once above HIGH and resumes once below LOW (0.977209ms)
✔ normal output below HIGH never sends flow frames (0.153459ms)
✔ a slow drain re-sends pause as a keep-alive (server auto-resumes after 2 s) (0.07825ms)
✔ no pause is sent while the socket is closed; a new stream starts unpaused (0.102041ms)
✔ hasCursorOrErase: redraws yes, plain appended output no (0.137708ms)
✔ withInOrderReset prefixes RIS and keeps the snapshot bytes (0.090084ms)
✔ WriteQueue slices ≤ WRITE_SLICE, keeps ≤ WRITE_INFLIGHT inside xterm, and loses nothing (47.78025ms)
✔ WriteQueue: xterm throwing un-counts the slice and keeps draining (0.130291ms)
✔ input over a big queue sends resync BEFORE the resume its drop triggers, and drops only the queue (0.222292ms)
✔ scrollback depths: 2k default for embeds, 4000 (the daemon depth) only where a primary pane asks for it (0.652708ms)
✔ credit: offer, grant, then no pause frames however big the backlog (0.208375ms)
✔ credit: binary snapshots are offered only on request (perf 01 N3: never to the room relay) (0.291417ms)
✔ resize-with-grid compact (perf 01 N6): a widened visible agent pane sends ONE grid-carrying scrollback (0.322417ms)
✔ credit: acks are cumulative, every CREDIT_ACK_STEP consumed, credited bytes only (0.194792ms)
✔ credit: a small granted window acks every window/4 (never waits on a remainder) (0.046208ms)
✔ credit: dropped bytes are acked (resync on input sends resync first) (0.082208ms)
✔ credit: a new socket reverts to pause mode and bytes from the old stream never ack (0.063291ms)
✔ credit: client backlog is bounded by the window independent of send rate (558.891958ms)
✔ tui clean-up: one repaint after a burst goes quiet, not one per frame (0.251709ms)
✔ tui clean-up: a never-quiet spinner is cleaned ~1×/s (was 5×/s) (0.093333ms)
✔ hold: consumed bytes are not acked while held; release acks the total once (0.091625ms)
✔ hold: release with nothing consumed, or before a grant, sends no ack (0.030709ms)
✔ hold: a dropped queue while held is acked on release (the daemon owes one snapshot) (0.045125ms)
✔ RollingStats keeps the last N and reports nearest-rank percentiles (0.417333ms)
✔ KeyLatency splits one keystroke into wire, parse and paint (0.126291ms)
✔ KeyLatency ignores output with no keystroke pending, and reset drops a sample (0.062042ms)
✔ ProbeClock pairs acks with their probe and forgets stale ones (0.101084ms)
✔ HUD formatting (0.082917ms)
✔ park: take returns the parked value once and cancels its TTL (0.886583ms)
✔ park: LRU cap evicts (and disposes) the oldest parked engine (0.155834ms)
✔ park: TTL disposes an engine nobody came back for (0.079292ms)
✔ park: re-parking a session disposes the older engine; a stale close cannot evict the newer one (0.080666ms)
✔ park: bounds are the documented ones (1.014333ms)
✔ park → adopt keeps the credit stream: acks continue on the same tag through re-pointed sinks (0.297208ms)
✔ snapshotApplies: attach/resync rebuild; a held optional compact is skipped (0.085209ms)
✔ park: a byte budget evicts the oldest engines past it, keeping the newest (perf 01 N2) (0.131417ms)
✔ park: the default budget holds ~5 worst-case (4000 × 200) engines, all PARK_CAP typical ones (0.207875ms)
✔ a new grid is sent and, in a TUI pane, compacted (0.734208ms)
✔ A→B→A: same final grid but a local reflow still asks for a snapshot (0.065125ms)
✔ nothing changed anywhere: no send, no snapshot (0.047875ms)
✔ a forced sync re-sends the same grid without a snapshot unless the buffer reflowed (1.724958ms)
✔ plain shells never compact (their scrollback reflows natively) (0.088625ms)
✔ a wider grid compacts (the widen-leaves-a-void case) (1.330916ms)
✔ a narrower grid, or a row change of at most 2, does not compact (8.7445ms)
✔ more than 2 rows either way compacts; an unknown previous grid compacts (0.202333ms)
✔ A→B→A still compacts with grids given (nothing sent, buffer reflowed) (0.1475ms)
✔ relative paths, source basenames and locations from actual CLI output (3.840333ms)
✔ quoted and markdown paths with spaces retain full destinations (1.440083ms)
✔ URL overlap, punctuation, task names, hosts and command schemes (0.207709ms)
✔ OSC8 dispatch permits only HTTP(S) and local file targets (0.180375ms)
✔ wrapped logical paths map inclusive ranges across terminal rows (1.291958ms)
✔ wide Unicode and surrogate pairs do not shift file ranges (5.723292ms)
✔ dot segments preserve filesystem symlink semantics until daemon canonicalization (1.640709ms)
✔ unquoted rooted path with spaces wins over a misleading relative suffix (0.170042ms)
✔ Codex parenthesized cyan hardwrap retains whole target on either row without linking indent (0.875667ms)
✔ Claude bold edge-filled relative path joins slash continuation from cursor-addressed next row (12.368208ms)
✔ hardwrap recognition does not combine separate files, styles, or unrelated prose (0.423084ms)
✔ rooted spaced paths stop at sentence punctuation and a subsequent explicit root (0.0945ms)
✔ mixed soft and hard wraps preserve the original absolute prefix on all three rows (1.157ms)
✔ painted trailing spaces do not make an incomplete path edge-filled (0.356042ms)
✔ a divider in a last row that shrank from 3 tiles to 2 still moves (1.353167ms)
✔ a stored row SHORTER than the live one never leaks an old weight into a drag (0.091292ms)
✔ liveTracks returns copies (editing never mutates the stored weights) (0.088792ms)
✔ TiledView edits start from the rendered weights, not the raw stored arrays (0.277458ms)
✔ the persistent container is the polite live region (0.709583ms)
✔ only an error toast has its own live role; every toast reads atomically (0.105333ms)
✔ Native light: --accent-text >= 4.5:1 on surfaces and the accent tint (1.337ms)
✔ Native light: --control-border >= 3:1 on --bg / --surface / --surface-2 (0.121833ms)
✔ Native dark: --accent-text >= 4.5:1 on surfaces and the accent tint (0.0685ms)
✔ Pro Dark: --accent-text >= 4.5:1 on surfaces and the accent tint (0.05725ms)
✔ Warm light: --accent-text >= 4.5:1 on surfaces and the accent tint (0.058167ms)
✔ Warm light: --control-border >= 3:1 on --bg / --surface / --surface-2 (0.039208ms)
✔ Warm dark: --accent-text >= 4.5:1 on surfaces and the accent tint (0.038ms)
✔ Native light: every text token >= 4.5:1 on every ground and accent tint (0.472708ms)
✔ Native light: Rail count badges >= 4.5:1 (0.113542ms)
✔ Native dark: every text token >= 4.5:1 on every ground and accent tint (0.114833ms)
✔ Native dark: Rail count badges >= 4.5:1 (0.053667ms)
✔ Pro Dark: every text token >= 4.5:1 on every ground and accent tint (0.069416ms)
✔ Pro Dark: Rail count badges >= 4.5:1 (0.032958ms)
✔ Warm light: every text token >= 4.5:1 on every ground and accent tint (0.072333ms)
✔ Warm light: Rail count badges >= 4.5:1 (0.027292ms)
✔ Warm dark: every text token >= 4.5:1 on every ground and accent tint (0.14ms)
✔ Warm dark: Rail count badges >= 4.5:1 (0.079125ms)
✔ Native light: semantic tones >= 4.5:1 on every ground and their own -soft tint (0.655209ms)
✔ Native light: Switch off/on parts >= 3:1 (WCAG 1.4.11) (0.123458ms)
✔ Native dark: semantic tones >= 4.5:1 on every ground and their own -soft tint (1.261042ms)
✔ Native dark: Switch off/on parts >= 3:1 (WCAG 1.4.11) (0.144417ms)
✔ Pro Dark: semantic tones >= 4.5:1 on every ground and their own -soft tint (0.562875ms)
✔ Pro Dark: Switch off/on parts >= 3:1 (WCAG 1.4.11) (0.137125ms)
✔ Warm light: semantic tones >= 4.5:1 on every ground and their own -soft tint (0.522042ms)
✔ Warm light: Switch off/on parts >= 3:1 (WCAG 1.4.11) (0.065375ms)
✔ Warm dark: semantic tones >= 4.5:1 on every ground and their own -soft tint (0.39225ms)
✔ Warm dark: Switch off/on parts >= 3:1 (WCAG 1.4.11) (0.051917ms)
✔ the global :focus-visible ring uses --accent-text (1.51775ms)
✔ effectiveResult: full result only while the block is still an elided preview (73.950875ms)
✔ fetchToolResult hits the tool route once per step and retries after a failure (7.892541ms)
✔ reconnect resyncs leased views only, never a cached closed session or workspace (98.400042ms)
✔ closing a pending GET prevents late touch and state publication (47.988625ms)
✔ two panes share one load and releasing one leaves the other live (46.333208ms)
✔ hidden document never resyncs or resumes a leased session (16.758917ms)
✔ resync storms bound reads to two and one trailing request per source (47.8445ms)
✔ inactive cache is bounded without deleting drafts or active older pages (46.339875ms)
✔ separate windows never release each other leases (56.503875ms)
✔ hidden pane release does not evict or abort its sibling lease on return (51.800375ms)
✔ identity reset revokes in-flight reads and clears bodies without deleting a draft (18.520041ms)
✔ existing unscoped draft is migrated once and survives the new storage namespace (24.262166ms)
✔ busy folds retry only while visible and never touch after the failed read (26.149ms)
✔ closing a subagent read releases loading and ignores a late failure after reopening (15.968833ms)
✔ releasing a large reader does not traverse or serialize its retained body (17.024333ms)
✔ parent Reload preserves accounting for retained child bodies (13.051666ms)
✔ subagent bodies are replaced whole (raw state), never mutated in place (12.941334ms)
✔ disjoint reconnect retains a reachable earlier cursor (old earlier=false) (23.287667ms)
✔ disjoint reconnect retains a reachable earlier cursor (old earlier=true) (20.308333ms)
✔ returning to live following releases paged history and keeps its recovery cursor (45.195416ms)
✔ live following bounds payload bytes as well as turn count (59.503375ms)
✔ collapsing 100 inspected subagents releases bodies while their parent stays mounted (16.198083ms)
✔ paging a 1200-turn child keeps its retained/render input window bounded (16.997083ms)
✔ collapse revokes a pending child read without affecting its mounted parent (13.424667ms)
✔ active child-body count is shared across parents and admission recovers after collapse (15.905167ms)
✔ two child consumers share a body and only final collapse releases it (13.086459ms)
✔ a permanently oversized child turn gives no impossible retry (13.76725ms)
✔ concurrent child expansion reserves capacity before fetching response bodies (18.66775ms)
✔ shared child byte budget credits replacement pages and preserves a refused destination for retry (14.143417ms)
✔ adaptive child page reduction keeps every older and newer turn reachable (42.954583ms)
✔ a late collapsed read cannot publish over or release its reopened child reservation (14.5765ms)
✔ keepalive and recovery stay passive after an explicit active-view touch (12.386458ms)
✔ alias: a network failure suspends it, retries the GET on 127.0.0.1, and a health probe re-enables it (166.745917ms)
✔ alias: suspend on socket loss, resume probes at once, re-arm clears the suspension (34.251083ms)
✔ a non-GET is never replayed on the other host after a network failure (53.247ms)
✔ lanes: long paths, api.long and an ambient bg scope reach the alias; plain calls stay interactive (71.769416ms)
✔ bg cap holds ACROSS documents (Web Locks): 2 per document, 3 app-wide (114.1745ms)
✔ poll: the first run and a manual now() are interactive; cadence and event ticks are background (8.281917ms)
✔ createLimiter: a shared gate across independent callers, abortable while queued (8.814167ms)
✔ catalog: well-formed, unique names, known risks, headless only on reads (0.69275ms)
✔ every catalog command has exactly one handler, under its module (0.597292ms)
✔ every registered handler is in the catalog (0.078459ms)
✔ uiCommands/index.ts registers every handler module (eager import or lazy names) (8.270625ms)
✔ shell-side uiCommands stay light: no handler file or catalog JSON statically imported by index.ts (0.277667ms)
✔ frames: commands are normalised and validated (0.246125ms)
✔ frames: deadlines, labels, provider names, result cap (4.00825ms)
✔ reveal: scroll by the nearest edge, and leave a tall, partly visible target alone (0.075959ms)
✔ esc escapes every HTML-significant character (0.378ms)
✔ token cells lead with tokens and end with the cost (9.74ms)
✔ the report is one self-contained, escaped HTML document (0.906458ms)
✔ empty tables say so, and own-scope reports are labelled (0.927833ms)
✔ failed report refresh cannot export a previous window as the current report (97.280875ms)
✔ a report awaiting replacement cannot export the prior session scope (49.092417ms)
✔ Remove from all workspaces confirms, and Cancel writes nothing (43.581167ms)
✔ confirmed removal writes every workspace (18.757ms)
✔ setting a role everywhere does not ask (6.966167ms)
✔ carrySeed maps previous positions onto the new node order by path (0.840292ms)
✔ applySeed keeps carried nodes and places a new node beside its neighbour (0.136708ms)
✔ ordinary Enter cannot create while the current switcher lookup is pending (55.732458ms)
✔ ordinary Enter cannot create after the current switcher lookup failed (8.853792ms)
✔ a switcher result from the previous vault cannot populate the current vault (3.669042ms)
✔ successful empty current lookup allows deliberate Enter creation (3.280666ms)
✔ Down during a pending lookup still lets Enter open the first arriving result (2.935292ms)
✔ successful multiple switcher results retain bounded keyboard movement (2.534666ms)
✔ Down during pending empty lookup does not prevent deliberate creation after success (2.535125ms)
✔ refine does not dispatch after the before-snapshot outlives its workspace (32.286875ms)
✔ refine result cannot adopt a previous workspace session (15.153625ms)
✔ docs start response cannot select the old run in a newly selected vault (5.901584ms)
✔ resolving one docs run cannot replace a newly selected run (5.558458ms)
✔ only notes over 64 KB leave the main thread (0.880083ms)
✔ the placeholder is the escaped plain body, marked busy (0.22875ms)
✔ a timed-out worker render never re-runs on the main thread (S18-305) (0.0675ms)
✔ preview at the same path belongs to the newly selected vault (64.150084ms)
✔ delayed preview never reads the old path in another vault (42.437292ms)
✔ preview refreshes after the content generation changes (8.560333ms)
✔ structured properties preserve unknown YAML fields, comments and the exact body (12.917333ms)
✔ blank values remove a property and malformed frontmatter is refused (1.016166ms)
✔ tag refresh failure keeps the last good tags available (127.03375ms)
✔ switcher transport failure remains distinguishable from an empty lookup (51.605458ms)
✔ backlink refresh failure retains current note links and exposes retry state (28.274125ms)
✔ backlink pending and stale failure stay with the current note request (23.764334ms)
✔ switching notes clears old backlinks before the new read and never restores old errors (25.035916ms)
✔ backlink refresh resets the visible window and allows rehydrating edited sources (25.067833ms)
✔ failed save retains draft, conflict and current tab on navigation (24.040125ms)
✔ last dirty tab stays open when saving fails (19.736625ms)
✔ scan completion refreshes a clean open note even when counts are unchanged (20.992417ms)
✔ scan completion preserves local draft and flags the external change (21.52625ms)
✔ navigation awaits the in-flight save and drains edits typed during it (21.859084ms)
✔ vault switching retains a dirty note if the save fails (18.471708ms)
✔ refresh only requests visible branches and invalidates collapsed children (20.032125ms)
✔ collapse during a refresh is preserved when pending directory results arrive (16.86075ms)
✔ reopening a still-loading branch ignores the older directory response (16.832125ms)
✔ transient busy 409 keeps the draft, raises no conflict banner and retries (719.472167ms)
✔ an equal status poll keeps the status object (graph effects key off it) (26.117209ms)
✔ own save skips the backlinks reload and the note re-read when links are unchanged (25.610084ms)
✔ own save re-reads the note once when its link set changed (25.724ms)
✔ S18-20: a poll read issued before an autosave never reverts the editor after it (18.919125ms)
✔ S18-21: navigation blocked by a conflict says why (18.763041ms)
✔ S18-22: agent-staged text is never written as a recovery draft (473.6315ms)
✔ completed OKF toggle never selects its old vault over the current one (49.684208ms)
✔ rename response cannot rename another vault tabs at the same path (25.183541ms)
✔ create note response cannot navigate the newly selected vault (19.350542ms)
✔ clearing search invalidates an earlier pending response and busy state (18.007166ms)
✔ noteKind recognises OKF types case/separator-insensitively and rejects plain notes (0.522625ms)
✔ plain and reserved notes get no structured model (0.184375ms)
✔ frontmatter owners/status/environments/dependencies become header facts and cards (2.061791ms)
✔ cards fall back to the body section (bullets and first table column, wikilinks reduced) (0.956916ms)
✔ sectionLines ignores headings inside code fences (0.100542ms)
✔ API endpoint operation comes from resource; repo hints from a path resource (0.308584ms)
✔ asList flattens scalars, comma strings, object lists and maps (0.117292ms)
✔ name matching is normalised and ignores too-short hints (0.103917ms)
✔ repo matching by path, basename and remote slug (0.211458ms)
✔ workload kinds map to resource-table routes; previews strip markup (0.202541ms)
✔ visible directory requests are bounded to four and old nodes are immutable (0.686125ms)
✔ stale navigation never mutates a previously shown nested node (0.393208ms)
✔ a stale collapsed branch refreshes preserved open descendants on reopening (0.141542ms)
✔ the file extension wins over the content (0.530959ms)
✔ content sniffing per language (1.159416ms)
✔ effectiveLanguage: auto resolves, an explicit override sticks (0.071708ms)
✔ every language maps to a CodeEditor key and an extension (0.14275ms)
✔ svg behind an xml prologue and comments is still svg, in linear time (12.912542ms)
✔ json: pretty prints and keeps the trailing-newline policy (0.695875ms)
✔ json: an error reports a line and column and changes nothing (0.378834ms)
✔ json: error position parsing across engine message formats (0.365125ms)
✔ yaml: normalises and reports parse errors with a line (22.334ms)
✔ sql: formats and keeps :name, {name} and {{name}} placeholders intact (85.756125ms)
✔ html: indents block elements, keeps <pre>/<script> verbatim, idempotent (0.599417ms)
✔ xml: pretty prints, keeps attributes, CDATA and comments, flags mismatches (0.219ms)
✔ html: tolerant of stray end tags and implicit closes (0.076542ms)
✔ csv: round-trips quotes, delimiters and embedded newlines (0.289291ms)
✔ markdown/toml/code: conservative whitespace normalisation, idempotent (0.456833ms)
✔ canFormat covers the text languages but not images (0.057541ms)
✔ sql: all three syntaxes, counts and first index (1.130917ms)
✔ sql: skips literals, comments, casts and keys — same as the DB editor (0.181625ms)
✔ non-sql: only {name} / {{name}}, including inside JSON strings (0.124459ms)
✔ fill: substitutes known non-empty values, leaves the rest (0.115916ms)
✔ previewKind maps languages to renderers (0.4175ms)
✔ lineColAt is 1-based and counts newlines (0.395084ms)
✔ parseJsonWithPos parses or reports a position (0.185875ms)
✔ csvView caps rows, pads width, drops trailing blank row (0.088ms)
✔ svgDataUrl encodes markup (0.053875ms)
✔ format completion cannot replace the newly selected file or later keystrokes (57.285667ms)
✔ reload confirmation cannot discard a newly selected file (10.645542ms)
✔ image upload cannot insert an old workspace asset into a different workspace (7.1515ms)
✔ unchanged editor still receives its format result (16.262959ms)
✔ Workbench revision wrapper transmits bounded limit and exclusive cursor without changing direct revision URLs (53.775875ms)
✔ History requests one bounded exclusive page and replaces the rendered window (10.651958ms)
✔ History superseded success cannot publish rows, error, or loading (5.936042ms)
✔ History superseded failure cannot publish rows, error, or loading (4.734209ms)
✔ History A-B-A navigation rejects the first A response (6.880416ms)
✔ History restore approval stays bound to the selected revision (5.868208ms)
✔ History changed document cancels pending restore approval before mutation (5.852833ms)
✔ History old restore completion cannot replace a newly selected document (3.523875ms)
✔ History actual destroy callback cancels pending restore approval (3.269459ms)
✔ History A-B-A visit cancels earlier restore approval (6.70425ms)
✔ History navigation goes back without retaining prior page rows (3.584584ms)
✔ create finishing after workspace switch cannot add an old doc to the new workspace (81.967208ms)
✔ metadata and restore completions remain with their originating workspace (44.726375ms)
✔ remote reload cannot overwrite edits made while its response is pending (13.989792ms)
✔ failed initial list preserves persisted tabs for Retry (15.601958ms)
✔ trash does not discard a dirty buffer after its save failed (14.162875ms)
✔ ordinary reload and same-workspace create still publish (15.925958ms)
✔ a remote change while dirty cancels the pending autosave and holds later ones (990.620667ms)
✔ content saves carry if_hash; a 409 raises the banner instead of an error (22.468708ms)
✔ an event with our own hash (or an older rev) is ignored (16.147916ms)
✔ a save to a trashed doc says so instead of the "changed elsewhere" banner (S18-307) (19.180125ms)
✔ explicit zero survives save while use-default retains agent retry policy (0.443917ms)
✔ default event uses a supported canonical identifier (11.749583ms)
✔ editing cron destinations preserves cursor and extension settings (1.173167ms)
✔ event filters and cleared destinations round trip (0.830458ms)
✔ use default clears legacy nested policies without removing step parameters (0.09525ms)
✔ workflow approval loads the full exact pending gate preview (55.686875ms)
✔ workflow approval rejects a different detail version and supports Retry (13.971917ms)
✔ departed run cannot adopt a late approval preview (10.26825ms)
✔ Product approve submits the displayed preview identity, not the latest summary (9.652041ms)
✔ Product deny submits the displayed preview identity, not the latest summary (8.011084ms)
✔ Product approval cannot submit without a successfully displayed preview (7.920333ms)
✔ stale Product approval conflict invalidates the displayed identity before another click (7.818834ms)
✔ ordinary non-Product approvals keep their existing request shape (7.712625ms)
✔ completed await:false node discovers a later summarizer and retains captured history (0.743541ms)
✔ reload resolves associations and retries from durable output on older runs (0.109333ms)
✔ review cancellation and fallback override suspended session lifecycle (0.080458ms)
✔ Suggest never pre-fills outward or fake values (0.51925ms)
✔ the example is placeholder-only and lists the destinations (0.138166ms)
✔ placeholder values are found by path, real values pass (0.079708ms)
✔ result destinations mirror the engine (0.398042ms)
✔ workflow version wrapper requests bounded summaries and an exclusive cursor, leaving full detail separate (40.872083ms)
✔ workflow version drawer keeps one bounded window and can page to the oldest version across a new save (26.091959ms)
✔ version drawer rejects stale failure/finally and retries the exact failed older page (10.980042ms)
ℹ tests 1828
ℹ suites 0
ℹ pass 1827
ℹ fail 1
ℹ cancelled 0
ℹ skipped 0
ℹ todo 0
ℹ duration_ms 16171.007791

✖ failing tests:

test at unit/composerSendOwnership.test.ts:24:1
✖ production send keeps a remounted draft and allows only one pending request (49.726459ms)
  ReferenceError [Error]: restoreComposerFocus is not defined
      at send (eval at mount (file:///Users/itziklavon/otto_os/ui/unit/composerSendOwnership.test.ts:45:12), <anonymous>:32:9)
      at async Promise.all (index 0)
      at async TestContext.<anonymous> (file:///Users/itziklavon/otto_os/ui/unit/composerSendOwnership.test.ts:54:22)
      at async Test.run (node:internal/test_runner/test:1409:7)
      at async Test.processPendingSubtests (node:internal/test_runner/test:974:7)
