
> ui@0.2.0 test:unit
> node --test 'unit/**/*.test.ts'

✔ scratch broadcasts are allowed while mixed and missing recipients are refused (0.787375ms)
✔ saved view filters combine provider, repository and minimum cost (0.108875ms)
✔ tokens parse for every combination (0.742708ms)
✔ generated palettes stay inside the scheme luminance band for any accent (1.20275ms)
✔ photo pixels are clamped into the band (0.598292ms)
✔ text and dim text on chrome glass are AA over every ambient pixel, all five combinations (2.301208ms)
✔ raised glass (menus, palette) is AA over app surfaces; --text survives any backdrop (0.151542ms)
✔ ambientImage: none, a translucent wash, an opaque wallpaper, or the photo (0.660416ms)
✔ API-created minimal automation is editable without assertion/extraction arrays (0.826583ms)
✔ editing an assertion does not mutate the persisted automation snapshot (0.162125ms)
✔ save completion belongs to the initiating tab, never the newly active tab (166.297125ms)
✔ runtime variables are scoped to the restored workspace (111.821791ms)
✔ cleared extras serialize explicitly, and gRPC schema/method round trip (69.005833ms)
✔ OAuth completion updates originating inactive tab and keeps later auth edits (72.624584ms)
✔ cancel during asynchronous pre-script prevents HTTP and clears sending (84.354709ms)
✔ closing the initiating tab cancels a pending pre-script (55.099375ms)
✔ replaced execution ignores late pre-script even with the same tab identity (75.017375ms)
✔ environment stays with the execution snapshot while pre-script is pending (84.814291ms)
✔ curl import cannot land in a different workspace after parsing (81.675292ms)
✔ file import retains its workspace while the file is being read (40.969083ms)
✔ an automation start response cannot publish into the next workspace (116.119042ms)
✔ GraphQL introspection cannot publish another tab or edited endpoint schema (84.756166ms)
✔ a loaded GraphQL schema is visible only for the request that owns it (37.897917ms)
✔ opening a saved request never replaces unsaved edits in the active tab (72.15825ms)
✔ a pristine blank tab is reused when opening a saved request (102.467125ms)
✔ history replay rehydrates masked credentials from the saved request, never sends *** (27.603667ms)
✔ automation runs poll deltas and append only the new steps (2060.465042ms)
✔ import creates every item in order and reloads the lists once (37.907ms)
✔ opening a saved request fetches its full row once and reuses it (34.68525ms)
✔ a restored tab whose saved row is not loaded yet is never repurposed (36.898ms)
✔ a final run_progress during an in-flight delta GET is latched, not dropped (42.764042ms)
✔ run_progress wakes are coalesced to one delta GET per 250 ms (840.13475ms)
✔ api_client_changed patches the loaded workspace and expires others (1549.205375ms)
✔ switching tabs keeps each tab its own response (40.9495ms)
✔ two tabs send concurrently; a background tab’s response is kept, never cancelled (26.971291ms)
✔ cancel only stops the active tab’s send (29.893333ms)
✔ opening a history entry shows its stored response, flagged as from history (41.258041ms)
✔ api_history_appended refetches only a history list someone asked for (perf H1) (683.234666ms)
✔ concurrent script writes preserve newer unrelated variables: console.log('done') (31.32825ms)
✔ concurrent script writes preserve newer unrelated variables: pm.variables.set('a','one') (30.780541ms)
✔ concurrent script writes preserve newer unrelated variables: pm.variables.unset('remove') (26.515542ms)
✔ loadCollections: late response cannot overwrite workspace B (361.029ms)
✔ saveCollection: completed write returns to caller but cannot publish into workspace B (366.698791ms)
✔ loadCollections: late response cannot overwrite a new A visit (495.30425ms)
✔ saveCollection: completed write returns to caller but cannot publish into a new A visit (526.6315ms)
✔ saveCollection: stale failure does not toast over the new workspace (366.799375ms)
✔ loadEnvironments: late response cannot overwrite workspace B (349.558083ms)
✔ saveEnvironment: completed write returns to caller but cannot publish into workspace B (368.300625ms)
✔ loadEnvironments: late response cannot overwrite a new A visit (481.900042ms)
✔ saveEnvironment: completed write returns to caller but cannot publish into a new A visit (512.214792ms)
✔ saveEnvironment: stale failure does not toast over the new workspace (366.952625ms)
✔ loadAutomations: late response cannot overwrite workspace B (367.89975ms)
✔ saveAutomation: completed write returns to caller but cannot publish into workspace B (369.84375ms)
✔ loadAutomations: late response cannot overwrite a new A visit (522.92675ms)
✔ saveAutomation: completed write returns to caller but cannot publish into a new A visit (519.592417ms)
✔ saveAutomation: stale failure does not toast over the new workspace (354.999792ms)
✔ loadCollections: stale error cannot mark a successfully loaded empty workspace as failed (370.16125ms)
✔ loadRequests: stale error cannot mark a successfully loaded empty workspace as failed (368.177625ms)
✔ loadEnvironments: stale error cannot mark a successfully loaded empty workspace as failed (355.382417ms)
✔ late activation cannot clear the new workspace active environment or change its next Send (367.966125ms)
✔ loadAll: old A success cannot overwrite the fresh A visit after A-B-A (369.744375ms)
✔ loadAll: obsolete A failure cannot clear the loading state of a newer A visit (366.202625ms)
✔ lists stay pending until this workspace settles once — a refetch never re-enters "not loaded" (356.168208ms)
✔ a stalled interactive GET rejects with a timeout ApiError (201.111916ms)
✔ a caller abort stays an AbortError (not reported as a timeout) (43.130541ms)
✔ writes and the long lane carry no default deadline (114.2285ms)
✔ authedText: a 401 dispatches the unauthorized event like api.* (38.062833ms)
✔ GraphQL variables: blank → {}, object passes, bad JSON names the line (0.851666ms)
✔ history direct and event invalidations share one snapshot, including duplicate event during fetch (0.655166ms)
✔ history append after fetch began produces exactly one necessary followup (0.139833ms)
✔ history workspace replacement aborts and ignores old response (0.453708ms)
✔ history detail cannot overwrite another selection, workspace, tab or edited draft (0.210208ms)
✔ detail failure preserves draft and clears only its own pending state (0.117ms)
✔ postman secret and credential-named variables import as Keychain secrets (0.816333ms)
✔ an environment without secrets sends no secret values (0.074875ms)
✔ a small response opens two levels (0.712417ms)
✔ a root array of wide objects does not open every row (bounded mount) (1.469417ms)
✔ a scalar root opens nothing but itself (0.061875ms)
✔ a clicked commit diff stays on the interactive lane (167.423959ms)
✔ history walks and remote git still use the long lane (33.991042ms)
✔ a DB schema load or object open (both can dial) uses the long lane (124.132ms)
✔ empty error responses reject instead of reporting a successful mutation (175.350167ms)
✔ accepted JSON responses retain the updated object (43.182042ms)
✔ genuinely empty accepted and no-content responses resolve without JSON parsing (104.695166ms)
✔ declared text types are always text (0.581542ms)
✔ binary payloads are detected by their decoded bytes (0.141833ms)
✔ persisted tabs never carry plaintext credentials (0.779375ms)
✔ a saved-request tab persists the stored marker, not the typed replacement (0.102542ms)
✔ history replay never sends the literal mask (0.149542ms)
✔ credential-carrying keys mirror the daemon (0.063334ms)
✔ the storage banner is offered only past a size with no limit for that part (0.396042ms)
✔ presets always set a limit (none deletes by default) and sizes read (0.105ms)
✔ late callbacks from a replaced socket cannot mutate current stream (75.665875ms)
✔ switching request tabs closes the previous relay and clears its console (15.291791ms)
✔ stream console retains a bounded tail and counts discarded messages (23.019041ms)
✔ a message burst updates the console once per animation frame (8.833208ms)
✔ variables resolve in daemon order: built-ins, session, environment, secret, missing (0.760459ms)
✔ variable discovery and highlight segments (0.26075ms)
✔ method and status tones carry words, not only colour (0.635458ms)
✔ collection paths follow the tree order (7.137125ms)
✔ url split and Set-Cookie parsing (0.2175ms)
✔ JSON tree search finds keys and values and opens their ancestors (0.287542ms)
✔ duplicating a request never copies another request’s Keychain marker (0.106292ms)
✔ every user-facing archive goes through ws.requestArchive (2.698083ms)
✔ requestArchive confirms a working agent before archiving (0.245917ms)
✔ SessionView "Save & restart" runs the restart working-guard first (0.101458ms)
✔ a leading @codex routes the turn; the daemon-bound text drops it (0.87475ms)
✔ mid-sentence mentions, emails, handles and other providers never route (0.085667ms)
✔ provider labels read like the mockup chip (0.133375ms)
✔ threads split into Spaces 01–04 and Recent (newest first) (1.753ms)
✔ the page opens on the remembered thread, else the latest (0.304167ms)
✔ turn kinds map to cards; one card per task; unreferenced thread tasks still show (0.558375ms)
✔ memory chip payloads are validated (0.273167ms)
✔ memory chips sit on the reply that follows them; cards land by time (0.417541ms)
✔ timestamps with different precision still order as instants (0.234375ms)
✔ replies of the current session come from the transcript; older providers stay from the index (0.982125ms)
✔ without a session the index is the whole conversation (0.21125ms)
✔ provider inference from a model id (0.226167ms)
✔ the queue holds exactly the tasks whose newest row is needs_you (0.212834ms)
✔ stale frames and slow snapshots never roll the queue back (0.068083ms)
✔ a snapshot drops what left the queue but keeps what arrived while it was in flight (0.065709ms)
✔ per-thread counts (0.065125ms)
✔ tasks group into board columns, newest change first (0.079833ms)
✔ reminders read Scheduled / Delivered (0.046375ms)
✔ upsertNewer ignores stale rows (0.068459ms)
✔ browser progress is read defensively from result.browser (0.088083ms)
✔ keyword lists and load share (0.155833ms)
✔ limit notice text (0.041541ms)
✔ reminder labels (14.66775ms)
✔ thread paging retains rows on failure, retries the same offset and deduplicates (200.850875ms)
✔ refresh invalidates an older page and selected older thread survives refresh (31.12875ms)
✔ selected thread late failure cannot replace a newer selection (35.37925ms)
✔ page find includes an unloaded provider match beyond the first transcript page (70.074416ms)
✔ a late old async provider query cannot replace the current matches (20.610667ms)
✔ remote find failure is visible rather than reporting whole-history absence (5.7165ms)
✔ a failed departed provider cannot report its error in the replacement provider (7.084541ms)
✔ closing find aborts pending provider search and prevents late results (6.820791ms)
✔ boot: the saved workspace's session list goes out with /workspaces, and is used once (perf G3) (253.130875ms)
✔ boot: a saved workspace that no longer exists drops its speculative list (perf G3) (76.128459ms)
✔ the archived probe stops once it found rows, and keeps asking while there are none (perf G7) (1193.535958ms)
✔ late workspace selection cannot publish sessions or restore the old layout (37.716375ms)
✔ concurrent refreshes in one workspace coalesce into one trailing load (50.349334ms)
✔ selection waits for a superseding refresh before restoring saved tabs (40.284541ms)
✔ old History pagination cannot append to a new provider list (9.087041ms)
✔ failed workspace selection clears foreign sessions and retry restores the selected layout (25.83975ms)
✔ archive events synchronize membership in two independent windows (118.217292ms)
✔ workspace changes ask before identity, tabs or persistence are replaced (44.041167ms)
✔ same-workspace selection cancels a pending workspace leave decision (40.817292ms)
✔ a successful workspace leave saves against the original workspace before switching (58.38175ms)
✔ canceling current workspace archive sends no archive request (89.419792ms)
✔ approved workspace archive asks once and selects its fallback (48.85325ms)
✔ an archive response cannot redirect a newer completed workspace selection (92.116583ms)
✔ archiving the last workspace asks once then enters scratch context (40.764042ms)
✔ a selection made while /workspaces is in flight keeps the list and settles it (side-pane guest) (37.835541ms)
✔ a 401 on /auth/me clears the token and asks for login (168.960792ms)
✔ a 5xx / transport failure keeps the token and stays offline (polled) (25.826041ms)
✔ a failed re-boot of a running app keeps the shell up (14.812833ms)
✔ a stalled /meta moves boot to offline instead of spinning forever (S13-05) (17.559625ms)
✔ a stalled /meta on an in-place re-boot keeps the running shell up (S13-304) (14.069458ms)
✔ a late impersonation identity cannot replace a newer sign-in (8.715875ms)
✔ failed impersonation start blocks actions until the current bearer identity is verified (38.414375ms)
✔ failed impersonation stop blocks actions until the current bearer identity is verified (32.817583ms)
✔ impersonation start lives in this tab's sessionStorage, not shared localStorage (S13-07) (10.74725ms)
✔ the impersonation bearer stays in this tab — the shared token is never overwritten (S13-303) (12.468708ms)
✔ an expired impersonation (4401 → 401 path) falls back to the admin session (S13-302) (31.483792ms)
✔ a re-boot whose impersonation token expired lands on the admin, not sign-in (S13-302) (41.934542ms)
✔ the insights report frame is script-only: no popups, no same-origin (0.603125ms)
✔ the insights link bridge only honours the frame, http(s), a user gesture and a rate limit (0.15775ms)
✔ plugin frames: messages are source-checked and the slug is validated before framing (0.10675ms)
✔ latestOnly: a superseded ticket is not current and its signal aborts (115.560834ms)
✔ loops: a background poll landing after Pause cannot restore "running" (63.020834ms)
✔ loops: answerQuestion encodes the question id (42.227625ms)
✔ scheduled tasks: the start snapshot landing after the finish one is dropped (15.622ms)
✔ lazyComponent: a failed prefetch stays silent and the first open retries (8.548875ms)
✔ the Automate chooser lists the overlapping automations that live outside Automate (S20-18) (0.676125ms)
✔ every Automate page offers the chooser beyond its empty state (0.759417ms)
✔ the chooser hides modules the user cannot open, using the sidebar gate (S20-307) (3.587125ms)
✔ loops/LoopDetail del acts on the target named by its confirmation (84.049083ms)
✔ loops/LoopDetail stop acts on the target named by its confirmation (4.620417ms)
✔ run-with-otto/RunDetail cancel acts on the target named by its confirmation (2.915625ms)
✔ run-with-otto/RunDetail openPr acts on the target named by its confirmation (2.853375ms)
✔ proof/ProofPage removePack keeps its confirmed target after navigation (16.959083ms)
✔ proof/ProofPage assemble keeps its confirmed target after navigation (6.175333ms)
✔ proof/ProofPage newPack keeps its confirmed target after navigation (40.747208ms)
✔ workflows/WorkflowsPage stop keeps its confirmed target after navigation (32.74225ms)
✔ reads pass without a confirm (0.539208ms)
✔ DDL, DML and unknown statements need a confirm (0.124ms)
✔ base64ToBytes round-trips binary data (native fromBase64 when present) (5.618458ms)
✔ the atob fallback decodes identically (2.160291ms)
✔ brandCssVars uses the contract names (same as the server CSS export) (1.296792ms)
✔ resolveToken covers every group, sub-properties and css vars (0.38325ms)
✔ parseTokenRef and tokenRefs mirror the server (0.296334ms)
✔ cssIdent kebab-cases like the Rust exporter (0.08125ms)
✔ contrast: WCAG ratios, levels, ink and on-colour (0.208833ms)
✔ diffTokens reports changed / added / removed with canonical values (0.245792ms)
✔ validateBrandDoc mirrors the server rules (6.098166ms)
✔ normalizeBrandDoc tidies loose values and migrates the Phase 0 scaffold (1.609459ms)
✔ every starter kit validates and has readable primaries (1.514708ms)
✔ editing helpers keep order and pick unique names (1.557417ms)
✔ late annotation read cannot replace another active tab marks (213.194917ms)
✔ creating a mark then switching tabs does not append to the new page (23.808625ms)
✔ the script fills only on the credential domain or its subdomains (0.630083ms)
✔ the script refuses a downgrade to plain http off loopback (0.145125ms)
✔ the password and username are JSON-escaped into the script (0.130625ms)
✔ host-side re-check: a redirect during the confirmation blocks the fill (0.097291ms)
✔ eval results are normalised whether quoted or raw (0.090667ms)
✔ the in-page origin check survives a page that poisons String built-ins (S18-307) (0.172458ms)
✔ fitContain letterboxes a wide frame top/bottom and centres it (0.870125ms)
✔ fitContain pillarboxes a tall frame left/right (0.068542ms)
✔ fitContain with a degenerate size draws nothing (0.04825ms)
✔ clientToPage maps through a 2x (retina) frame to CSS px (0.103541ms)
✔ clientToPage handles a downscaled frame (image smaller than the viewport) (0.05775ms)
✔ clientToPage ignores clicks on the letterbox bars (0.059666ms)
✔ clientToPage subtracts the frame offset_top and rejects the bar above it (0.05075ms)
✔ viewportFor clamps to the daemon range and quantises the device scale factor (0.117083ms)
✔ viewportFor lowers the scale factor to stay inside the pixel budget (0.085791ms)
✔ viewportChanged ignores 1px wobble but not a dpr change (0.098708ms)
✔ app chords already handled by the global key map pass through (0.101291ms)
✔ browser-convention chords are handled locally (0.064166ms)
✔ Esc releases the keyboard; ⇧Esc is sent to the page as Escape (0.095958ms)
✔ IME / soft-keyboard keystrokes are ignored (text arrives via input/composition) (0.037042ms)
✔ plain typing, editing and copy chords are forwarded (0.04775ms)
✔ modifierMask uses CDP bits (0.07725ms)
✔ virtualKeyCode covers letters, digits, punctuation and named keys (0.101875ms)
✔ keyPayload is the contract key frame: text on keydown only, Enter types \r, chords type nothing (0.073084ms)
✔ coalesce sends the first move at once and the LATEST one per interval (0.138375ms)
✔ coalesce.flush sends the pending move before a click; cancel drops it (0.072875ms)
✔ mergeWheel sums deltas at the latest position; modifier change restarts (0.04225ms)
✔ wheelPixels normalises line and page deltas (0.03075ms)
✔ backoff grows exponentially with a cap and bounded jitter (0.041958ms)
✔ reducer walks connect → live → reconnecting → connecting → live (0.094166ms)
✔ S18-18: accept-then-close servers exhaust the retries instead of looping forever (0.047625ms)
✔ terminal close codes and closed frames end the session without retry (0.03975ms)
✔ the reducer gives up after maxAttempts (0.034583ms)
✔ duplicate connect / stray open / frame-while-not-live are no-ops (0.027375ms)
✔ steady-state frames return the SAME state (no per-frame reactive churn) (0.047792ms)
✔ isStale: a quiet live page is never stale; any non-live socket is (0.032292ms)
✔ input-to-frame latency: first input starts the sample, the next frame ends it (0.035958ms)
✔ meter reports frames in the last second and smooths the latency (0.058667ms)
✔ parseServer ignores junk; buttonName maps DOM buttons (0.075375ms)
✔ safeCursor only lets known CSS cursor keywords through (0.024792ms)
✔ parseBinaryFrame reads the v1 layout: version byte, u32 BE length, JSON header, JPEG (0.113084ms)
✔ parseBinaryFrame drops unknown versions, truncated buffers and bad headers (0.04875ms)
✔ driverFor: agent blocks, another person is "other", me/nobody may drive (0.029625ms)
✔ closed reasons and the SSRF note read as sentences (0.081292ms)
✔ approvalFacts builds where / what / who sees it / as from the held request (0.127833ms)
✔ approvalFacts falls back to the URL host and leaves unknowns out (0.07475ms)
✔ openTab completion cannot enter a different workspace (115.111625ms)
✔ openTab completion cannot enter a new visit to the original workspace (69.347541ms)
✔ openLiveTab completion cannot enter a different workspace (16.768417ms)
✔ openLiveTab completion cannot enter a new visit to the original workspace (25.166625ms)
✔ reader navigation never persists a title obtained from another active tab (48.153375ms)
✔ older reader navigation completing last cannot replace a newer URL (25.00825ms)
✔ overlapping live navigations persist the newest URL even when the first write is slow (15.588417ms)
✔ closing the last active tab invalidates a late reader success before close completes (16.527625ms)
✔ closing the last active tab invalidates a late reader failure before close completes (13.502667ms)
✔ closing a background tab leaves the active reader request valid (29.6575ms)
✔ failed active close restores the previous readable content and selection (13.023834ms)
✔ summary cannot cross a workspace transition even at the same URL (118.548375ms)
✔ summary cannot cross a tab transition even at the same URL (68.491958ms)
✔ summary cannot cross a leave-and-return transition even at the same URL (43.782833ms)
✔ superseding a summary aborts its request and preserves the current busy state (37.375458ms)
✔ deselect clears reader loading and error state immediately (36.051875ms)
✔ refSha accepts only full sha256 refs (0.455875ms)
✔ the client digest is the server content address (sha256 of the data-URL text) (7.330584ms)
✔ a 3 MB image goes inline once, then every autosave sends a ref (0.595042ms)
✔ an unresolved ref passes through and is not re-learned as inline (0.204583ms)
✔ the file cache defaults to a 64 MB bound (0.20375ms)
✔ the file cache is a byte-bounded LRU: past the cap the oldest sha is refetched (7.26325ms)
✔ a board unmount releases its files unless another open board uses them (6.576208ms)
✔ a failed or mid-flight-released fetch leaves nothing behind (1.452291ms)
✔ a push applies once; saves (dirty → false) never re-apply it (137.304833ms)
✔ a push skipped while dirty is spent, not replayed once the save lands (59.891541ms)
✔ another scene's push, docs without source, and tick 0 are ignored (26.718125ms)
✔ queued, superseded scene writes are dropped; the newest doc is sent (121.605084ms)
✔ drafts staged in one tick collapse into a single PUT (28.501375ms)
✔ a save issued during a restore queues behind it and keeps its draft (35.665959ms)
✔ Excalidraw assist failure retains the exact composer prompt (47.582792ms)
✔ Excalidraw reports accepted content and rejects an empty generation result (4.80975ms)
✔ Mermaid assist failure retains the exact composer prompt (7.273916ms)
✔ Mermaid reports accepted content and rejects an empty generation result (4.091834ms)
✔ D2 assist failure retains the exact composer prompt (7.084542ms)
✔ D2 reports accepted content and rejects an empty generation result (3.767959ms)
✔ Canvas keeps an unaccepted prompt while the request is pending (2.238416ms)
✔ late accepted generation cannot clear another scene or a newer prompt (5.735084ms)
✔ Excalidraw restore applies persisted background and grid before the next save (6.504333ms)
✔ Excalidraw grid-only edit gridModeEnabled schedules a persisted snapshot (5.2245ms)
✔ Excalidraw grid-only edit gridSize schedules a persisted snapshot (37.981417ms)
✔ the allow-list parses trimmed, blank-free ids (0.666542ms)
✔ senders already allowed are not offered again (0.152666ms)
✔ allowing a sender appends once, keeping the others (0.082667ms)
✔ a sender reads as name (id), or the id alone (0.057458ms)
✔ toolLine: commands, files and searches read as verb + target (+ dim detail) (0.956375ms)
✔ toolStatus: no result is running while the session is active, else "none" (0.079958ms)
✔ stepSummary says what a group did, in order, naming a single file (0.305542ms)
✔ pendingTool: the newest call without a result in the last response (0.085958ms)
✔ lastLine: the last non-blank output line, clipped (0.076792ms)
✔ countUnread counts items after the last one seen at the bottom (0.058166ms)
✔ askQuestions reads AskUserQuestion input defensively (0.126209ms)
✔ providerName (0.05475ms)
✔ segment: the plan is its own block; the call that wrote it gets no row (0.129542ms)
✔ decorateCodeBlocks: IDE header (label · file · lines · Wrap/Open/Copy), numbered lines, fold, idempotent (0.443916ms)
(node:16387) [DEP0205] DeprecationWarning: `module.register()` is deprecated. Use `module.registerHooks()` instead.
(Use `node --trace-deprecation ...` to show where the warning was created)
✔ foldResponse keeps the first and final message and folds the work between (0.964583ms)
✔ patchStats counts hunk lines only; changedFiles merges per path and treats a Write as new (0.570375ms)
✔ usage sums over a response; the token line names every kind with a tooltip (0.239583ms)
✔ day dividers and paths (23.815792ms)
✔ file references: code spans, prose paths and locations (0.480917ms)
✔ the chat markdown extension: file refs, chips, and URLs left alone (9.248ms)
✔ linkifyOutput links paths and URLs in escaped command output (0.3125ms)
✔ fence info: language + file name (0.33975ms)
✔ highlightLines tokenizes the whole block and keeps every line self-contained (28.7375ms)
✔ preview parsers: kinds, CSV/TSV, JSON, HTML documents (0.536084ms)
✔ mounted checkpoint loader shows matching-generation membership while progress keeps advancing (76.268958ms)
✔ ⌘W on a non-Agents page never touches the hidden session (440.612667ms)
✔ "Always delete": no dialog, but archive first and delete only after the Undo window (70.7165ms)
✔ Undo inside the window keeps the session (75.052833ms)
✔ ⌘W under "Always delete" goes through the undoable path (58.224ms)
✔ "Always delete" then ⌘⇧T: the reopened session is never deleted (108.669666ms)
✔ "Always delete" then Archived ▸ Restore: no DELETE (113.670958ms)
✔ "Always delete" then another window restores it: the re-check keeps it (98.300208ms)
✔ a toast held open past the grace period still lets Undo win (144.271875ms)
✔ sessionVerbsApply is Agents-only (5.046125ms)
✔ requestArchive asks for a working row the store has no status for (28.475084ms)
✔ requestArchive: an idle unknown row archives at once; a busy shell never asks (105.927542ms)
✔ requestArchive and confirmRestart ask for a working agent (46.081042ms)
✔ two registration effects re-running in one flush keep both sets (142.689875ms)
✔ a stale unregister never removes the set that replaced it (39.548ms)
✔ registry.all is memoized: unchanged sources hand back the same array (5.300709ms)
✔ typed text is kept per repo and cleared when emptied (121.503458ms)
✔ a draft that lands with no panel watching is parked once (7.731709ms)
✔ a watched repo gets the reply directly (nothing parked) (8.568709ms)
✔ a reopened composer shares the pending send claim while other sessions remain usable (178.154416ms)
✖ production send keeps a remounted draft and allows only one pending request (57.060834ms)
✔ send is refused while an image upload is still pending (69.603084ms)
✔ renaming retains unknown parameters and TLS shorthand (63.965209ms)
✔ secure URI schemes enable TLS and Mongo passwords leave URI fields (71.588667ms)
✔ explicit field clears preserve unrelated advanced TLS and tunnel settings (4.113125ms)
✔ Mongo URI: an encodable-character password never stays in the visible string (S16-15) (19.579458ms)
✔ Mongo URI: an unencoded `/` in the password never stays visible (S16-307) (27.274833ms)
✔ stableGroupTurns reuses the item object of every unchanged group (0.964875ms)
✔ stableGroupTurns re-groups when a member turn joins or leaves a response (0.097ms)
✔ md cache: hits return the memo, misses render once, bounds evict oldest (0.169667ms)
✔ indexToRenderItem is memoized per index turn object (0.092042ms)
✔ trimTurnHead only cuts in front of a turn with a known cursor (186.904334ms)
✔ a long live chat is capped and "Load earlier" resumes exactly at the dropped head (68.277417ms)
✔ a scheme change moves the token (the old host:port compare missed it) (0.398375ms)
✔ host and port changes move it; path / case / default port do not (0.088917ms)
✔ unparseable input: only an identical string is the same (0.088458ms)
✔ javascript: links are dropped (href and xlink:href, obfuscated too) (2.059791ms)
✔ http(s) links and in-document fragments survive (0.203083ms)
✔ event handlers are dropped regardless of element (img onerror payload) (0.166792ms)
✔ config keeps foreignObject labels but forbids active content (0.128083ms)
✔ fails closed when the purifier cannot run (no DOM) (0.088ms)
✔ hook is installed only for the duration of one sanitize call (0.75575ms)
✔ D2 style rules are scoped to the diagram (1.199ms)
✔ a string-embedded brace or comment cannot end a rule early (S18-301) (0.302875ms)
✔ a scope-anchored selector cannot hop to the app with ~ or + (S11-311) (0.15375ms)
✔ foreign @font-face / @keyframes names and fetching values are dropped (0.176417ms)
✔ no browser CSS parser → styles dropped (fail closed) (0.068667ms)
✔ styles without a diagram scope class are dropped (0.207417ms)
✔ scope class comes from D2's wrapper <svg> tags only, not a label element (0.063792ms)
✔ serialized style text is entity-decoded for parsing and re-escaped after (0.07875ms)
✔ edits made during a daemon settings save remain unsaved (38.152375ms)
✔ successful import never submits the editor draft: DELETE FROM imported (63.367125ms)
✔ successful import never submits the editor draft: INSERT INTO audit VALUES (1) (8.737083ms)
✔ successful import never submits the editor draft: SELECT * FROM imported; DELETE FROM imported (11.0875ms)
✔ request-save retry adopts the successfully created collection before the failed second step (5.929083ms)
✔ Recovery Refresh retries failed active history from offset zero (8.860209ms)
✔ Recovery Refresh replaces stale first page and retains it on a later error (9.125292ms)
✔ environment save preserves newer typing and the next Save submits that draft (53.540708ms)
✔ environment save completion cannot replace a newly selected environment (35.597459ms)
✔ environment failed save retains its draft for retry (7.063458ms)
✔ environment Save in a former workspace cannot reseed the current draft (5.558667ms)
✔ successful import after a connection change never refreshes another connection metadata (3.714458ms)
✔ environment saved secret rename updates its stored marker while preserving newer unrelated edits (5.294792ms)
✔ environment saved secret rename updates its stored marker while preserving another secret rename (6.348917ms)
✔ request-save sheet does not continue its second mutation after changing workspace (5.780291ms)
✔ guarded import approval remains bound to its captured connection (3.576333ms)
✔ canceled import while typed confirmation waits cannot retry after late approval (3.0905ms)
✔ old import completion leaves a replacement table dialog open (3.180291ms)
✔ guarded import retry uses the submitted format/path/table despite pending form edits (4.405416ms)
✔ unmounting Save request while collection creation waits prevents the unsent request mutation (2.954584ms)
✔ environment A-B-A selection during save reconciles the clean value (5.09375ms)
✔ environment A-B-A selection during save reconciles the clean secret name (38.158875ms)
✔ Cancel synchronously invalidates Save request before Svelte destruction runs (3.2655ms)
✔ environment A-B-A return preserves actual new typing and reconciles saved secret marker (13.248875ms)
✔ database dialogs + page reach storage only through the guarded helpers (S16-304) (0.537417ms)
✔ scratch close cancel retains the exact tab; discard resolves its stable id (30.1325ms)
✔ automation cancel and failed save retain steps; successful save or discard permits leave (8.747083ms)
✔ automation edits arriving during save keep the editor open (5.398083ms)
✔ tail failures retain the buffer and cursors, clear new count and recover on empty success (16.714917ms)
✔ canceled automation navigation keeps the selected editor and request tab (3.45625ms)
✔ a late tail response cannot revive another topic buffer or failure state (4.979834ms)
✔ schema history fetches two selected bodies, caches revisits and aborts superseded detail (15.10925ms)
(node:16416) ExperimentalWarning: localStorage is not available because --localstorage-file was not provided.
(Use `node --trace-warnings ...` to show where the warning was created)
✔ runManagedStatement: switching connections before refusal never asks to approve B for a write to A (291.271083ms)
✔ runManagedStatement: accepted confirmation retries exactly the origin statement and scope (115.652708ms)
✔ runManagedStatement: declined typed confirmation never retries (292.434625ms)
✔ runManagedStatement: revoking access while confirmation waits prevents the retry (93.127083ms)
✔ runQuery: switching connections before refusal never asks to approve B for a write to A (146.204375ms)
✔ runQuery: accepted confirmation retries exactly the origin statement and scope (117.776542ms)
✔ runQuery: declined typed confirmation never retries (90.251958ms)
✔ runQuery: revoking access while confirmation waits prevents the retry (119.19625ms)
✔ runQuery: Stop during confirmation prevents a late accepted retry (90.67125ms)
✔ agent read-only refusal retains the original production guard after switching to development (77.45075ms)
✔ Stop keeps the query transport alive for native cancel, then aborts only that run (104.391708ms)
✔ a failed cancellation still releases the old HTTP wait (76.207166ms)
✔ a stopped run's late query interrupted cannot alter or prompt for its replacement (108.954583ms)
✔ a stopped run's late write_blocked: production cannot alter or prompt for its replacement (74.300833ms)
✔ Stop during confirmation preserves a replacement run even before cancel responds (96.971166ms)
✔ a stalled cancel reaches its transport deadline and releases the original query (152.146875ms)
✔ Stop by captured ID clears a parked tab and ignores its late result (90.609666ms)
✔ Stop by captured ID clears a parked tab and ignores its late write_blocked: production (94.154792ms)
✔ Stop by captured ID clears a parked tab and ignores its late read_only: writes refused (103.513833ms)
✔ Stop without a retained tab revokes run ownership before delayed cancellation completes (147.513958ms)
✔ walkCanvas: reach order, composite keys ANDed, unconnected cards reported (0.881542ms)
✔ walkCanvas: an edge drawn back into scope flips LEFT/RIGHT (0.102166ms)
✔ toQuery leaves clauses on unjoined cards out of the SQL (0.33775ms)
✔ renameAlias / dropAlias keep every clause consistent (0.179292ms)
✔ FK suggestions: one per unjoined pair, composite keys kept together (0.168333ms)
✔ uniqueAlias sanitizes and suffixes for self-joins (0.095209ms)
✔ bars under the cap are untouched (0.3905ms)
✔ 5,000 bars average into MAX_BARS buckets with range labels (2.662625ms)
✔ min-max decimation keeps spikes and stays near the target (0.703917ms)
✔ pie keeps the 11 largest slices plus Other (0.588542ms)
✔ clip ring: newest first, deduped, pinned entries survive the cap (0.95975ms)
✔ grid state: parked per tab, taken once, dropped on close (0.1105ms)
✔ editor history: memory tier outlives the editor, bounded, forgettable (2.478208ms)
✔ connection kinds map to their SQL dialect (0.396583ms)
✔ MySQL: a backslash-escaped quote does not end the string (3.916333ms)
✔ MySQL and ClickHouse: # starts a comment (0.692417ms)
✔ ClickHouse: a double quote is an identifier, not a string (1.130209ms)
✔ code positions stay completable (7.171667ms)
✔ scope database: plain names, db: paths, Redis keyspaces (20.51425ms)
✔ big integer keys keep every digit and stay unquoted (4.699041ms)
✔ row mutations require direct, unique column provenance and a complete single FROM (37.976959ms)
✔ ClickHouse mutation builders reject nonunique keys while inserts remain available (18.734542ms)
✔ Postgres table and schema names fold only unquoted identifiers (9.790792ms)
✔ Postgres mutation builder quotes the resolved source table, not its unquoted spelling (15.577292ms)
✔ trailer lines split from the message (1.518292ms)
✔ ClickHouse native unknown table: title, server suggestion, code chip (0.453834ms)
✔ ClickHouse legacy native text with stack trace still reads cleanly (0.18725ms)
✔ ClickHouse HTTP unknown column with Maybe you meant list (0.103084ms)
✔ ClickHouse syntax error: near token, line/col caret, expected list (0.447791ms)
✔ ClickHouse memory, timeout, auth and readonly (0.16025ms)
✔ ClickHouse mid-stream failure says rows had streamed (E7) (12.747833ms)
✔ ClickHouse network error drops the request URL (0.313458ms)
✔ MySQL unknown column: tagged and legacy shapes, daemon suggestions (0.280833ms)
✔ MySQL syntax, auth, network, pool, timeout (0.265208ms)
✔ Postgres unknown column: server HINT becomes a chip, POSITION a caret (0.232667ms)
✔ Postgres unique violation keeps DETAIL; auth headline (0.092125ms)
✔ Mongo command, write, unreachable — tagged and legacy (1.019ms)
✔ mongosh script failure: exit code + last error line (0.100792ms)
✔ Redis wrong type, unknown command, auth (0.332083ms)
✔ unrecognised text falls back to its first line (0.129709ms)
✔ offset → line/col and out-of-range positions (0.069917ms)
✔ nearest + applySuggestion (0.220375ms)
✔ column kinds from engine type hints (2.035208ms)
✔ row-number column width depends on the row count only (0.187959ms)
✔ moveColumn reorders display positions (0.835041ms)
✔ header filter: contains, exact, comparisons, NULL (0.328792ms)
✔ search highlight splits a cell around every case-insensitive hit (0.508833ms)
✔ row scan text skips NULLs, lower-cases and clips (0.481833ms)
✔ scanFor builds once per rows array and is reused (0.145167ms)
✔ prebuild fills the search text in time-boxed slices, scanFor finishes the rest (1.359959ms)
✔ cancel stops a column prebuild; dropColScans frees all but the kept columns (0.715458ms)
✔ dropScan frees the search text (0.086375ms)
✔ memoFilter / memoSort return the cached view for the same key (tab switch back) (0.179834ms)
✔ lines cover keys and values, including collapsed and past-chunk branches (6.928208ms)
✔ vertical flavor draws raw strings and ∅ (0.417417ms)
✔ LineIndex maps flat rows across records (empty records included) and caches lazily (0.184ms)
✔ reveal opens every ancestor and grows the slices it sits past (0.654667ms)
✔ LineIndex.text: lower-cased, cached per record across searches, budget spills to a rolling cache (0.20775ms)
✔ short values match JSON.stringify exactly (compact and pretty) (0.771041ms)
✔ long values render the same clipped cell text as a full stringify (1.676584ms)
✔ a preview never grows past max + 1 characters (5.056708ms)
✔ bounded work: a 50 KB document previews far faster than it serializes (42.761375ms)
✔ the default-size preview is cached per object (0.157875ms)
✔ Mongo editing rejects transformed identities and a later operation in a method chain (101.766125ms)
✔ Mongo editing keeps plain finds, scalar projections and sort/limit controls (56.846708ms)
✔ document edits preserve fields absent from a projected result (20.888791ms)
✔ lossy results clear stale edit targets; row pagination and ordinary marker text remain editable (209.617625ms)
✔ value lists split by line when multi-line, else by comma (0.735542ms)
✔ scope options come from database / schema / keyspace roots (0.120625ms)
✔ targets fan out per picked scope; no scope = the default database (0.127916ms)
✔ the confirm phrase is the connection name for one guarded connection, else RUN n (0.143125ms)
✔ summary omits zero counts (0.072584ms)
✔ cluster lines explain the decision (0.075875ms)
✔ a partial answer replaces only its runs and keeps the targets (0.767792ms)
✔ a full answer, another job or no previous job replaces everything (0.087417ms)
✔ storage keys are the database-store-era ones (46.157875ms)
✔ defaults: warm in the background, keep-alive on (10.201542ms)
✔ previously saved prefs are read back (3.610167ms)
✔ setters persist and notify keep-alive subscribers (51.6985ms)
✔ Settings → Appearance reads the prefs module, never the database store (5.262583ms)
✔ a change made in another window is adopted here and fires keep-alive listeners once (S13-11) (6.316875ms)
✔ identifiers: backticks for MySQL/ClickHouse, double quotes for Postgres, quote chars escaped (0.491584ms)
✔ string literals: quotes and backslashes escaped per dialect (0.087292ms)
✔ injection attempts stay inside one literal on every dialect (1.386541ms)
✔ values: numbers bare only when numeric; text columns always quoted (0.126916ms)
✔ LIKE helpers escape wildcards so user text matches literally (0.125708ms)
✔ IN lists: quoted items keep commas; every item escaped (0.409666ms)
✔ operators follow the column type (0.084083ms)
✔ GROUP BY / aggregates / HAVING / ORDER BY / LIMIT — MySQL (0.194292ms)
✔ same model — PostgreSQL (double quotes, native NULLS LAST) (0.089833ms)
✔ same model — ClickHouse (uniqExact, native NULLS LAST) (0.1065ms)
✔ joins qualify every column; multi-column ON; aliases only when they differ (0.100625ms)
✔ incomplete rows are skipped, never emitted half-typed (0.06575ms)
✔ booleans: IS TRUE on MySQL/Postgres, = true on ClickHouse (0.065334ms)
✔ OFFSET without LIMIT: MySQL gets the max-limit idiom (0.064959ms)
✔ validate: loose columns under GROUP BY, with a one-click fix (0.198417ms)
✔ validate: duplicate output names, SUM of text, OFFSET without ORDER BY (0.072584ms)
✔ round trip: build → parse → build is stable on every dialect (0.516083ms)
✔ round trip: contains / starts-with / IN / BETWEEN / NULL come back as builder operators (0.168208ms)
✔ parse: hand-written SQL the builder can hold (0.117125ms)
✔ parse: what the builder cannot hold is refused with a reason (0.186666ms)
✔ list index deletion is refused without an executable mutation: LRANGE k 0 -1 (0.750208ms)
✔ list index deletion is refused without an executable mutation: LRANGE k 40 42 (0.095416ms)
✔ list index deletion is refused without an executable mutation: LRANGE k 4 4 (0.054417ms)
✔ refusing list deletion retains safe edits at the actual LRANGE offset (0.272958ms)
✔ the grid delete flow cannot open or execute a Redis list mutation (64.048833ms)
✔ SREM: a member with a line break is skipped, never split into a second command (0.578166ms)
✔ HDEL (flat HGETALL) and ZREM (WITHSCORES) refuse line-broken names (0.157667ms)
✔ Insert from JSON: a line-broken field or value refuses the whole document (0.175834ms)
✔ a rename that re-emits a line-broken value from the data is refused as a whole (0.173834ms)
(node:16433) ExperimentalWarning: localStorage is not available because --localstorage-file was not provided.
(Use `node --trace-warnings ...` to show where the warning was created)
✔ restore: active connection first, the rest warm 3 at a time without stealing focus (329.58625ms)
✔ restore: a close during the warm-up writes no snapshot (99.764333ms)
✔ restore: "connect on click only" leaves the other tabs idle (98.516333ms)
✔ a tab keeps its uid and its run start time across a reload (134.218375ms)
✔ a daemon restart marks open connections stale and re-warms them (92.193166ms)
(node:16434) ExperimentalWarning: localStorage is not available because --localstorage-file was not provided.
(Use `node --trace-warnings ...` to show where the warning was created)
✔ nothing is released while the total fits the budget (0.724625ms)
✔ least-recently-viewed results go first, just enough to fit (0.153292ms)
✔ pinned tabs and small results are never picked (0.0935ms)
✔ size estimate scales with rows, cell payload and batch sets (45.398917ms)
✔ a released stub keeps columns, drops rows and is recognised by identity (0.120584ms)
✔ identifiers, strings and booleans per engine (0.912375ms)
✔ quick-filter chips render per engine (S16-05) (0.251208ms)
✔ boolean chips match boolean cells by value (S16-06) (0.08075ms)
✔ string variables keep backslashes on Postgres (S16-07) (0.081458ms)
✔ Postgres splitter: dollar quotes, # operator, standard strings (S16-14) (0.461708ms)
✔ widgets: obvious writes are flagged at save time (S16-08 UI hint) (0.524542ms)
✔ schema-tree table refs are quoted per engine (S16-301) (0.141584ms)
✔ ClickHouse identifiers escape backslashes like the daemon (S16-305) (0.104792ms)
✔ no local identifier/literal quoters outside sql-dialect.ts (S16-305) (11.926125ms)
✔ export refuses statements that are obvious writes (S16-303) (0.202541ms)
✔ analyzeStatement matches countStatements + extractVars on fixtures (11.424375ms)
✔ analyzeStatement matches on a 200-INSERT paste (the lag report) (3.001584ms)
✔ analyzeStatement matches on randomized buffers (differential) (289.618083ms)
✔ stmtPreview bounds list rows and tooltips (0.289708ms)
✔ MySQL: string defaults are re-emitted as literals on rename (0.819459ms)
✔ MySQL: an empty-string default is kept, not dropped (0.142125ms)
✔ MySQL: expression, timestamp and numeric defaults (0.179166ms)
✔ MySQL: collation and comment are restated; untouched columns emit nothing (0.701833ms)
✔ Postgres and ClickHouse defaults are already expressions (0.214417ms)
✔ defaults: Mongo auto-verticals past 10 columns, SQL never (0.762291ms)
✔ stored per-engine prefs merge over the defaults and clamp (0.136417ms)
✔ the new key wins over a leftover legacy value (0.061084ms)
✔ legacy custom threshold: an explicit choice carries to every engine (0.065584ms)
✔ legacy "never" stays never everywhere (0.059417ms)
✔ legacy value equal to the old default takes the new defaults (0.057791ms)
✔ garbage never throws (0.075708ms)
✔ LazyMount hands LoadState `empty`, or the skeleton / error never render (0.616834ms)
✔ LoadState announces loading and errors (0.161458ms)
✔ Skeleton is a labelled status region unless a parent owns the announcement (0.087ms)
✔ Skeleton adds its loading text AFTER the status region mounts (S19-305) (0.07525ms)
✔ every overlay backdrop uses the scrim tokens, defined for each scheme (1.741542ms)
✔ Modal: only a press that began on the backdrop closes; dismissable gates every close path (0.231459ms)
✔ BottomNav "More" sheet is a real dialog (0.625541ms)
✔ motion: one global spin/pulse, and a reduced-motion alternative for .spinner (0.394416ms)
✔ chart palette is the scheme-aware --cat-* set and wraps (0.529875ms)
✔ status-* tokens are not used for text in shared components (0.344584ms)
✔ Modal names its dialog by the visible title and keeps aria-label for locators (0.11775ms)
✔ status words: working states pulse, terminal states say what happened (0.659167ms)
✔ an unknown turn from an event becomes a placeholder at the front (0.343583ms)
✔ running → done merges ids, keeps a known session and asks for the full turn (0.154709ms)
✔ a late "running" never regresses a finished turn (0.105584ms)
✔ conflict carries the side version; failed carries the error (0.1805ms)
✔ mergeTurns: the server copy wins, local-only and locally finished turns survive (9.396209ms)
✔ verified citations open the reference; unverified ones are flagged and inert (0.318458ms)
✔ no provenance → only what the turn itself cites (0.068291ms)
✔ quick actions map to modes; checks never edit, fixes do (0.218709ms)
✔ "3 variants" is a variants run of 3 focused on the selection (6.890458ms)
✔ composer text → refine; n > 1 → variants (clamped to 4); generate intent kept (0.441208ms)
✔ Fix all: an accessibility review becomes an a11y turn quoting its findings (0.549083ms)
✔ variant branches parse; direction names read well (0.33575ms)
✔ variant cards: running, ready, failed, then accepted vs passed (0.296333ms)
✔ after a daemon restart (no live turns) cards come from versions + provenance (0.092ms)
✔ a 👎 posts variant_rejected with the reason chip and direction (0.082333ms)
✔ thread: main turns and runs interleave by time; variant turns fold into their run (0.136875ms)
✔ candidate progress counts toward ≥ 3 signals across ≥ 2 designs (0.064ms)
✔ salient terms: no stop words, longest first, unique (0.538084ms)
✔ ArtifactView approves the version shown in the confirmation despite live updates (60.810708ms)
✔ brand/BrandEditor approves the version shown in the confirmation despite live updates (6.889417ms)
✔ project renameProject keeps the confirmed project across route changes (3.659084ms)
✔ project archiveProject keeps the confirmed project across route changes (3.112959ms)
✔ Product sendToSwarm does not act after its confirmed story is replaced (4.062125ms)
✔ Product regenerate does not act after its confirmed story is replaced (9.152833ms)
✔ Product question posting does not follow a changed story after consent (3.370041ms)
✔ otto:// URIs parse every selector and reject malformed input (2.094375ms)
✔ links split into Uses / Used in and lineage orders provenance first with citations (0.39075ms)
✔ route parser maps every Design Hall path and falls back to the lobby (0.13875ms)
✔ there are exactly seven studios with unique ids and every format renders (0.104291ms)
✔ project stats, summary and filters (10.935375ms)
✔ epic tree groups implementing artifacts under their epic with per-studio counts (0.280708ms)
✔ signals read as one line from the bounded server payloads (0.164833ms)
✔ small helpers: titles, authors, brand colours and contrast (0.314166ms)
✔ a load that raced typing only flags a head that is really newer (S18-303) (0.06925ms)
✔ bursts collapse into one write of the final count (42.093917ms)
✔ an unchanged count is not re-sent; flush writes at once (130.24675ms)
✔ every blocking e2e gate spec exists (a rename must not empty the gate) (0.852208ms)
✔ gate lists respect the project split: desktop-* only at desktop width, none at phone width (0.595875ms)
✔ gateMatcher matches listed files exactly, not by prefix (0.176792ms)
✔ no gate spec self-skips on its gate project (project.name guards) (1.952333ms)
✔ the guard parser catches a foreign project literal and an excluding include-list (0.155833ms)
✔ the gate runs on the real projects (playwright.config has no separate gate project) (0.128334ms)
✔ flaky-check --gate fails on skipped tests and on a pass count below the floor (0.157916ms)
✔ flaky-check names failed tests in the step summary (0.107541ms)
✔ the advisory red-count ratchet fails only when the count rises (0.15425ms)
✔ small docs emit synchronously on every edit (unchanged contract) (1.7055ms)
✔ a burst of edits on a large doc reads and emits the text once (0.307042ms)
✔ flush delivers the latest text now; a later timer is a no-op (0.184ms)
✔ cancel drops a pending emit (doc switched under a stale binding) (0.151708ms)
✔ shrinking below the threshold emits synchronously and supersedes the pending one (0.144166ms)
✔ requestVarNames keeps varNames(requestTexts) order with body names supplied separately (1.055333ms)
✔ failed rating refreshes the durable pending state before allowing retry (57.455834ms)
✔ rating response after disposal cannot publish or refresh the old view (18.862917ms)
✔ a poll started before a rating response cannot restore its stale score (4.326375ms)
✔ a current successful rating reloads the latest report rather than its response snapshot (20.2155ms)
✔ out-of-order rating replies still reload after the final write completes (19.506333ms)
✔ the parsers see the whole contract (sanity) (0.439458ms)
✔ type_name() agrees with the serde tag of every variant (0.283166ms)
✔ every Rust event is in OttoEvent and ws.md; OttoEvent has no stale tags (0.374292ms)
✔ ws.md documents no stale event tags (0.08875ms)
✔ each event's fields match its OttoEvent member (names + omitted-when-empty → optional) (0.577834ms)
✔ a token change reconnects /ws/events as a first connect for the new identity (96.148917ms)
✔ a plain first connect does not reset identity caches (55.125125ms)
✔ stop() detaches the socket so a quick restart never opens a second one (S13-08) (41.116ms)
✔ a token change mid-handshake still reconnects (15.216292ms)
✔ a stopped client ignores auth changes (20.150459ms)
✔ a throwing event handler is reported once per type, a malformed frame is ignored (S13-06) (29.337625ms)
✔ events: a document that never opened the page loads no page store and fetches nothing for its events (304.419917ms)
✔ events: with the page open (its store announced), every peeked event reaches the store as before (192.515209ms)
✔ events: an allow-listed payload event still loads its store, so the page sees it on mount (36.483375ms)
✔ runWithOtto: a tick for a run the store holds nothing for, with no list loaded, fetches nothing (11.686542ms)
✔ countOccurrences: case-insensitive, non-overlapping, capped (89.277416ms)
✔ active providers: document order, hidden/detached/inactive skipped, nested dropped (8.256542ms)
✔ an inactive outer provider leaves the nested one active (10.027333ms)
✔ countOccurrences: a pre-lowered row is scanned as is (7.455667ms)
✔ findSkipped: data-find-skip subtrees and CodeMirror gutters / panels are neither counted nor painted (4.521334ms)
✔ releaseFindProviders tells every registered provider to drop its caches (23.740791ms)
✔ no owners → page find (82.130458ms)
✔ focus-owned openFind beats any pane owner (22.576ms)
✔ nothing focused → highest-ranked visible terminal (20.309708ms)
✔ a header button holding focus still routes to the pane (12.555541ms)
✔ only rank-0 (parked / hidden) owners → page find (11.196167ms)
✔ unregistered owner no longer takes ⌘F (12.454625ms)
✔ a text field / contenteditable outside the terminal keeps ⌘F on the page (23.400666ms)
✔ an xterm textarea is not "a text field elsewhere" (13.13275ms)
✔ an open modal keeps ⌘F on the page (5.897625ms)
✔ a hidden aria-modal dialog (the compact Drawer kept mounted) does not block the pane (5.573375ms)
✔ last click inside the pane (header, terminal) → the pane (6.076166ms)
✔ last click on content beside the pane (loop timeline) → page find (11.835958ms)
✔ the right panel never hands ⌘F to the terminal, even nested in the pane tree (8.97075ms)
✔ the click picks WHICH pane: a lower-ranked pane that was clicked beats an unclicked higher one (4.899916ms)
✔ a find-neutral relay (phone quick-action bar) keeps the last real interaction (6.43175ms)
✔ ranking: a title match beats a keyword-only match (1.829375ms)
✔ ranking: no query lists by frecency, most used first, capped (1.303292ms)
✔ ranking: frecency lifts a used command over an equal fuzzy match (0.171958ms)
✔ frecency boost: bounded and decays with age (0.204208ms)
✔ frecency persistence survives garbage and blocked storage (0.290542ms)
✔ rows: a command-shaped query puts the command first, Ask Otto after (0.227875ms)
✔ rows: free text defaults to Ask Otto even when fuzzy hits exist (0.822958ms)
✔ rows: empty query shows commands only; hits trail with unique keys (0.153333ms)
✔ looksLikeCommand: word prefixes of the title only (0.090125ms)
✔ selection wraps and handles empty lists (0.115333ms)
✔ search hits map to module routes (0.080083ms)
✔ keys: arrows, Enter, ⌘↵, Esc (0.137666ms)
✔ keys: ⌃1–⌃4 switch spaces; ⌃5, ⌘1 and ⌃⇧1 do not (0.085042ms)
✔ keys: IME composition owns every key (0.067333ms)
✔ spaces: defaults are four named, empty, unpinned (0.127667ms)
✔ spaces: round-trip keeps name/workspace/model/thread, drops transient fields (0.230166ms)
✔ spaces: garbage, wrong shapes and out-of-range values normalize (0.106125ms)
✔ spaces: a turn left pending by a closed bar is marked not run (0.117375ms)
✔ threads: capped at MAX_THREAD and patched by id (0.1005ms)
✔ presence: auto docks off Home and while working, is full when open or on Home (0.139291ms)
✔ presence: overlays hide it; prefs pin, dock or turn it off (0.097042ms)
✔ geometry: panel budget clamps to the window top and the 560px cap (0.059ms)
✔ ranking: "git" puts Go to Git above Open Git panel (whole-word Navigate hit) (0.219208ms)
✔ an existing folder passes with the daemon-normalised path — one stat, no listing (S14-306) (0.840875ms)
✔ a file blocks with an inline reason (0.145959ms)
✔ a missing folder blocks (stat 404, confirmed by browse) (0.167333ms)
✔ a daemon without /fs/stat (route 404) falls back to browse (0.098459ms)
✔ busy / forbidden / network failures do not block (the create reports real failures) (0.136541ms)
✔ statPath / browsePath encode the path (0.04775ms)
✔ New Session and the first-run coach pre-check the folder (0.787458ms)
✔ keyboard navigation reaches all entries independently of rendered window (36.425708ms)
✔ selection action respects files and git-only eligibility (4.271416ms)
✔ Back and Forward preserve history until a different folder is opened (0.69525ms)
✔ each breadcrumb targets its exact ancestor including spaces, Unicode, and root (0.118333ms)
✔ shortcut persistence tolerates corrupt data and bounds unique recent folders (0.221958ms)
✔ open tabs fetch immediately, selected first, with at most two requests (108.542125ms)
✔ manual fetch joins background request and always invalidates unchanged refs (33.826375ms)
✔ hidden or unfocused windows defer fetches; closed tabs never start queued work (20.117667ms)
✔ failure backs off despite focus events; manual retry surfaces errors and clears backoff on success (35.264042ms)
✔ restart during an in-flight round does not overlap or revive the stopped timer (21.185875ms)
✔ manual requests share the global two-request limit (30.490667ms)
✔ a failed tab bootstrap can retry when the Git page opens later (23.2205ms)
✔ background fetch queued behind manual work rechecks close, stop, hidden and pause before starting (72.640958ms)
✔ manual caller promotes a queued background fetch and retains its request after tab closure (17.282542ms)
✔ background tabs unused for 15 minutes stop fetching; the selected tab and a reactivated tab continue (14.7585ms)
✔ new commits on top splice onto the immutable tail (0.437084ms)
✔ page last sha unknown → full reload (0.061584ms)
✔ a commit above the boundary vanished (deleted branch) → full reload (0.050791ms)
✔ a page commit already in the old tail (reorder) → full reload (0.043542ms)
✔ nothing to splice when the page covers everything held (0.046167ms)
✔ rewinding a same-name ref outside the fresh prefix invalidates the retained tail (59.54975ms)
✔ a moved tip displaced from the fresh page also invalidates a spliced tail (21.698625ms)
✔ small lists render whole (find-in-page keeps working) (0.734291ms)
✔ a 20k-row list mounts only the viewport plus overscan, spacers cover the rest (0.117333ms)
✔ the list starting below the fold (negative rel) still renders its head (0.057666ms)
✔ scrolled past the end clamps to the tail and never inverts (0.049042ms)
✔ events union until a refresh takes them (0.703791ms)
✔ an event without paths makes the set unknown, and it stays unknown (0.077666ms)
✔ an empty list (remote refs moved) touches no file (0.068ms)
✔ a burst past the cap degrades to unknown (0.138167ms)
✔ touches: exact file, parent directory, unknown (0.063667ms)
✔ a change to a shown repo re-reads its local status at once (95.01075ms)
✔ a repo nobody shows is ignored (27.231416ms)
✔ a burst while a read is in flight costs exactly one more read (22.481083ms)
✔ a hidden window waits and reads once when visible again (27.284417ms)
✔ the open diff learns which paths a change touched, unioned across a coalesced burst (27.926042ms)
✔ a reopened operation with no unmerged files can continue (0.355791ms)
✔ SwrCache serves fresh, then stale, then drops past max age (0.711375ms)
✔ SwrCache is a bounded LRU (0.080833ms)
✔ invalidatePr drops the repo lists and only that PR (0.125875ms)
✔ a deleted-line comment renders under the deleted row only (0.7265ms)
✔ a new-side (or side-less) comment renders under the new row only (0.088792ms)
✔ outdated and line-less comments go to the file block (0.063959ms)
✔ lineAnchor: deleted → old side, everything else → new side (0.077667ms)
✔ out-of-order selectPrimary keeps the latest repo's status and PRs (128.624917ms)
✔ a stale PR list for a repo that is no longer primary is dropped (74.324042ms)
✔ workspace switch: the older repo list never overwrites the newer one (36.719542ms)
✔ a failed loadRepos is not sticky: the next call retries (19.970833ms)
✔ a detect that resolves before the repo list keeps the detected primary (19.195084ms)
✔ a failed repo load surfaces an error and retries on demand (14.397292ms)
✔ a non-fast-forward 409 is a rejection the user can act on (0.391375ms)
✔ a refused lease is told apart from a plain rejection (0.055875ms)
✔ anything else — auth, network, other 409s — is not a push refusal (0.053083ms)
✔ force retry carries the source and destination captured before the initial push (59.628583ms)
✔ the budget is per section, not per folder (2k branches in 40 folders) (1.030375ms)
✔ collapsed folders cost their header only and hide nothing (0.8795ms)
✔ a small section mounts everything (0.148834ms)
✔ growing the budget reveals more rows (0.203083ms)
✔ inactive branches use their own upstream counts; current branch uses fresh status (3.919917ms)
✔ splitRemoteRef keeps the remote and the slash-bearing branch name (0.787833ms)
✔ deleting upstream/feature-x names and pushes to upstream, never origin (87.166166ms)
✔ discard sends the lines picked BEFORE the confirm and names the count (12.4485ms)
✔ a re-fetch while the discard confirm is open discards nothing (27.933042ms)
✔ a shift-click range picks changed lines only (S15-20) (17.104542ms)
✔ conflict edit round-trips CRLF and treats an empty editor as a deliberate empty block (1.080958ms)
✔ "Apply edit" makes the hand-edited text the resolution (2.439959ms)
✔ taking an EMPTY side records the choice (the checkbox no longer desyncs) (1.905458ms)
✔ Draft sends the selected Source as head and never re-points Source (4.655959ms)
✔ a draft landing after the sheet closed touches nothing (7.076458ms)
✔ Cancel mid-push is inert; mid-draft it asks before discarding (3.321ms)
✔ confirming "Stop drafting and discard?" stops the drafting session (S20-305) (28.898875ms)
✔ posting a comment with an open edit sends nothing (11.980583ms)
✔ a retry is skipped when the earlier attempt already created the comment (0.20925ms)
✔ a comment declined mid "Post all" is skipped (5.304166ms)
✔ a commit draft landing after unmount opens no confirm and writes nothing (3.9155ms)
✔ bus polls keep refreshing after the timer budget is spent, toasting once (2.345334ms)
✔ merge sends expected_head_sha and explains a moved head (2.078916ms)
✔ row keys never contain NUL (CSS.escape maps it to U+FFFD) (0.189875ms)
✔ PR diff view state carries across a reload for paths that still exist (0.12475ms)
✔ a lazily fetched file never borrows another file’s hunks (40.621458ms)
✔ ⌘] / Ctrl+N are left to the app; a bare ] moves to the next file (13.081583ms)
✔ a repo pick from another workspace is dropped when the repo list loads (1.909667ms)
✔ PR numbers parse from every forge URL shape (0.125791ms)
✔ markAction refuses binary and absent files, keeps marker-free text as-is (0.436167ms)
✔ "Mark file resolved" never writes an empty body over a binary or absent file (45.945917ms)
✔ a marker-free text file is marked by staging its bytes (side keep), not recomposed (13.472542ms)
✔ fileIsCrlf reads the whole file, so an empty-sided hunk inherits CRLF (0.162542ms)
✔ local + remote delete sends remote_name on the safe and the forced request (56.962125ms)
✔ the retry guard marks a found copy posted so it stops being postable (7.674ms)
✔ a push that changed auth.rs drops its viewed mark, composer and expansions (0.257625ms)
✔ pinnedHead prefers the modal’s live read over the parent’s copy (0.058125ms)
✔ amendPublishedAt names where HEAD is published, upstream or not (0.076167ms)
✔ human verification preserves identity and evidence after reload (0.406791ms)
✔ changed criterion and malformed revisions do not display accepted evidence (0.088042ms)
✔ a guest survives more than 30 s of refusals and reconnects (a slow deploy) (0.42425ms)
✔ a guest stops after the retry window (a revoked link is not hammered forever) (0.093375ms)
✔ owners keep the fast ladder forever (0.055167ms)
✔ the share page re-arms the terminal when its access re-check succeeds (0.417666ms)
✔ 100 content-neutral mutations after a pass run no further pass (0.757792ms)
✔ a size change, a relabel or a restyle re-runs the pass (0.156625ms)
✔ width cache hits only while the element signature is unchanged (0.077834ms)
✔ style writer drops same-value writes (1.018375ms)
✔ frontmatter: flat keys, trailing comments and quotes stripped, body split off (1.478084ms)
✔ frontmatter: CRLF + BOM tolerated; no block → whole text is the body (0.952584ms)
✔ parseSection: shortcuts from the Keys column, group/route/id fallbacks (0.707958ms)
✔ extractShortcuts reads every table under the heading, ignores other tables (1.032458ms)
✔ search ranks title over shortcut over summary over body (2.106875ms)
✔ key helpers normalise, detect and split chords (0.158083ms)
✔ orderSections: group order, Basics reading order, then sidebar order (0.120375ms)
✔ film manifest: missing/empty is handled, chapters validated and sorted (0.18375ms)
✔ History opens working without restarting its PTY (39.365916ms)
✔ History opens running without restarting its PTY (32.165875ms)
✔ History opens idle without restarting its PTY (17.246583ms)
✔ History never unconditionally restarts a stale inactive row whose PTY is now working (5.748791ms)
✔ History Open in Chat updates a warmed Terminal view preference (11.093625ms)
✔ History opens a stale live row through safe resume if its process has since exited (16.824917ms)
✔ History resume completion ignores a destroyed origin (6.497792ms)
✔ History resume completion ignores a new-route origin (4.954125ms)
✔ History resume completion ignores a workspace origin (8.080042ms)
✔ History resume completion ignores a scope origin (4.620292ms)
✔ History resume completion ignores a pending-route origin (16.884625ms)
✔ History resume completion ignores a hash-before-parse origin (4.401166ms)
✔ History import completion after departure does not start a session (4.018917ms)
✔ empty candidate page remains actionable and next request uses scanned cursor (76.409542ms)
✔ a changed filter discards an in-flight continuation and keeps the fresh cursor (27.914292ms)
✔ HomeBox loads every box kind lazily (1.811417ms)
✔ ResultsGrid loads its modal-only children on open (0.415416ms)
✔ CodeEditor keeps language packs and the LSP client out of its static graph (1.212541ms)
✔ service worker serves only hashed /assets/* cache-first and prunes old builds (0.183125ms)
✔ service worker never caches the proxy, plugin UIs or credentialed URLs (0.183292ms)
✔ Otto School (Classrooms) keeps three.js behind a dynamic import (0.587125ms)
✔ host pages load the Needs-you link lazily (it pulls the whole Today store) (0.348208ms)
✔ now() during an in-flight fetch coalesces into one rerun, not a new chain (3.589042ms)
✔ Home pending approvals cannot publish after workspace changes while its poll is busy (103.728792ms)
✔ Home stops displaying old scoped rows immediately on workspace switch (19.200084ms)
✔ user-started sessions count down on the 24-h manual grace, engine ones on 5 min (0.527084ms)
✔ durations read naturally at every scale (0.076625ms)
✔ settings override the grace; manual 0 = never suspended, so no hint (0.127125ms)
✔ unset or malformed settings fall back to the daemon defaults (0.381584ms)
✔ defaults mirror the daemon constants in manager.rs (0.768833ms)
✔ production scaling confirms the replica count actually submitted (82.4025ms)
✔ partial replay is a warning with retained evidence and an explicit duplicate-risk retry (5.824625ms)
✔ EC2 approval retains the account and region shown before an asynchronous route change (4.838792ms)
✔ Rds details distinguish the same resource name in different regions (2.835458ms)
✔ Eks details distinguish the same resource name in different regions (2.782791ms)
✔ SQS deletion stays bound to the approved queue and preserves a newly selected queue (10.849208ms)
✔ TableWindow renders small lists whole and windows big ones (84.695792ms)
✔ TableWindow measures the real row height and resets on a new listing (11.248917ms)
✔ podContainers mirrors the daemon (init first, live state + restarts) (23.708792ms)
✔ TableWindow.active gates windowing; a 5000-message peek mounts ≤ 150 rows (SC-08/SC-22) (8.924083ms)
✔ clipLongScalars cuts only >64 KiB strings and keeps untouched subtrees (SC-19) (23.03675ms)
✔ mergeS3Head refreshes the head and keeps the loaded pages (I9) (12.647541ms)
✔ rowAge ticks from created_at, falls back to age_seconds (perf R1) (12.594791ms)
✔ parses the title, headline and headline metrics of a daily summary (3.948834ms)
✔ parses action items: title, metric, current → target, effort, ids and status (0.43675ms)
✔ the Preview body drops the H1 and the parsed Action Plan (0.150958ms)
✔ tolerates format drift: "targets", tag words without ids, "--" separators, no bold (0.481375ms)
✔ falls back cleanly: no H1, no action plan, empty and garbage input (0.830708ms)
✔ metrics ignore action-plan numbers and bare $ rates (0.384ms)
✔ firstSentence keeps decimals and abbreviations intact (0.232666ms)
✔ parseActionItem with no separators yields just a title (0.248084ms)
✔ parseIndex reads series + ledger and survives junk (0.215125ms)
✔ reportMetrics prefers the summary, then the index row (2.392166ms)
✔ delta tones follow whether up is good for the metric (0.714708ms)
✔ item status: ledger + summary words, regressed wins (0.498875ms)
✔ period keys and sibling artifact paths (0.443958ms)
✔ parseSummaryCached returns the same object for the same text (0.273625ms)
✔ onboarding steps are forms: Enter submits, Back/Skip/Browse are type=button (0.611291ms)
✔ password length counts code points (server: chars().count()) (0.083458ms)
✔ a dead daemon reads as "isn’t responding", not the browser’s raw error (0.052875ms)
✔ a failed optional workspace still finishes setup and toasts the error (0.079583ms)
✔ a reload after the root exists resumes the wizard (tab-scoped step) (0.188208ms)
✔ palette handlers ignore IME composition keys (1.154083ms)
✔ History ⌘K resume is registered only when the button would allow it (0.585875ms)
✔ agent-channel UI copy never shows the internal "room" noun (S20-302) (2.660375ms)
✔ an exec session resolved after unmount is deleted, not adopted (41.747417ms)
✔ a mounted view adopts the session (4.871167ms)
✔ autoExec is one-shot: openRow clears it unless the call asks for a shell (0.298875ms)
✔ autoExec is consumed once the Terminal acts on it (S16-306) (0.324583ms)
✔ a live refresh re-reads every paged-in row (0.375875ms)
✔ a live refresh never aborts a Load more, nor truncates past the server cap (0.060875ms)
✔ user-driven loads and appends are one page (0.047917ms)
✔ the ring appends in place and keeps the newest `cap` lines (0.769084ms)
✔ a chunk bigger than the cap keeps only its tail (9.080292ms)
✔ the filtered view drops exactly the matches the ring trimmed (0.145583ms)
✔ pending buffer stays capped while the window is hidden (S16-12) (14.216333ms)
✔ a 5k-workload table renders only the rows near the viewport (0.482625ms)
✔ scrolling deep keeps the total height and a bounded slice (0.074042ms)
✔ the expanded detail row shifts every later row by its height (0.071792ms)
✔ the table starting below the fold and empty tables are safe (0.369166ms)
✔ the first cycle ticks at once; a burst inside the gap becomes ONE tick (0.782916ms)
✔ no ticks while hidden; one on return carrying every cluster that cycled (0.117708ms)
✔ a tick that comes due while hidden waits for visibility (0.073875ms)
✔ templates: variables, fill, RESET becomes JSON null (0.891875ms)
✔ path rule mirrors the daemon (0.393625ms)
✔ workload kinds and default port (0.578084ms)
✔ a small list polls every 10 s however slow the load was (1.194625ms)
✔ a big list waits max(30 s, 3 × the last load) (0.177333ms)
✔ the validator prefers the ETag header, else quotes the body version (0.154458ms)
✔ fleet row keys are cluster/ns/workload (+ pod in pod grouping) (0.163042ms)
✔ reuseByKey keeps unchanged objects and returns prev when nothing changed (1.118042ms)
✔ event keys are stable and made unique (0.260375ms)
✔ a conditional GET sends If-None-Match and a 304 resolves notModified (no body read) (101.794584ms)
✔ a conditional GET without a validator is a plain read that returns the body + ETag (69.211833ms)
✔ a conditional GET still throws on an error status (40.655583ms)
✔ per-cluster view state round-trips and repairs malformed fields (0.784042ms)
✔ route grammar: workspace monitor, legacy monitor, fleet and resources (0.14625ms)
✔ keys count only inside the workspace, or with focus on nothing (0.376208ms)
✔ the opt-out covers the letters but not Enter / Escape (0.104875ms)
✔ the shortcut sheet and the Help guide have the same groups, in order (1.623375ms)
✔ every group lists the same chords and actions in both places (0.2205ms)
✔ page-scoped chords that exist in code are on the sheet (0.092959ms)
✔ CodeMirror keeps ⌘D / ⌘[ / ⌘] / ⌘U / ⌘I (0.434625ms)
✔ global chords still work inside CodeMirror (0.099042ms)
✔ ⌘U never fires from a plain text field; ⌘D still splits there (0.068083ms)
✔ nothing focused / page body → the global map handles everything (0.724167ms)
✔ ⌃ never stands in for ⌘ on a Mac — ⌃K/⌃T/⌃W are text editing there (0.16175ms)
✔ isMacPlatform recognises Mac / iOS clients only (0.130666ms)
✔ a draft without a source revision becomes dirty after typing (33.398917ms)
✔ explicit Copy retries the clipboard for an unchanged persisted image (37.060875ms)
✔ keyboard Copy explicitly recopies unchanged content (15.812334ms)
✔ a dirty snip without a decoded image fails persistence without spinning (12.285542ms)
✔ close retains a draft after failed persistence and allows explicit discard (5.196333ms)
✔ close waits for the newest annotation while a previous upload is pending (8.983917ms)
✔ failed publishing preview remains unavailable until a successful retry (23.595333ms)
✔ artifact keep-mine never reloads over a draft when history lookup fails (16.490958ms)
✔ Brand keep-mine retries within one save and preserves edits on retry failure (5.305917ms)
✔ SourceSearch preserves existing results and retries the failed page context (13.535708ms)
✔ an older response that lands last is not current (4.319834ms)
✔ cancel invalidates the in-flight ticket (dispose / unmount) (0.130208ms)
✔ run() drops the superseded result and keeps the latest (0.809625ms)
✔ run() swallows a superseded rejection but propagates the current one (0.430084ms)
✔ latestByKey keeps slots independent (0.150833ms)
✔ lazyModule: loads once, queues calls in order, then runs synchronously (2.196917ms)
✔ lazyModule: a failed import drops its calls and retries on the next use (3.270334ms)
✔ lazyModule: peek() sees a module that announced itself under the key, and never imports (0.221625ms)
✔ events: reconnect / restart / periodic events peek page stores instead of loading them (3.539792ms)
✔ events: only allow-listed events load a page store (`.use`) (0.814917ms)
✔ a meta listing carries its truncation flag (0.757167ms)
✔ a bare array (an older daemon) reads as complete (0.120625ms)
✔ the note names how many are shown (0.103542ms)
✔ runs once, then only on events (coalesced), with the safety net while connected (100.396542ms)
✔ socket down → catch-up run, then the fallback cadence; resync refetches (26.3895ms)
✔ socket coming up pushes a pending fallback tick out to the safety net (22.214083ms)
✔ match narrows events; stop unsubscribes and cancels timers (26.629542ms)
✔ a continuous stream still refreshes within maxWaitMs (15.951959ms)
✔ minIntervalMs caps event-driven refetches under churn (44.352167ms)
✔ numeric hidden cadence relaxes while connected (25.138417ms)
✔ no source → a plain poll at fallbackMs (17.714209ms)
✔ LiveRegistry isolates a throwing listener and reports its types (18.697375ms)
✔ maps auth / missing statuses to human causes (0.456416ms)
✔ keeps the daemon message for other statuses, falls back to the code (0.079292ms)
✔ an unreachable daemon (fetch TypeError) reads as such (0.049042ms)
✔ plain errors and junk never render empty (0.0545ms)
✔ the cap named by the engine error wins, else the counters decide (0.44225ms)
✔ a plain resume is offered only while budget remains (0.065792ms)
✔ the extend prefill is current + 50% and always above what is used (0.382416ms)
✔ delayed pause cannot insert an old loop into a new workspace (85.431458ms)
✔ delayed updateLimits cannot insert an old loop into a new workspace (24.369083ms)
✔ closing detail discards queued reruns and late iteration bodies (28.855417ms)
✔ opening B invalidates A immediately while B waits for the single-flight request (13.785625ms)
✔ late verifyCriterion does not reopen a closed detail (18.599917ms)
✔ late answerQuestion does not reopen a closed detail (13.748125ms)
✔ late retryExecutor does not reopen a closed detail (14.662167ms)
(node:16546) [DEP0205] DeprecationWarning: `module.register()` is deprecated. Use `module.registerHooks()` instead.
(Use `node --trace-deprecation ...` to show where the warning was created)
✔ renderMarkdownGfm parses the HTML once and focus-tags pre/table on that tree (6.782083ms)
✔ plain prose still takes a single parse (4.232584ms)
✔ Close Tab with no tab to close closes the pop-out window (53.266959ms)
✔ Close Tab that closed a session tab leaves the window alone (8.991625ms)
✔ closePopoutWindow never closes the main window or a pane (0.361375ms)
✔ a lone burst runs once after the quiet window (0.474542ms)
✔ a steady stream (every 200 ms) still refreshes at least every max-wait (0.172791ms)
✔ old Mission load cannot replace a newer workspace or its loading state (70.141334ms)
✔ late saved-view creation does not clear another workspace form or refresh it (9.809042ms)
✔ every kind names the module it opens in (no dead end) (56.695708ms)
✔ id-only kinds route straight to their row (9.751125ms)
✔ pr source keys split on the last colon and reject junk (8.616958ms)
✔ stop uses the owner cancel endpoint only for running, stoppable kinds (6.216041ms)
✔ every Rust WorkKind has a module, a label, an icon and a filter entry (7.86825ms)
✔ an Otto run opens in Run with Otto and stops through its own cancel (2.895333ms)
✔ Esc closes the top sheet (48.692917ms)
✔ Esc already handled inside the sheet (CodeMirror popup) keeps the modal open (4.431916ms)
✔ a busy (non-dismissable) sheet ignores Esc (2.95175ms)
✔ the Tab trap counts contenteditable editors as focusable (0.274917ms)
✔ script motion is smooth by default and instant under reduced motion (0.418958ms)
✔ reducedMotion never throws without a usable matchMedia (0.076292ms)
✔ native embedded context requires Tauri and an injected host, never query flags (1.065834ms)
✔ native pane geometry rejects hidden or invalid rectangles and clips to viewport (1.263917ms)
✔ native presence excludes hidden pane even while WebKit reports visible and focused (0.09475ms)
✔ layout coalesces during IPC and final hide cannot be overtaken by stale geometry (0.157083ms)
✔ layout continues with newest state after rejected native IPC (0.100333ms)
✔ detached surfaces remain addressable when the host split is narrow (0.772125ms)
✔ native layout scales CSS geometry by page zoom in window logical points (0.293542ms)
✔ overlay focus restoration is cancelled when detach or a new overlay wins the race (4.723917ms)
✔ native menus honor primary window focus after macOS window cycling leaves a stale side flag (14.372292ms)
✔ the shared inbox link says how many things need you (S20-07) (0.367625ms)
✔ every narrower needs-you surface links to the one canonical inbox (0.339667ms)
✔ the agent-to-agent transport is never labelled "Rooms" (the sidebar module owns that noun) (0.572958ms)
✔ mixed batch keeps recovery open and retries only the failed submitted configuration (49.546917ms)
✔ all-success batch opens each session once and closes (14.195209ms)
✔ all-failed batch stays open and can complete on retry (22.690541ms)
✔ workspace-bound failed member waits for its original workspace before retry (9.147667ms)
✔ automation notice routes resolve to the item to open (0.797208ms)
✔ a re-fired notice (same id, refreshed by the daemon) replaces the read copy (101.0115ms)
✔ an identical re-delivery is ignored (25.575792ms)
✔ a new notice is prepended (34.510583ms)
✔ awaiting-input banners only for a session you are not watching (A2) (147.086333ms)
✔ canceling a workspace switch prevents a notification from navigating in the old workspace (17.546333ms)
✔ a notice for another workspace's session switches there and opens it (12.74275ms)
✔ a notice for an archived session offers Unarchive and open (49.937541ms)
✔ a deleted session says so instead of failing silently (34.703709ms)
✔ load() keeps notices ingested while the GET was in flight and queues one trailing reload (40.026875ms)
✔ ensureLoaded() joins the in-flight first load instead of fetching twice (boot perf) (15.611791ms)
✔ identity change: a load answered for the previous identity is dropped, then re-run (S13-02) (19.750833ms)
✔ a failed load with ingested rows settles, keeps the rows and reports the error (18.046834ms)
✔ the bell spins only until a load settles and shows rows + inline Retry on a failed refresh (0.233333ms)
✔ OKF verifier mapping and list derive the same advisory trust tier (0.692917ms)
✔ staleness uses an absolute inclusive deadline and verification is independent (0.116083ms)
✔ legacy and absent metadata remain readable, unknown types are accepted (0.14725ms)
✔ editing lifecycle fields preserves nested provenance and body (4.445833ms)
✔ new concept template is v0.2, draft and unverified, with YAML-safe titles (3.412375ms)
✔ ⌥ composing an ASCII symbol (DE ⌥L = @, ⌥5 = [) counts (0.453208ms)
✔ US-layout ⌥ glyphs, letters, arrows and other chords do not (0.093292ms)
✔ the hint shows once, and only while Option is Meta (0.392334ms)
✔ one word of a multi-word title never addresses the session (131.611125ms)
✔ the whole title, the handle, @handle and handle: still address (15.996625ms)
✔ close by a single title word falls through instead of archiving (17.051292ms)
✔ close <whole name> of one idle session archives at once (54.553042ms)
✔ close all / several / a working one / "stop <name>" ask first (21.356875ms)
✔ a provider close never includes background workflow / review agents (S13-04) (10.184958ms)
✔ "delete <name>" resolves by name and asks before a permanent delete (6.733ms)
✔ a "working" plain shell is not mid-turn: close <name> archives at once (7.321125ms)
✔ scheduled save retains fields typed during PATCH and saves again to the same task (117.715917ms)
✔ scheduled create adopts its new ID while preserving post-submit edits (33.564291ms)
✔ scheduled failed save retains all newer fields (48.423208ms)
✔ scheduled agents navigation uses the form leave decision (16.850209ms)
✔ scheduled workspace navigation uses the form leave decision (37.442209ms)
✔ scheduled clean navigation does not ask, late save cannot close replacement form (35.695125ms)
✔ goal agents navigation preserves criterion and budget drafts (6.065208ms)
✔ goal workspace navigation preserves criterion and budget drafts (5.019625ms)
✔ goal budget-only changes are a draft and clean navigation does not ask (7.405084ms)
✔ late goal launch cannot redirect a replacement workspace (6.23925ms)
✔ scheduled create completion cannot replace another workspace list (39.315292ms)
✔ scheduled A-B-A ignores old A success and finally (43.982625ms)
✔ scheduled A-B-A ignores old A failure and finally (7.717083ms)
✔ scheduled reversed same-workspace load cannot replace the latest success (9.862917ms)
✔ goal create after A-B cannot reload a departed context (21.0025ms)
✔ goal create after A-B-A cannot reload a departed context (8.645042ms)
✔ goal A-B-A ignores old list success and finally (23.335458ms)
✔ goal A-B-A ignores old list failure and finally (13.446042ms)
✔ goal reversed same-workspace lists preserve the newer result (15.039792ms)
✔ goal workspace Keep retains A; Discard closes the persistent parent and never resurrects A (14.403209ms)
✔ goal clean workspace leave settles the parent without prompting (4.304792ms)
✔ goal local Cancel calls the real parent once (3.963292ms)
✔ goal discarded pending launch uses actual store without replacing B or redirecting its parent (30.787375ms)
✔ pending workflow save cannot retarget Run to B (79.467959ms)
✔ pending workflow save cannot retarget Run to null (41.123959ms)
✔ Run admission covers validation and releases after validation failure (11.883875ms)
✔ late Run response cannot install under a different workflow (12.868583ms)
✔ late version read cannot replace current drawer or its loading state (28.3275ms)
✔ Restore captures version identity before discard confirmation (7.640333ms)
✔ replacement import fetches global scope, confirms empty visible workspace, and fails closed (3.070167ms)
✔ extended budget survives Resume failure and retry skips repeat PATCH (2.831667ms)
✔ dirty work item selection retains draft and route until discard is accepted (4.379375ms)
✔ mounted tool catalogue batches 1000 decisions and releases refresh work (84.186ms)
✔ Mission request refresh updates approvals without replacing active draft (7.713417ms)
✔ Mission approve refresh updates approvals without replacing active draft (16.636875ms)
✔ Mission deny refresh updates approvals without replacing active draft (8.824375ms)
✔ Mission refresh begun before Edit cannot overwrite later typing (16.625416ms)
✔ Mission refresh keeps the original edit baseline when server fields change (3.612167ms)
✔ Mission successful Save supersedes an older same-item read (6.768209ms)
✔ Mission Save preserves changes typed after submission and Cancel restores saved values (4.078958ms)
✔ Mission failed Save retains the draft and baseline (8.382833ms)
✔ Mission A-B-A reads retain the newest item visit and seed clean navigation (3.129583ms)
✔ open is first, unknown server actions are hidden (0.701208ms)
✔ the canvas hit's legacy 'Open in Canvas' label still opens (0.093417ms)
✔ a repo hit routes to its repo (0.241542ms)
✔ context names the kind, title, subtitle and id (0.216667ms)
✔ search error remains visible and a successful retry clears it (47.980916ms)
✔ superseded search cannot overwrite a newer result or raise its error (17.487208ms)
✔ paneTier maps widths onto full / compact / minimal / micro at the CSS breakpoints (0.444333ms)
✔ an unmeasured pane is full, never a flash of the minimal header (0.072625ms)
✔ tierAtMost orders the tiers widest → narrowest (0.057584ms)
✔ a stored Split preference reads as Chat; unknown values fall back to the default (0.058792ms)
✔ the view toggle flips between the two remaining views (0.053834ms)
✔ cwdLabel shows the last folder of a path (0.13075ms)
✔ paneDetails keeps only the facts that exist, in a stable order (1.006625ms)
✔ the transcript store migrates a stored Split to Chat once and drops the split fraction (133.415375ms)
✔ Home/End set the value's min/max (0.881083ms)
✔ Home/End set the value's min/max on an inverted (leading-edge) separator (0.132417ms)
✔ invert flips the arrows (and RTL mirrors them) (0.13475ms)
✔ an incremental answer prepends only new items and keeps the runs it did not carry (1.778167ms)
✔ the merged ring is capped like the daemon ring (2.35375ms)
✔ only approval events for approvals the feed shows trigger a refresh (0.089375ms)
✔ a daemon restart (new epoch) resets the cursor and items instead of freezing the feed (0.102166ms)
✔ the daemon-side reset flag is honoured even without an epoch to compare (0.075875ms)
✔ failed schedule refresh preserves known cadence and exposes a recoverable error (152.470542ms)
✔ stale schedule failure cannot finish or replace the newer loading state (35.815125ms)
✔ agent list detail fanout is bounded and obsolete queued work is skipped (43.967792ms)
✔ loadSchedules: A then B preserves independent agent results (118.961167ms)
✔ loadSchedules: B then A preserves independent agent results (26.759167ms)
✔ loadSchedules: newer same-agent result survives stale success (34.3305ms)
✔ loadSchedules: newer same-agent result survives stale failure (17.974666ms)
✔ loadRuns: A then B preserves independent agent results (18.098916ms)
✔ loadRuns: B then A preserves independent agent results (15.789125ms)
✔ loadRuns: newer same-agent result survives stale success (23.241041ms)
✔ loadRuns: newer same-agent result survives stale failure (12.87025ms)
✔ Proof filter replacement ignores old success and its loading completion (11.482708ms)
✔ Proof filter replacement ignores old failure and its loading completion (15.810416ms)
✔ Proof workspace A-B-A rejects the first A response and retains final cursor (9.415125ms)
✔ Proof old load-more success cannot publish across filter change (12.515375ms)
✔ Proof old load-more failure cannot publish across filter change (7.810625ms)
✔ Proof close invalidates pending detail success (8.113917ms)
✔ Proof close invalidates pending detail failure (10.321208ms)
✔ Proof detail completion cannot clear an active list spinner (11.599208ms)
✔ Insights queued latest model drains after schedule success (7.579084ms)
✔ Insights queued latest model drains after schedule failure (3.350834ms)
✔ Insights failed queued model stays retryable after successful schedule save (10.900125ms)
✔ Insights provider reset cancels an older debounced model from the prior provider (2.555667ms)
✔ Insights rejected provider preserves its model when rejection is before debounce (2.169125ms)
✔ Insights rejected provider preserves its model when rejection is after debounce (2.008709ms)
✔ Insights Retry debounce state compiles without a nonreactive update warning (59.195708ms)
✔ PAT mint keeps the uncopied secret through repeated submit and clipboard failure until Done (3.219958ms)
✔ AccountPicker exposes pending lookup and an in-place retry without losing drafts or explicit account (2.85325ms)
✔ AccountPicker provider change and unmount reject obsolete lookup publication (2.147625ms)
✔ personal agent list A-B-A keeps newer rows after stale success (58.34975ms)
✔ personal agent list A-B-A keeps newer rows after stale failure (42.56475ms)
✔ personal agent old completion does not clear a newer loading state (23.188083ms)
✔ template retry preserves the first created agent and schedule request key (44.251958ms)
✔ Athena history keeps its response region and rejects a late foreign history (10.606083ms)
✔ 100 visited Assistant threads retain only acquired data and reconnect refreshes one view (100.115375ms)
✔ late Assistant fetch and live events cannot revive released history or remove pending sends (143.516625ms)
✔ AgentDocuments navigation keeps dirty drafts and blocks pending-save departure (1.285417ms)
✔ AgentAutonomy navigation keeps dirty drafts and blocks pending-save departure (1.26875ms)
✔ in-flight guard: a due tick never overlaps a pending run (83.264334ms)
✔ failures back off x2 up to maxBackoff, success resets (32.413583ms)
✔ resolving false counts as a failure (13.713167ms)
✔ hidden: pause skips ticks with no timer, and runs once on return (11.736458ms)
✔ hidden: a numeric cadence keeps polling slower while hidden (13.391833ms)
✔ stop aborts the in-flight run and never reschedules (9.966125ms)
✔ an owner signal stops the poller; immediate:false waits one cadence (17.050375ms)
✔ jitter stays within ±fraction (13.895125ms)
✔ mapLimit caps concurrency and keeps order (26.121458ms)
✔ status backoff (Athena / Logs Insights): 1,1,2,2,3,5 then capped at 5 s (0.74575ms)
✔ status backoff: 15 s at every step while the window is hidden (0.08225ms)
✔ adaptive delay (Logs tail): 2 → 4 → 8 → 10 cap, reset to 2 on data (0.0735ms)
✔ adaptive cadence (Kafka tail): 3 → 6 → 12 → 15 cap, reset on new messages (0.089041ms)
✔ effectiveRefreshMs: all-regions mode is floored at 30 s, single region unchanged (0.061875ms)
✔ pollWhileVisible honours a `get ms()` getter fed by adaptiveCadence (40.815125ms)
✔ createLimiter(2) (AccountsOverview probe stagger): never more than 2 in flight, all run (20.982166ms)
✔ quiet cadence (Kafka Overview metrics): 4 s, then 8 → 10 s after 3 unchanged samples, snaps back on change (0.235875ms)
✔ at most 8 PRs stay cached, least recently used first out (95.166792ms)
✔ expired entries are swept when another PR is opened (15.985833ms)
✔ the byte budget evicts older PRs; loaded files are charged (46.138459ms)
✔ favorites first, then the visible order, mapped + deduped + capped (0.778ms)
✔ modules the user cannot see (RBAC / hidden) are never warmed (0.077125ms)
✔ plugin routes and unknown ids are skipped (0.064875ms)
✔ only a local daemon on a non-phone without Save-Data prefetches (0.195041ms)
✔ resource attribution includes reparented owned WebKit XPCs, excludes foreign coalitions/system WebKit and driver (61.238ms)
✔ coalition cache reuses stable identities, invalidates reused PIDs, and never keeps an exited owner (8.981625ms)
✔ Chromium keeps descendant attribution without a macOS coalition lookup (9.296458ms)
✔ DiscoveryChat late load cannot replace the newly selected conversation (64.159583ms)
✔ DiscoveryChat late failed send preserves both conversations' drafts (22.841166ms)
✔ DiscoveryChat late successful send cannot append A messages to B (4.234958ms)
✔ RefineChat late load cannot replace the newly selected conversation (3.045459ms)
✔ RefineChat late failed send preserves both conversations' drafts (10.920333ms)
✔ RefineChat late successful send cannot append A messages to B (3.105125ms)
✔ a new story always seeds the form (1.230667ms)
✔ a detail replacement keeps unsaved edits and refreshes untouched fields (0.235ms)
✔ an unedited form follows the server (0.141583ms)
✔ after the user saves, the saved text stays in the form (0.113375ms)
✔ every Overview Jira write is confirmed before it is sent (0.718333ms)
✔ workspace-only loads never read the reactive story selection (141.040042ms)
✔ late draft mutation cannot replace a newly selected story (100.188292ms)
✔ late collection response and loading completion belong to their selection (70.686291ms)
✔ late workspace list response cannot replace the current workspace (50.200916ms)
✔ dirty Product story, tab and view transitions respect Keep editing (51.239334ms)
✔ A to B to A cannot revive a request from the earlier A lifetime (40.561917ms)
✔ S18-01: a Jira title/description write for A never patches B after a switch (34.628042ms)
✔ S18-03: captureSelection goes stale on A → B → A (a re-open is a new owner) (35.243167ms)
✔ import into 50 transcripts from the first page preserves ordinary cursor reachability (199.109292ms)
✔ import into 51 transcripts from the first page preserves ordinary cursor reachability (56.550834ms)
✔ import into 51 transcripts from an older page preserves ordinary cursor reachability (44.414ms)
✔ import into 100 transcripts from the first page preserves ordinary cursor reachability (46.542875ms)
✔ import into 100 transcripts from an older page preserves ordinary cursor reachability (42.629667ms)
✔ a delayed pre-import page cannot replace the refreshed first page after POST (26.925167ms)
✔ leaving an off-page search reveal restores the ordinary boundary item and cursor (27.433959ms)
✔ real registry unregister stops Product search before its next cursor GET (75.784209ms)
✔ real registry unregister releases retained search rows even when the pending read rejects (89.508708ms)
✔ real asynchronous reveal honors close before expanding, painting or scrolling (64.46125ms)
✔ real asynchronous reveal honors no-results query before expanding, painting or scrolling (73.326542ms)
✔ real asynchronous reveal honors normal reveal before expanding, painting or scrolling (46.82225ms)
✔ opening collapsed transcript history transfers only a bounded thin first page (164.204875ms)
✔ expanding a thin transcript fetches its body through the actual Overview handler (76.945375ms)
✔ transcript cache enforces both byte and entry bounds and rehydrates evicted bodies (54.761958ms)
✔ summary pagination stays bounded and older collapsed search reveals the correct body (68.52875ms)
✔ failed body loading can retry without losing the selected summary (43.346875ms)
✔ late transcript body belongs to the original story lifetime (113.195958ms)
✔ an oversized body stays out of the cache and remains downloadable in full (62.705291ms)
✔ Proof list workspace change clears summaries before sidebar loads (122.070625ms)
✔ Proof detail cannot publish after its workspace changes (27.157ms)
✔ Proof identity change invalidates pending summary reads in the same workspace (17.480208ms)
✔ readiness follows registry tool detection for built-in and custom providers (52.65725ms)
✔ context-dependent and legacy unchecked providers remain launchable without claiming readiness (10.140208ms)
✔ late story destinations cannot replace the newly selected account (50.743542ms)
✔ late rfc destinations cannot replace the newly selected account (6.675833ms)
✔ destination retry preserves the typed RFC title and parent (4.570792ms)
✔ story submit binds the exact reviewed body and metadata despite later detail updates (77.142792ms)
✔ rfc submit binds the exact reviewed body and metadata despite later detail updates (8.803583ms)
✔ a preview without a content version binds null identity and the exact empty-body digest (5.672208ms)
✔ publication conflict disables the stale preview until explicit review reload (23.68725ms)
✔ Recap unchanged completed archive polls metadata without retransferring its body (70.349375ms)
✔ Recap summary metadata alone updates without another body request (9.272084ms)
✔ Recap append beyond an older complete page updates metadata without rereading that page (17.109083ms)
✔ Recap partial newest page appends after a missed event, then resumes cheap unchanged checks (9.933084ms)
✔ Recap exact page boundary exposes the next cursor without appending 101 rows or moving the page (8.507459ms)
✔ Recap external draft replacement and removal remain observable after capture stops (19.874958ms)
✔ Recap delayed old body cannot be acknowledged as a newer draft revision (6.1075ms)
✔ Recap explicit refresh still reads body and a closed panel ignores pending body completion (12.499416ms)
✔ Recap revision error retains content and recovery clears error without rereading unchanged body (9.893583ms)
✔ Recap revision failures back off the real visible poller and recovery restores cadence (50.111667ms)
✔ a burst of edits renders only the first (running) and the newest job (2.116292ms)
✔ jobs without isStale keep strict FIFO order (0.166083ms)
✔ a failing job or a throwing isStale never wedges the chain (0.256958ms)
✔ REST DTOs: otto-core structs and their types.ts mirrors agree (4.335709ms)
✔ membership waits for snapshot and fails closed after ten seconds of silence (23.313916ms)
✔ silence deadline resets per server frame rather than rounding to the heartbeat tick (0.910125ms)
✔ a stalled WebSocket handshake reaches disconnected and retries without waiting for open (0.238458ms)
✔ signal parser rejects oversized, malformed and unknown media envelopes (0.640167ms)
✔ ending room while screen permission is pending stops the late stream and publishes nothing (0.518625ms)
✔ presenter permission is required before opening a screen picker (0.091583ms)
✔ late microphone capture cannot reactivate after leaving audio (0.505458ms)
✔ a host generation change invalidates a pending guest picker even if disconnect was missed (0.155875ms)
✔ server coordinator shutdown stops the host microphone and audio context (0.208125ms)
✔ moderation mute then lift cannot revive a picker opened before moderation (0.457125ms)
✔ recap accessor exposes only the host raw live microphone and withdraws muted audio (0.326167ms)
✔ 25 screen source replacements and 25 audio rejoins reuse negotiated sender slots (18.225875ms)
✔ removing a member during a pending video replacement cannot recreate its audio mix (0.410125ms)
✔ revoking a source during pending slot reuse clears the newly attached video track (0.426333ms)
✔ a retained receiver stream binds new source IDs without another ontrack event (27.34ms)
✔ a binding-only publisher replacement triggers forwarding to another guest (9.262417ms)
✔ offer glare still accepts ICE for the current remote generation (0.589458ms)
✔ initial ignored-offer candidates are not replayed into a different accepted generation (0.29925ms)
✔ negotiation chooses the local description after a pending remote offer changes signaling state (0.26675ms)
✔ local preview demand never subscribes to the publisher through the server (0.534792ms)
✔ revocation stops capture that resolves after the permission picker (0.465125ms)
✔ failed source replacement preserves the existing capture (0.213709ms)
✔ revoked permission is rechecked at capture commit and concurrent pickers cannot leak (0.099958ms)
✔ four-presenter host star stays under aggregate video ceiling with one full pin per viewer (0.244791ms)
✔ grid budgets are shared per viewer and hidden sources stop encoding (0.106667ms)
✔ dimensions preserve aspect ratio, never upscale and invalid metadata disables transmission (0.071417ms)
✔ host mixes exclude the recipient, room-muted, departed and locally muted senders (0.902667ms)
✔ source geometry invalidates on resize but not intentional quality downscale (0.140375ms)
✔ encodes bounded mono16k PCM WAV with clamping and duration-preserving downsampling (0.96425ms)
✔ screen difference retains first/changed frames and skips small noise (0.101917ms)
✔ bounded upload queue drops overflow and invalidates queued work when consent epoch changes (0.555583ms)
✔ invites require an explicit secure host and exactly one fragment capability (0.905208ms)
✔ room sockets carry no query credential and use the room endpoint (0.076292ms)
✔ pin is local and a stopped source falls back to the terminal (0.054458ms)
✔ annotation positions account for letterboxing and reject the margins (0.084583ms)
✔ only recognized automatic terminal reports are passive input (0.186417ms)
✔ late annotation events cannot restore cleared or revoked marks (0.195042ms)
✔ closed Rooms view: an event bumps activity and fetches nothing (137.799292ms)
✔ open view appends the event message with no GET, deduped by id (50.868583ms)
✔ unmount evicts all but the selected room; a resync re-reads the tail (34.569ms)
✔ go() without guards navigates (115.072292ms)
✔ a guard returning false keeps the route; true lets it through (20.025958ms)
✔ a link / typed hash is reverted when a guard declines (32.822917ms)
✔ back() asks the guards; unregistering removes the guard (18.510792ms)
✔ replace() is never guarded (18.432375ms)
✔ room invitation is captured only in memory and removed before route history is recorded (34.2445ms)
✔ openModule resumes a module where it was left; the active module goes home (28.442958ms)
✔ workspace leave decisions run guards without navigating or accepting same-route exemptions (13.4595ms)
✔ a newer route decision invalidates a pending workspace decision (13.8955ms)
✔ a share token survives a reload of the guest page (tab sessionStorage), never in the URL (71.128458ms)
✔ native Back then Forward moves the in-app pointer and keeps forward history (144.308917ms)
✔ a refused native Back is undone with history.go, not by overwriting the entry (36.441959ms)
✔ an approved native Back under a guard lands on the target (34.8295ms)
✔ a new link navigation after Back still truncates forward history (61.105416ms)
✔ ContextMenu key and ⇧F10 open the menu; nothing else does (0.83525ms)
✔ keyboard menu opens at the start edge, mirrored in RTL (0.487917ms)
✔ the menu chord works from a non-editable descendant, not from a field (0.176375ms)
✔ a run with every artifact links to proof, findings, loop and branch (S20-02) (1.611541ms)
✔ a run with nothing to inspect yields no links (0.157084ms)
✔ findings and branch need a repo to resolve (0.256167ms)
✔ the evidence routes resolve to THIS run’s review and branch (S20-301) (0.358ms)
✔ without a review id there is no findings link (nothing specific to open) (0.109792ms)
✔ older same-query detection cannot overwrite a newer result (83.055584ms)
✔ completed launch in an unmounted workspace cannot reopen its detail (5.863833ms)
✔ old list response cannot replace a newer request in the same workspace (104.841208ms)
✔ launch completion does not switch the store back to a departed workspace (55.611458ms)
✔ late refresh cannot undo a confirmed cancellation (9.5925ms)
✔ workspace change clears detail and rejects late event history (21.023ms)
✔ checkpoint-only progress merges freshness without clearing loaded pages (63.811584ms)
✔ body cache rejects another version and evicts only bounded retained bodies (24.940083ms)
✔ out-of-order run snapshots do not roll back selected details or checkpoint generation (12.672166ms)
✔ checkpoint pages preserve a row already fetched at a newer revision (6.066791ms)
✔ unchanged nodes (same detail_version + status) keep their object and fields (6.1075ms)
✔ shared node bodies: one request per (run,node) across the step list and the inspector (7.397084ms)
✔ a shared read is aborted only when every consumer that joined it aborted (15.8065ms)
✔ a contiguous live node summary applies in place; anything else refetches (perf W5) (35.677458ms)
✔ shared completed node bodies obey a 16 MiB estimated byte budget (22.302417ms)
✔ oversized shared bodies reach every joined consumer but are not cached (14.721ms)
✔ shared completed body eviction uses last access rather than insertion order (4.928958ms)
✔ network-path references are external, not relative (0.54675ms)
✔ relative, fragment and query hrefs stay internal (0.102542ms)
✔ http(s) is external; mailto allowed but not external (0.060791ms)
✔ script-ish schemes are refused, even obfuscated (0.069166ms)
✔ data: only as a non-SVG image (0.050542ms)
✔ version cache reuses immutable selected versions with bounded bytes and entries (0.5705ms)
✔ kick-out confirms with the session, the workspace and no-undo; mid-turn says so (0.525583ms)
✔ kick-out: confirmed → delete + walk-out together, then a toast (0.459333ms)
✔ kick-out: cancelled → nothing happens; failed delete → the kid walks back (0.137041ms)
✔ no actions for a kid you can’t manage (0.112083ms)
✔ detention archives (with the working hint) while the kid walks to the bench (0.093542ms)
✔ detention: a cancelled guard walks the kid back without an error (0.127292ms)
✔ release unarchives and says the kid is back (0.119167ms)
✔ actor disposal releases unique cloned skeletons and mixer bindings while preserving shared templates (3.865625ms)
✔ every workspace is a classroom door, the current one first (2.828125ms)
✔ status → pose: only real output is typing; an alive-but-quiet process sits idle (0.096875ms)
✔ each provider gets its own kid; unknown providers the custom kid (0.061709ms)
✔ seating is stable: a status change never moves a kid to another desk (0.248ms)
✔ a room hangs behind its corridor door: back wall on the corridor, door segment on its door (0.113875ms)
✔ engine sessions sit in the back row only while live; viewers cannot manage (0.197208ms)
✔ archived sessions sit on the detention bench (newest first, max 3) (0.177292ms)
✔ complete membership keeps overflow sessions actionable while geometry stays capped (0.332875ms)
✔ roomSummary reads like a door sign (0.148625ms)
✔ a full grid of desks, each with a chair, and one door each side of the wall (0.590917ms)
✔ no furniture footprint lands on a walkway (0.412875ms)
✔ lanePath only walks axis-aligned along lanes and aisles (0.178458ms)
✔ busy kids never leave their desks; idle kids do wander, and come back (10.556458ms)
✔ a wandering kid hurries back when its session wakes up (1.324084ms)
✔ the headmaster checks on the kid that needs you first (1.02375ms)
✔ kick-out walks the kid out of the door; detention walks it to the bench (1.053125ms)
✔ restore puts a kicked kid back at its desk (the delete failed) (0.131542ms)
✔ reduced motion: nobody wanders, the headmaster stays at the board, kicks are instant (2.229042ms)
✔ every clip life asks for is in the asset contract (18.502625ms)
✔ an unanswered "needs you" frees the kid to wander after BORED_MS; a fresh one keeps the hand up (4.242667ms)
✔ hidden documents abort screen reads, suppress late feeds, and resume one nonoverlapping batch (8.421458ms)
✔ a poller created while hidden waits for reveal and still caps each batch at twelve (6.712792ms)
✔ abort terminates pending worker and ignores late messages (56.032292ms)
✔ elapsed deadline terminates a script that never replies (25.200459ms)
✔ oversized input rejects before any worker message (11.632958ms)
✔ postMessage clone failure terminates and settles exactly once (7.776166ms)
✔ messageerror terminates and success cleans its worker (23.850458ms)
✔ already aborted script creates no worker (18.777583ms)
✔ pre-script keeps pm request/header and variable behavior (0.926125ms)
✔ console bursts stop retaining entries at the script output budget (0.813834ms)
✔ oversized log text is rejected before retention (0.134459ms)
✔ post-script test bursts share bounded output collection (0.567125ms)
✔ post-script keeps passed and failed pm tests plus chaining (0.129333ms)
✔ write set records explicit same-value writes and unsets but not reads (0.106708ms)
✔ writes never overlap and the last one sends the latest state (4.778583ms)
✔ a failed write does not wedge the queue (0.8415ms)
✔ BACKGROUND_SOURCES mirrors the Rust BACKGROUND_SESSION_SOURCES exactly (2.211583ms)
✔ the inlined scratch id matches sessionScope (0.18675ms)
✔ isForeground / isShownKind follow the daemon rule (0.535208ms)
✔ bucketSessions: one pass reproduces every sidebar list (9.380334ms)
✔ bucketSessions on 2,360 rows stays well under a frame (10.993167ms)
✔ shownListQuery always asks for the foreground rows + channel tickets (0.124167ms)
✔ idChunks splits at the daemon cap of 64 (0.169042ms)
✔ applyOrder puts unknown ids on top newest-first, then known in order, ignores dead ids (6.715125ms)
✔ reorder pulls from and reinserts at to; unknown ids unchanged (0.098625ms)
✔ applyOrder with an empty order equals recency sort (0.077958ms)
✔ applyTokenOrder: most tokens first, unused sessions keep recent order after (0.136291ms)
✔ image upload cannot cross terminal ownership after switch (64.006333ms)
✔ image upload cannot cross terminal ownership after disconnect (59.650125ms)
✔ image upload cannot cross terminal ownership after readonly (11.148791ms)
✔ an image still owned by its connected writable terminal is pasted once (13.880708ms)
✔ in a workspace, scratch sessions the store holds for the sidebar are out of scope (0.670541ms)
✔ a scratch session opened as a tab here is on screen, so it is in scope (0.061333ms)
✔ with no workspace selected, scratch sessions are all there is (0.056584ms)
✔ applyStatusPatches: one pass, one new array, untouched rows keep identity (0.72825ms)
✔ applyStatusPatches: same array when nothing applies (0.071333ms)
✔ applyStatusPatches: a burst keeps only the newest stamp per id (Map semantics) (0.115333ms)
✔ staleStatusIds: drops unknown terminal ids, keeps loaded and live ones (0.085541ms)
✔ canDropExited: held by a tab, a pane or an in-flight fetch → stays (0.06725ms)
✔ token counts read compactly (0.444708ms)
✔ cost is an estimate with sensible floors (10.554833ms)
✔ the label puts tokens first and cost second; no usage → null (0.109166ms)
✔ run history is off unless a positive window is stored, floored like the daemon (0.37625ms)
✔ changing the window keeps every other stored retention field (0.389292ms)
✔ section ids are unique and labels are sentence case (0.507041ms)
✔ access gates: ungated for members, admin sections for settings admins, root-only groups (0.122416ms)
✔ filter matches label, keywords and group, ranking label prefixes first (1.055ms)
✔ every section page titles itself from the registry (2.086959ms)
✔ sections backed by root-only handlers are gated on root, not settings:admin (0.130209ms)
✔ root-only handlers ↔ root-gated sections (S17-303) (0.380083ms)
✔ failed first listing retains attempted state until explicit retry (103.747375ms)
✔ transfer polling waits through finalizing and returns completed bytes (10.453709ms)
✔ pagination reaches the final omitted change and downloads retain complete source bytes (89.838833ms)
✔ identical 50k-line JSON produces no false changed lines or full-file render (57.974333ms)
✔ distant sparse changes retain equal interior lines within a fixed allocation budget (128.06875ms)
✔ distant substitutions inside 50k repeated lines preserve the unchanged common run (61.392167ms)
✔ bounded repeated-line traceback reconstructs both sources after insertions (29.474ms)
✔ bounded repeated-line traceback reconstructs both sources after deletions (34.744458ms)
✔ bounded repeated-line traceback reconstructs both sources after reordering (19.625625ms)
✔ actual template render inputs are bounded for disjoint large sources (29.613667ms)
✔ actual template render inputs are bounded for empty-before large sources (18.678125ms)
✔ actual template render inputs are bounded for unlimited-context large sources (19.022709ms)
✔ every sidebar module routes to its own page chunk (1.389125ms)
✔ the shell imports no module page statically (0.5475ms)
✔ mermaid, sql-formatter and qrcode are never imported statically (66.151125ms)
✔ the shell chunk evaluates no page-owned store, handler file or the ui-commands catalog (perf F2) (13.828625ms)
✔ the entry chunk never carries the mock-API fixtures (perf F10) (7.528708ms)
✔ the right activity panel loads each tab on demand (perf G1) (4.592792ms)
✔ patchSessionIn keeps the array when the id is absent or the patch is a no-op (0.734959ms)
✔ rafCoalesce applies only the latest move per frame, and flush applies it now (0.15725ms)
✔ loadFrecency parses once per stored string and recordUsage never edits the shared map (0.174166ms)
✔ capNotices drops the oldest read notices first, unread only past the cap (120.320875ms)
✔ ingest keeps at most NOTICE_CAP notices (58.524834ms)
✔ plain chords split modifier glyphs into separate keys (0.930959ms)
✔ a range stays one readable chip (0.161708ms)
✔ alternatives get a plain separator, not a "U / " key (0.903875ms)
✔ isEmbedSearch: only embed=1 marks the side pane document (0.495334ms)
✔ routeOf strips the hash prefix in every spelling (0.119583ms)
✔ paneKey groups routes by the sidebar entry that owns them (0.093375ms)
✔ paneKey matches the sidebar highlight (activeNavId) for every route shape (0.080875ms)
✔ clampShare keeps the split within 25–75% and both panes above the floor (0.082917ms)
✔ fitsTwoPanes needs room for two minimum-width panes and the divider (0.046791ms)
✔ leading/side share convert both ways for both placements (0.083625ms)
✔ leadingFromPointer is logical: mirrored in RTL (0.052417ms)
✔ nudgeLeading: arrows step (visually), Home/End limits, Enter resets (0.078ms)
✔ saved state: round-trips, clamps, and never restores a one-time route (0.539083ms)
✔ embedSrc: same page, embed flag, no window identity, the route in the hash (0.10225ms)
✔ embeddedKeyTarget: window verbs go to the host, pane verbs stay (0.08275ms)
✔ sideMenuTarget: only a focused pane takes the pane-scoped menu items (0.052458ms)
✔ readGuestMsg validates everything the host acts on (0.328ms)
✔ readHostMsg validates what the pane acts on (0.247958ms)
✔ targetOrigin: the real origin, or * for an opaque one (0.096792ms)
✔ no favorites: no Favorites section, shipped section order (0.881167ms)
✔ favorites come first, in the saved order, and leave their own sections (0.713125ms)
✔ a section emptied by favorites disappears; a user order still applies inside Favorites (0.080417ms)
✔ favorites respect RBAC, features and plugins: an unavailable favorite is skipped (0.096625ms)
✔ favorites + hidden: hidden favorites vanish outside edit mode, stay listed while editing (0.147167ms)
✔ duplicate favorite ids render once (0.05125ms)
✔ section order: saved first, unknown / duplicate / favorites ignored, missing appended in default order (0.098209ms)
✔ moveAmong: swaps with the nearest present neighbour, null at the ends (0.099917ms)
✔ reorderAmong: drag lands before the target going up, after it going down (0.076292ms)
✔ insertFavorite: appends, inserts before a target, never duplicates (0.101958ms)
✔ site brand @latest resolves the same version as export (79.936ms)
✔ site brand @approved resolves the same version as export (21.007583ms)
✔ site brand @v3 resolves the same version as export (7.213917ms)
✔ brand content beyond inline cap loads the exact resolved version (10.218833ms)
(node:16686) [DEP0205] DeprecationWarning: `module.register()` is deprecated. Use `module.registerHooks()` instead.
(Use `node --trace-deprecation ...` to show where the warning was created)
✔ site.css is byte-identical to the Rust crate copy (the export ships the same stylesheet) (1.780291ms)
✔ the catalog: ~25 section blocks across every family, all renderable (6.077583ms)
✔ the renderer escapes copy and sanitizes links and images (0.223084ms)
✔ hidden sections stay in the document but never reach the export (0.096333ms)
✔ 3D embeds show the artifact (poster, version, policy) or a stand-in card (0.153291ms)
✔ brand kits (otto-brand/1 and the legacy typography shape) become --brand-* tokens and theme slots (1.218958ms)
✔ tone and contrast follow the brand colours (0.17275ms)
✔ the validator gates structure, ids, blocks, enums and unsafe URLs (0.353041ms)
✔ six starter templates, all valid, readable ids, brand tokens only (2.236125ms)
✔ document ops never mutate their input and keep ids unique (2.78025ms)
✔ "From your library" copies carry provenance as a derived_from reference (0.27775ms)
✔ parseSite reads empty and legacy docs, and reports invalid ones (0.126417ms)
✔ audit flags low contrast, off-brand colours and missing text alternatives (1.348667ms)
✔ the co-design selection payload names the node and stays under the assist cap (0.383541ms)
✔ SD-17: ops path-copy — untouched pages, sections and blocks keep their identity (1.193333ms)
✔ S18-23: section classes built from doc fields cannot break out of the class attribute (0.398958ms)
✔ one group per name with variants in display order (no ×3 rows) (7.008375ms)
✔ sync states: unknown until bodies are read, then in sync or drifted (0.342708ms)
✔ bundled version drift marks the library copy drifted (3.276708ms)
✔ provider-only copies compare against the first provider (0.143542ms)
✔ filters: search, category, source, drifted-only; counts (0.228458ms)
✔ namesNeedingBodies lists only provider copies that have something to compare to (0.113875ms)
✔ normalizeBody ignores line endings and trailing whitespace only (0.066291ms)
✔ parseFrontmatter reads scalars, block scalars and lists (0.940833ms)
✔ a leaked block-scalar marker is not a description (0.523125ms)
✔ parseFrontmatter without frontmatter returns the whole text (0.168ms)
✔ file deletion confirmation keeps the skill shown in the question (84.406625ms)
✔ save completing after selecting another skill cannot replace its body or files (4.690792ms)
✔ review stop confirmation never targets a newly selected review (5.123541ms)
✔ review fixer completion cannot replace a newly selected review (8.549792ms)
✔ skills-eval/SkillsEvalPage: a late workspace list cannot publish into the new workspace (4.165875ms)
✔ skills-lab/SkillReviewPanel: a late workspace list cannot publish into the new workspace (5.763708ms)
✔ library replacement and removal cannot switch targets while confirmation is open (11.733916ms)
✔ provider comparison cannot cache old text under a different selected skill (16.537833ms)
✔ unchanged save acknowledges only submitted text while newer typing stays dirty (2.917083ms)
✔ GoldenTasksView list completion keeps workspace ownership (4.856ms)
✔ MatrixView list completion keeps workspace ownership (9.794458ms)
✔ matrix stop confirmation cannot cancel the next matrix (3.431167ms)
✔ creating golden task after workspace switch cannot close the new form or publish old task (5.545083ms)
✔ annosHash is stable for equal states and changes on any edit (upload skip key) (0.523625ms)
✔ an unchanged annotation list makes zero uploads (0.440667ms)
✔ only a state that differs from the last save uploads (0.103416ms)
✔ a real change is detected (geometry, text and order) (0.101792ms)
✔ MAX_PANES is the user decision (15, not 6) (1.142875ms)
✔ insertBeside: left/up put node in a, right/down in b, axis col vs row (1.183458ms)
✔ removeLeaf collapses the parent and keeps the sibling subtree key and frac (0.252541ms)
✔ swapLeaves swaps sessions, not keys (0.334333ms)
✔ moveLeaf same key / unknown target is identity (0.112625ms)
✔ moveLeaf removes then inserts (3 leaves stay 3, new position) (0.104041ms)
✔ setFrac clamps to 0.1 and 0.9 (0.093125ms)
✔ fromLegacy n=1..4 shapes and fractions (0.122125ms)
✔ toLegacy(fromLegacy(x)) round-trips panes+axis for n=1,2 and panes for n=3,4 (0.153958ms)
✔ parseLayout: null → null tree; garbage → null (0.182167ms)
✔ parseLayout: v1 → fromLegacy (0.098167ms)
✔ parseLayout: v2 with a dead leaf drops it and collapses (0.11175ms)
✔ parseLayout: v2 with a missing focused → null focused (0.07275ms)
✔ parseLayout: leaves beyond MAX_PANES are trimmed (0.170625ms)
✔ applyPreset cols/rows for n=2..15: every leaf share is 1/n and depth ≤ ⌈log₂ n⌉ (1.117667ms)
✔ applyPreset one-two-below / one-two-beside shapes (0.085041ms)
✔ applyPreset grid column count 2/3/4 at n=4/9/15 (0.127209ms)
✔ replaceSession maps every matching leaf, removes on null, dedupes a replaced leaf whose target already exists (0.130083ms)
✔ retain returns the same object when nothing changes (0.075292ms)
✔ applyTileOrder: known first in order, unknown appended, dead ids skipped (0.082375ms)
✔ reorderIds pulls from and reinserts at to; unknown ids unchanged (0.058042ms)
✔ neighbour on a 2×2 rect map (right/left/down/up + null at the edge) and cross-axis overlap preference (0.175709ms)
✔ storyStage: product stages map to one label/tone; done is success, not accent (0.896167ms)
✔ sessionState: live states map to one label/tone (0.12025ms)
✔ sessionState: needs-you is amber and wins over live states only (0.498667ms)
✔ sessionState: resumable exits are suspended, never amber; plain exits end (0.130917ms)
✔ sessionState: non-zero exit code is failed; zero follows resumability (0.070459ms)
✔ sessionState: stale stops working/running claims from pulsing (0.058708ms)
✔ isResumable mirrors the sidebar rule (0.047167ms)
✔ runStatus normalises every module vocabulary (0.163709ms)
✔ runStatus keeps unknown words readable and neutral (0.083125ms)
✔ envTone: prod danger, staging warning, dev neutral (0.124958ms)
✔ suspendedNote says why and when a session went dormant (A4) (0.117958ms)
✔ restartSummaryText reports kept vs suspended sessions, or nothing (0.078875ms)
✔ token references parse and label (Brand Kit name grammar) (0.59225ms)
✔ resolveColor goes through the kit resolver and falls back instead of breaking the render (0.337ms)
✔ resolveMaterial: explicit field > preset default > renderer default (0.217208ms)
✔ applyMaterialPreset clears what the preset owns and keeps colour/opacity (0.398375ms)
✔ web budget readout (0.095792ms)
✔ easing curves start at 0, end at 1 and keep their shape (0.126125ms)
✔ stateTiming defaults, clamps and honours reduced motion (0.078417ms)
✔ statePoses = base document + that state’s overrides (0.176833ms)
✔ lerpPose tweens transforms, colours, opacity and visibility (0.265333ms)
✔ one pass yields per-agent live/done/active and swarm totals (2.287625ms)
✔ no runs → empty stats (0.126042ms)
✔ initial application hooks need no runtime; an opt-in import connects the same hooks (71.655458ms)
✔ opt-out creates no clock, span, queue or export; disabling drops in-flight work (11.258917ms)
✔ queue is bounded, exports are batched and failures do not grow an offline backlog (20.675ms)
✔ navigation and request spans share W3C context, and arbitrary fields never leave (41.157333ms)
✔ one flush at a time; consent revocation aborts delivery and invalidates old spans (8.61825ms)
✔ failed transport spans coexist with successful calls without invented HTTP status (5.85075ms)
✔ production HTTP wrapper omits a nonexistent response status on rejection (47.894542ms)
✔ configuration fetch retries a temporary failure and never reactivates after disposal (24.608042ms)
✔ hiding a view during paint discards render and navigation instead of recording timeout latency (8.415417ms)
✔ disposal during pending config cannot activate collection (11.458583ms)
✔ disposal during pending runtime cannot activate collection (7.535292ms)
✔ a newer disabled configuration wins over a pending runtime import (5.908625ms)
✔ actual HTTP producer conforms to the shared ingest contract without exporting route identities (44.30025ms)
✔ stale daemon identity with a reachable API cannot mutate, signal or delete a fixture (61.780666ms)
✔ replacement during config retrieval cannot receive the disable mutation or lose its data (14.754334ms)
✔ one compact in flight per window; the focused pane goes first (0.779ms)
✔ a repeated request while queued or in flight is one compact (0.072666ms)
✔ panes that left the screen are dropped, not run (0.0735ms)
✔ a pane that declines at run time frees the slot at once (0.061042ms)
✔ a lost reply frees the slot after the timeout; cancel frees it at once (0.089625ms)
✔ pauses once above HIGH and resumes once below LOW (0.876625ms)
✔ normal output below HIGH never sends flow frames (0.143916ms)
✔ a slow drain re-sends pause as a keep-alive (server auto-resumes after 2 s) (0.0735ms)
✔ no pause is sent while the socket is closed; a new stream starts unpaused (0.092584ms)
✔ hasCursorOrErase: redraws yes, plain appended output no (0.116917ms)
✔ withInOrderReset prefixes RIS and keeps the snapshot bytes (0.074333ms)
✔ WriteQueue slices ≤ WRITE_SLICE, keeps ≤ WRITE_INFLIGHT inside xterm, and loses nothing (35.521209ms)
✔ WriteQueue: xterm throwing un-counts the slice and keeps draining (0.2165ms)
✔ input over a big queue sends resync BEFORE the resume its drop triggers, and drops only the queue (0.459ms)
✔ scrollback depths: 2k default for embeds, 4000 (the daemon depth) only where a primary pane asks for it (0.822833ms)
✔ credit: offer, grant, then no pause frames however big the backlog (0.277667ms)
✔ credit: binary snapshots are offered only on request (perf 01 N3: never to the room relay) (0.421041ms)
✔ resize-with-grid compact (perf 01 N6): a widened visible agent pane sends ONE grid-carrying scrollback (0.449792ms)
✔ credit: acks are cumulative, every CREDIT_ACK_STEP consumed, credited bytes only (0.222959ms)
✔ credit: a small granted window acks every window/4 (never waits on a remainder) (0.051625ms)
✔ credit: dropped bytes are acked (resync on input sends resync first) (0.088917ms)
✔ credit: a new socket reverts to pause mode and bytes from the old stream never ack (0.078042ms)
✔ credit: client backlog is bounded by the window independent of send rate (434.848875ms)
✔ tui clean-up: one repaint after a burst goes quiet, not one per frame (0.246833ms)
✔ tui clean-up: a never-quiet spinner is cleaned ~1×/s (was 5×/s) (0.106ms)
✔ hold: consumed bytes are not acked while held; release acks the total once (0.096333ms)
✔ hold: release with nothing consumed, or before a grant, sends no ack (0.048167ms)
✔ hold: a dropped queue while held is acked on release (the daemon owes one snapshot) (0.456208ms)
✔ RollingStats keeps the last N and reports nearest-rank percentiles (0.422834ms)
✔ KeyLatency splits one keystroke into wire, parse and paint (0.128291ms)
✔ KeyLatency ignores output with no keystroke pending, and reset drops a sample (0.057291ms)
✔ ProbeClock pairs acks with their probe and forgets stale ones (0.087417ms)
✔ HUD formatting (0.073375ms)
✔ park: take returns the parked value once and cancels its TTL (1.463125ms)
✔ park: LRU cap evicts (and disposes) the oldest parked engine (0.215625ms)
✔ park: TTL disposes an engine nobody came back for (0.085375ms)
✔ park: re-parking a session disposes the older engine; a stale close cannot evict the newer one (0.071375ms)
✔ park: bounds are the documented ones (0.264375ms)
✔ park → adopt keeps the credit stream: acks continue on the same tag through re-pointed sinks (0.276084ms)
✔ snapshotApplies: attach/resync rebuild; a held optional compact is skipped (0.07475ms)
✔ park: a byte budget evicts the oldest engines past it, keeping the newest (perf 01 N2) (0.105ms)
✔ park: the default budget holds ~5 worst-case (4000 × 200) engines, all PARK_CAP typical ones (0.130042ms)
✔ a new grid is sent and, in a TUI pane, compacted (1.427792ms)
✔ A→B→A: same final grid but a local reflow still asks for a snapshot (0.08275ms)
✔ nothing changed anywhere: no send, no snapshot (0.051792ms)
✔ a forced sync re-sends the same grid without a snapshot unless the buffer reflowed (0.812084ms)
✔ plain shells never compact (their scrollback reflows natively) (0.196083ms)
✔ a wider grid compacts (the widen-leaves-a-void case) (0.0945ms)
✔ a narrower grid, or a row change of at most 2, does not compact (0.072291ms)
✔ more than 2 rows either way compacts; an unknown previous grid compacts (0.047583ms)
✔ A→B→A still compacts with grids given (nothing sent, buffer reflowed) (0.062792ms)
✔ relative paths, source basenames and locations from actual CLI output (5.658875ms)
✔ quoted and markdown paths with spaces retain full destinations (0.78125ms)
✔ URL overlap, punctuation, task names, hosts and command schemes (0.145166ms)
✔ OSC8 dispatch permits only HTTP(S) and local file targets (0.151584ms)
✔ wrapped logical paths map inclusive ranges across terminal rows (1.206792ms)
✔ wide Unicode and surrogate pairs do not shift file ranges (5.657042ms)
✔ dot segments preserve filesystem symlink semantics until daemon canonicalization (1.17525ms)
✔ unquoted rooted path with spaces wins over a misleading relative suffix (0.139ms)
✔ Codex parenthesized cyan hardwrap retains whole target on either row without linking indent (1.909167ms)
✔ Claude bold edge-filled relative path joins slash continuation from cursor-addressed next row (1.233916ms)
✔ hardwrap recognition does not combine separate files, styles, or unrelated prose (0.322583ms)
✔ rooted spaced paths stop at sentence punctuation and a subsequent explicit root (0.089959ms)
✔ mixed soft and hard wraps preserve the original absolute prefix on all three rows (0.309833ms)
✔ painted trailing spaces do not make an incomplete path edge-filled (0.07025ms)
✔ a divider in a last row that shrank from 3 tiles to 2 still moves (0.796542ms)
✔ a stored row SHORTER than the live one never leaks an old weight into a drag (0.08625ms)
✔ liveTracks returns copies (editing never mutates the stored weights) (0.09075ms)
✔ TiledView edits start from the rendered weights, not the raw stored arrays (0.292416ms)
✔ the persistent container is the polite live region (0.427708ms)
✔ only an error toast has its own live role; every toast reads atomically (0.06475ms)
✔ Native light: --accent-text >= 4.5:1 on surfaces and the accent tint (1.171792ms)
✔ Native light: --control-border >= 3:1 on --bg / --surface / --surface-2 (0.190167ms)
✔ Native dark: --accent-text >= 4.5:1 on surfaces and the accent tint (0.126ms)
✔ Pro Dark: --accent-text >= 4.5:1 on surfaces and the accent tint (0.097208ms)
✔ Warm light: --accent-text >= 4.5:1 on surfaces and the accent tint (0.110875ms)
✔ Warm light: --control-border >= 3:1 on --bg / --surface / --surface-2 (0.085708ms)
✔ Warm dark: --accent-text >= 4.5:1 on surfaces and the accent tint (0.078416ms)
✔ Native light: every text token >= 4.5:1 on every ground and accent tint (0.609125ms)
✔ Native light: Rail count badges >= 4.5:1 (0.119875ms)
✔ Native dark: every text token >= 4.5:1 on every ground and accent tint (0.109375ms)
✔ Native dark: Rail count badges >= 4.5:1 (1.29275ms)
✔ Pro Dark: every text token >= 4.5:1 on every ground and accent tint (0.118ms)
✔ Pro Dark: Rail count badges >= 4.5:1 (0.035417ms)
✔ Warm light: every text token >= 4.5:1 on every ground and accent tint (0.060166ms)
✔ Warm light: Rail count badges >= 4.5:1 (0.025375ms)
✔ Warm dark: every text token >= 4.5:1 on every ground and accent tint (0.054792ms)
✔ Warm dark: Rail count badges >= 4.5:1 (0.033417ms)
✔ Native light: semantic tones >= 4.5:1 on every ground and their own -soft tint (0.442042ms)
✔ Native light: Switch off/on parts >= 3:1 (WCAG 1.4.11) (0.107125ms)
✔ Native dark: semantic tones >= 4.5:1 on every ground and their own -soft tint (0.735833ms)
✔ Native dark: Switch off/on parts >= 3:1 (WCAG 1.4.11) (0.206292ms)
✔ Pro Dark: semantic tones >= 4.5:1 on every ground and their own -soft tint (1.12425ms)
✔ Pro Dark: Switch off/on parts >= 3:1 (WCAG 1.4.11) (0.116625ms)
✔ Warm light: semantic tones >= 4.5:1 on every ground and their own -soft tint (0.280208ms)
✔ Warm light: Switch off/on parts >= 3:1 (WCAG 1.4.11) (0.035125ms)
✔ Warm dark: semantic tones >= 4.5:1 on every ground and their own -soft tint (0.310791ms)
✔ Warm dark: Switch off/on parts >= 3:1 (WCAG 1.4.11) (0.041791ms)
✔ the global :focus-visible ring uses --accent-text (0.72525ms)
✔ effectiveResult: full result only while the block is still an elided preview (48.159083ms)
✔ fetchToolResult hits the tool route once per step and retries after a failure (8.574958ms)
✔ reconnect resyncs leased views only, never a cached closed session or workspace (98.557458ms)
✔ closing a pending GET prevents late touch and state publication (28.591917ms)
✔ two panes share one load and releasing one leaves the other live (29.825625ms)
✔ hidden document never resyncs or resumes a leased session (61.196292ms)
✔ resync storms bound reads to two and one trailing request per source (46.358584ms)
✔ inactive cache is bounded without deleting drafts or active older pages (27.427ms)
✔ separate windows never release each other leases (50.206167ms)
✔ hidden pane release does not evict or abort its sibling lease on return (30.761959ms)
✔ identity reset revokes in-flight reads and clears bodies without deleting a draft (23.987167ms)
✔ existing unscoped draft is migrated once and survives the new storage namespace (33.207667ms)
✔ busy folds retry only while visible and never touch after the failed read (20.340416ms)
✔ closing a subagent read releases loading and ignores a late failure after reopening (15.766708ms)
✔ releasing a large reader does not traverse or serialize its retained body (20.996166ms)
✔ parent Reload preserves accounting for retained child bodies (16.201625ms)
✔ subagent bodies are replaced whole (raw state), never mutated in place (13.937834ms)
✔ disjoint reconnect retains a reachable earlier cursor (old earlier=false) (20.969208ms)
✔ disjoint reconnect retains a reachable earlier cursor (old earlier=true) (22.401875ms)
✔ returning to live following releases paged history and keeps its recovery cursor (45.506167ms)
✔ live following bounds payload bytes as well as turn count (61.740334ms)
✔ collapsing 100 inspected subagents releases bodies while their parent stays mounted (16.986833ms)
✔ paging a 1200-turn child keeps its retained/render input window bounded (17.126709ms)
✔ collapse revokes a pending child read without affecting its mounted parent (12.45375ms)
✔ active child-body count is shared across parents and admission recovers after collapse (13.746625ms)
✔ two child consumers share a body and only final collapse releases it (15.545375ms)
✔ a permanently oversized child turn gives no impossible retry (13.477584ms)
✔ concurrent child expansion reserves capacity before fetching response bodies (18.342333ms)
✔ shared child byte budget credits replacement pages and preserves a refused destination for retry (13.9185ms)
✔ adaptive child page reduction keeps every older and newer turn reachable (43.383958ms)
✔ a late collapsed read cannot publish over or release its reopened child reservation (14.753375ms)
✔ keepalive and recovery stay passive after an explicit active-view touch (12.968291ms)
✔ alias: a network failure suspends it, retries the GET on 127.0.0.1, and a health probe re-enables it (100.909375ms)
✔ alias: suspend on socket loss, resume probes at once, re-arm clears the suspension (46.40525ms)
✔ a non-GET is never replayed on the other host after a network failure (71.364459ms)
✔ lanes: long paths, api.long and an ambient bg scope reach the alias; plain calls stay interactive (31.213833ms)
✔ bg cap holds ACROSS documents (Web Locks): 2 per document, 3 app-wide (136.1025ms)
✔ poll: the first run and a manual now() are interactive; cadence and event ticks are background (19.007541ms)
✔ createLimiter: a shared gate across independent callers, abortable while queued (9.152459ms)
✔ catalog: well-formed, unique names, known risks, headless only on reads (0.682292ms)
✔ every catalog command has exactly one handler, under its module (0.564583ms)
✔ every registered handler is in the catalog (0.075416ms)
✔ uiCommands/index.ts registers every handler module (eager import or lazy names) (1.674334ms)
✔ shell-side uiCommands stay light: no handler file or catalog JSON statically imported by index.ts (0.218916ms)
✔ frames: commands are normalised and validated (0.216833ms)
✔ frames: deadlines, labels, provider names, result cap (16.384584ms)
✔ reveal: scroll by the nearest edge, and leave a tall, partly visible target alone (0.101417ms)
✔ esc escapes every HTML-significant character (0.429792ms)
✔ token cells lead with tokens and end with the cost (13.471541ms)
✔ the report is one self-contained, escaped HTML document (0.971ms)
✔ empty tables say so, and own-scope reports are labelled (2.01275ms)
✔ failed report refresh cannot export a previous window as the current report (127.069041ms)
✔ a report awaiting replacement cannot export the prior session scope (18.839625ms)
✔ Remove from all workspaces confirms, and Cancel writes nothing (99.753208ms)
✔ confirmed removal writes every workspace (8.751709ms)
✔ setting a role everywhere does not ask (4.390125ms)
✔ carrySeed maps previous positions onto the new node order by path (0.810917ms)
✔ applySeed keeps carried nodes and places a new node beside its neighbour (0.145042ms)
✔ ordinary Enter cannot create while the current switcher lookup is pending (59.104875ms)
✔ ordinary Enter cannot create after the current switcher lookup failed (9.534667ms)
✔ a switcher result from the previous vault cannot populate the current vault (3.697333ms)
✔ successful empty current lookup allows deliberate Enter creation (3.146125ms)
✔ Down during a pending lookup still lets Enter open the first arriving result (2.867792ms)
✔ successful multiple switcher results retain bounded keyboard movement (2.365708ms)
✔ Down during pending empty lookup does not prevent deliberate creation after success (2.352875ms)
✔ refine does not dispatch after the before-snapshot outlives its workspace (49.919041ms)
✔ refine result cannot adopt a previous workspace session (3.833333ms)
✔ docs start response cannot select the old run in a newly selected vault (5.79525ms)
✔ resolving one docs run cannot replace a newly selected run (8.357542ms)
✔ only notes over 64 KB leave the main thread (0.363459ms)
✔ the placeholder is the escaped plain body, marked busy (0.176875ms)
✔ a timed-out worker render never re-runs on the main thread (S18-305) (0.068791ms)
✔ preview at the same path belongs to the newly selected vault (112.347084ms)
✔ delayed preview never reads the old path in another vault (15.030417ms)
✔ preview refreshes after the content generation changes (5.054458ms)
✔ structured properties preserve unknown YAML fields, comments and the exact body (5.324917ms)
✔ blank values remove a property and malformed frontmatter is refused (1.123ms)
✔ tag refresh failure keeps the last good tags available (91.065125ms)
✔ switcher transport failure remains distinguishable from an empty lookup (33.97525ms)
✔ backlink refresh failure retains current note links and exposes retry state (27.541709ms)
✔ backlink pending and stale failure stay with the current note request (23.76125ms)
✔ switching notes clears old backlinks before the new read and never restores old errors (25.47975ms)
✔ backlink refresh resets the visible window and allows rehydrating edited sources (42.473542ms)
✔ failed save retains draft, conflict and current tab on navigation (20.363542ms)
✔ last dirty tab stays open when saving fails (22.066167ms)
✔ scan completion refreshes a clean open note even when counts are unchanged (22.637ms)
✔ scan completion preserves local draft and flags the external change (20.347834ms)
✔ navigation awaits the in-flight save and drains edits typed during it (22.126875ms)
✔ vault switching retains a dirty note if the save fails (18.827125ms)
✔ refresh only requests visible branches and invalidates collapsed children (19.199667ms)
✔ collapse during a refresh is preserved when pending directory results arrive (17.173667ms)
✔ reopening a still-loading branch ignores the older directory response (16.303708ms)
✔ transient busy 409 keeps the draft, raises no conflict banner and retries (719.221458ms)
✔ an equal status poll keeps the status object (graph effects key off it) (30.790375ms)
✔ own save skips the backlinks reload and the note re-read when links are unchanged (24.136333ms)
✔ own save re-reads the note once when its link set changed (23.837417ms)
✔ S18-20: a poll read issued before an autosave never reverts the editor after it (18.430417ms)
✔ S18-21: navigation blocked by a conflict says why (18.741875ms)
✔ S18-22: agent-staged text is never written as a recovery draft (475.086292ms)
✔ completed OKF toggle never selects its old vault over the current one (26.636458ms)
✔ rename response cannot rename another vault tabs at the same path (22.842875ms)
✔ create note response cannot navigate the newly selected vault (17.098875ms)
✔ clearing search invalidates an earlier pending response and busy state (16.619125ms)
✔ noteKind recognises OKF types case/separator-insensitively and rejects plain notes (0.497917ms)
✔ plain and reserved notes get no structured model (0.182333ms)
✔ frontmatter owners/status/environments/dependencies become header facts and cards (1.34275ms)
✔ cards fall back to the body section (bullets and first table column, wikilinks reduced) (0.482708ms)
✔ sectionLines ignores headings inside code fences (0.079333ms)
✔ API endpoint operation comes from resource; repo hints from a path resource (0.272708ms)
✔ asList flattens scalars, comma strings, object lists and maps (0.117125ms)
✔ name matching is normalised and ignores too-short hints (0.107833ms)
✔ repo matching by path, basename and remote slug (0.204167ms)
✔ workload kinds map to resource-table routes; previews strip markup (0.19775ms)
✔ visible directory requests are bounded to four and old nodes are immutable (0.703959ms)
✔ stale navigation never mutates a previously shown nested node (0.392166ms)
✔ a stale collapsed branch refreshes preserved open descendants on reopening (0.14525ms)
✔ the file extension wins over the content (1.246ms)
✔ content sniffing per language (1.998667ms)
✔ effectiveLanguage: auto resolves, an explicit override sticks (0.09175ms)
✔ every language maps to a CodeEditor key and an extension (0.166708ms)
✔ svg behind an xml prologue and comments is still svg, in linear time (4.018875ms)
✔ json: pretty prints and keeps the trailing-newline policy (0.698375ms)
✔ json: an error reports a line and column and changes nothing (0.393792ms)
✔ json: error position parsing across engine message formats (0.371625ms)
✔ yaml: normalises and reports parse errors with a line (13.750208ms)
✔ sql: formats and keeps :name, {name} and {{name}} placeholders intact (75.340375ms)
✔ html: indents block elements, keeps <pre>/<script> verbatim, idempotent (0.684166ms)
✔ xml: pretty prints, keeps attributes, CDATA and comments, flags mismatches (0.368334ms)
✔ html: tolerant of stray end tags and implicit closes (0.077541ms)
✔ csv: round-trips quotes, delimiters and embedded newlines (0.286125ms)
✔ markdown/toml/code: conservative whitespace normalisation, idempotent (0.442708ms)
✔ canFormat covers the text languages but not images (0.054333ms)
✔ sql: all three syntaxes, counts and first index (3.9855ms)
✔ sql: skips literals, comments, casts and keys — same as the DB editor (0.207292ms)
✔ non-sql: only {name} / {{name}}, including inside JSON strings (0.148875ms)
✔ fill: substitutes known non-empty values, leaves the rest (0.121417ms)
✔ previewKind maps languages to renderers (0.413959ms)
✔ lineColAt is 1-based and counts newlines (0.397125ms)
✔ parseJsonWithPos parses or reports a position (0.18725ms)
✔ csvView caps rows, pads width, drops trailing blank row (0.090042ms)
✔ svgDataUrl encodes markup (0.059167ms)
✔ format completion cannot replace the newly selected file or later keystrokes (66.682833ms)
✔ reload confirmation cannot discard a newly selected file (12.978625ms)
✔ image upload cannot insert an old workspace asset into a different workspace (7.993958ms)
✔ unchanged editor still receives its format result (14.343ms)
✔ Workbench revision wrapper transmits bounded limit and exclusive cursor without changing direct revision URLs (52.356875ms)
✔ History requests one bounded exclusive page and replaces the rendered window (11.45175ms)
✔ History superseded success cannot publish rows, error, or loading (6.722458ms)
✔ History superseded failure cannot publish rows, error, or loading (4.822167ms)
✔ History A-B-A navigation rejects the first A response (9.361083ms)
✔ History restore approval stays bound to the selected revision (4.517167ms)
✔ History changed document cancels pending restore approval before mutation (6.426ms)
✔ History old restore completion cannot replace a newly selected document (3.520125ms)
✔ History actual destroy callback cancels pending restore approval (7.458458ms)
✔ History A-B-A visit cancels earlier restore approval (5.0525ms)
✔ History navigation goes back without retaining prior page rows (4.6355ms)
✔ create finishing after workspace switch cannot add an old doc to the new workspace (70.466875ms)
✔ metadata and restore completions remain with their originating workspace (51.977917ms)
✔ remote reload cannot overwrite edits made while its response is pending (16.55475ms)
✔ failed initial list preserves persisted tabs for Retry (15.545625ms)
✔ trash does not discard a dirty buffer after its save failed (16.87675ms)
✔ ordinary reload and same-workspace create still publish (15.816583ms)
✔ a remote change while dirty cancels the pending autosave and holds later ones (992.618583ms)
✔ content saves carry if_hash; a 409 raises the banner instead of an error (23.114708ms)
✔ an event with our own hash (or an older rev) is ignored (15.152667ms)
✔ a save to a trashed doc says so instead of the "changed elsewhere" banner (S18-307) (19.093375ms)
✔ explicit zero survives save while use-default retains agent retry policy (0.430625ms)
✔ default event uses a supported canonical identifier (15.404875ms)
✔ editing cron destinations preserves cursor and extension settings (0.253834ms)
✔ event filters and cleared destinations round trip (0.753875ms)
✔ use default clears legacy nested policies without removing step parameters (0.111666ms)
✔ workflow approval loads the full exact pending gate preview (48.970834ms)
✔ workflow approval rejects a different detail version and supports Retry (13.858208ms)
✔ departed run cannot adopt a late approval preview (10.385042ms)
✔ Product approve submits the displayed preview identity, not the latest summary (9.411083ms)
✔ Product deny submits the displayed preview identity, not the latest summary (9.027917ms)
✔ Product approval cannot submit without a successfully displayed preview (8.774875ms)
✔ stale Product approval conflict invalidates the displayed identity before another click (7.327ms)
✔ ordinary non-Product approvals keep their existing request shape (7.545125ms)
✔ completed await:false node discovers a later summarizer and retains captured history (0.699625ms)
✔ reload resolves associations and retries from durable output on older runs (0.102041ms)
✔ review cancellation and fallback override suspended session lifecycle (0.074625ms)
✔ Suggest never pre-fills outward or fake values (0.635208ms)
✔ the example is placeholder-only and lists the destinations (0.174625ms)
✔ placeholder values are found by path, real values pass (0.09025ms)
✔ result destinations mirror the engine (0.404875ms)
✔ workflow version wrapper requests bounded summaries and an exclusive cursor, leaving full detail separate (48.975167ms)
✔ workflow version drawer keeps one bounded window and can page to the oldest version across a new save (29.632625ms)
✔ version drawer rejects stale failure/finally and retries the exact failed older page (11.1245ms)
ℹ tests 1828
ℹ suites 0
ℹ pass 1827
ℹ fail 1
ℹ cancelled 0
ℹ skipped 0
ℹ todo 0
ℹ duration_ms 16044.71775

✖ failing tests:

test at unit/composerSendOwnership.test.ts:24:1
✖ production send keeps a remounted draft and allows only one pending request (57.060834ms)
  ReferenceError [Error]: document is not defined
      at restoreComposerFocus (eval at mount (file:///Users/itziklavon/otto_os/ui/unit/composerSendOwnership.test.ts:46:12), <anonymous>:9:21)
      at send (eval at mount (file:///Users/itziklavon/otto_os/ui/unit/composerSendOwnership.test.ts:46:12), <anonymous>:38:9)
      at async Promise.all (index 0)
      at async TestContext.<anonymous> (file:///Users/itziklavon/otto_os/ui/unit/composerSendOwnership.test.ts:55:22)
      at async Test.run (node:internal/test_runner/test:1409:7)
      at async Test.processPendingSubtests (node:internal/test_runner/test:974:7)
