
> ui@0.2.0 test:unit
> node --test 'unit/**/*.test.ts'

✔ scratch broadcasts are allowed while mixed and missing recipients are refused (0.388959ms)
✔ saved view filters combine provider, repository and minimum cost (0.0965ms)
✔ tokens parse for every combination (0.513667ms)
✔ generated palettes stay inside the scheme luminance band for any accent (1.229416ms)
✔ photo pixels are clamped into the band (0.630791ms)
✔ text and dim text on chrome glass are AA over every ambient pixel, all five combinations (1.467959ms)
✔ raised glass (menus, palette) is AA over app surfaces; --text survives any backdrop (0.156667ms)
✔ ambientImage: none, a translucent wash, an opaque wallpaper, or the photo (0.28475ms)
✔ API-created minimal automation is editable without assertion/extraction arrays (0.697625ms)
✔ editing an assertion does not mutate the persisted automation snapshot (0.104458ms)
✔ save completion belongs to the initiating tab, never the newly active tab (204.211375ms)
✔ runtime variables are scoped to the restored workspace (67.311667ms)
✔ cleared extras serialize explicitly, and gRPC schema/method round trip (99.828125ms)
✔ OAuth completion updates originating inactive tab and keeps later auth edits (66.982542ms)
✔ cancel during asynchronous pre-script prevents HTTP and clears sending (39.7975ms)
✔ closing the initiating tab cancels a pending pre-script (101.7835ms)
✔ replaced execution ignores late pre-script even with the same tab identity (97.155125ms)
✔ environment stays with the execution snapshot while pre-script is pending (58.358416ms)
✔ curl import cannot land in a different workspace after parsing (30.719833ms)
✔ file import retains its workspace while the file is being read (38.745291ms)
✔ an automation start response cannot publish into the next workspace (56.132167ms)
✔ GraphQL introspection cannot publish another tab or edited endpoint schema (75.505833ms)
✔ a loaded GraphQL schema is visible only for the request that owns it (40.222333ms)
✔ opening a saved request never replaces unsaved edits in the active tab (126.311834ms)
✔ a pristine blank tab is reused when opening a saved request (76.999042ms)
✔ history replay rehydrates masked credentials from the saved request, never sends *** (40.803333ms)
✔ automation runs poll deltas and append only the new steps (2042.112959ms)
✔ import creates every item in order and reloads the lists once (54.952ms)
✔ opening a saved request fetches its full row once and reuses it (38.226375ms)
✔ a restored tab whose saved row is not loaded yet is never repurposed (31.535791ms)
✔ a final run_progress during an in-flight delta GET is latched, not dropped (42.015708ms)
✔ run_progress wakes are coalesced to one delta GET per 250 ms (862.497292ms)
✔ api_client_changed patches the loaded workspace and expires others (1544.450792ms)
✔ switching tabs keeps each tab its own response (29.853167ms)
✔ two tabs send concurrently; a background tab’s response is kept, never cancelled (42.857291ms)
✔ cancel only stops the active tab’s send (69.460417ms)
✔ opening a history entry shows its stored response, flagged as from history (26.545209ms)
✔ api_history_appended refetches only a history list someone asked for (perf H1) (728.416125ms)
✔ concurrent script writes preserve newer unrelated variables: console.log('done') (35.737125ms)
✔ concurrent script writes preserve newer unrelated variables: pm.variables.set('a','one') (34.636583ms)
✔ concurrent script writes preserve newer unrelated variables: pm.variables.unset('remove') (44.601459ms)
✔ loadCollections: late response cannot overwrite workspace B (344.279167ms)
✔ saveCollection: completed write returns to caller but cannot publish into workspace B (332.844584ms)
✔ loadCollections: late response cannot overwrite a new A visit (489.832875ms)
✔ saveCollection: completed write returns to caller but cannot publish into a new A visit (484.059375ms)
✔ saveCollection: stale failure does not toast over the new workspace (344.296125ms)
✔ loadEnvironments: late response cannot overwrite workspace B (334.237916ms)
✔ saveEnvironment: completed write returns to caller but cannot publish into workspace B (365.205ms)
✔ loadEnvironments: late response cannot overwrite a new A visit (514.573958ms)
✔ saveEnvironment: completed write returns to caller but cannot publish into a new A visit (518.957458ms)
✔ saveEnvironment: stale failure does not toast over the new workspace (363.419375ms)
✔ loadAutomations: late response cannot overwrite workspace B (360.301459ms)
✔ saveAutomation: completed write returns to caller but cannot publish into workspace B (365.909833ms)
✔ loadAutomations: late response cannot overwrite a new A visit (514.578334ms)
✔ saveAutomation: completed write returns to caller but cannot publish into a new A visit (534.985917ms)
✔ saveAutomation: stale failure does not toast over the new workspace (370.202708ms)
✔ loadCollections: stale error cannot mark a successfully loaded empty workspace as failed (367.255959ms)
✔ loadRequests: stale error cannot mark a successfully loaded empty workspace as failed (362.752667ms)
✔ loadEnvironments: stale error cannot mark a successfully loaded empty workspace as failed (368.111917ms)
✔ late activation cannot clear the new workspace active environment or change its next Send (362.379375ms)
✔ loadAll: old A success cannot overwrite the fresh A visit after A-B-A (362.844583ms)
✔ loadAll: obsolete A failure cannot clear the loading state of a newer A visit (371.745958ms)
✔ lists stay pending until this workspace settles once — a refetch never re-enters "not loaded" (362.772792ms)
✔ a stalled interactive GET rejects with a timeout ApiError (160.958ms)
✔ a caller abort stays an AbortError (not reported as a timeout) (41.5775ms)
✔ writes and the long lane carry no default deadline (91.214542ms)
✔ authedText: a 401 dispatches the unauthorized event like api.* (28.88725ms)
✔ GraphQL variables: blank → {}, object passes, bad JSON names the line (1.244542ms)
✔ history direct and event invalidations share one snapshot, including duplicate event during fetch (0.628417ms)
✔ history append after fetch began produces exactly one necessary followup (0.154042ms)
✔ history workspace replacement aborts and ignores old response (0.468292ms)
✔ history detail cannot overwrite another selection, workspace, tab or edited draft (0.242ms)
✔ detail failure preserves draft and clears only its own pending state (0.128875ms)
✔ postman secret and credential-named variables import as Keychain secrets (0.870208ms)
✔ an environment without secrets sends no secret values (0.078166ms)
✔ a small response opens two levels (1.767334ms)
✔ a root array of wide objects does not open every row (bounded mount) (2.4405ms)
✔ a scalar root opens nothing but itself (0.119083ms)
✔ a clicked commit diff stays on the interactive lane (150.306292ms)
✔ history walks and remote git still use the long lane (46.315209ms)
✔ a DB schema load or object open (both can dial) uses the long lane (52.314417ms)
✔ empty error responses reject instead of reporting a successful mutation (211.079792ms)
✔ accepted JSON responses retain the updated object (37.241125ms)
✔ genuinely empty accepted and no-content responses resolve without JSON parsing (110.072ms)
✔ declared text types are always text (3.346125ms)
✔ binary payloads are detected by their decoded bytes (0.183375ms)
✔ persisted tabs never carry plaintext credentials (0.798791ms)
✔ a saved-request tab persists the stored marker, not the typed replacement (0.341166ms)
✔ history replay never sends the literal mask (0.406125ms)
✔ credential-carrying keys mirror the daemon (0.219375ms)
✔ the storage banner is offered only past a size with no limit for that part (0.742459ms)
✔ presets always set a limit (none deletes by default) and sizes read (0.140459ms)
✔ late callbacks from a replaced socket cannot mutate current stream (61.029791ms)
✔ switching request tabs closes the previous relay and clears its console (13.942291ms)
✔ stream console retains a bounded tail and counts discarded messages (16.170084ms)
✔ a message burst updates the console once per animation frame (10.691291ms)
✔ variables resolve in daemon order: built-ins, session, environment, secret, missing (0.765166ms)
✔ variable discovery and highlight segments (0.272792ms)
✔ method and status tones carry words, not only colour (1.609333ms)
✔ collection paths follow the tree order (11.944125ms)
✔ url split and Set-Cookie parsing (0.301834ms)
✔ JSON tree search finds keys and values and opens their ancestors (0.754041ms)
✔ duplicating a request never copies another request’s Keychain marker (0.344583ms)
✔ every user-facing archive goes through ws.requestArchive (1.397417ms)
✔ requestArchive confirms a working agent before archiving (0.232334ms)
✔ SessionView "Save & restart" runs the restart working-guard first (0.101709ms)
✔ a leading @codex routes the turn; the daemon-bound text drops it (0.904584ms)
✔ mid-sentence mentions, emails, handles and other providers never route (0.087583ms)
✔ provider labels read like the mockup chip (0.138667ms)
✔ threads split into Spaces 01–04 and Recent (newest first) (1.537458ms)
✔ the page opens on the remembered thread, else the latest (0.257917ms)
✔ turn kinds map to cards; one card per task; unreferenced thread tasks still show (0.525125ms)
✔ memory chip payloads are validated (0.169917ms)
✔ memory chips sit on the reply that follows them; cards land by time (0.357166ms)
✔ timestamps with different precision still order as instants (0.207708ms)
✔ replies of the current session come from the transcript; older providers stay from the index (0.584208ms)
✔ without a session the index is the whole conversation (0.160917ms)
✔ provider inference from a model id (0.260167ms)
✔ the queue holds exactly the tasks whose newest row is needs_you (0.389417ms)
✔ stale frames and slow snapshots never roll the queue back (0.115375ms)
✔ a snapshot drops what left the queue but keeps what arrived while it was in flight (0.114209ms)
✔ per-thread counts (0.087ms)
✔ tasks group into board columns, newest change first (0.089458ms)
✔ reminders read Scheduled / Delivered (0.054042ms)
✔ upsertNewer ignores stale rows (0.076042ms)
✔ browser progress is read defensively from result.browser (0.098292ms)
✔ keyword lists and load share (0.443458ms)
✔ limit notice text (0.151667ms)
✔ reminder labels (18.442084ms)
✔ thread paging retains rows on failure, retries the same offset and deduplicates (197.963292ms)
✔ refresh invalidates an older page and selected older thread survives refresh (58.297ms)
✔ selected thread late failure cannot replace a newer selection (45.117875ms)
✔ page find includes an unloaded provider match beyond the first transcript page (99.701375ms)
✔ a late old async provider query cannot replace the current matches (11.065917ms)
✔ remote find failure is visible rather than reporting whole-history absence (6.577125ms)
✔ a failed departed provider cannot report its error in the replacement provider (34.235583ms)
✔ closing find aborts pending provider search and prevents late results (6.277625ms)
✔ boot: the saved workspace's session list goes out with /workspaces, and is used once (perf G3) (265.918667ms)
✔ boot: a saved workspace that no longer exists drops its speculative list (perf G3) (103.063208ms)
✔ the archived probe stops once it found rows, and keeps asking while there are none (perf G7) (1167.847583ms)
✔ late workspace selection cannot publish sessions or restore the old layout (32.355542ms)
✔ concurrent refreshes in one workspace coalesce into one trailing load (48.751542ms)
✔ selection waits for a superseding refresh before restoring saved tabs (63.753333ms)
✔ old History pagination cannot append to a new provider list (7.268833ms)
✔ failed workspace selection clears foreign sessions and retry restores the selected layout (30.188ms)
✔ archive events synchronize membership in two independent windows (86.658542ms)
✔ workspace changes ask before identity, tabs or persistence are replaced (52.398959ms)
✔ same-workspace selection cancels a pending workspace leave decision (33.813167ms)
✔ a successful workspace leave saves against the original workspace before switching (77.201ms)
✔ canceling current workspace archive sends no archive request (29.194291ms)
✔ approved workspace archive asks once and selects its fallback (54.422709ms)
✔ an archive response cannot redirect a newer completed workspace selection (63.041625ms)
✔ archiving the last workspace asks once then enters scratch context (55.80025ms)
✔ a selection made while /workspaces is in flight keeps the list and settles it (side-pane guest) (43.708333ms)
✔ a 401 on /auth/me clears the token and asks for login (140.272708ms)
✔ a 5xx / transport failure keeps the token and stays offline (polled) (40.946125ms)
✔ a failed re-boot of a running app keeps the shell up (25.655292ms)
✔ a stalled /meta moves boot to offline instead of spinning forever (S13-05) (58.976792ms)
✔ a stalled /meta on an in-place re-boot keeps the running shell up (S13-304) (14.9695ms)
✔ a late impersonation identity cannot replace a newer sign-in (13.629667ms)
✔ failed impersonation start blocks actions until the current bearer identity is verified (25.258791ms)
✔ failed impersonation stop blocks actions until the current bearer identity is verified (16.279666ms)
✔ impersonation start lives in this tab's sessionStorage, not shared localStorage (S13-07) (10.546959ms)
✔ the impersonation bearer stays in this tab — the shared token is never overwritten (S13-303) (9.805917ms)
✔ an expired impersonation (4401 → 401 path) falls back to the admin session (S13-302) (5.912ms)
✔ a re-boot whose impersonation token expired lands on the admin, not sign-in (S13-302) (6.963584ms)
✔ the insights report frame is script-only: no popups, no same-origin (0.590417ms)
✔ the insights link bridge only honours the frame, http(s), a user gesture and a rate limit (0.182334ms)
✔ plugin frames: messages are source-checked and the slug is validated before framing (0.112042ms)
✔ latestOnly: a superseded ticket is not current and its signal aborts (100.650042ms)
✔ loops: a background poll landing after Pause cannot restore "running" (52.304834ms)
✔ loops: answerQuestion encodes the question id (41.009458ms)
✔ scheduled tasks: the start snapshot landing after the finish one is dropped (32.807083ms)
✔ lazyComponent: a failed prefetch stays silent and the first open retries (16.316375ms)
✔ the Automate chooser lists the overlapping automations that live outside Automate (S20-18) (0.683834ms)
✔ every Automate page offers the chooser beyond its empty state (1.0095ms)
✔ the chooser hides modules the user cannot open, using the sidebar gate (S20-307) (3.626208ms)
✔ loops/LoopDetail del acts on the target named by its confirmation (52.084ms)
✔ loops/LoopDetail stop acts on the target named by its confirmation (4.582709ms)
✔ run-with-otto/RunDetail cancel acts on the target named by its confirmation (2.809667ms)
✔ run-with-otto/RunDetail openPr acts on the target named by its confirmation (2.666292ms)
✔ proof/ProofPage removePack keeps its confirmed target after navigation (25.901708ms)
✔ proof/ProofPage assemble keeps its confirmed target after navigation (5.554458ms)
✔ proof/ProofPage newPack keeps its confirmed target after navigation (11.474875ms)
✔ workflows/WorkflowsPage stop keeps its confirmed target after navigation (52.350875ms)
✔ reads pass without a confirm (0.523084ms)
✔ DDL, DML and unknown statements need a confirm (0.129833ms)
✔ base64ToBytes round-trips binary data (native fromBase64 when present) (4.497542ms)
✔ the atob fallback decodes identically (4.2895ms)
✔ brandCssVars uses the contract names (same as the server CSS export) (1.340875ms)
✔ resolveToken covers every group, sub-properties and css vars (0.408084ms)
✔ parseTokenRef and tokenRefs mirror the server (0.299458ms)
✔ cssIdent kebab-cases like the Rust exporter (0.081708ms)
✔ contrast: WCAG ratios, levels, ink and on-colour (0.200792ms)
✔ diffTokens reports changed / added / removed with canonical values (0.258417ms)
✔ validateBrandDoc mirrors the server rules (0.447792ms)
✔ normalizeBrandDoc tidies loose values and migrates the Phase 0 scaffold (0.349167ms)
✔ every starter kit validates and has readable primaries (0.419667ms)
✔ editing helpers keep order and pick unique names (0.557875ms)
✔ late annotation read cannot replace another active tab marks (84.095333ms)
✔ creating a mark then switching tabs does not append to the new page (28.991208ms)
✔ the script fills only on the credential domain or its subdomains (0.616042ms)
✔ the script refuses a downgrade to plain http off loopback (0.142125ms)
✔ the password and username are JSON-escaped into the script (0.108167ms)
✔ host-side re-check: a redirect during the confirmation blocks the fill (0.13575ms)
✔ eval results are normalised whether quoted or raw (0.123291ms)
✔ the in-page origin check survives a page that poisons String built-ins (S18-307) (0.773667ms)
✔ fitContain letterboxes a wide frame top/bottom and centres it (0.860375ms)
✔ fitContain pillarboxes a tall frame left/right (0.067417ms)
✔ fitContain with a degenerate size draws nothing (0.048292ms)
✔ clientToPage maps through a 2x (retina) frame to CSS px (0.101167ms)
✔ clientToPage handles a downscaled frame (image smaller than the viewport) (0.063958ms)
✔ clientToPage ignores clicks on the letterbox bars (0.067583ms)
✔ clientToPage subtracts the frame offset_top and rejects the bar above it (0.314792ms)
✔ viewportFor clamps to the daemon range and quantises the device scale factor (0.395125ms)
✔ viewportFor lowers the scale factor to stay inside the pixel budget (0.250958ms)
✔ viewportChanged ignores 1px wobble but not a dpr change (0.432167ms)
✔ app chords already handled by the global key map pass through (0.1555ms)
✔ browser-convention chords are handled locally (0.070583ms)
✔ Esc releases the keyboard; ⇧Esc is sent to the page as Escape (0.109ms)
✔ IME / soft-keyboard keystrokes are ignored (text arrives via input/composition) (0.057167ms)
✔ plain typing, editing and copy chords are forwarded (0.039917ms)
✔ modifierMask uses CDP bits (0.038708ms)
✔ virtualKeyCode covers letters, digits, punctuation and named keys (0.101833ms)
✔ keyPayload is the contract key frame: text on keydown only, Enter types \r, chords type nothing (0.063125ms)
✔ coalesce sends the first move at once and the LATEST one per interval (0.154833ms)
✔ coalesce.flush sends the pending move before a click; cancel drops it (0.077833ms)
✔ mergeWheel sums deltas at the latest position; modifier change restarts (0.04675ms)
✔ wheelPixels normalises line and page deltas (0.050208ms)
✔ backoff grows exponentially with a cap and bounded jitter (0.043667ms)
✔ reducer walks connect → live → reconnecting → connecting → live (0.122084ms)
✔ S18-18: accept-then-close servers exhaust the retries instead of looping forever (0.052208ms)
✔ terminal close codes and closed frames end the session without retry (0.039167ms)
✔ the reducer gives up after maxAttempts (0.035292ms)
✔ duplicate connect / stray open / frame-while-not-live are no-ops (0.029875ms)
✔ steady-state frames return the SAME state (no per-frame reactive churn) (0.648ms)
✔ isStale: a quiet live page is never stale; any non-live socket is (0.145667ms)
✔ input-to-frame latency: first input starts the sample, the next frame ends it (0.0945ms)
✔ meter reports frames in the last second and smooths the latency (0.148459ms)
✔ parseServer ignores junk; buttonName maps DOM buttons (0.212791ms)
✔ safeCursor only lets known CSS cursor keywords through (0.075042ms)
✔ parseBinaryFrame reads the v1 layout: version byte, u32 BE length, JSON header, JPEG (0.142292ms)
✔ parseBinaryFrame drops unknown versions, truncated buffers and bad headers (0.0595ms)
✔ driverFor: agent blocks, another person is "other", me/nobody may drive (0.034ms)
✔ closed reasons and the SSRF note read as sentences (0.085708ms)
✔ approvalFacts builds where / what / who sees it / as from the held request (0.144291ms)
✔ approvalFacts falls back to the URL host and leaves unknowns out (0.227709ms)
✔ openTab completion cannot enter a different workspace (116.030542ms)
✔ openTab completion cannot enter a new visit to the original workspace (21.683542ms)
✔ openLiveTab completion cannot enter a different workspace (42.522666ms)
✔ openLiveTab completion cannot enter a new visit to the original workspace (28.029833ms)
✔ reader navigation never persists a title obtained from another active tab (50.180792ms)
✔ older reader navigation completing last cannot replace a newer URL (14.903875ms)
✔ overlapping live navigations persist the newest URL even when the first write is slow (15.809875ms)
✔ closing the last active tab invalidates a late reader success before close completes (14.484667ms)
✔ closing the last active tab invalidates a late reader failure before close completes (10.896917ms)
✔ closing a background tab leaves the active reader request valid (22.080792ms)
✔ failed active close restores the previous readable content and selection (9.467708ms)
✔ summary cannot cross a workspace transition even at the same URL (128.334417ms)
✔ summary cannot cross a tab transition even at the same URL (31.503292ms)
✔ summary cannot cross a leave-and-return transition even at the same URL (37.466167ms)
✔ superseding a summary aborts its request and preserves the current busy state (27.658125ms)
✔ deselect clears reader loading and error state immediately (33.315125ms)
✔ refSha accepts only full sha256 refs (0.706792ms)
✔ the client digest is the server content address (sha256 of the data-URL text) (4.146292ms)
✔ a 3 MB image goes inline once, then every autosave sends a ref (0.281292ms)
✔ an unresolved ref passes through and is not re-learned as inline (0.086833ms)
✔ the file cache defaults to a 64 MB bound (0.045209ms)
✔ the file cache is a byte-bounded LRU: past the cap the oldest sha is refetched (1.057959ms)
✔ a board unmount releases its files unless another open board uses them (0.543916ms)
✔ a failed or mid-flight-released fetch leaves nothing behind (1.270792ms)
✔ a push applies once; saves (dirty → false) never re-apply it (128.137125ms)
✔ a push skipped while dirty is spent, not replayed once the save lands (20.510459ms)
✔ another scene's push, docs without source, and tick 0 are ignored (39.140833ms)
✔ queued, superseded scene writes are dropped; the newest doc is sent (138.082125ms)
✔ drafts staged in one tick collapse into a single PUT (22.852584ms)
✔ a save issued during a restore queues behind it and keeps its draft (67.848167ms)
✔ Excalidraw assist failure retains the exact composer prompt (71.501708ms)
✔ Excalidraw reports accepted content and rejects an empty generation result (6.499ms)
✔ Mermaid assist failure retains the exact composer prompt (8.474667ms)
✔ Mermaid reports accepted content and rejects an empty generation result (3.971459ms)
✔ D2 assist failure retains the exact composer prompt (15.826458ms)
✔ D2 reports accepted content and rejects an empty generation result (7.053291ms)
✔ Canvas keeps an unaccepted prompt while the request is pending (9.422875ms)
✔ late accepted generation cannot clear another scene or a newer prompt (7.389125ms)
✔ Excalidraw restore applies persisted background and grid before the next save (18.052959ms)
✔ Excalidraw grid-only edit gridModeEnabled schedules a persisted snapshot (5.0595ms)
✔ Excalidraw grid-only edit gridSize schedules a persisted snapshot (39.048417ms)
✔ the allow-list parses trimmed, blank-free ids (0.723958ms)
✔ senders already allowed are not offered again (0.096709ms)
✔ allowing a sender appends once, keeping the others (0.081583ms)
✔ a sender reads as name (id), or the id alone (0.059333ms)
✔ toolLine: commands, files and searches read as verb + target (+ dim detail) (1.008541ms)
✔ toolStatus: no result is running while the session is active, else "none" (0.193167ms)
✔ stepSummary says what a group did, in order, naming a single file (0.507958ms)
✔ pendingTool: the newest call without a result in the last response (0.116583ms)
✔ lastLine: the last non-blank output line, clipped (0.083167ms)
✔ countUnread counts items after the last one seen at the bottom (0.061458ms)
✔ askQuestions reads AskUserQuestion input defensively (0.228625ms)
✔ providerName (0.075917ms)
✔ segment: the plan is its own block; the call that wrote it gets no row (0.150542ms)
✔ decorateCodeBlocks: IDE header (label · file · lines · Wrap/Open/Copy), numbered lines, fold, idempotent (0.504333ms)
(node:17543) [DEP0205] DeprecationWarning: `module.register()` is deprecated. Use `module.registerHooks()` instead.
(Use `node --trace-deprecation ...` to show where the warning was created)
✔ foldResponse keeps the first and final message and folds the work between (2.036209ms)
✔ patchStats counts hunk lines only; changedFiles merges per path and treats a Write as new (0.572417ms)
✔ usage sums over a response; the token line names every kind with a tooltip (0.247ms)
✔ day dividers and paths (13.914334ms)
✔ file references: code spans, prose paths and locations (0.533917ms)
✔ the chat markdown extension: file refs, chips, and URLs left alone (12.940458ms)
✔ linkifyOutput links paths and URLs in escaped command output (4.333ms)
✔ fence info: language + file name (0.397541ms)
✔ highlightLines tokenizes the whole block and keeps every line self-contained (78.88375ms)
✔ preview parsers: kinds, CSV/TSV, JSON, HTML documents (0.456584ms)
✔ mounted checkpoint loader shows matching-generation membership while progress keeps advancing (68.150584ms)
✔ ⌘W on a non-Agents page never touches the hidden session (404.482ms)
✔ "Always delete": no dialog, but archive first and delete only after the Undo window (79.031584ms)
✔ Undo inside the window keeps the session (74.580584ms)
✔ ⌘W under "Always delete" goes through the undoable path (54.344667ms)
✔ "Always delete" then ⌘⇧T: the reopened session is never deleted (125.751166ms)
✔ "Always delete" then Archived ▸ Restore: no DELETE (109.420708ms)
✔ "Always delete" then another window restores it: the re-check keeps it (105.158416ms)
✔ a toast held open past the grace period still lets Undo win (165.547875ms)
✔ sessionVerbsApply is Agents-only (0.418542ms)
✔ requestArchive asks for a working row the store has no status for (43.195958ms)
✔ requestArchive: an idle unknown row archives at once; a busy shell never asks (72.334ms)
✔ requestArchive and confirmRestart ask for a working agent (86.942083ms)
✔ two registration effects re-running in one flush keep both sets (154.147292ms)
✔ a stale unregister never removes the set that replaced it (10.1215ms)
✔ registry.all is memoized: unchanged sources hand back the same array (5.465916ms)
✔ typed text is kept per repo and cleared when emptied (86.340875ms)
✔ a draft that lands with no panel watching is parked once (13.689ms)
✔ a watched repo gets the reply directly (nothing parked) (6.791292ms)
✔ a reopened composer shares the pending send claim while other sessions remain usable (113.103667ms)
✔ production send keeps a remounted draft and allows only one pending request (69.687292ms)
✔ send is refused while an image upload is still pending (47.54075ms)
✔ renaming retains unknown parameters and TLS shorthand (64.103666ms)
✔ secure URI schemes enable TLS and Mongo passwords leave URI fields (23.050958ms)
✔ explicit field clears preserve unrelated advanced TLS and tunnel settings (31.510542ms)
✔ Mongo URI: an encodable-character password never stays in the visible string (S16-15) (36.189458ms)
✔ Mongo URI: an unencoded `/` in the password never stays visible (S16-307) (55.51975ms)
✔ stableGroupTurns reuses the item object of every unchanged group (0.951667ms)
✔ stableGroupTurns re-groups when a member turn joins or leaves a response (0.098541ms)
✔ md cache: hits return the memo, misses render once, bounds evict oldest (0.163834ms)
✔ indexToRenderItem is memoized per index turn object (0.07975ms)
✔ trimTurnHead only cuts in front of a turn with a known cursor (141.324083ms)
✔ a long live chat is capped and "Load earlier" resumes exactly at the dropped head (75.648125ms)
✔ a scheme change moves the token (the old host:port compare missed it) (0.392375ms)
✔ host and port changes move it; path / case / default port do not (0.098667ms)
✔ unparseable input: only an identical string is the same (0.072667ms)
✔ javascript: links are dropped (href and xlink:href, obfuscated too) (1.050041ms)
✔ http(s) links and in-document fragments survive (0.970416ms)
✔ event handlers are dropped regardless of element (img onerror payload) (0.101084ms)
✔ config keeps foreignObject labels but forbids active content (0.095583ms)
✔ fails closed when the purifier cannot run (no DOM) (0.078583ms)
✔ hook is installed only for the duration of one sanitize call (0.778375ms)
✔ D2 style rules are scoped to the diagram (1.972125ms)
✔ a string-embedded brace or comment cannot end a rule early (S18-301) (0.2995ms)
✔ a scope-anchored selector cannot hop to the app with ~ or + (S11-311) (0.154875ms)
✔ foreign @font-face / @keyframes names and fetching values are dropped (0.184292ms)
✔ no browser CSS parser → styles dropped (fail closed) (0.067417ms)
✔ styles without a diagram scope class are dropped (0.199042ms)
✔ scope class comes from D2's wrapper <svg> tags only, not a label element (0.080291ms)
✔ serialized style text is entity-decoded for parsing and re-escaped after (0.086584ms)
✔ edits made during a daemon settings save remain unsaved (57.016833ms)
✔ successful import never submits the editor draft: DELETE FROM imported (78.727958ms)
✔ successful import never submits the editor draft: INSERT INTO audit VALUES (1) (10.544333ms)
✔ successful import never submits the editor draft: SELECT * FROM imported; DELETE FROM imported (8.572167ms)
✔ request-save retry adopts the successfully created collection before the failed second step (3.328583ms)
✔ Recovery Refresh retries failed active history from offset zero (6.200042ms)
✔ Recovery Refresh replaces stale first page and retains it on a later error (7.298625ms)
✔ environment save preserves newer typing and the next Save submits that draft (15.437708ms)
✔ environment save completion cannot replace a newly selected environment (21.2435ms)
✔ environment failed save retains its draft for retry (6.320583ms)
✔ environment Save in a former workspace cannot reseed the current draft (7.36ms)
✔ successful import after a connection change never refreshes another connection metadata (3.698209ms)
✔ environment saved secret rename updates its stored marker while preserving newer unrelated edits (5.383458ms)
✔ environment saved secret rename updates its stored marker while preserving another secret rename (4.748042ms)
✔ request-save sheet does not continue its second mutation after changing workspace (13.406625ms)
✔ guarded import approval remains bound to its captured connection (3.383459ms)
✔ canceled import while typed confirmation waits cannot retry after late approval (3.274875ms)
✔ old import completion leaves a replacement table dialog open (3.249625ms)
✔ guarded import retry uses the submitted format/path/table despite pending form edits (3.055541ms)
✔ unmounting Save request while collection creation waits prevents the unsent request mutation (1.538791ms)
✔ environment A-B-A selection during save reconciles the clean value (6.9385ms)
✔ environment A-B-A selection during save reconciles the clean secret name (9.627416ms)
✔ Cancel synchronously invalidates Save request before Svelte destruction runs (1.474625ms)
✔ environment A-B-A return preserves actual new typing and reconciles saved secret marker (4.120542ms)
✔ database dialogs + page reach storage only through the guarded helpers (S16-304) (0.5835ms)
✔ scratch close cancel retains the exact tab; discard resolves its stable id (48.286375ms)
✔ automation cancel and failed save retain steps; successful save or discard permits leave (8.485583ms)
✔ automation edits arriving during save keep the editor open (5.455875ms)
✔ tail failures retain the buffer and cursors, clear new count and recover on empty success (22.234959ms)
✔ canceled automation navigation keeps the selected editor and request tab (3.872042ms)
✔ a late tail response cannot revive another topic buffer or failure state (5.157167ms)
✔ schema history fetches two selected bodies, caches revisits and aborts superseded detail (10.675542ms)
(node:17556) ExperimentalWarning: localStorage is not available because --localstorage-file was not provided.
(Use `node --trace-warnings ...` to show where the warning was created)
✔ runManagedStatement: switching connections before refusal never asks to approve B for a write to A (363.156375ms)
✔ runManagedStatement: accepted confirmation retries exactly the origin statement and scope (169.887542ms)
✔ runManagedStatement: declined typed confirmation never retries (159.768459ms)
✔ runManagedStatement: revoking access while confirmation waits prevents the retry (159.2745ms)
✔ runQuery: switching connections before refusal never asks to approve B for a write to A (158.388333ms)
✔ runQuery: accepted confirmation retries exactly the origin statement and scope (107.888208ms)
✔ runQuery: declined typed confirmation never retries (124.824083ms)
✔ runQuery: revoking access while confirmation waits prevents the retry (85.223709ms)
✔ runQuery: Stop during confirmation prevents a late accepted retry (105.405583ms)
✔ agent read-only refusal retains the original production guard after switching to development (123.942ms)
✔ Stop keeps the query transport alive for native cancel, then aborts only that run (143.311166ms)
✔ a failed cancellation still releases the old HTTP wait (91.66175ms)
✔ a stopped run's late query interrupted cannot alter or prompt for its replacement (141.155459ms)
✔ a stopped run's late write_blocked: production cannot alter or prompt for its replacement (108.901917ms)
✔ Stop during confirmation preserves a replacement run even before cancel responds (168.907041ms)
✔ a stalled cancel reaches its transport deadline and releases the original query (131.316083ms)
✔ Stop by captured ID clears a parked tab and ignores its late result (90.562ms)
✔ Stop by captured ID clears a parked tab and ignores its late write_blocked: production (102.834917ms)
✔ Stop by captured ID clears a parked tab and ignores its late read_only: writes refused (114.2945ms)
✔ Stop without a retained tab revokes run ownership before delayed cancellation completes (119.323708ms)
✔ walkCanvas: reach order, composite keys ANDed, unconnected cards reported (0.858625ms)
✔ walkCanvas: an edge drawn back into scope flips LEFT/RIGHT (0.099834ms)
✔ toQuery leaves clauses on unjoined cards out of the SQL (0.31325ms)
✔ renameAlias / dropAlias keep every clause consistent (0.1775ms)
✔ FK suggestions: one per unjoined pair, composite keys kept together (0.157584ms)
✔ uniqueAlias sanitizes and suffixes for self-joins (0.095667ms)
✔ bars under the cap are untouched (0.422167ms)
✔ 5,000 bars average into MAX_BARS buckets with range labels (3.014125ms)
✔ min-max decimation keeps spikes and stays near the target (0.544292ms)
✔ pie keeps the 11 largest slices plus Other (0.513834ms)
✔ clip ring: newest first, deduped, pinned entries survive the cap (0.984583ms)
✔ grid state: parked per tab, taken once, dropped on close (0.109875ms)
✔ editor history: memory tier outlives the editor, bounded, forgettable (3.281542ms)
✔ connection kinds map to their SQL dialect (0.984125ms)
✔ MySQL: a backslash-escaped quote does not end the string (5.158ms)
✔ MySQL and ClickHouse: # starts a comment (0.679417ms)
✔ ClickHouse: a double quote is an identifier, not a string (0.380917ms)
✔ code positions stay completable (1.159416ms)
✔ scope database: plain names, db: paths, Redis keyspaces (19.181125ms)
✔ big integer keys keep every digit and stay unquoted (4.617791ms)
✔ row mutations require direct, unique column provenance and a complete single FROM (66.459667ms)
✔ ClickHouse mutation builders reject nonunique keys while inserts remain available (14.32975ms)
✔ Postgres table and schema names fold only unquoted identifiers (12.599125ms)
✔ Postgres mutation builder quotes the resolved source table, not its unquoted spelling (12.026333ms)
✔ trailer lines split from the message (0.899417ms)
✔ ClickHouse native unknown table: title, server suggestion, code chip (0.454542ms)
✔ ClickHouse legacy native text with stack trace still reads cleanly (0.186542ms)
✔ ClickHouse HTTP unknown column with Maybe you meant list (0.192167ms)
✔ ClickHouse syntax error: near token, line/col caret, expected list (0.528042ms)
✔ ClickHouse memory, timeout, auth and readonly (0.172375ms)
✔ ClickHouse mid-stream failure says rows had streamed (E7) (12.498083ms)
✔ ClickHouse network error drops the request URL (0.243292ms)
✔ MySQL unknown column: tagged and legacy shapes, daemon suggestions (0.270833ms)
✔ MySQL syntax, auth, network, pool, timeout (0.253042ms)
✔ Postgres unknown column: server HINT becomes a chip, POSITION a caret (0.227333ms)
✔ Postgres unique violation keeps DETAIL; auth headline (0.086292ms)
✔ Mongo command, write, unreachable — tagged and legacy (1.044292ms)
✔ mongosh script failure: exit code + last error line (0.098125ms)
✔ Redis wrong type, unknown command, auth (0.338459ms)
✔ unrecognised text falls back to its first line (0.122708ms)
✔ offset → line/col and out-of-range positions (0.067ms)
✔ nearest + applySuggestion (0.221958ms)
✔ column kinds from engine type hints (0.916625ms)
✔ row-number column width depends on the row count only (0.07975ms)
✔ moveColumn reorders display positions (0.388125ms)
✔ header filter: contains, exact, comparisons, NULL (0.147667ms)
✔ search highlight splits a cell around every case-insensitive hit (0.117833ms)
✔ row scan text skips NULLs, lower-cases and clips (0.439042ms)
✔ scanFor builds once per rows array and is reused (0.904291ms)
✔ prebuild fills the search text in time-boxed slices, scanFor finishes the rest (1.378958ms)
✔ cancel stops a column prebuild; dropColScans frees all but the kept columns (1.1525ms)
✔ dropScan frees the search text (0.109833ms)
✔ memoFilter / memoSort return the cached view for the same key (tab switch back) (0.511167ms)
✔ lines cover keys and values, including collapsed and past-chunk branches (6.888542ms)
✔ vertical flavor draws raw strings and ∅ (0.487541ms)
✔ LineIndex maps flat rows across records (empty records included) and caches lazily (0.192ms)
✔ reveal opens every ancestor and grows the slices it sits past (0.661708ms)
✔ LineIndex.text: lower-cased, cached per record across searches, budget spills to a rolling cache (0.224583ms)
✔ short values match JSON.stringify exactly (compact and pretty) (0.822125ms)
✔ long values render the same clipped cell text as a full stringify (1.537625ms)
✔ a preview never grows past max + 1 characters (4.939417ms)
✔ bounded work: a 50 KB document previews far faster than it serializes (38.683ms)
✔ the default-size preview is cached per object (0.139667ms)
✔ Mongo editing rejects transformed identities and a later operation in a method chain (120.651083ms)
✔ Mongo editing keeps plain finds, scalar projections and sort/limit controls (91.888541ms)
✔ document edits preserve fields absent from a projected result (64.494ms)
✔ lossy results clear stale edit targets; row pagination and ordinary marker text remain editable (120.261917ms)
✔ value lists split by line when multi-line, else by comma (0.896792ms)
✔ scope options come from database / schema / keyspace roots (0.140083ms)
✔ targets fan out per picked scope; no scope = the default database (0.141375ms)
✔ the confirm phrase is the connection name for one guarded connection, else RUN n (0.150042ms)
✔ summary omits zero counts (0.07625ms)
✔ cluster lines explain the decision (0.085084ms)
✔ a partial answer replaces only its runs and keeps the targets (0.737583ms)
✔ a full answer, another job or no previous job replaces everything (0.233333ms)
✔ storage keys are the database-store-era ones (42.614541ms)
✔ defaults: warm in the background, keep-alive on (18.329ms)
✔ previously saved prefs are read back (3.86425ms)
✔ setters persist and notify keep-alive subscribers (11.12775ms)
✔ Settings → Appearance reads the prefs module, never the database store (0.238708ms)
✔ a change made in another window is adopted here and fires keep-alive listeners once (S13-11) (3.505666ms)
✔ identifiers: backticks for MySQL/ClickHouse, double quotes for Postgres, quote chars escaped (0.49375ms)
✔ string literals: quotes and backslashes escaped per dialect (0.086875ms)
✔ injection attempts stay inside one literal on every dialect (1.407792ms)
✔ values: numbers bare only when numeric; text columns always quoted (0.129584ms)
✔ LIKE helpers escape wildcards so user text matches literally (0.124709ms)
✔ IN lists: quoted items keep commas; every item escaped (0.415333ms)
✔ operators follow the column type (0.077875ms)
✔ GROUP BY / aggregates / HAVING / ORDER BY / LIMIT — MySQL (0.20025ms)
✔ same model — PostgreSQL (double quotes, native NULLS LAST) (0.092375ms)
✔ same model — ClickHouse (uniqExact, native NULLS LAST) (0.126042ms)
✔ joins qualify every column; multi-column ON; aliases only when they differ (0.107084ms)
✔ incomplete rows are skipped, never emitted half-typed (0.067417ms)
✔ booleans: IS TRUE on MySQL/Postgres, = true on ClickHouse (0.071916ms)
✔ OFFSET without LIMIT: MySQL gets the max-limit idiom (0.066375ms)
✔ validate: loose columns under GROUP BY, with a one-click fix (0.2385ms)
✔ validate: duplicate output names, SUM of text, OFFSET without ORDER BY (0.07075ms)
✔ round trip: build → parse → build is stable on every dialect (0.536ms)
✔ round trip: contains / starts-with / IN / BETWEEN / NULL come back as builder operators (0.157917ms)
✔ parse: hand-written SQL the builder can hold (0.119042ms)
✔ parse: what the builder cannot hold is refused with a reason (0.174542ms)
✔ list index deletion is refused without an executable mutation: LRANGE k 0 -1 (0.746459ms)
✔ list index deletion is refused without an executable mutation: LRANGE k 40 42 (0.086416ms)
✔ list index deletion is refused without an executable mutation: LRANGE k 4 4 (0.052292ms)
✔ refusing list deletion retains safe edits at the actual LRANGE offset (0.279833ms)
✔ the grid delete flow cannot open or execute a Redis list mutation (81.492416ms)
✔ SREM: a member with a line break is skipped, never split into a second command (0.577542ms)
✔ HDEL (flat HGETALL) and ZREM (WITHSCORES) refuse line-broken names (0.157ms)
✔ Insert from JSON: a line-broken field or value refuses the whole document (0.173916ms)
✔ a rename that re-emits a line-broken value from the data is refused as a whole (0.165834ms)
(node:17573) ExperimentalWarning: localStorage is not available because --localstorage-file was not provided.
(Use `node --trace-warnings ...` to show where the warning was created)
✔ restore: active connection first, the rest warm 3 at a time without stealing focus (290.985875ms)
✔ restore: a close during the warm-up writes no snapshot (170.757292ms)
✔ restore: "connect on click only" leaves the other tabs idle (78.463458ms)
✔ a tab keeps its uid and its run start time across a reload (110.514458ms)
✔ a daemon restart marks open connections stale and re-warms them (79.376708ms)
(node:17574) ExperimentalWarning: localStorage is not available because --localstorage-file was not provided.
(Use `node --trace-warnings ...` to show where the warning was created)
✔ nothing is released while the total fits the budget (0.691708ms)
✔ least-recently-viewed results go first, just enough to fit (0.144917ms)
✔ pinned tabs and small results are never picked (0.082958ms)
✔ size estimate scales with rows, cell payload and batch sets (10.779291ms)
✔ a released stub keeps columns, drops rows and is recognised by identity (0.118583ms)
✔ identifiers, strings and booleans per engine (2.714584ms)
✔ quick-filter chips render per engine (S16-05) (0.259959ms)
✔ boolean chips match boolean cells by value (S16-06) (0.08425ms)
✔ string variables keep backslashes on Postgres (S16-07) (0.090834ms)
✔ Postgres splitter: dollar quotes, # operator, standard strings (S16-14) (0.543666ms)
✔ widgets: obvious writes are flagged at save time (S16-08 UI hint) (1.579042ms)
✔ schema-tree table refs are quoted per engine (S16-301) (0.189291ms)
✔ ClickHouse identifiers escape backslashes like the daemon (S16-305) (0.073ms)
✔ no local identifier/literal quoters outside sql-dialect.ts (S16-305) (15.514042ms)
✔ export refuses statements that are obvious writes (S16-303) (0.1905ms)
✔ analyzeStatement matches countStatements + extractVars on fixtures (9.463458ms)
✔ analyzeStatement matches on a 200-INSERT paste (the lag report) (1.987916ms)
✔ analyzeStatement matches on randomized buffers (differential) (280.012084ms)
✔ stmtPreview bounds list rows and tooltips (1.201209ms)
✔ MySQL: string defaults are re-emitted as literals on rename (0.811334ms)
✔ MySQL: an empty-string default is kept, not dropped (0.13625ms)
✔ MySQL: expression, timestamp and numeric defaults (0.174958ms)
✔ MySQL: collation and comment are restated; untouched columns emit nothing (0.1295ms)
✔ Postgres and ClickHouse defaults are already expressions (0.650916ms)
✔ defaults: Mongo auto-verticals past 10 columns, SQL never (0.785083ms)
✔ stored per-engine prefs merge over the defaults and clamp (0.146667ms)
✔ the new key wins over a leftover legacy value (0.08525ms)
✔ legacy custom threshold: an explicit choice carries to every engine (0.072ms)
✔ legacy "never" stays never everywhere (0.065083ms)
✔ legacy value equal to the old default takes the new defaults (0.054708ms)
✔ garbage never throws (0.081125ms)
✔ LazyMount hands LoadState `empty`, or the skeleton / error never render (0.63225ms)
✔ LoadState announces loading and errors (0.165459ms)
✔ Skeleton is a labelled status region unless a parent owns the announcement (0.090959ms)
✔ Skeleton adds its loading text AFTER the status region mounts (S19-305) (0.07975ms)
✔ every overlay backdrop uses the scrim tokens, defined for each scheme (1.473917ms)
✔ Modal: only a press that began on the backdrop closes; dismissable gates every close path (0.109625ms)
✔ BottomNav "More" sheet is a real dialog (0.162375ms)
✔ motion: one global spin/pulse, and a reduced-motion alternative for .spinner (0.264625ms)
✔ chart palette is the scheme-aware --cat-* set and wraps (0.498875ms)
✔ status-* tokens are not used for text in shared components (0.343292ms)
✔ Modal names its dialog by the visible title and keeps aria-label for locators (0.119417ms)
✔ status words: working states pulse, terminal states say what happened (0.950958ms)
✔ an unknown turn from an event becomes a placeholder at the front (0.440042ms)
✔ running → done merges ids, keeps a known session and asks for the full turn (0.180417ms)
✔ a late "running" never regresses a finished turn (0.123916ms)
✔ conflict carries the side version; failed carries the error (0.155875ms)
✔ mergeTurns: the server copy wins, local-only and locally finished turns survive (8.272541ms)
✔ verified citations open the reference; unverified ones are flagged and inert (0.252625ms)
✔ no provenance → only what the turn itself cites (0.065625ms)
✔ quick actions map to modes; checks never edit, fixes do (0.196875ms)
✔ "3 variants" is a variants run of 3 focused on the selection (0.125166ms)
✔ composer text → refine; n > 1 → variants (clamped to 4); generate intent kept (0.1165ms)
✔ Fix all: an accessibility review becomes an a11y turn quoting its findings (0.158167ms)
✔ variant branches parse; direction names read well (0.117834ms)
✔ variant cards: running, ready, failed, then accepted vs passed (0.197958ms)
✔ after a daemon restart (no live turns) cards come from versions + provenance (0.062916ms)
✔ a 👎 posts variant_rejected with the reason chip and direction (0.080417ms)
✔ thread: main turns and runs interleave by time; variant turns fold into their run (0.137625ms)
✔ candidate progress counts toward ≥ 3 signals across ≥ 2 designs (0.072708ms)
✔ salient terms: no stop words, longest first, unique (0.528667ms)
✔ ArtifactView approves the version shown in the confirmation despite live updates (131.329625ms)
✔ brand/BrandEditor approves the version shown in the confirmation despite live updates (6.507833ms)
✔ project renameProject keeps the confirmed project across route changes (3.709083ms)
✔ project archiveProject keeps the confirmed project across route changes (2.9865ms)
✔ Product sendToSwarm does not act after its confirmed story is replaced (6.309ms)
✔ Product regenerate does not act after its confirmed story is replaced (10.206791ms)
✔ Product question posting does not follow a changed story after consent (4.229959ms)
✔ otto:// URIs parse every selector and reject malformed input (0.973542ms)
✔ links split into Uses / Used in and lineage orders provenance first with citations (0.339ms)
✔ route parser maps every Design Hall path and falls back to the lobby (0.136916ms)
✔ there are exactly seven studios with unique ids and every format renders (0.105709ms)
✔ project stats, summary and filters (6.192292ms)
✔ epic tree groups implementing artifacts under their epic with per-studio counts (0.242333ms)
✔ signals read as one line from the bounded server payloads (0.155083ms)
✔ small helpers: titles, authors, brand colours and contrast (0.290541ms)
✔ a load that raced typing only flags a head that is really newer (S18-303) (0.070625ms)
✔ bursts collapse into one write of the final count (43.610875ms)
✔ an unchanged count is not re-sent; flush writes at once (127.230292ms)
✔ every blocking e2e gate spec exists (a rename must not empty the gate) (0.651208ms)
✔ gate lists respect the project split: desktop-* only at desktop width, none at phone width (0.203584ms)
✔ gateMatcher matches listed files exactly, not by prefix (0.138333ms)
✔ no gate spec self-skips on its gate project (project.name guards) (19.886041ms)
✔ the guard parser catches a foreign project literal and an excluding include-list (0.197791ms)
✔ the gate runs on the real projects (playwright.config has no separate gate project) (0.155666ms)
✔ flaky-check --gate fails on skipped tests and on a pass count below the floor (0.176667ms)
✔ flaky-check names failed tests in the step summary (0.116125ms)
✔ the advisory red-count ratchet fails only when the count rises (0.164ms)
✔ small docs emit synchronously on every edit (unchanged contract) (0.777875ms)
✔ a burst of edits on a large doc reads and emits the text once (0.1345ms)
✔ flush delivers the latest text now; a later timer is a no-op (0.073666ms)
✔ cancel drops a pending emit (doc switched under a stale binding) (0.056833ms)
✔ shrinking below the threshold emits synchronously and supersedes the pending one (0.065708ms)
✔ requestVarNames keeps varNames(requestTexts) order with body names supplied separately (0.309541ms)
✔ failed rating refreshes the durable pending state before allowing retry (56.636042ms)
✔ rating response after disposal cannot publish or refresh the old view (10.759291ms)
✔ a poll started before a rating response cannot restore its stale score (4.315334ms)
✔ a current successful rating reloads the latest report rather than its response snapshot (21.879084ms)
✔ out-of-order rating replies still reload after the final write completes (3.648625ms)
✔ the parsers see the whole contract (sanity) (0.389959ms)
✔ type_name() agrees with the serde tag of every variant (0.24675ms)
✔ every Rust event is in OttoEvent and ws.md; OttoEvent has no stale tags (0.353875ms)
✔ ws.md documents no stale event tags (0.087542ms)
✔ each event's fields match its OttoEvent member (names + omitted-when-empty → optional) (1.758459ms)
✔ a token change reconnects /ws/events as a first connect for the new identity (94.616459ms)
✔ a plain first connect does not reset identity caches (38.588125ms)
✔ stop() detaches the socket so a quick restart never opens a second one (S13-08) (24.552292ms)
✔ a token change mid-handshake still reconnects (27.649ms)
✔ a stopped client ignores auth changes (16.655292ms)
✔ a throwing event handler is reported once per type, a malformed frame is ignored (S13-06) (32.026708ms)
✔ events: a document that never opened the page loads no page store and fetches nothing for its events (325.468166ms)
✔ events: with the page open (its store announced), every peeked event reaches the store as before (203.407667ms)
✔ events: an allow-listed payload event still loads its store, so the page sees it on mount (42.024125ms)
✔ runWithOtto: a tick for a run the store holds nothing for, with no list loaded, fetches nothing (15.580292ms)
✔ countOccurrences: case-insensitive, non-overlapping, capped (104.724375ms)
✔ active providers: document order, hidden/detached/inactive skipped, nested dropped (20.78125ms)
✔ an inactive outer provider leaves the nested one active (5.603667ms)
✔ countOccurrences: a pre-lowered row is scanned as is (5.920083ms)
✔ findSkipped: data-find-skip subtrees and CodeMirror gutters / panels are neither counted nor painted (4.209667ms)
✔ releaseFindProviders tells every registered provider to drop its caches (8.051791ms)
✔ no owners → page find (138.349375ms)
✔ focus-owned openFind beats any pane owner (17.685708ms)
✔ nothing focused → highest-ranked visible terminal (18.591084ms)
✔ a header button holding focus still routes to the pane (14.219792ms)
✔ only rank-0 (parked / hidden) owners → page find (8.210375ms)
✔ unregistered owner no longer takes ⌘F (9.698625ms)
✔ a text field / contenteditable outside the terminal keeps ⌘F on the page (32.981083ms)
✔ an xterm textarea is not "a text field elsewhere" (11.183708ms)
✔ an open modal keeps ⌘F on the page (20.749ms)
✔ a hidden aria-modal dialog (the compact Drawer kept mounted) does not block the pane (14.147125ms)
✔ last click inside the pane (header, terminal) → the pane (14.069208ms)
✔ last click on content beside the pane (loop timeline) → page find (7.599167ms)
✔ the right panel never hands ⌘F to the terminal, even nested in the pane tree (17.887042ms)
✔ the click picks WHICH pane: a lower-ranked pane that was clicked beats an unclicked higher one (8.174084ms)
✔ a find-neutral relay (phone quick-action bar) keeps the last real interaction (6.2775ms)
✔ ranking: a title match beats a keyword-only match (0.861291ms)
✔ ranking: no query lists by frecency, most used first, capped (0.421208ms)
✔ ranking: frecency lifts a used command over an equal fuzzy match (0.124959ms)
✔ frecency boost: bounded and decays with age (0.061542ms)
✔ frecency persistence survives garbage and blocked storage (0.233667ms)
✔ rows: a command-shaped query puts the command first, Ask Otto after (0.192334ms)
✔ rows: free text defaults to Ask Otto even when fuzzy hits exist (0.056292ms)
✔ rows: empty query shows commands only; hits trail with unique keys (0.091334ms)
✔ looksLikeCommand: word prefixes of the title only (0.070917ms)
✔ selection wraps and handles empty lists (0.096667ms)
✔ search hits map to module routes (0.063167ms)
✔ keys: arrows, Enter, ⌘↵, Esc (0.114209ms)
✔ keys: ⌃1–⌃4 switch spaces; ⌃5, ⌘1 and ⌃⇧1 do not (0.070375ms)
✔ keys: IME composition owns every key (1.248333ms)
✔ spaces: defaults are four named, empty, unpinned (0.298459ms)
✔ spaces: round-trip keeps name/workspace/model/thread, drops transient fields (1.398959ms)
✔ spaces: garbage, wrong shapes and out-of-range values normalize (0.143666ms)
✔ spaces: a turn left pending by a closed bar is marked not run (0.131125ms)
✔ threads: capped at MAX_THREAD and patched by id (0.335958ms)
✔ presence: auto docks off Home and while working, is full when open or on Home (0.114166ms)
✔ presence: overlays hide it; prefs pin, dock or turn it off (0.091375ms)
✔ geometry: panel budget clamps to the window top and the 560px cap (0.13375ms)
✔ ranking: "git" puts Go to Git above Open Git panel (whole-word Navigate hit) (0.075791ms)
✔ an existing folder passes with the daemon-normalised path — one stat, no listing (S14-306) (0.772459ms)
✔ a file blocks with an inline reason (0.143125ms)
✔ a missing folder blocks (stat 404, confirmed by browse) (0.160958ms)
✔ a daemon without /fs/stat (route 404) falls back to browse (0.0885ms)
✔ busy / forbidden / network failures do not block (the create reports real failures) (0.120708ms)
✔ statPath / browsePath encode the path (0.046125ms)
✔ New Session and the first-run coach pre-check the folder (0.344375ms)
✔ keyboard navigation reaches all entries independently of rendered window (56.94775ms)
✔ selection action respects files and git-only eligibility (5.497916ms)
✔ Back and Forward preserve history until a different folder is opened (0.674792ms)
✔ each breadcrumb targets its exact ancestor including spaces, Unicode, and root (0.119708ms)
✔ shortcut persistence tolerates corrupt data and bounds unique recent folders (0.234875ms)
✔ open tabs fetch immediately, selected first, with at most two requests (87.7675ms)
✔ manual fetch joins background request and always invalidates unchanged refs (25.417166ms)
✔ hidden or unfocused windows defer fetches; closed tabs never start queued work (56.994125ms)
✔ failure backs off despite focus events; manual retry surfaces errors and clears backoff on success (21.074458ms)
✔ restart during an in-flight round does not overlap or revive the stopped timer (18.958791ms)
✔ manual requests share the global two-request limit (16.255166ms)
✔ a failed tab bootstrap can retry when the Git page opens later (21.723334ms)
✔ background fetch queued behind manual work rechecks close, stop, hidden and pause before starting (110.714667ms)
✔ manual caller promotes a queued background fetch and retains its request after tab closure (13.712459ms)
✔ background tabs unused for 15 minutes stop fetching; the selected tab and a reactivated tab continue (33.972042ms)
✔ new commits on top splice onto the immutable tail (0.451417ms)
✔ page last sha unknown → full reload (0.064125ms)
✔ a commit above the boundary vanished (deleted branch) → full reload (0.051166ms)
✔ a page commit already in the old tail (reorder) → full reload (0.05075ms)
✔ nothing to splice when the page covers everything held (0.049875ms)
✔ rewinding a same-name ref outside the fresh prefix invalidates the retained tail (55.459083ms)
✔ a moved tip displaced from the fresh page also invalidates a spliced tail (28.643167ms)
✔ small lists render whole (find-in-page keeps working) (0.741042ms)
✔ a 20k-row list mounts only the viewport plus overscan, spacers cover the rest (0.117334ms)
✔ the list starting below the fold (negative rel) still renders its head (0.05775ms)
✔ scrolled past the end clamps to the tail and never inverts (0.048417ms)
✔ events union until a refresh takes them (0.689167ms)
✔ an event without paths makes the set unknown, and it stays unknown (0.081959ms)
✔ an empty list (remote refs moved) touches no file (0.063875ms)
✔ a burst past the cap degrades to unknown (0.1365ms)
✔ touches: exact file, parent directory, unknown (0.061667ms)
✔ a change to a shown repo re-reads its local status at once (107.066458ms)
✔ a repo nobody shows is ignored (50.115ms)
✔ a burst while a read is in flight costs exactly one more read (20.144ms)
✔ a hidden window waits and reads once when visible again (30.707125ms)
✔ the open diff learns which paths a change touched, unioned across a coalesced burst (24.076584ms)
✔ a reopened operation with no unmerged files can continue (0.349917ms)
✔ SwrCache serves fresh, then stale, then drops past max age (1.25825ms)
✔ SwrCache is a bounded LRU (0.111166ms)
✔ invalidatePr drops the repo lists and only that PR (0.146ms)
✔ a deleted-line comment renders under the deleted row only (0.826125ms)
✔ a new-side (or side-less) comment renders under the new row only (0.106625ms)
✔ outdated and line-less comments go to the file block (0.07ms)
✔ lineAnchor: deleted → old side, everything else → new side (0.072333ms)
✔ out-of-order selectPrimary keeps the latest repo's status and PRs (121.2445ms)
✔ a stale PR list for a repo that is no longer primary is dropped (33.7775ms)
✔ workspace switch: the older repo list never overwrites the newer one (20.438375ms)
✔ a failed loadRepos is not sticky: the next call retries (16.447084ms)
✔ a detect that resolves before the repo list keeps the detected primary (23.971208ms)
✔ a failed repo load surfaces an error and retries on demand (24.578667ms)
✔ a non-fast-forward 409 is a rejection the user can act on (0.38ms)
✔ a refused lease is told apart from a plain rejection (0.057208ms)
✔ anything else — auth, network, other 409s — is not a push refusal (0.053209ms)
✔ force retry carries the source and destination captured before the initial push (30.899125ms)
✔ the budget is per section, not per folder (2k branches in 40 folders) (0.612708ms)
✔ collapsed folders cost their header only and hide nothing (0.448584ms)
✔ a small section mounts everything (0.081334ms)
✔ growing the budget reveals more rows (0.088042ms)
✔ inactive branches use their own upstream counts; current branch uses fresh status (0.6705ms)
✔ splitRemoteRef keeps the remote and the slash-bearing branch name (4.658333ms)
✔ deleting upstream/feature-x names and pushes to upstream, never origin (95.890709ms)
✔ discard sends the lines picked BEFORE the confirm and names the count (12.776125ms)
✔ a re-fetch while the discard confirm is open discards nothing (9.103834ms)
✔ a shift-click range picks changed lines only (S15-20) (9.910833ms)
✔ conflict edit round-trips CRLF and treats an empty editor as a deliberate empty block (0.380084ms)
✔ "Apply edit" makes the hand-edited text the resolution (4.826083ms)
✔ taking an EMPTY side records the choice (the checkbox no longer desyncs) (4.6215ms)
✔ Draft sends the selected Source as head and never re-points Source (5.801667ms)
✔ a draft landing after the sheet closed touches nothing (3.0115ms)
✔ Cancel mid-push is inert; mid-draft it asks before discarding (5.946208ms)
✔ confirming "Stop drafting and discard?" stops the drafting session (S20-305) (14.639667ms)
✔ posting a comment with an open edit sends nothing (11.406875ms)
✔ a retry is skipped when the earlier attempt already created the comment (0.233791ms)
✔ a comment declined mid "Post all" is skipped (14.005792ms)
✔ a commit draft landing after unmount opens no confirm and writes nothing (4.2ms)
✔ bus polls keep refreshing after the timer budget is spent, toasting once (2.3575ms)
✔ merge sends expected_head_sha and explains a moved head (2.047458ms)
✔ row keys never contain NUL (CSS.escape maps it to U+FFFD) (0.193833ms)
✔ PR diff view state carries across a reload for paths that still exist (0.155458ms)
✔ a lazily fetched file never borrows another file’s hunks (51.331959ms)
✔ ⌘] / Ctrl+N are left to the app; a bare ] moves to the next file (5.559125ms)
✔ a repo pick from another workspace is dropped when the repo list loads (1.847417ms)
✔ PR numbers parse from every forge URL shape (0.123042ms)
✔ markAction refuses binary and absent files, keeps marker-free text as-is (5.424041ms)
✔ "Mark file resolved" never writes an empty body over a binary or absent file (74.536709ms)
✔ a marker-free text file is marked by staging its bytes (side keep), not recomposed (8.641583ms)
✔ fileIsCrlf reads the whole file, so an empty-sided hunk inherits CRLF (0.117167ms)
✔ local + remote delete sends remote_name on the safe and the forced request (28.745416ms)
✔ the retry guard marks a found copy posted so it stops being postable (6.516042ms)
✔ a push that changed auth.rs drops its viewed mark, composer and expansions (4.021875ms)
✔ pinnedHead prefers the modal’s live read over the parent’s copy (0.066875ms)
✔ amendPublishedAt names where HEAD is published, upstream or not (0.082375ms)
✔ human verification preserves identity and evidence after reload (0.438542ms)
✔ changed criterion and malformed revisions do not display accepted evidence (0.086625ms)
✔ a guest survives more than 30 s of refusals and reconnects (a slow deploy) (0.434209ms)
✔ a guest stops after the retry window (a revoked link is not hammered forever) (0.089375ms)
✔ owners keep the fast ladder forever (0.058375ms)
✔ the share page re-arms the terminal when its access re-check succeeds (0.564041ms)
✔ 100 content-neutral mutations after a pass run no further pass (0.792792ms)
✔ a size change, a relabel or a restyle re-runs the pass (0.145667ms)
✔ width cache hits only while the element signature is unchanged (0.486167ms)
✔ style writer drops same-value writes (0.408541ms)
✔ frontmatter: flat keys, trailing comments and quotes stripped, body split off (0.795875ms)
✔ frontmatter: CRLF + BOM tolerated; no block → whole text is the body (0.442917ms)
✔ parseSection: shortcuts from the Keys column, group/route/id fallbacks (0.7545ms)
✔ extractShortcuts reads every table under the heading, ignores other tables (0.986416ms)
✔ search ranks title over shortcut over summary over body (1.190209ms)
✔ key helpers normalise, detect and split chords (0.13775ms)
✔ orderSections: group order, Basics reading order, then sidebar order (0.105541ms)
✔ film manifest: missing/empty is handled, chapters validated and sorted (0.178417ms)
✔ History opens working without restarting its PTY (61.636541ms)
✔ History opens running without restarting its PTY (8.671ms)
✔ History opens idle without restarting its PTY (34.909542ms)
✔ History never unconditionally restarts a stale inactive row whose PTY is now working (7.937791ms)
✔ History Open in Chat updates a warmed Terminal view preference (6.089666ms)
✔ History opens a stale live row through safe resume if its process has since exited (12.216959ms)
✔ History resume completion ignores a destroyed origin (4.620333ms)
✔ History resume completion ignores a new-route origin (19.047625ms)
✔ History resume completion ignores a workspace origin (4.282709ms)
✔ History resume completion ignores a scope origin (8.967209ms)
✔ History resume completion ignores a pending-route origin (9.437875ms)
✔ History resume completion ignores a hash-before-parse origin (4.418042ms)
✔ History import completion after departure does not start a session (32.871375ms)
✔ empty candidate page remains actionable and next request uses scanned cursor (43.357917ms)
✔ a changed filter discards an in-flight continuation and keeps the fresh cursor (15.159792ms)
✔ HomeBox loads every box kind lazily (1.357ms)
✔ ResultsGrid loads its modal-only children on open (0.351292ms)
✔ CodeEditor keeps language packs and the LSP client out of its static graph (6.890708ms)
✔ service worker serves only hashed /assets/* cache-first and prunes old builds (2.303375ms)
✔ service worker never caches the proxy, plugin UIs or credentialed URLs (0.249417ms)
✔ Otto School (Classrooms) keeps three.js behind a dynamic import (1.694459ms)
✔ host pages load the Needs-you link lazily (it pulls the whole Today store) (0.406625ms)
✔ now() during an in-flight fetch coalesces into one rerun, not a new chain (9.250083ms)
✔ Home pending approvals cannot publish after workspace changes while its poll is busy (108.110791ms)
✔ Home stops displaying old scoped rows immediately on workspace switch (48.009042ms)
✔ user-started sessions count down on the 24-h manual grace, engine ones on 5 min (0.691083ms)
✔ durations read naturally at every scale (0.095584ms)
✔ settings override the grace; manual 0 = never suspended, so no hint (0.141542ms)
✔ unset or malformed settings fall back to the daemon defaults (0.360166ms)
✔ defaults mirror the daemon constants in manager.rs (0.706625ms)
✔ production scaling confirms the replica count actually submitted (97.307833ms)
✔ partial replay is a warning with retained evidence and an explicit duplicate-risk retry (7.944667ms)
✔ EC2 approval retains the account and region shown before an asynchronous route change (12.4695ms)
✔ Rds details distinguish the same resource name in different regions (3.098083ms)
✔ Eks details distinguish the same resource name in different regions (2.946208ms)
✔ SQS deletion stays bound to the approved queue and preserves a newly selected queue (18.58725ms)
✔ TableWindow renders small lists whole and windows big ones (75.337625ms)
✔ TableWindow measures the real row height and resets on a new listing (6.562084ms)
✔ podContainers mirrors the daemon (init first, live state + restarts) (15.045291ms)
✔ TableWindow.active gates windowing; a 5000-message peek mounts ≤ 150 rows (SC-08/SC-22) (4.29125ms)
✔ clipLongScalars cuts only >64 KiB strings and keeps untouched subtrees (SC-19) (25.286209ms)
✔ mergeS3Head refreshes the head and keeps the loaded pages (I9) (6.406875ms)
✔ rowAge ticks from created_at, falls back to age_seconds (perf R1) (12.744708ms)
✔ parses the title, headline and headline metrics of a daily summary (3.389375ms)
✔ parses action items: title, metric, current → target, effort, ids and status (1.509417ms)
✔ the Preview body drops the H1 and the parsed Action Plan (0.176ms)
✔ tolerates format drift: "targets", tag words without ids, "--" separators, no bold (0.576459ms)
✔ falls back cleanly: no H1, no action plan, empty and garbage input (1.795458ms)
✔ metrics ignore action-plan numbers and bare $ rates (0.397125ms)
✔ firstSentence keeps decimals and abbreviations intact (0.126125ms)
✔ parseActionItem with no separators yields just a title (0.213125ms)
✔ parseIndex reads series + ledger and survives junk (0.195875ms)
✔ reportMetrics prefers the summary, then the index row (0.131084ms)
✔ delta tones follow whether up is good for the metric (0.087834ms)
✔ item status: ledger + summary words, regressed wins (0.191458ms)
✔ period keys and sibling artifact paths (0.16125ms)
✔ parseSummaryCached returns the same object for the same text (0.218167ms)
✔ onboarding steps are forms: Enter submits, Back/Skip/Browse are type=button (0.63025ms)
✔ password length counts code points (server: chars().count()) (0.088583ms)
✔ a dead daemon reads as "isn’t responding", not the browser’s raw error (0.053792ms)
✔ a failed optional workspace still finishes setup and toasts the error (0.083042ms)
✔ a reload after the root exists resumes the wizard (tab-scoped step) (0.710334ms)
✔ palette handlers ignore IME composition keys (0.137ms)
✔ History ⌘K resume is registered only when the button would allow it (0.107041ms)
✔ agent-channel UI copy never shows the internal "room" noun (S20-302) (1.090625ms)
✔ an exec session resolved after unmount is deleted, not adopted (68.260375ms)
✔ a mounted view adopts the session (6.611458ms)
✔ autoExec is one-shot: openRow clears it unless the call asks for a shell (0.328084ms)
✔ autoExec is consumed once the Terminal acts on it (S16-306) (0.286417ms)
✔ a live refresh re-reads every paged-in row (0.782ms)
✔ a live refresh never aborts a Load more, nor truncates past the server cap (0.065333ms)
✔ user-driven loads and appends are one page (0.079625ms)
✔ the ring appends in place and keeps the newest `cap` lines (0.666042ms)
✔ a chunk bigger than the cap keeps only its tail (6.285333ms)
✔ the filtered view drops exactly the matches the ring trimmed (0.207417ms)
✔ pending buffer stays capped while the window is hidden (S16-12) (16.871667ms)
✔ a 5k-workload table renders only the rows near the viewport (1.428458ms)
✔ scrolling deep keeps the total height and a bounded slice (0.137375ms)
✔ the expanded detail row shifts every later row by its height (0.090708ms)
✔ the table starting below the fold and empty tables are safe (0.413875ms)
✔ the first cycle ticks at once; a burst inside the gap becomes ONE tick (0.767625ms)
✔ no ticks while hidden; one on return carrying every cluster that cycled (0.105833ms)
✔ a tick that comes due while hidden waits for visibility (0.07625ms)
✔ templates: variables, fill, RESET becomes JSON null (0.901625ms)
✔ path rule mirrors the daemon (0.143417ms)
✔ workload kinds and default port (0.175083ms)
✔ a small list polls every 10 s however slow the load was (0.417875ms)
✔ a big list waits max(30 s, 3 × the last load) (0.0645ms)
✔ the validator prefers the ETag header, else quotes the body version (0.058ms)
✔ fleet row keys are cluster/ns/workload (+ pod in pod grouping) (0.067208ms)
✔ reuseByKey keeps unchanged objects and returns prev when nothing changed (0.46325ms)
✔ event keys are stable and made unique (0.087916ms)
✔ a conditional GET sends If-None-Match and a 304 resolves notModified (no body read) (106.163709ms)
✔ a conditional GET without a validator is a plain read that returns the body + ETag (29.3245ms)
✔ a conditional GET still throws on an error status (45.585916ms)
✔ per-cluster view state round-trips and repairs malformed fields (0.844291ms)
✔ route grammar: workspace monitor, legacy monitor, fleet and resources (0.149667ms)
✔ keys count only inside the workspace, or with focus on nothing (0.3635ms)
✔ the opt-out covers the letters but not Enter / Escape (0.089417ms)
✔ the shortcut sheet and the Help guide have the same groups, in order (2.732458ms)
✔ every group lists the same chords and actions in both places (0.342333ms)
✔ page-scoped chords that exist in code are on the sheet (0.295ms)
✔ CodeMirror keeps ⌘D / ⌘[ / ⌘] / ⌘U / ⌘I (0.419417ms)
✔ global chords still work inside CodeMirror (0.082458ms)
✔ ⌘U never fires from a plain text field; ⌘D still splits there (0.753416ms)
✔ nothing focused / page body → the global map handles everything (0.183042ms)
✔ ⌃ never stands in for ⌘ on a Mac — ⌃K/⌃T/⌃W are text editing there (0.162625ms)
✔ isMacPlatform recognises Mac / iOS clients only (0.306291ms)
✔ a draft without a source revision becomes dirty after typing (31.96ms)
✔ explicit Copy retries the clipboard for an unchanged persisted image (25.8895ms)
✔ keyboard Copy explicitly recopies unchanged content (11.547208ms)
✔ a dirty snip without a decoded image fails persistence without spinning (16.099958ms)
✔ close retains a draft after failed persistence and allows explicit discard (8.234542ms)
✔ close waits for the newest annotation while a previous upload is pending (12.645166ms)
✔ failed publishing preview remains unavailable until a successful retry (9.207458ms)
✔ artifact keep-mine never reloads over a draft when history lookup fails (31.221917ms)
✔ Brand keep-mine retries within one save and preserves edits on retry failure (14.126417ms)
✔ SourceSearch preserves existing results and retries the failed page context (25.922959ms)
✔ an older response that lands last is not current (0.453ms)
✔ cancel invalidates the in-flight ticket (dispose / unmount) (0.071459ms)
✔ run() drops the superseded result and keeps the latest (0.409084ms)
✔ run() swallows a superseded rejection but propagates the current one (0.229834ms)
✔ latestByKey keeps slots independent (0.133584ms)
✔ lazyModule: loads once, queues calls in order, then runs synchronously (1.615834ms)
✔ lazyModule: a failed import drops its calls and retries on the next use (4.863958ms)
✔ lazyModule: peek() sees a module that announced itself under the key, and never imports (0.88475ms)
✔ events: reconnect / restart / periodic events peek page stores instead of loading them (5.190125ms)
✔ events: only allow-listed events load a page store (`.use`) (1.575458ms)
✔ a meta listing carries its truncation flag (0.947208ms)
✔ a bare array (an older daemon) reads as complete (0.289125ms)
✔ the note names how many are shown (0.253167ms)
✔ runs once, then only on events (coalesced), with the safety net while connected (139.713125ms)
✔ socket down → catch-up run, then the fallback cadence; resync refetches (47.528292ms)
✔ socket coming up pushes a pending fallback tick out to the safety net (37.125209ms)
✔ match narrows events; stop unsubscribes and cancels timers (23.603875ms)
✔ a continuous stream still refreshes within maxWaitMs (24.640334ms)
✔ minIntervalMs caps event-driven refetches under churn (42.836834ms)
✔ numeric hidden cadence relaxes while connected (14.430584ms)
✔ no source → a plain poll at fallbackMs (18.546125ms)
✔ LiveRegistry isolates a throwing listener and reports its types (12.73725ms)
✔ maps auth / missing statuses to human causes (0.458875ms)
✔ keeps the daemon message for other statuses, falls back to the code (0.082208ms)
✔ an unreachable daemon (fetch TypeError) reads as such (0.053333ms)
✔ plain errors and junk never render empty (0.054041ms)
✔ the cap named by the engine error wins, else the counters decide (0.428167ms)
✔ a plain resume is offered only while budget remains (0.077834ms)
✔ the extend prefill is current + 50% and always above what is used (0.384916ms)
✔ delayed pause cannot insert an old loop into a new workspace (101.269709ms)
✔ delayed updateLimits cannot insert an old loop into a new workspace (20.371084ms)
✔ closing detail discards queued reruns and late iteration bodies (31.037458ms)
✔ opening B invalidates A immediately while B waits for the single-flight request (25.671125ms)
✔ late verifyCriterion does not reopen a closed detail (24.859917ms)
✔ late answerQuestion does not reopen a closed detail (10.909ms)
✔ late retryExecutor does not reopen a closed detail (16.457125ms)
(node:17686) [DEP0205] DeprecationWarning: `module.register()` is deprecated. Use `module.registerHooks()` instead.
(Use `node --trace-deprecation ...` to show where the warning was created)
✔ renderMarkdownGfm parses the HTML once and focus-tags pre/table on that tree (10.858583ms)
✔ plain prose still takes a single parse (4.585333ms)
✔ Close Tab with no tab to close closes the pop-out window (72.6345ms)
✔ Close Tab that closed a session tab leaves the window alone (11.813125ms)
✔ closePopoutWindow never closes the main window or a pane (0.851125ms)
✔ a lone burst runs once after the quiet window (0.50125ms)
✔ a steady stream (every 200 ms) still refreshes at least every max-wait (0.228833ms)
✔ old Mission load cannot replace a newer workspace or its loading state (51.579625ms)
✔ late saved-view creation does not clear another workspace form or refresh it (11.650083ms)
✔ every kind names the module it opens in (no dead end) (48.464708ms)
✔ id-only kinds route straight to their row (6.704792ms)
✔ pr source keys split on the last colon and reject junk (4.3615ms)
✔ stop uses the owner cancel endpoint only for running, stoppable kinds (11.497417ms)
✔ every Rust WorkKind has a module, a label, an icon and a filter entry (15.513334ms)
✔ an Otto run opens in Run with Otto and stops through its own cancel (4.242875ms)
✔ Esc closes the top sheet (49.132209ms)
✔ Esc already handled inside the sheet (CodeMirror popup) keeps the modal open (6.880625ms)
✔ a busy (non-dismissable) sheet ignores Esc (4.501333ms)
✔ the Tab trap counts contenteditable editors as focusable (0.291166ms)
✔ script motion is smooth by default and instant under reduced motion (1.928958ms)
✔ reducedMotion never throws without a usable matchMedia (0.126791ms)
✔ native embedded context requires Tauri and an injected host, never query flags (0.760125ms)
✔ native pane geometry rejects hidden or invalid rectangles and clips to viewport (0.104375ms)
✔ native presence excludes hidden pane even while WebKit reports visible and focused (0.067125ms)
✔ layout coalesces during IPC and final hide cannot be overtaken by stale geometry (0.158875ms)
✔ layout continues with newest state after rejected native IPC (0.099834ms)
✔ detached surfaces remain addressable when the host split is narrow (0.110875ms)
✔ native layout scales CSS geometry by page zoom in window logical points (0.685209ms)
✔ overlay focus restoration is cancelled when detach or a new overlay wins the race (0.149667ms)
✔ native menus honor primary window focus after macOS window cycling leaves a stale side flag (3.270083ms)
✔ the shared inbox link says how many things need you (S20-07) (0.410459ms)
✔ every narrower needs-you surface links to the one canonical inbox (0.417792ms)
✔ the agent-to-agent transport is never labelled "Rooms" (the sidebar module owns that noun) (0.9935ms)
✔ mixed batch keeps recovery open and retries only the failed submitted configuration (63.947417ms)
✔ all-success batch opens each session once and closes (30.9565ms)
✔ all-failed batch stays open and can complete on retry (13.289958ms)
✔ workspace-bound failed member waits for its original workspace before retry (25.109791ms)
✔ automation notice routes resolve to the item to open (0.707084ms)
✔ a re-fired notice (same id, refreshed by the daemon) replaces the read copy (109.1025ms)
✔ an identical re-delivery is ignored (29.390416ms)
✔ a new notice is prepended (28.249334ms)
✔ awaiting-input banners only for a session you are not watching (A2) (133.046334ms)
✔ canceling a workspace switch prevents a notification from navigating in the old workspace (23.540833ms)
✔ a notice for another workspace's session switches there and opens it (18.682625ms)
✔ a notice for an archived session offers Unarchive and open (61.674625ms)
✔ a deleted session says so instead of failing silently (11.151625ms)
✔ load() keeps notices ingested while the GET was in flight and queues one trailing reload (31.568542ms)
✔ ensureLoaded() joins the in-flight first load instead of fetching twice (boot perf) (14.466375ms)
✔ identity change: a load answered for the previous identity is dropped, then re-run (S13-02) (23.59625ms)
✔ a failed load with ingested rows settles, keeps the rows and reports the error (12.473792ms)
✔ the bell spins only until a load settles and shows rows + inline Retry on a failed refresh (0.195917ms)
✔ OKF verifier mapping and list derive the same advisory trust tier (0.654541ms)
✔ staleness uses an absolute inclusive deadline and verification is independent (0.114084ms)
✔ legacy and absent metadata remain readable, unknown types are accepted (0.103584ms)
✔ editing lifecycle fields preserves nested provenance and body (4.426125ms)
✔ new concept template is v0.2, draft and unverified, with YAML-safe titles (7.097584ms)
✔ ⌥ composing an ASCII symbol (DE ⌥L = @, ⌥5 = [) counts (3.032167ms)
✔ US-layout ⌥ glyphs, letters, arrows and other chords do not (0.138583ms)
✔ the hint shows once, and only while Option is Meta (0.425ms)
✔ one word of a multi-word title never addresses the session (80.162708ms)
✔ the whole title, the handle, @handle and handle: still address (19.893458ms)
✔ close by a single title word falls through instead of archiving (27.838292ms)
✔ close <whole name> of one idle session archives at once (17.217792ms)
✔ close all / several / a working one / "stop <name>" ask first (9.216541ms)
✔ a provider close never includes background workflow / review agents (S13-04) (29.422667ms)
✔ "delete <name>" resolves by name and asks before a permanent delete (9.827667ms)
✔ a "working" plain shell is not mid-turn: close <name> archives at once (9.115416ms)
✔ scheduled save retains fields typed during PATCH and saves again to the same task (88.511459ms)
✔ scheduled create adopts its new ID while preserving post-submit edits (62.891458ms)
✔ scheduled failed save retains all newer fields (32.7225ms)
✔ scheduled agents navigation uses the form leave decision (35.09ms)
✔ scheduled workspace navigation uses the form leave decision (21.81ms)
✔ scheduled clean navigation does not ask, late save cannot close replacement form (62.181ms)
✔ goal agents navigation preserves criterion and budget drafts (17.486459ms)
✔ goal workspace navigation preserves criterion and budget drafts (4.965833ms)
✔ goal budget-only changes are a draft and clean navigation does not ask (21.113458ms)
✔ late goal launch cannot redirect a replacement workspace (10.387584ms)
✔ scheduled create completion cannot replace another workspace list (32.140041ms)
✔ scheduled A-B-A ignores old A success and finally (12.264333ms)
✔ scheduled A-B-A ignores old A failure and finally (7.856458ms)
✔ scheduled reversed same-workspace load cannot replace the latest success (7.960125ms)
✔ goal create after A-B cannot reload a departed context (18.613583ms)
✔ goal create after A-B-A cannot reload a departed context (11.025542ms)
✔ goal A-B-A ignores old list success and finally (11.533583ms)
✔ goal A-B-A ignores old list failure and finally (22.86825ms)
✔ goal reversed same-workspace lists preserve the newer result (13.486625ms)
✔ goal workspace Keep retains A; Discard closes the persistent parent and never resurrects A (6.329625ms)
✔ goal clean workspace leave settles the parent without prompting (9.800542ms)
✔ goal local Cancel calls the real parent once (5.684833ms)
✔ goal discarded pending launch uses actual store without replacing B or redirecting its parent (23.332041ms)
✔ pending workflow save cannot retarget Run to B (80.526292ms)
✔ pending workflow save cannot retarget Run to null (29.863167ms)
✔ Run admission covers validation and releases after validation failure (20.43025ms)
✔ late Run response cannot install under a different workflow (38.582666ms)
✔ late version read cannot replace current drawer or its loading state (32.364666ms)
✔ Restore captures version identity before discard confirmation (10.141042ms)
✔ replacement import fetches global scope, confirms empty visible workspace, and fails closed (6.372542ms)
✔ extended budget survives Resume failure and retry skips repeat PATCH (12.692125ms)
✔ dirty work item selection retains draft and route until discard is accepted (4.470833ms)
✔ mounted tool catalogue batches 1000 decisions and releases refresh work (50.324ms)
✔ Mission request refresh updates approvals without replacing active draft (17.489042ms)
✔ Mission approve refresh updates approvals without replacing active draft (7.672875ms)
✔ Mission deny refresh updates approvals without replacing active draft (5.305834ms)
✔ Mission refresh begun before Edit cannot overwrite later typing (4.569833ms)
✔ Mission refresh keeps the original edit baseline when server fields change (3.608791ms)
✔ Mission successful Save supersedes an older same-item read (21.813583ms)
✔ Mission Save preserves changes typed after submission and Cancel restores saved values (30.853ms)
✔ Mission failed Save retains the draft and baseline (3.706958ms)
✔ Mission A-B-A reads retain the newest item visit and seed clean navigation (3.01075ms)
✔ open is first, unknown server actions are hidden (0.964625ms)
✔ the canvas hit's legacy 'Open in Canvas' label still opens (0.378708ms)
✔ a repo hit routes to its repo (0.085625ms)
✔ context names the kind, title, subtitle and id (0.091875ms)
✔ search error remains visible and a successful retry clears it (69.38025ms)
✔ superseded search cannot overwrite a newer result or raise its error (10.538625ms)
✔ paneTier maps widths onto full / compact / minimal / micro at the CSS breakpoints (0.414959ms)
✔ an unmeasured pane is full, never a flash of the minimal header (0.080916ms)
✔ tierAtMost orders the tiers widest → narrowest (0.06575ms)
✔ a stored Split preference reads as Chat; unknown values fall back to the default (0.080583ms)
✔ the view toggle flips between the two remaining views (0.052875ms)
✔ cwdLabel shows the last folder of a path (0.125583ms)
✔ paneDetails keeps only the facts that exist, in a stable order (0.435083ms)
✔ the transcript store migrates a stored Split to Chat once and drops the split fraction (125.639542ms)
✔ Home/End set the value's min/max (0.916459ms)
✔ Home/End set the value's min/max on an inverted (leading-edge) separator (0.083958ms)
✔ invert flips the arrows (and RTL mirrors them) (0.096709ms)
✔ an incremental answer prepends only new items and keeps the runs it did not carry (1.681084ms)
✔ the merged ring is capped like the daemon ring (6.763375ms)
✔ only approval events for approvals the feed shows trigger a refresh (0.118292ms)
✔ a daemon restart (new epoch) resets the cursor and items instead of freezing the feed (0.148792ms)
✔ the daemon-side reset flag is honoured even without an epoch to compare (0.076166ms)
✔ failed schedule refresh preserves known cadence and exposes a recoverable error (136.353833ms)
✔ stale schedule failure cannot finish or replace the newer loading state (44.103041ms)
✔ agent list detail fanout is bounded and obsolete queued work is skipped (34.614083ms)
✔ loadSchedules: A then B preserves independent agent results (74.262667ms)
✔ loadSchedules: B then A preserves independent agent results (42.065417ms)
✔ loadSchedules: newer same-agent result survives stale success (35.496375ms)
✔ loadSchedules: newer same-agent result survives stale failure (32.116333ms)
✔ loadRuns: A then B preserves independent agent results (13.563292ms)
✔ loadRuns: B then A preserves independent agent results (20.508417ms)
✔ loadRuns: newer same-agent result survives stale success (28.823458ms)
✔ loadRuns: newer same-agent result survives stale failure (19.114042ms)
✔ Proof filter replacement ignores old success and its loading completion (13.474333ms)
✔ Proof filter replacement ignores old failure and its loading completion (18.375042ms)
✔ Proof workspace A-B-A rejects the first A response and retains final cursor (37.454167ms)
✔ Proof old load-more success cannot publish across filter change (19.713833ms)
✔ Proof old load-more failure cannot publish across filter change (7.5105ms)
✔ Proof close invalidates pending detail success (7.959875ms)
✔ Proof close invalidates pending detail failure (7.205959ms)
✔ Proof detail completion cannot clear an active list spinner (15.480667ms)
✔ Insights queued latest model drains after schedule success (5.4575ms)
✔ Insights queued latest model drains after schedule failure (3.152625ms)
✔ Insights failed queued model stays retryable after successful schedule save (12.90175ms)
✔ Insights provider reset cancels an older debounced model from the prior provider (2.647292ms)
✔ Insights rejected provider preserves its model when rejection is before debounce (2.327292ms)
✔ Insights rejected provider preserves its model when rejection is after debounce (8.167917ms)
✔ Insights Retry debounce state compiles without a nonreactive update warning (86.440125ms)
✔ PAT mint keeps the uncopied secret through repeated submit and clipboard failure until Done (2.844916ms)
✔ AccountPicker exposes pending lookup and an in-place retry without losing drafts or explicit account (3.053958ms)
✔ AccountPicker provider change and unmount reject obsolete lookup publication (2.2485ms)
✔ personal agent list A-B-A keeps newer rows after stale success (33.440917ms)
✔ personal agent list A-B-A keeps newer rows after stale failure (66.411375ms)
✔ personal agent old completion does not clear a newer loading state (51.558792ms)
✔ template retry preserves the first created agent and schedule request key (80.082458ms)
✔ Athena history keeps its response region and rejects a late foreign history (10.392708ms)
✔ 100 visited Assistant threads retain only acquired data and reconnect refreshes one view (76.45425ms)
✔ late Assistant fetch and live events cannot revive released history or remove pending sends (266.410958ms)
✔ AgentDocuments navigation keeps dirty drafts and blocks pending-save departure (1.30325ms)
✔ AgentAutonomy navigation keeps dirty drafts and blocks pending-save departure (1.173083ms)
✔ in-flight guard: a due tick never overlaps a pending run (101.819292ms)
✔ failures back off x2 up to maxBackoff, success resets (36.987417ms)
✔ resolving false counts as a failure (19.480542ms)
✔ hidden: pause skips ticks with no timer, and runs once on return (21.426958ms)
✔ hidden: a numeric cadence keeps polling slower while hidden (15.760458ms)
✔ stop aborts the in-flight run and never reschedules (13.977166ms)
✔ an owner signal stops the poller; immediate:false waits one cadence (9.411709ms)
✔ jitter stays within ±fraction (33.7335ms)
✔ mapLimit caps concurrency and keeps order (18.460125ms)
✔ status backoff (Athena / Logs Insights): 1,1,2,2,3,5 then capped at 5 s (2.015833ms)
✔ status backoff: 15 s at every step while the window is hidden (0.133083ms)
✔ adaptive delay (Logs tail): 2 → 4 → 8 → 10 cap, reset to 2 on data (0.085625ms)
✔ adaptive cadence (Kafka tail): 3 → 6 → 12 → 15 cap, reset on new messages (0.094541ms)
✔ effectiveRefreshMs: all-regions mode is floored at 30 s, single region unchanged (0.062959ms)
✔ pollWhileVisible honours a `get ms()` getter fed by adaptiveCadence (33.776834ms)
✔ createLimiter(2) (AccountsOverview probe stagger): never more than 2 in flight, all run (26.294167ms)
✔ quiet cadence (Kafka Overview metrics): 4 s, then 8 → 10 s after 3 unchanged samples, snaps back on change (0.512541ms)
✔ at most 8 PRs stay cached, least recently used first out (76.41025ms)
✔ expired entries are swept when another PR is opened (27.517208ms)
✔ the byte budget evicts older PRs; loaded files are charged (30.741417ms)
✔ favorites first, then the visible order, mapped + deduped + capped (0.731542ms)
✔ modules the user cannot see (RBAC / hidden) are never warmed (0.07575ms)
✔ plugin routes and unknown ids are skipped (0.06925ms)
✔ only a local daemon on a non-phone without Save-Data prefetches (0.174875ms)
✔ resource attribution includes reparented owned WebKit XPCs, excludes foreign coalitions/system WebKit and driver (61.118708ms)
✔ coalition cache reuses stable identities, invalidates reused PIDs, and never keeps an exited owner (10.403084ms)
✔ Chromium keeps descendant attribution without a macOS coalition lookup (11.321875ms)
✔ DiscoveryChat late load cannot replace the newly selected conversation (53.811041ms)
✔ DiscoveryChat late failed send preserves both conversations' drafts (5.547791ms)
✔ DiscoveryChat late successful send cannot append A messages to B (5.458125ms)
✔ RefineChat late load cannot replace the newly selected conversation (5.048667ms)
✔ RefineChat late failed send preserves both conversations' drafts (3.143291ms)
✔ RefineChat late successful send cannot append A messages to B (2.719292ms)
✔ a new story always seeds the form (0.637667ms)
✔ a detail replacement keeps unsaved edits and refreshes untouched fields (0.0805ms)
✔ an unedited form follows the server (0.056958ms)
✔ after the user saves, the saved text stays in the form (0.047083ms)
✔ every Overview Jira write is confirmed before it is sent (0.742875ms)
✔ workspace-only loads never read the reactive story selection (118.37025ms)
✔ late draft mutation cannot replace a newly selected story (59.095333ms)
✔ late collection response and loading completion belong to their selection (56.064083ms)
✔ late workspace list response cannot replace the current workspace (36.421042ms)
✔ dirty Product story, tab and view transitions respect Keep editing (35.51025ms)
✔ A to B to A cannot revive a request from the earlier A lifetime (28.902084ms)
✔ S18-01: a Jira title/description write for A never patches B after a switch (60.954959ms)
✔ S18-03: captureSelection goes stale on A → B → A (a re-open is a new owner) (45.503167ms)
✔ import into 50 transcripts from the first page preserves ordinary cursor reachability (122.358625ms)
✔ import into 51 transcripts from the first page preserves ordinary cursor reachability (52.749625ms)
✔ import into 51 transcripts from an older page preserves ordinary cursor reachability (76.764875ms)
✔ import into 100 transcripts from the first page preserves ordinary cursor reachability (30.2765ms)
✔ import into 100 transcripts from an older page preserves ordinary cursor reachability (64.648042ms)
✔ a delayed pre-import page cannot replace the refreshed first page after POST (21.290375ms)
✔ leaving an off-page search reveal restores the ordinary boundary item and cursor (31.460416ms)
✔ real registry unregister stops Product search before its next cursor GET (77.954125ms)
✔ real registry unregister releases retained search rows even when the pending read rejects (77.44175ms)
✔ real asynchronous reveal honors close before expanding, painting or scrolling (55.482667ms)
✔ real asynchronous reveal honors no-results query before expanding, painting or scrolling (112.967666ms)
✔ real asynchronous reveal honors normal reveal before expanding, painting or scrolling (49.021708ms)
✔ opening collapsed transcript history transfers only a bounded thin first page (167.445792ms)
✔ expanding a thin transcript fetches its body through the actual Overview handler (68.541667ms)
✔ transcript cache enforces both byte and entry bounds and rehydrates evicted bodies (69.226625ms)
✔ summary pagination stays bounded and older collapsed search reveals the correct body (75.887ms)
✔ failed body loading can retry without losing the selected summary (55.445833ms)
✔ late transcript body belongs to the original story lifetime (48.640291ms)
✔ an oversized body stays out of the cache and remains downloadable in full (65.702833ms)
✔ Proof list workspace change clears summaries before sidebar loads (87.718417ms)
✔ Proof detail cannot publish after its workspace changes (23.52075ms)
✔ Proof identity change invalidates pending summary reads in the same workspace (22.256666ms)
✔ readiness follows registry tool detection for built-in and custom providers (100.361833ms)
✔ context-dependent and legacy unchecked providers remain launchable without claiming readiness (20.314958ms)
✔ late story destinations cannot replace the newly selected account (64.251ms)
✔ late rfc destinations cannot replace the newly selected account (6.452375ms)
✔ destination retry preserves the typed RFC title and parent (4.473208ms)
✔ story submit binds the exact reviewed body and metadata despite later detail updates (87.114417ms)
✔ rfc submit binds the exact reviewed body and metadata despite later detail updates (8.300542ms)
✔ a preview without a content version binds null identity and the exact empty-body digest (5.563417ms)
✔ publication conflict disables the stale preview until explicit review reload (18.716166ms)
✔ Recap unchanged completed archive polls metadata without retransferring its body (68.485875ms)
✔ Recap summary metadata alone updates without another body request (15.872333ms)
✔ Recap append beyond an older complete page updates metadata without rereading that page (15.444584ms)
✔ Recap partial newest page appends after a missed event, then resumes cheap unchanged checks (6.855292ms)
✔ Recap exact page boundary exposes the next cursor without appending 101 rows or moving the page (28.1335ms)
✔ Recap external draft replacement and removal remain observable after capture stops (5.70875ms)
✔ Recap delayed old body cannot be acknowledged as a newer draft revision (15.636708ms)
✔ Recap explicit refresh still reads body and a closed panel ignores pending body completion (11.719583ms)
✔ Recap revision error retains content and recovery clears error without rereading unchanged body (5.391709ms)
✔ Recap revision failures back off the real visible poller and recovery restores cadence (44.557458ms)
✔ a burst of edits renders only the first (running) and the newest job (2.520166ms)
✔ jobs without isStale keep strict FIFO order (0.192792ms)
✔ a failing job or a throwing isStale never wedges the chain (0.282709ms)
✔ REST DTOs: otto-core structs and their types.ts mirrors agree (3.291375ms)
✔ membership waits for snapshot and fails closed after ten seconds of silence (19.994125ms)
✔ silence deadline resets per server frame rather than rounding to the heartbeat tick (1.144292ms)
✔ a stalled WebSocket handshake reaches disconnected and retries without waiting for open (1.168ms)
✔ signal parser rejects oversized, malformed and unknown media envelopes (0.655875ms)
✔ ending room while screen permission is pending stops the late stream and publishes nothing (0.50975ms)
✔ presenter permission is required before opening a screen picker (0.085333ms)
✔ late microphone capture cannot reactivate after leaving audio (0.5055ms)
✔ a host generation change invalidates a pending guest picker even if disconnect was missed (0.152292ms)
✔ server coordinator shutdown stops the host microphone and audio context (0.210417ms)
✔ moderation mute then lift cannot revive a picker opened before moderation (0.414041ms)
✔ recap accessor exposes only the host raw live microphone and withdraws muted audio (0.338875ms)
✔ 25 screen source replacements and 25 audio rejoins reuse negotiated sender slots (21.557ms)
✔ removing a member during a pending video replacement cannot recreate its audio mix (0.409417ms)
✔ revoking a source during pending slot reuse clears the newly attached video track (0.434ms)
✔ a retained receiver stream binds new source IDs without another ontrack event (30.210542ms)
✔ a binding-only publisher replacement triggers forwarding to another guest (18.964125ms)
✔ offer glare still accepts ICE for the current remote generation (0.52025ms)
✔ initial ignored-offer candidates are not replayed into a different accepted generation (0.25775ms)
✔ negotiation chooses the local description after a pending remote offer changes signaling state (0.262208ms)
✔ local preview demand never subscribes to the publisher through the server (0.171875ms)
✔ revocation stops capture that resolves after the permission picker (0.46275ms)
✔ failed source replacement preserves the existing capture (0.179625ms)
✔ revoked permission is rechecked at capture commit and concurrent pickers cannot leak (0.094583ms)
✔ four-presenter host star stays under aggregate video ceiling with one full pin per viewer (0.259125ms)
✔ grid budgets are shared per viewer and hidden sources stop encoding (0.096ms)
✔ dimensions preserve aspect ratio, never upscale and invalid metadata disables transmission (0.07225ms)
✔ host mixes exclude the recipient, room-muted, departed and locally muted senders (1.285958ms)
✔ source geometry invalidates on resize but not intentional quality downscale (0.142667ms)
✔ encodes bounded mono16k PCM WAV with clamping and duration-preserving downsampling (0.556667ms)
✔ screen difference retains first/changed frames and skips small noise (0.086209ms)
✔ bounded upload queue drops overflow and invalidates queued work when consent epoch changes (0.491542ms)
✔ invites require an explicit secure host and exactly one fragment capability (1.921334ms)
✔ room sockets carry no query credential and use the room endpoint (0.524541ms)
✔ pin is local and a stopped source falls back to the terminal (0.392042ms)
✔ annotation positions account for letterboxing and reject the margins (0.25875ms)
✔ only recognized automatic terminal reports are passive input (0.225334ms)
✔ late annotation events cannot restore cleared or revoked marks (0.232125ms)
✔ closed Rooms view: an event bumps activity and fetches nothing (116.415292ms)
✔ open view appends the event message with no GET, deduped by id (36.436458ms)
✔ unmount evicts all but the selected room; a resync re-reads the tail (74.005417ms)
✔ go() without guards navigates (113.295916ms)
✔ a guard returning false keeps the route; true lets it through (86.175292ms)
✔ a link / typed hash is reverted when a guard declines (18.4885ms)
✔ back() asks the guards; unregistering removes the guard (25.646875ms)
✔ replace() is never guarded (15.837417ms)
✔ room invitation is captured only in memory and removed before route history is recorded (23.353667ms)
✔ openModule resumes a module where it was left; the active module goes home (15.368583ms)
✔ workspace leave decisions run guards without navigating or accepting same-route exemptions (28.078917ms)
✔ a newer route decision invalidates a pending workspace decision (16.4605ms)
✔ a share token survives a reload of the guest page (tab sessionStorage), never in the URL (61.070042ms)
✔ native Back then Forward moves the in-app pointer and keeps forward history (91.693375ms)
✔ a refused native Back is undone with history.go, not by overwriting the entry (82.204667ms)
✔ an approved native Back under a guard lands on the target (17.42575ms)
✔ a new link navigation after Back still truncates forward history (26.28375ms)
✔ ContextMenu key and ⇧F10 open the menu; nothing else does (0.390416ms)
✔ keyboard menu opens at the start edge, mirrored in RTL (0.374041ms)
✔ the menu chord works from a non-editable descendant, not from a field (0.1465ms)
✔ a run with every artifact links to proof, findings, loop and branch (S20-02) (0.803625ms)
✔ a run with nothing to inspect yields no links (0.068958ms)
✔ findings and branch need a repo to resolve (0.063958ms)
✔ the evidence routes resolve to THIS run’s review and branch (S20-301) (0.119208ms)
✔ without a review id there is no findings link (nothing specific to open) (0.049583ms)
✔ older same-query detection cannot overwrite a newer result (61.816166ms)
✔ completed launch in an unmounted workspace cannot reopen its detail (5.925167ms)
✔ old list response cannot replace a newer request in the same workspace (133.501834ms)
✔ launch completion does not switch the store back to a departed workspace (22.8565ms)
✔ late refresh cannot undo a confirmed cancellation (16.372083ms)
✔ workspace change clears detail and rejects late event history (11.0645ms)
✔ checkpoint-only progress merges freshness without clearing loaded pages (54.685083ms)
✔ body cache rejects another version and evicts only bounded retained bodies (9.887292ms)
✔ out-of-order run snapshots do not roll back selected details or checkpoint generation (7.005542ms)
✔ checkpoint pages preserve a row already fetched at a newer revision (29.041292ms)
✔ unchanged nodes (same detail_version + status) keep their object and fields (6.33375ms)
✔ shared node bodies: one request per (run,node) across the step list and the inspector (17.431292ms)
✔ a shared read is aborted only when every consumer that joined it aborted (5.513167ms)
✔ a contiguous live node summary applies in place; anything else refetches (perf W5) (10.862416ms)
✔ shared completed node bodies obey a 16 MiB estimated byte budget (27.662541ms)
✔ oversized shared bodies reach every joined consumer but are not cached (17.838041ms)
✔ shared completed body eviction uses last access rather than insertion order (7.28325ms)
✔ network-path references are external, not relative (0.549291ms)
✔ relative, fragment and query hrefs stay internal (0.094625ms)
✔ http(s) is external; mailto allowed but not external (0.05825ms)
✔ script-ish schemes are refused, even obfuscated (0.068959ms)
✔ data: only as a non-SVG image (0.049917ms)
✔ version cache reuses immutable selected versions with bounded bytes and entries (0.481375ms)
✔ kick-out confirms with the session, the workspace and no-undo; mid-turn says so (0.57275ms)
✔ kick-out: confirmed → delete + walk-out together, then a toast (0.463625ms)
✔ kick-out: cancelled → nothing happens; failed delete → the kid walks back (0.137333ms)
✔ no actions for a kid you can’t manage (0.111333ms)
✔ detention archives (with the working hint) while the kid walks to the bench (0.092916ms)
✔ detention: a cancelled guard walks the kid back without an error (0.076166ms)
✔ release unarchives and says the kid is back (0.069542ms)
✔ actor disposal releases unique cloned skeletons and mixer bindings while preserving shared templates (3.966542ms)
✔ every workspace is a classroom door, the current one first (3.391ms)
✔ status → pose: only real output is typing; an alive-but-quiet process sits idle (0.092875ms)
✔ each provider gets its own kid; unknown providers the custom kid (0.062041ms)
✔ seating is stable: a status change never moves a kid to another desk (0.239458ms)
✔ a room hangs behind its corridor door: back wall on the corridor, door segment on its door (0.111166ms)
✔ engine sessions sit in the back row only while live; viewers cannot manage (0.182916ms)
✔ archived sessions sit on the detention bench (newest first, max 3) (0.164541ms)
✔ complete membership keeps overflow sessions actionable while geometry stays capped (0.36ms)
✔ roomSummary reads like a door sign (0.146292ms)
✔ a full grid of desks, each with a chair, and one door each side of the wall (0.594541ms)
✔ no furniture footprint lands on a walkway (0.443875ms)
✔ lanePath only walks axis-aligned along lanes and aisles (0.204542ms)
✔ busy kids never leave their desks; idle kids do wander, and come back (8.609459ms)
✔ a wandering kid hurries back when its session wakes up (1.258333ms)
✔ the headmaster checks on the kid that needs you first (0.485ms)
✔ kick-out walks the kid out of the door; detention walks it to the bench (0.496125ms)
✔ restore puts a kicked kid back at its desk (the delete failed) (0.156916ms)
✔ reduced motion: nobody wanders, the headmaster stays at the board, kicks are instant (1.01325ms)
✔ every clip life asks for is in the asset contract (4.792708ms)
✔ an unanswered "needs you" frees the kid to wander after BORED_MS; a fresh one keeps the hand up (5.178833ms)
✔ hidden documents abort screen reads, suppress late feeds, and resume one nonoverlapping batch (3.067583ms)
✔ a poller created while hidden waits for reveal and still caps each batch at twelve (1.080125ms)
✔ abort terminates pending worker and ignores late messages (61.709125ms)
✔ elapsed deadline terminates a script that never replies (27.385458ms)
✔ oversized input rejects before any worker message (17.914125ms)
✔ postMessage clone failure terminates and settles exactly once (11.396458ms)
✔ messageerror terminates and success cleans its worker (36.921958ms)
✔ already aborted script creates no worker (10.748958ms)
✔ pre-script keeps pm request/header and variable behavior (0.998292ms)
✔ console bursts stop retaining entries at the script output budget (1.502541ms)
✔ oversized log text is rejected before retention (0.196042ms)
✔ post-script test bursts share bounded output collection (0.705542ms)
✔ post-script keeps passed and failed pm tests plus chaining (1.262375ms)
✔ write set records explicit same-value writes and unsets but not reads (3.155333ms)
✔ writes never overlap and the last one sends the latest state (8.122417ms)
✔ a failed write does not wedge the queue (0.347792ms)
✔ BACKGROUND_SOURCES mirrors the Rust BACKGROUND_SESSION_SOURCES exactly (6.027375ms)
✔ the inlined scratch id matches sessionScope (0.343042ms)
✔ isForeground / isShownKind follow the daemon rule (0.629792ms)
✔ bucketSessions: one pass reproduces every sidebar list (6.096542ms)
✔ bucketSessions on 2,360 rows stays well under a frame (6.504459ms)
✔ shownListQuery always asks for the foreground rows + channel tickets (0.115792ms)
✔ idChunks splits at the daemon cap of 64 (0.140042ms)
✔ applyOrder puts unknown ids on top newest-first, then known in order, ignores dead ids (6.5635ms)
✔ reorder pulls from and reinserts at to; unknown ids unchanged (0.102666ms)
✔ applyOrder with an empty order equals recency sort (0.082666ms)
✔ applyTokenOrder: most tokens first, unused sessions keep recent order after (0.147708ms)
✔ image upload cannot cross terminal ownership after switch (82.012084ms)
✔ image upload cannot cross terminal ownership after disconnect (17.081916ms)
✔ image upload cannot cross terminal ownership after readonly (18.571791ms)
✔ an image still owned by its connected writable terminal is pasted once (8.410292ms)
✔ in a workspace, scratch sessions the store holds for the sidebar are out of scope (0.733709ms)
✔ a scratch session opened as a tab here is on screen, so it is in scope (0.102083ms)
✔ with no workspace selected, scratch sessions are all there is (0.087416ms)
✔ applyStatusPatches: one pass, one new array, untouched rows keep identity (0.789125ms)
✔ applyStatusPatches: same array when nothing applies (0.07175ms)
✔ applyStatusPatches: a burst keeps only the newest stamp per id (Map semantics) (0.1145ms)
✔ staleStatusIds: drops unknown terminal ids, keeps loaded and live ones (0.083ms)
✔ canDropExited: held by a tab, a pane or an in-flight fetch → stays (0.067625ms)
✔ token counts read compactly (0.4845ms)
✔ cost is an estimate with sensible floors (14.335083ms)
✔ the label puts tokens first and cost second; no usage → null (0.11575ms)
✔ run history is off unless a positive window is stored, floored like the daemon (0.447ms)
✔ changing the window keeps every other stored retention field (0.410958ms)
✔ section ids are unique and labels are sentence case (1.093334ms)
✔ access gates: ungated for members, admin sections for settings admins, root-only groups (1.914583ms)
✔ filter matches label, keywords and group, ranking label prefixes first (1.174334ms)
✔ every section page titles itself from the registry (4.976292ms)
✔ sections backed by root-only handlers are gated on root, not settings:admin (0.120542ms)
✔ root-only handlers ↔ root-gated sections (S17-303) (0.323708ms)
✔ failed first listing retains attempted state until explicit retry (88.201875ms)
✔ transfer polling waits through finalizing and returns completed bytes (31.430916ms)
✔ pagination reaches the final omitted change and downloads retain complete source bytes (91.001583ms)
✔ identical 50k-line JSON produces no false changed lines or full-file render (54.276708ms)
✔ distant sparse changes retain equal interior lines within a fixed allocation budget (177.958417ms)
✔ distant substitutions inside 50k repeated lines preserve the unchanged common run (62.357459ms)
✔ bounded repeated-line traceback reconstructs both sources after insertions (30.964417ms)
✔ bounded repeated-line traceback reconstructs both sources after deletions (23.951958ms)
✔ bounded repeated-line traceback reconstructs both sources after reordering (19.285125ms)
✔ actual template render inputs are bounded for disjoint large sources (40.891958ms)
✔ actual template render inputs are bounded for empty-before large sources (18.598834ms)
✔ actual template render inputs are bounded for unlimited-context large sources (22.235875ms)
✔ every sidebar module routes to its own page chunk (3.710167ms)
✔ the shell imports no module page statically (0.650125ms)
✔ mermaid, sql-formatter and qrcode are never imported statically (56.73725ms)
✔ the shell chunk evaluates no page-owned store, handler file or the ui-commands catalog (perf F2) (16.161667ms)
✔ the entry chunk never carries the mock-API fixtures (perf F10) (22.608125ms)
✔ the right activity panel loads each tab on demand (perf G1) (2.610959ms)
✔ patchSessionIn keeps the array when the id is absent or the patch is a no-op (0.734417ms)
✔ rafCoalesce applies only the latest move per frame, and flush applies it now (0.156166ms)
✔ loadFrecency parses once per stored string and recordUsage never edits the shared map (0.179375ms)
✔ capNotices drops the oldest read notices first, unread only past the cap (115.888417ms)
✔ ingest keeps at most NOTICE_CAP notices (51.749417ms)
✔ plain chords split modifier glyphs into separate keys (0.8275ms)
✔ a range stays one readable chip (0.067666ms)
✔ alternatives get a plain separator, not a "U / " key (0.061291ms)
✔ isEmbedSearch: only embed=1 marks the side pane document (0.505792ms)
✔ routeOf strips the hash prefix in every spelling (0.115167ms)
✔ paneKey groups routes by the sidebar entry that owns them (0.099584ms)
✔ paneKey matches the sidebar highlight (activeNavId) for every route shape (0.088791ms)
✔ clampShare keeps the split within 25–75% and both panes above the floor (0.09125ms)
✔ fitsTwoPanes needs room for two minimum-width panes and the divider (0.047917ms)
✔ leading/side share convert both ways for both placements (0.092ms)
✔ leadingFromPointer is logical: mirrored in RTL (0.049542ms)
✔ nudgeLeading: arrows step (visually), Home/End limits, Enter resets (0.071542ms)
✔ saved state: round-trips, clamps, and never restores a one-time route (0.516959ms)
✔ embedSrc: same page, embed flag, no window identity, the route in the hash (0.095708ms)
✔ embeddedKeyTarget: window verbs go to the host, pane verbs stay (0.07075ms)
✔ sideMenuTarget: only a focused pane takes the pane-scoped menu items (0.048917ms)
✔ readGuestMsg validates everything the host acts on (0.246792ms)
✔ readHostMsg validates what the pane acts on (0.089209ms)
✔ targetOrigin: the real origin, or * for an opaque one (0.047292ms)
✔ no favorites: no Favorites section, shipped section order (0.901375ms)
✔ favorites come first, in the saved order, and leave their own sections (0.72225ms)
✔ a section emptied by favorites disappears; a user order still applies inside Favorites (0.083833ms)
✔ favorites respect RBAC, features and plugins: an unavailable favorite is skipped (0.099708ms)
✔ favorites + hidden: hidden favorites vanish outside edit mode, stay listed while editing (0.157459ms)
✔ duplicate favorite ids render once (0.051791ms)
✔ section order: saved first, unknown / duplicate / favorites ignored, missing appended in default order (0.098ms)
✔ moveAmong: swaps with the nearest present neighbour, null at the ends (0.111667ms)
✔ reorderAmong: drag lands before the target going up, after it going down (0.080458ms)
✔ insertFavorite: appends, inserts before a target, never duplicates (0.109333ms)
✔ site brand @latest resolves the same version as export (84.376042ms)
✔ site brand @approved resolves the same version as export (12.168084ms)
✔ site brand @v3 resolves the same version as export (10.3745ms)
✔ brand content beyond inline cap loads the exact resolved version (14.783666ms)
(node:17890) [DEP0205] DeprecationWarning: `module.register()` is deprecated. Use `module.registerHooks()` instead.
(Use `node --trace-deprecation ...` to show where the warning was created)
✔ site.css is byte-identical to the Rust crate copy (the export ships the same stylesheet) (3.348625ms)
✔ the catalog: ~25 section blocks across every family, all renderable (5.4265ms)
✔ the renderer escapes copy and sanitizes links and images (0.257416ms)
✔ hidden sections stay in the document but never reach the export (0.1305ms)
✔ 3D embeds show the artifact (poster, version, policy) or a stand-in card (0.491125ms)
✔ brand kits (otto-brand/1 and the legacy typography shape) become --brand-* tokens and theme slots (1.567125ms)
✔ tone and contrast follow the brand colours (0.62ms)
✔ the validator gates structure, ids, blocks, enums and unsafe URLs (0.365792ms)
✔ six starter templates, all valid, readable ids, brand tokens only (5.291417ms)
✔ document ops never mutate their input and keep ids unique (6.474667ms)
✔ "From your library" copies carry provenance as a derived_from reference (0.314417ms)
✔ parseSite reads empty and legacy docs, and reports invalid ones (0.129042ms)
✔ audit flags low contrast, off-brand colours and missing text alternatives (0.150834ms)
✔ the co-design selection payload names the node and stays under the assist cap (0.201292ms)
✔ SD-17: ops path-copy — untouched pages, sections and blocks keep their identity (0.369917ms)
✔ S18-23: section classes built from doc fields cannot break out of the class attribute (0.235292ms)
✔ one group per name with variants in display order (no ×3 rows) (7.177ms)
✔ sync states: unknown until bodies are read, then in sync or drifted (1.309958ms)
✔ bundled version drift marks the library copy drifted (0.15775ms)
✔ provider-only copies compare against the first provider (0.074917ms)
✔ filters: search, category, source, drifted-only; counts (0.207333ms)
✔ namesNeedingBodies lists only provider copies that have something to compare to (0.1155ms)
✔ normalizeBody ignores line endings and trailing whitespace only (0.064375ms)
✔ parseFrontmatter reads scalars, block scalars and lists (0.315958ms)
✔ a leaked block-scalar marker is not a description (0.079458ms)
✔ parseFrontmatter without frontmatter returns the whole text (0.121625ms)
✔ file deletion confirmation keeps the skill shown in the question (74.403709ms)
✔ save completing after selecting another skill cannot replace its body or files (4.537ms)
✔ review stop confirmation never targets a newly selected review (5.920166ms)
✔ review fixer completion cannot replace a newly selected review (5.373208ms)
✔ skills-eval/SkillsEvalPage: a late workspace list cannot publish into the new workspace (5.488542ms)
✔ skills-lab/SkillReviewPanel: a late workspace list cannot publish into the new workspace (6.854042ms)
✔ library replacement and removal cannot switch targets while confirmation is open (10.328542ms)
✔ provider comparison cannot cache old text under a different selected skill (3.821458ms)
✔ unchanged save acknowledges only submitted text while newer typing stays dirty (2.622ms)
✔ GoldenTasksView list completion keeps workspace ownership (2.16225ms)
✔ MatrixView list completion keeps workspace ownership (2.982167ms)
✔ matrix stop confirmation cannot cancel the next matrix (17.841833ms)
✔ creating golden task after workspace switch cannot close the new form or publish old task (2.666458ms)
✔ annosHash is stable for equal states and changes on any edit (upload skip key) (0.495667ms)
✔ an unchanged annotation list makes zero uploads (0.451083ms)
✔ only a state that differs from the last save uploads (0.112792ms)
✔ a real change is detected (geometry, text and order) (0.100542ms)
✔ MAX_PANES is the user decision (15, not 6) (2.2965ms)
✔ insertBeside: left/up put node in a, right/down in b, axis col vs row (0.540625ms)
✔ removeLeaf collapses the parent and keeps the sibling subtree key and frac (0.108125ms)
✔ swapLeaves swaps sessions, not keys (0.113166ms)
✔ moveLeaf same key / unknown target is identity (0.087791ms)
✔ moveLeaf removes then inserts (3 leaves stay 3, new position) (0.082792ms)
✔ setFrac clamps to 0.1 and 0.9 (0.085583ms)
✔ fromLegacy n=1..4 shapes and fractions (0.115333ms)
✔ toLegacy(fromLegacy(x)) round-trips panes+axis for n=1,2 and panes for n=3,4 (0.143625ms)
✔ parseLayout: null → null tree; garbage → null (0.171667ms)
✔ parseLayout: v1 → fromLegacy (0.097ms)
✔ parseLayout: v2 with a dead leaf drops it and collapses (0.11075ms)
✔ parseLayout: v2 with a missing focused → null focused (0.075958ms)
✔ parseLayout: leaves beyond MAX_PANES are trimmed (0.18ms)
✔ applyPreset cols/rows for n=2..15: every leaf share is 1/n and depth ≤ ⌈log₂ n⌉ (0.851959ms)
✔ applyPreset one-two-below / one-two-beside shapes (0.077084ms)
✔ applyPreset grid column count 2/3/4 at n=4/9/15 (0.130959ms)
✔ replaceSession maps every matching leaf, removes on null, dedupes a replaced leaf whose target already exists (2.17775ms)
✔ retain returns the same object when nothing changes (0.154292ms)
✔ applyTileOrder: known first in order, unknown appended, dead ids skipped (0.145209ms)
✔ reorderIds pulls from and reinserts at to; unknown ids unchanged (0.064ms)
✔ neighbour on a 2×2 rect map (right/left/down/up + null at the edge) and cross-axis overlap preference (0.193541ms)
✔ storyStage: product stages map to one label/tone; done is success, not accent (0.852542ms)
✔ sessionState: live states map to one label/tone (0.116ms)
✔ sessionState: needs-you is amber and wins over live states only (0.071125ms)
✔ sessionState: resumable exits are suspended, never amber; plain exits end (0.5065ms)
✔ sessionState: non-zero exit code is failed; zero follows resumability (0.057ms)
✔ sessionState: stale stops working/running claims from pulsing (0.05325ms)
✔ isResumable mirrors the sidebar rule (0.044334ms)
✔ runStatus normalises every module vocabulary (0.142208ms)
✔ runStatus keeps unknown words readable and neutral (0.076667ms)
✔ envTone: prod danger, staging warning, dev neutral (0.110041ms)
✔ suspendedNote says why and when a session went dormant (A4) (0.109916ms)
✔ restartSummaryText reports kept vs suspended sessions, or nothing (0.073375ms)
✔ token references parse and label (Brand Kit name grammar) (0.575ms)
✔ resolveColor goes through the kit resolver and falls back instead of breaking the render (0.332792ms)
✔ resolveMaterial: explicit field > preset default > renderer default (0.212958ms)
✔ applyMaterialPreset clears what the preset owns and keeps colour/opacity (0.400708ms)
✔ web budget readout (0.094125ms)
✔ easing curves start at 0, end at 1 and keep their shape (0.123917ms)
✔ stateTiming defaults, clamps and honours reduced motion (0.084333ms)
✔ statePoses = base document + that state’s overrides (0.200166ms)
✔ lerpPose tweens transforms, colours, opacity and visibility (0.254875ms)
✔ one pass yields per-agent live/done/active and swarm totals (1.813708ms)
✔ no runs → empty stats (0.089208ms)
✔ initial application hooks need no runtime; an opt-in import connects the same hooks (89.409292ms)
✔ opt-out creates no clock, span, queue or export; disabling drops in-flight work (10.706ms)
✔ queue is bounded, exports are batched and failures do not grow an offline backlog (19.500417ms)
✔ navigation and request spans share W3C context, and arbitrary fields never leave (14.716959ms)
✔ one flush at a time; consent revocation aborts delivery and invalidates old spans (25.865875ms)
✔ failed transport spans coexist with successful calls without invented HTTP status (11.911916ms)
✔ production HTTP wrapper omits a nonexistent response status on rejection (63.673042ms)
✔ configuration fetch retries a temporary failure and never reactivates after disposal (195.457792ms)
✔ hiding a view during paint discards render and navigation instead of recording timeout latency (17.317333ms)
✔ disposal during pending config cannot activate collection (11.715833ms)
✔ disposal during pending runtime cannot activate collection (7.855959ms)
✔ a newer disabled configuration wins over a pending runtime import (14.023ms)
✔ actual HTTP producer conforms to the shared ingest contract without exporting route identities (51.65525ms)
✔ stale daemon identity with a reachable API cannot mutate, signal or delete a fixture (70.596833ms)
✔ replacement during config retrieval cannot receive the disable mutation or lose its data (13.32475ms)
✔ one compact in flight per window; the focused pane goes first (0.832833ms)
✔ a repeated request while queued or in flight is one compact (0.086416ms)
✔ panes that left the screen are dropped, not run (0.077125ms)
✔ a pane that declines at run time frees the slot at once (0.064583ms)
✔ a lost reply frees the slot after the timeout; cancel frees it at once (0.098708ms)
✔ pauses once above HIGH and resumes once below LOW (0.95325ms)
✔ normal output below HIGH never sends flow frames (0.198125ms)
✔ a slow drain re-sends pause as a keep-alive (server auto-resumes after 2 s) (0.08925ms)
✔ no pause is sent while the socket is closed; a new stream starts unpaused (0.121958ms)
✔ hasCursorOrErase: redraws yes, plain appended output no (0.138792ms)
✔ withInOrderReset prefixes RIS and keeps the snapshot bytes (0.089666ms)
✔ WriteQueue slices ≤ WRITE_SLICE, keeps ≤ WRITE_INFLIGHT inside xterm, and loses nothing (37.381792ms)
✔ WriteQueue: xterm throwing un-counts the slice and keeps draining (0.129333ms)
✔ input over a big queue sends resync BEFORE the resume its drop triggers, and drops only the queue (0.706416ms)
✔ scrollback depths: 2k default for embeds, 4000 (the daemon depth) only where a primary pane asks for it (2.195959ms)
✔ credit: offer, grant, then no pause frames however big the backlog (0.275042ms)
✔ credit: binary snapshots are offered only on request (perf 01 N3: never to the room relay) (0.369667ms)
✔ resize-with-grid compact (perf 01 N6): a widened visible agent pane sends ONE grid-carrying scrollback (0.352375ms)
✔ credit: acks are cumulative, every CREDIT_ACK_STEP consumed, credited bytes only (0.205042ms)
✔ credit: a small granted window acks every window/4 (never waits on a remainder) (0.049542ms)
✔ credit: dropped bytes are acked (resync on input sends resync first) (0.104125ms)
✔ credit: a new socket reverts to pause mode and bytes from the old stream never ack (0.073375ms)
✔ credit: client backlog is bounded by the window independent of send rate (388.62525ms)
✔ tui clean-up: one repaint after a burst goes quiet, not one per frame (0.248666ms)
✔ tui clean-up: a never-quiet spinner is cleaned ~1×/s (was 5×/s) (0.097042ms)
✔ hold: consumed bytes are not acked while held; release acks the total once (0.092166ms)
✔ hold: release with nothing consumed, or before a grant, sends no ack (0.031834ms)
✔ hold: a dropped queue while held is acked on release (the daemon owes one snapshot) (0.043916ms)
✔ RollingStats keeps the last N and reports nearest-rank percentiles (0.443541ms)
✔ KeyLatency splits one keystroke into wire, parse and paint (0.144542ms)
✔ KeyLatency ignores output with no keystroke pending, and reset drops a sample (0.061167ms)
✔ ProbeClock pairs acks with their probe and forgets stale ones (0.105208ms)
✔ HUD formatting (0.133125ms)
✔ park: take returns the parked value once and cancels its TTL (0.852417ms)
✔ park: LRU cap evicts (and disposes) the oldest parked engine (0.150458ms)
✔ park: TTL disposes an engine nobody came back for (0.073583ms)
✔ park: re-parking a session disposes the older engine; a stale close cannot evict the newer one (0.065375ms)
✔ park: bounds are the documented ones (0.250875ms)
✔ park → adopt keeps the credit stream: acks continue on the same tag through re-pointed sinks (0.259958ms)
✔ snapshotApplies: attach/resync rebuild; a held optional compact is skipped (0.06975ms)
✔ park: a byte budget evicts the oldest engines past it, keeping the newest (perf 01 N2) (0.099125ms)
✔ park: the default budget holds ~5 worst-case (4000 × 200) engines, all PARK_CAP typical ones (0.137083ms)
✔ a new grid is sent and, in a TUI pane, compacted (5.834208ms)
✔ A→B→A: same final grid but a local reflow still asks for a snapshot (0.074458ms)
✔ nothing changed anywhere: no send, no snapshot (0.05325ms)
✔ a forced sync re-sends the same grid without a snapshot unless the buffer reflowed (0.058833ms)
✔ plain shells never compact (their scrollback reflows natively) (0.055084ms)
✔ a wider grid compacts (the widen-leaves-a-void case) (0.069875ms)
✔ a narrower grid, or a row change of at most 2, does not compact (0.063542ms)
✔ more than 2 rows either way compacts; an unknown previous grid compacts (0.047667ms)
✔ A→B→A still compacts with grids given (nothing sent, buffer reflowed) (0.06ms)
✔ relative paths, source basenames and locations from actual CLI output (8.933334ms)
✔ quoted and markdown paths with spaces retain full destinations (0.987167ms)
✔ URL overlap, punctuation, task names, hosts and command schemes (0.525583ms)
✔ OSC8 dispatch permits only HTTP(S) and local file targets (0.8415ms)
✔ wrapped logical paths map inclusive ranges across terminal rows (4.95775ms)
✔ wide Unicode and surrogate pairs do not shift file ranges (12.536125ms)
✔ dot segments preserve filesystem symlink semantics until daemon canonicalization (1.278708ms)
✔ unquoted rooted path with spaces wins over a misleading relative suffix (0.158375ms)
✔ Codex parenthesized cyan hardwrap retains whole target on either row without linking indent (0.872333ms)
✔ Claude bold edge-filled relative path joins slash continuation from cursor-addressed next row (1.473667ms)
✔ hardwrap recognition does not combine separate files, styles, or unrelated prose (0.320458ms)
✔ rooted spaced paths stop at sentence punctuation and a subsequent explicit root (0.099667ms)
✔ mixed soft and hard wraps preserve the original absolute prefix on all three rows (0.377ms)
✔ painted trailing spaces do not make an incomplete path edge-filled (0.094375ms)
✔ a divider in a last row that shrank from 3 tiles to 2 still moves (0.78275ms)
✔ a stored row SHORTER than the live one never leaks an old weight into a drag (0.083583ms)
✔ liveTracks returns copies (editing never mutates the stored weights) (0.096625ms)
✔ TiledView edits start from the rendered weights, not the raw stored arrays (0.253375ms)
✔ the persistent container is the polite live region (0.475417ms)
✔ only an error toast has its own live role; every toast reads atomically (0.069333ms)
✔ Native light: --accent-text >= 4.5:1 on surfaces and the accent tint (0.577833ms)
✔ Native light: --control-border >= 3:1 on --bg / --surface / --surface-2 (0.077333ms)
✔ Native dark: --accent-text >= 4.5:1 on surfaces and the accent tint (0.063625ms)
✔ Pro Dark: --accent-text >= 4.5:1 on surfaces and the accent tint (0.048917ms)
✔ Warm light: --accent-text >= 4.5:1 on surfaces and the accent tint (0.052ms)
✔ Warm light: --control-border >= 3:1 on --bg / --surface / --surface-2 (0.040083ms)
✔ Warm dark: --accent-text >= 4.5:1 on surfaces and the accent tint (0.04025ms)
✔ Native light: every text token >= 4.5:1 on every ground and accent tint (0.425583ms)
✔ Native light: Rail count badges >= 4.5:1 (0.093917ms)
✔ Native dark: every text token >= 4.5:1 on every ground and accent tint (0.120542ms)
✔ Native dark: Rail count badges >= 4.5:1 (0.051875ms)
✔ Pro Dark: every text token >= 4.5:1 on every ground and accent tint (0.09525ms)
✔ Pro Dark: Rail count badges >= 4.5:1 (0.035458ms)
✔ Warm light: every text token >= 4.5:1 on every ground and accent tint (0.070292ms)
✔ Warm light: Rail count badges >= 4.5:1 (0.030667ms)
✔ Warm dark: every text token >= 4.5:1 on every ground and accent tint (0.075666ms)
✔ Warm dark: Rail count badges >= 4.5:1 (0.0375ms)
✔ Native light: semantic tones >= 4.5:1 on every ground and their own -soft tint (0.443083ms)
✔ Native light: Switch off/on parts >= 3:1 (WCAG 1.4.11) (0.114125ms)
✔ Native dark: semantic tones >= 4.5:1 on every ground and their own -soft tint (0.697916ms)
✔ Native dark: Switch off/on parts >= 3:1 (WCAG 1.4.11) (0.058583ms)
✔ Pro Dark: semantic tones >= 4.5:1 on every ground and their own -soft tint (0.213459ms)
✔ Pro Dark: Switch off/on parts >= 3:1 (WCAG 1.4.11) (0.025667ms)
✔ Warm light: semantic tones >= 4.5:1 on every ground and their own -soft tint (0.192584ms)
✔ Warm light: Switch off/on parts >= 3:1 (WCAG 1.4.11) (0.022167ms)
✔ Warm dark: semantic tones >= 4.5:1 on every ground and their own -soft tint (0.168875ms)
✔ Warm dark: Switch off/on parts >= 3:1 (WCAG 1.4.11) (0.018792ms)
✔ the global :focus-visible ring uses --accent-text (0.795583ms)
✔ effectiveResult: full result only while the block is still an elided preview (52.903584ms)
✔ fetchToolResult hits the tool route once per step and retries after a failure (6.59125ms)
✔ reconnect resyncs leased views only, never a cached closed session or workspace (99.007542ms)
✔ closing a pending GET prevents late touch and state publication (39.670708ms)
✔ two panes share one load and releasing one leaves the other live (34.311334ms)
✔ hidden document never resyncs or resumes a leased session (55.467792ms)
✔ resync storms bound reads to two and one trailing request per source (57.028792ms)
✔ inactive cache is bounded without deleting drafts or active older pages (34.193042ms)
✔ separate windows never release each other leases (41.631333ms)
✔ hidden pane release does not evict or abort its sibling lease on return (14.298959ms)
✔ identity reset revokes in-flight reads and clears bodies without deleting a draft (15.420209ms)
✔ existing unscoped draft is migrated once and survives the new storage namespace (22.109625ms)
✔ busy folds retry only while visible and never touch after the failed read (13.523125ms)
✔ closing a subagent read releases loading and ignores a late failure after reopening (17.879833ms)
✔ releasing a large reader does not traverse or serialize its retained body (18.260167ms)
✔ parent Reload preserves accounting for retained child bodies (12.312375ms)
✔ subagent bodies are replaced whole (raw state), never mutated in place (12.120042ms)
✔ disjoint reconnect retains a reachable earlier cursor (old earlier=false) (20.782542ms)
✔ disjoint reconnect retains a reachable earlier cursor (old earlier=true) (32.37625ms)
✔ returning to live following releases paged history and keeps its recovery cursor (47.466458ms)
✔ live following bounds payload bytes as well as turn count (71.692375ms)
✔ collapsing 100 inspected subagents releases bodies while their parent stays mounted (16.919333ms)
✔ paging a 1200-turn child keeps its retained/render input window bounded (17.144875ms)
✔ collapse revokes a pending child read without affecting its mounted parent (13.602208ms)
✔ active child-body count is shared across parents and admission recovers after collapse (17.331084ms)
✔ two child consumers share a body and only final collapse releases it (13.415959ms)
✔ a permanently oversized child turn gives no impossible retry (13.304167ms)
✔ concurrent child expansion reserves capacity before fetching response bodies (18.4355ms)
✔ shared child byte budget credits replacement pages and preserves a refused destination for retry (14.012584ms)
✔ adaptive child page reduction keeps every older and newer turn reachable (42.447541ms)
✔ a late collapsed read cannot publish over or release its reopened child reservation (11.829708ms)
✔ keepalive and recovery stay passive after an explicit active-view touch (13.141ms)
✔ alias: a network failure suspends it, retries the GET on 127.0.0.1, and a health probe re-enables it (108.701709ms)
✔ alias: suspend on socket loss, resume probes at once, re-arm clears the suspension (64.130125ms)
✔ a non-GET is never replayed on the other host after a network failure (33.736375ms)
✔ lanes: long paths, api.long and an ambient bg scope reach the alias; plain calls stay interactive (49.378083ms)
✔ bg cap holds ACROSS documents (Web Locks): 2 per document, 3 app-wide (133.4765ms)
✔ poll: the first run and a manual now() are interactive; cadence and event ticks are background (14.385667ms)
✔ createLimiter: a shared gate across independent callers, abortable while queued (14.636792ms)
✔ catalog: well-formed, unique names, known risks, headless only on reads (0.814791ms)
✔ every catalog command has exactly one handler, under its module (0.629125ms)
✔ every registered handler is in the catalog (0.083209ms)
✔ uiCommands/index.ts registers every handler module (eager import or lazy names) (1.615708ms)
✔ shell-side uiCommands stay light: no handler file or catalog JSON statically imported by index.ts (0.218667ms)
✔ frames: commands are normalised and validated (0.260584ms)
✔ frames: deadlines, labels, provider names, result cap (7.381291ms)
✔ reveal: scroll by the nearest edge, and leave a tall, partly visible target alone (0.231584ms)
✔ esc escapes every HTML-significant character (0.421708ms)
✔ token cells lead with tokens and end with the cost (9.801709ms)
✔ the report is one self-contained, escaped HTML document (0.947792ms)
✔ empty tables say so, and own-scope reports are labelled (1.559042ms)
✔ failed report refresh cannot export a previous window as the current report (81.760417ms)
✔ a report awaiting replacement cannot export the prior session scope (20.080709ms)
✔ Remove from all workspaces confirms, and Cancel writes nothing (52.916833ms)
✔ confirmed removal writes every workspace (9.501917ms)
✔ setting a role everywhere does not ask (4.850125ms)
✔ carrySeed maps previous positions onto the new node order by path (0.788542ms)
✔ applySeed keeps carried nodes and places a new node beside its neighbour (0.131958ms)
✔ ordinary Enter cannot create while the current switcher lookup is pending (70.476375ms)
✔ ordinary Enter cannot create after the current switcher lookup failed (11.800875ms)
✔ a switcher result from the previous vault cannot populate the current vault (3.543291ms)
✔ successful empty current lookup allows deliberate Enter creation (3.103916ms)
✔ Down during a pending lookup still lets Enter open the first arriving result (2.819708ms)
✔ successful multiple switcher results retain bounded keyboard movement (2.578083ms)
✔ Down during pending empty lookup does not prevent deliberate creation after success (2.45225ms)
✔ refine does not dispatch after the before-snapshot outlives its workspace (53.601625ms)
✔ refine result cannot adopt a previous workspace session (4.483958ms)
✔ docs start response cannot select the old run in a newly selected vault (5.959625ms)
✔ resolving one docs run cannot replace a newly selected run (14.651708ms)
✔ only notes over 64 KB leave the main thread (0.406666ms)
✔ the placeholder is the escaped plain body, marked busy (0.201166ms)
✔ a timed-out worker render never re-runs on the main thread (S18-305) (0.062166ms)
✔ preview at the same path belongs to the newly selected vault (101.508666ms)
✔ delayed preview never reads the old path in another vault (18.692292ms)
✔ preview refreshes after the content generation changes (9.982125ms)
✔ structured properties preserve unknown YAML fields, comments and the exact body (5.971459ms)
✔ blank values remove a property and malformed frontmatter is refused (1.158875ms)
✔ tag refresh failure keeps the last good tags available (90.896084ms)
✔ switcher transport failure remains distinguishable from an empty lookup (45.078875ms)
✔ backlink refresh failure retains current note links and exposes retry state (26.002708ms)
✔ backlink pending and stale failure stay with the current note request (27.334375ms)
✔ switching notes clears old backlinks before the new read and never restores old errors (22.655666ms)
✔ backlink refresh resets the visible window and allows rehydrating edited sources (24.313875ms)
✔ failed save retains draft, conflict and current tab on navigation (25.53575ms)
✔ last dirty tab stays open when saving fails (23.36475ms)
✔ scan completion refreshes a clean open note even when counts are unchanged (19.54175ms)
✔ scan completion preserves local draft and flags the external change (20.935125ms)
✔ navigation awaits the in-flight save and drains edits typed during it (21.647583ms)
✔ vault switching retains a dirty note if the save fails (18.089542ms)
✔ refresh only requests visible branches and invalidates collapsed children (18.570584ms)
✔ collapse during a refresh is preserved when pending directory results arrive (16.777792ms)
✔ reopening a still-loading branch ignores the older directory response (16.122416ms)
✔ transient busy 409 keeps the draft, raises no conflict banner and retries (720.2815ms)
✔ an equal status poll keeps the status object (graph effects key off it) (33.116667ms)
✔ own save skips the backlinks reload and the note re-read when links are unchanged (27.625417ms)
✔ own save re-reads the note once when its link set changed (24.779916ms)
✔ S18-20: a poll read issued before an autosave never reverts the editor after it (19.313ms)
✔ S18-21: navigation blocked by a conflict says why (17.179667ms)
✔ S18-22: agent-staged text is never written as a recovery draft (473.549334ms)
✔ completed OKF toggle never selects its old vault over the current one (43.463917ms)
✔ rename response cannot rename another vault tabs at the same path (23.657ms)
✔ create note response cannot navigate the newly selected vault (18.53725ms)
✔ clearing search invalidates an earlier pending response and busy state (17.809667ms)
✔ noteKind recognises OKF types case/separator-insensitively and rejects plain notes (0.538083ms)
✔ plain and reserved notes get no structured model (0.181833ms)
✔ frontmatter owners/status/environments/dependencies become header facts and cards (1.271083ms)
✔ cards fall back to the body section (bullets and first table column, wikilinks reduced) (0.492292ms)
✔ sectionLines ignores headings inside code fences (0.080959ms)
✔ API endpoint operation comes from resource; repo hints from a path resource (0.273708ms)
✔ asList flattens scalars, comma strings, object lists and maps (0.11175ms)
✔ name matching is normalised and ignores too-short hints (0.151167ms)
✔ repo matching by path, basename and remote slug (0.295375ms)
✔ workload kinds map to resource-table routes; previews strip markup (0.404125ms)
✔ visible directory requests are bounded to four and old nodes are immutable (0.718291ms)
✔ stale navigation never mutates a previously shown nested node (0.412833ms)
✔ a stale collapsed branch refreshes preserved open descendants on reopening (0.149667ms)
✔ the file extension wins over the content (0.516125ms)
✔ content sniffing per language (1.178166ms)
✔ effectiveLanguage: auto resolves, an explicit override sticks (0.075541ms)
✔ every language maps to a CodeEditor key and an extension (0.141291ms)
✔ svg behind an xml prologue and comments is still svg, in linear time (3.783167ms)
✔ json: pretty prints and keeps the trailing-newline policy (0.723125ms)
✔ json: an error reports a line and column and changes nothing (0.508541ms)
✔ json: error position parsing across engine message formats (1.745125ms)
✔ yaml: normalises and reports parse errors with a line (21.162542ms)
✔ sql: formats and keeps :name, {name} and {{name}} placeholders intact (58.461ms)
✔ html: indents block elements, keeps <pre>/<script> verbatim, idempotent (0.629375ms)
✔ xml: pretty prints, keeps attributes, CDATA and comments, flags mismatches (0.225625ms)
✔ html: tolerant of stray end tags and implicit closes (0.073709ms)
✔ csv: round-trips quotes, delimiters and embedded newlines (0.281667ms)
✔ markdown/toml/code: conservative whitespace normalisation, idempotent (0.432916ms)
✔ canFormat covers the text languages but not images (0.056041ms)
✔ sql: all three syntaxes, counts and first index (1.627375ms)
✔ sql: skips literals, comments, casts and keys — same as the DB editor (0.547167ms)
✔ non-sql: only {name} / {{name}}, including inside JSON strings (0.482042ms)
✔ fill: substitutes known non-empty values, leaves the rest (0.284333ms)
✔ previewKind maps languages to renderers (0.446333ms)
✔ lineColAt is 1-based and counts newlines (0.419458ms)
✔ parseJsonWithPos parses or reports a position (0.192167ms)
✔ csvView caps rows, pads width, drops trailing blank row (0.093833ms)
✔ svgDataUrl encodes markup (0.058375ms)
✔ format completion cannot replace the newly selected file or later keystrokes (61.225666ms)
✔ reload confirmation cannot discard a newly selected file (13.052083ms)
✔ image upload cannot insert an old workspace asset into a different workspace (14.135042ms)
✔ unchanged editor still receives its format result (8.330292ms)
✔ Workbench revision wrapper transmits bounded limit and exclusive cursor without changing direct revision URLs (54.649792ms)
✔ History requests one bounded exclusive page and replaces the rendered window (12.89075ms)
✔ History superseded success cannot publish rows, error, or loading (6.710042ms)
✔ History superseded failure cannot publish rows, error, or loading (4.911583ms)
✔ History A-B-A navigation rejects the first A response (7.56175ms)
✔ History restore approval stays bound to the selected revision (4.516333ms)
✔ History changed document cancels pending restore approval before mutation (5.808209ms)
✔ History old restore completion cannot replace a newly selected document (14.233333ms)
✔ History actual destroy callback cancels pending restore approval (3.531833ms)
✔ History A-B-A visit cancels earlier restore approval (3.536458ms)
✔ History navigation goes back without retaining prior page rows (3.544834ms)
✔ create finishing after workspace switch cannot add an old doc to the new workspace (79.667792ms)
✔ metadata and restore completions remain with their originating workspace (55.884375ms)
✔ remote reload cannot overwrite edits made while its response is pending (21.245ms)
✔ failed initial list preserves persisted tabs for Retry (14.55625ms)
✔ trash does not discard a dirty buffer after its save failed (14.20675ms)
✔ ordinary reload and same-workspace create still publish (20.111791ms)
✔ a remote change while dirty cancels the pending autosave and holds later ones (991.609083ms)
✔ content saves carry if_hash; a 409 raises the banner instead of an error (23.133833ms)
✔ an event with our own hash (or an older rev) is ignored (20.346ms)
✔ a save to a trashed doc says so instead of the "changed elsewhere" banner (S18-307) (15.078792ms)
✔ explicit zero survives save while use-default retains agent retry policy (0.89725ms)
✔ default event uses a supported canonical identifier (22.664083ms)
✔ editing cron destinations preserves cursor and extension settings (0.529833ms)
✔ event filters and cleared destinations round trip (1.294541ms)
✔ use default clears legacy nested policies without removing step parameters (0.168625ms)
✔ workflow approval loads the full exact pending gate preview (50.6715ms)
✔ workflow approval rejects a different detail version and supports Retry (14.134959ms)
✔ departed run cannot adopt a late approval preview (10.956167ms)
✔ Product approve submits the displayed preview identity, not the latest summary (10.105125ms)
✔ Product deny submits the displayed preview identity, not the latest summary (8.290083ms)
✔ Product approval cannot submit without a successfully displayed preview (8.676792ms)
✔ stale Product approval conflict invalidates the displayed identity before another click (7.89625ms)
✔ ordinary non-Product approvals keep their existing request shape (7.667875ms)
✔ completed await:false node discovers a later summarizer and retains captured history (0.707042ms)
✔ reload resolves associations and retries from durable output on older runs (0.106083ms)
✔ review cancellation and fallback override suspended session lifecycle (0.073875ms)
✔ Suggest never pre-fills outward or fake values (0.547917ms)
✔ the example is placeholder-only and lists the destinations (0.152166ms)
✔ placeholder values are found by path, real values pass (0.084292ms)
✔ result destinations mirror the engine (0.400667ms)
✔ workflow version wrapper requests bounded summaries and an exclusive cursor, leaving full detail separate (44.689292ms)
✔ workflow version drawer keeps one bounded window and can page to the oldest version across a new save (26.96325ms)
✔ version drawer rejects stale failure/finally and retries the exact failed older page (10.467083ms)
ℹ tests 1828
ℹ suites 0
ℹ pass 1828
ℹ fail 0
ℹ cancelled 0
ℹ skipped 0
ℹ todo 0
ℹ duration_ms 16032.344709
